/* Generated by tools/fmtowns/gen_turn_card_cache.py. Do not edit. */
#ifndef WAIFU_FMTOWNS_TURN_CARD_CACHE_H
#define WAIFU_FMTOWNS_TURN_CARD_CACHE_H

#include <stdint.h>

#define WAIFU_FMTOWNS_TURN_CARD_CACHE_POSES 59
#define WAIFU_FMTOWNS_TURN_CARD_CACHE_SLOTS 10
#define WAIFU_FMTOWNS_TURN_CARD_CACHE_RECORD_BYTES 4
#define WAIFU_FMTOWNS_TURN_CARD_CACHE_BYTES 60324

static const uint32_t waifu_fmtowns_turn_card_cache_offsets[59][11] = {
    {0u, 88u, 184u, 264u, 360u, 452u, 580u, 716u, 836u, 972u, 1100u},
    {1100u, 1188u, 1284u, 1364u, 1460u, 1552u, 1680u, 1816u, 1936u, 2072u, 2200u},
    {2200u, 2288u, 2384u, 2464u, 2560u, 2652u, 2780u, 2916u, 3036u, 3172u, 3300u},
    {3300u, 3388u, 3484u, 3564u, 3660u, 3752u, 3880u, 4016u, 4136u, 4272u, 4400u},
    {4400u, 4488u, 4584u, 4664u, 4760u, 4852u, 4980u, 5116u, 5236u, 5372u, 5500u},
    {5500u, 5588u, 5684u, 5764u, 5860u, 5952u, 6080u, 6216u, 6336u, 6472u, 6600u},
    {6600u, 6684u, 6752u, 6836u, 6924u, 7016u, 7144u, 7248u, 7368u, 7500u, 7652u},
    {7652u, 7736u, 7812u, 7892u, 7984u, 8076u, 8188u, 8300u, 8408u, 8564u, 8712u},
    {8712u, 8796u, 8872u, 8952u, 9044u, 9136u, 9248u, 9360u, 9468u, 9624u, 9772u},
    {9772u, 9840u, 9908u, 9976u, 10052u, 10132u, 10212u, 10324u, 10424u, 10564u, 10736u},
    {10736u, 10804u, 10872u, 10940u, 11016u, 11096u, 11176u, 11288u, 11388u, 11528u, 11700u},
    {11700u, 11748u, 11816u, 11888u, 11960u, 12044u, 12132u, 12220u, 12320u, 12476u, 12652u},
    {12652u, 12704u, 12772u, 12844u, 12924u, 13008u, 13092u, 13184u, 13296u, 13448u, 13620u},
    {13620u, 13672u, 13732u, 13804u, 13880u, 13968u, 14056u, 14148u, 14260u, 14404u, 14600u},
    {14600u, 14652u, 14720u, 14796u, 14876u, 14976u, 15060u, 15132u, 15232u, 15384u, 15584u},
    {15584u, 15640u, 15708u, 15780u, 15860u, 15968u, 16032u, 16116u, 16208u, 16376u, 16588u},
    {16588u, 16636u, 16700u, 16772u, 16860u, 16972u, 17036u, 17116u, 17208u, 17352u, 17568u},
    {17568u, 17612u, 17676u, 17748u, 17832u, 17968u, 18032u, 18100u, 18196u, 18344u, 18564u},
    {18564u, 18616u, 18660u, 18728u, 18812u, 18952u, 19024u, 19088u, 19172u, 19312u, 19552u},
    {19552u, 19600u, 19652u, 19724u, 19820u, 19964u, 20024u, 20096u, 20184u, 20320u, 20568u},
    {20568u, 20612u, 20660u, 20724u, 20820u, 20984u, 21036u, 21104u, 21180u, 21324u, 21564u},
    {21564u, 21608u, 21664u, 21724u, 21804u, 21976u, 22020u, 22080u, 22168u, 22316u, 22568u},
    {22568u, 22600u, 22652u, 22712u, 22812u, 22988u, 23028u, 23104u, 23188u, 23324u, 23560u},
    {23560u, 23596u, 23648u, 23720u, 23836u, 24024u, 24068u, 24120u, 24188u, 24324u, 24572u},
    {24572u, 24612u, 24660u, 24728u, 24844u, 25052u, 25092u, 25160u, 25240u, 25368u, 25612u},
    {25612u, 25640u, 25688u, 25756u, 25876u, 26068u, 26112u, 26168u, 26240u, 26372u, 26616u},
    {26616u, 26656u, 26700u, 26776u, 26908u, 27116u, 27152u, 27208u, 27268u, 27404u, 27636u},
    {27636u, 27672u, 27708u, 27780u, 27904u, 28132u, 28168u, 28224u, 28288u, 28420u, 28640u},
    {28640u, 28688u, 28736u, 28784u, 28920u, 29132u, 29180u, 29212u, 29272u, 29416u, 29656u},
    {29656u, 29712u, 29772u, 29868u, 30028u, 30288u, 30340u, 30400u, 30488u, 30640u, 30884u},
    {30884u, 30936u, 30976u, 31048u, 31188u, 31420u, 31468u, 31524u, 31612u, 31756u, 31976u},
    {31976u, 32016u, 32076u, 32128u, 32268u, 32512u, 32544u, 32588u, 32652u, 32760u, 32964u},
    {32964u, 33008u, 33048u, 33112u, 33240u, 33480u, 33512u, 33552u, 33612u, 33732u, 33944u},
    {33944u, 33984u, 34048u, 34120u, 34256u, 34500u, 34536u, 34596u, 34660u, 34780u, 34988u},
    {34988u, 35036u, 35092u, 35164u, 35304u, 35540u, 35564u, 35608u, 35672u, 35788u, 35996u},
    {35996u, 36048u, 36100u, 36180u, 36332u, 36588u, 36624u, 36680u, 36736u, 36852u, 37060u},
    {37060u, 37104u, 37168u, 37236u, 37360u, 37620u, 37652u, 37700u, 37764u, 37864u, 38052u},
    {38052u, 38100u, 38168u, 38240u, 38384u, 38656u, 38692u, 38736u, 38796u, 38896u, 39052u},
    {39052u, 39100u, 39176u, 39260u, 39420u, 39676u, 39716u, 39760u, 39816u, 39912u, 40064u},
    {40064u, 40120u, 40192u, 40280u, 40428u, 40664u, 40712u, 40760u, 40832u, 40920u, 41080u},
    {41080u, 41144u, 41224u, 41324u, 41476u, 41708u, 41756u, 41804u, 41860u, 41956u, 42108u},
    {42108u, 42168u, 42232u, 42328u, 42472u, 42700u, 42744u, 42788u, 42852u, 42940u, 43076u},
    {43076u, 43148u, 43212u, 43304u, 43448u, 43656u, 43704u, 43768u, 43840u, 43928u, 44064u},
    {44064u, 44144u, 44228u, 44332u, 44492u, 44712u, 44756u, 44816u, 44892u, 44976u, 45092u},
    {45092u, 45160u, 45240u, 45352u, 45512u, 45728u, 45784u, 45840u, 45904u, 45984u, 46096u},
    {46096u, 46180u, 46256u, 46360u, 46520u, 46720u, 46784u, 46844u, 46924u, 47000u, 47080u},
    {47080u, 47164u, 47252u, 47364u, 47520u, 47712u, 47772u, 47840u, 47912u, 47992u, 48084u},
    {48084u, 48164u, 48260u, 48368u, 48508u, 48700u, 48752u, 48832u, 48908u, 48984u, 49056u},
    {49056u, 49144u, 49228u, 49328u, 49484u, 49664u, 49716u, 49780u, 49852u, 49932u, 50008u},
    {50008u, 50092u, 50204u, 50316u, 50468u, 50628u, 50692u, 50760u, 50828u, 50916u, 51000u},
    {51000u, 51084u, 51196u, 51308u, 51460u, 51620u, 51684u, 51752u, 51820u, 51908u, 51992u},
    {51992u, 52084u, 52196u, 52308u, 52448u, 52616u, 52684u, 52764u, 52828u, 52908u, 52988u},
    {52988u, 53100u, 53208u, 53316u, 53476u, 53648u, 53716u, 53788u, 53868u, 53952u, 54024u},
    {54024u, 54136u, 54244u, 54352u, 54512u, 54684u, 54752u, 54824u, 54904u, 54988u, 55060u},
    {55060u, 55180u, 55280u, 55384u, 55516u, 55672u, 55752u, 55828u, 55908u, 55980u, 56048u},
    {56048u, 56168u, 56268u, 56372u, 56504u, 56660u, 56740u, 56816u, 56896u, 56968u, 57036u},
    {57036u, 57172u, 57300u, 57420u, 57548u, 57684u, 57772u, 57868u, 57948u, 58044u, 58132u},
    {58132u, 58268u, 58396u, 58516u, 58644u, 58780u, 58868u, 58964u, 59044u, 59140u, 59228u},
    {59228u, 59364u, 59492u, 59612u, 59740u, 59876u, 59964u, 60060u, 60140u, 60236u, 60324u},
};

static const uint8_t waifu_fmtowns_turn_card_cache_data[60324] = {
    0x44, 0x6c, 0xff, 0x37, 0x48, 0x6c, 0xf6, 0x37, 0x4c, 0x6c, 0xed, 0x37, 0x50, 0x6c, 0xe5, 0x37,
    0x42, 0x6e, 0x38, 0x36, 0x46, 0x6e, 0x2f, 0x36, 0x4a, 0x6e, 0x26, 0x36, 0x4e, 0x6e, 0x1e, 0x36,
    0x40, 0x70, 0x71, 0x34, 0x44, 0x70, 0x68, 0x34, 0x48, 0x70, 0x5f, 0x34, 0x4c, 0x70, 0x56, 0x34,
    0x3e, 0x72, 0xd0, 0x32, 0x42, 0x72, 0xc7, 0x32, 0x46, 0x72, 0xbe, 0x32, 0x4a, 0x72, 0xb5, 0x32,
    0x4e, 0x72, 0xad, 0x02, 0x3c, 0x74, 0x09, 0x31, 0x40, 0x74, 0x00, 0x31, 0x44, 0x74, 0xf7, 0x30,
    0x48, 0x74, 0xee, 0x30, 0x4c, 0x74, 0xe6, 0x00, 0x5e, 0x6c, 0xff, 0x37, 0x62, 0x6c, 0xf7, 0x37,
    0x66, 0x6c, 0xee, 0x37, 0x6a, 0x6c, 0xe6, 0x37, 0x6e, 0x6c, 0xde, 0x07, 0x5e, 0x6e, 0x2f, 0x36,
    0x62, 0x6e, 0x27, 0x36, 0x66, 0x6e, 0x1f, 0x36, 0x6a, 0x6e, 0x17, 0x36, 0x5c, 0x70, 0x70, 0x34,
    0x60, 0x70, 0x68, 0x34, 0x64, 0x70, 0x60, 0x34, 0x68, 0x70, 0x58, 0x34, 0x6c, 0x70, 0x4f, 0x04,
    0x5c, 0x72, 0xc7, 0x32, 0x60, 0x72, 0xbf, 0x32, 0x64, 0x72, 0xb6, 0x32, 0x68, 0x72, 0xae, 0x32,
    0x6c, 0x72, 0xa6, 0x02, 0x5a, 0x74, 0x08, 0x31, 0x5e, 0x74, 0xff, 0x30, 0x62, 0x74, 0xf7, 0x30,
    0x66, 0x74, 0xef, 0x30, 0x6a, 0x74, 0xe7, 0x10, 0x7a, 0x6c, 0xf5, 0x37, 0x7e, 0x6c, 0xec, 0x37,
    0x82, 0x6c, 0xe3, 0x37, 0x86, 0x6c, 0xd9, 0x17, 0x7a, 0x6e, 0x2e, 0x36, 0x7e, 0x6e, 0x24, 0x36,
    0x82, 0x6e, 0x1b, 0x36, 0x86, 0x6e, 0x12, 0x16, 0x7a, 0x70, 0x66, 0x34, 0x7e, 0x70, 0x5d, 0x34,
    0x82, 0x70, 0x54, 0x34, 0x86, 0x70, 0x4a, 0x14, 0x7a, 0x72, 0xc5, 0x32, 0x7e, 0x72, 0xbb, 0x32,
    0x82, 0x72, 0xb2, 0x32, 0x86, 0x72, 0xa9, 0x12, 0x7a, 0x74, 0xfd, 0x30, 0x7e, 0x74, 0xf4, 0x30,
    0x82, 0x74, 0xeb, 0x30, 0x86, 0x74, 0xe1, 0x10, 0x92, 0x6c, 0xff, 0x37, 0x96, 0x6c, 0xf7, 0x37,
    0x9a, 0x6c, 0xee, 0x37, 0x9e, 0x6c, 0xe6, 0x37, 0xa2, 0x6c, 0xde, 0x07, 0x94, 0x6e, 0x2f, 0x36,
    0x98, 0x6e, 0x27, 0x36, 0x9c, 0x6e, 0x1e, 0x36, 0xa0, 0x6e, 0x16, 0x36, 0x94, 0x70, 0x6f, 0x34,
    0x98, 0x70, 0x67, 0x34, 0x9c, 0x70, 0x5f, 0x34, 0xa0, 0x70, 0x57, 0x34, 0xa4, 0x70, 0x4e, 0x04,
    0x94, 0x72, 0xd0, 0x32, 0x98, 0x72, 0xc7, 0x32, 0x9c, 0x72, 0xbf, 0x32, 0xa0, 0x72, 0xb7, 0x32,
    0xa4, 0x72, 0xaf, 0x12, 0x96, 0x74, 0x00, 0x31, 0x9a, 0x74, 0xf7, 0x30, 0x9e, 0x74, 0xef, 0x30,
    0xa2, 0x74, 0xe7, 0x30, 0xa6, 0x74, 0xdf, 0x00, 0xae, 0x6c, 0xf5, 0x37, 0xb2, 0x6c, 0xec, 0x37,
    0xb6, 0x6c, 0xe4, 0x37, 0xba, 0x6c, 0xdc, 0x27, 0xb0, 0x6e, 0x2d, 0x36, 0xb4, 0x6e, 0x24, 0x36,
    0xb8, 0x6e, 0x1c, 0x36, 0xbc, 0x6e, 0x14, 0x26, 0xb0, 0x70, 0x6f, 0x34, 0xb4, 0x70, 0x67, 0x34,
    0xb8, 0x70, 0x5e, 0x34, 0xbc, 0x70, 0x56, 0x34, 0xc0, 0x70, 0x4e, 0x04, 0xb2, 0x72, 0xc7, 0x32,
    0xb6, 0x72, 0xbf, 0x32, 0xba, 0x72, 0xb6, 0x32, 0xbe, 0x72, 0xae, 0x32, 0xc2, 0x72, 0xa6, 0x02,
    0xb4, 0x74, 0xff, 0x30, 0xb8, 0x74, 0xf7, 0x30, 0xbc, 0x74, 0xee, 0x30, 0xc0, 0x74, 0xe6, 0x30,
    0xc4, 0x74, 0xde, 0x00, 0x38, 0x77, 0x00, 0x30, 0x3c, 0x77, 0x08, 0x30, 0x40, 0x77, 0x10, 0x30,
    0x44, 0x77, 0x19, 0x30, 0x48, 0x77, 0x21, 0x20, 0x36, 0x79, 0x7d, 0x31, 0x3a, 0x79, 0x85, 0x31,
    0x3e, 0x79, 0x8e, 0x31, 0x42, 0x79, 0x96, 0x31, 0x46, 0x79, 0x9e, 0x21, 0x34, 0x7b, 0xda, 0x32,
    0x38, 0x7b, 0xe3, 0x32, 0x3c, 0x7b, 0xeb, 0x32, 0x40, 0x7b, 0xf3, 0x32, 0x44, 0x7b, 0xfb, 0x22,
    0x32, 0x7d, 0x58, 0x34, 0x36, 0x7d, 0x60, 0x34, 0x3a, 0x7d, 0x68, 0x34, 0x3e, 0x7d, 0x70, 0x34,
    0x42, 0x7d, 0x78, 0x24, 0x2e, 0x7f, 0xca, 0x35, 0x32, 0x7f, 0xd3, 0x35, 0x36, 0x7f, 0xdb, 0x35,
    0x3a, 0x7f, 0xe3, 0x35, 0x3e, 0x7f, 0xeb, 0x35, 0x42, 0x7f, 0xf3, 0x05, 0x2c, 0x81, 0x21, 0x37,
    0x30, 0x81, 0x2a, 0x37, 0x34, 0x81, 0x32, 0x37, 0x38, 0x81, 0x3a, 0x37, 0x3c, 0x81, 0x42, 0x37,
    0x40, 0x81, 0x4b, 0x07, 0x58, 0x77, 0x07, 0x30, 0x5c, 0x77, 0x0f, 0x30, 0x60, 0x77, 0x16, 0x30,
    0x64, 0x77, 0x1e, 0x30, 0x68, 0x77, 0x25, 0x30, 0x56, 0x79, 0x7c, 0x31, 0x5a, 0x79, 0x84, 0x31,
    0x5e, 0x79, 0x8b, 0x31, 0x62, 0x79, 0x93, 0x31, 0x66, 0x79, 0x9a, 0x31, 0x6a, 0x79, 0xa1, 0x01,
    0x56, 0x7b, 0xda, 0x32, 0x5a, 0x7b, 0xe2, 0x32, 0x5e, 0x7b, 0xe9, 0x32, 0x62, 0x7b, 0xf1, 0x32,
    0x66, 0x7b, 0xf8, 0x32, 0x54, 0x7d, 0x4f, 0x34, 0x58, 0x7d, 0x57, 0x34, 0x5c, 0x7d, 0x5e, 0x34,
    0x60, 0x7d, 0x66, 0x34, 0x64, 0x7d, 0x6d, 0x34, 0x68, 0x7d, 0x74, 0x04, 0x52, 0x7f, 0xca, 0x35,
    0x56, 0x7f, 0xd2, 0x35, 0x5a, 0x7f, 0xd9, 0x35, 0x5e, 0x7f, 0xe0, 0x35, 0x62, 0x7f, 0xe8, 0x35,
    0x66, 0x7f, 0xef, 0x15, 0x52, 0x81, 0x28, 0x37, 0x56, 0x81, 0x2f, 0x37, 0x5a, 0x81, 0x37, 0x37,
    0x5e, 0x81, 0x3e, 0x37, 0x62, 0x81, 0x46, 0x37, 0x66, 0x81, 0x4d, 0x07, 0x78, 0x77, 0x08, 0x30,
    0x7c, 0x77, 0x10, 0x30, 0x80, 0x77, 0x19, 0x30, 0x84, 0x77, 0x21, 0x30, 0x88, 0x77, 0x29, 0x10,
    0x78, 0x79, 0x85, 0x31, 0x7c, 0x79, 0x8d, 0x31, 0x80, 0x79, 0x95, 0x31, 0x84, 0x79, 0x9d, 0x31,
    0x88, 0x79, 0xa5, 0x11, 0x78, 0x7b, 0xdb, 0x32, 0x7c, 0x7b, 0xe3, 0x32, 0x80, 0x7b, 0xeb, 0x32,
    0x84, 0x7b, 0xf4, 0x32, 0x88, 0x7b, 0xfc, 0x12, 0x78, 0x7d, 0x57, 0x34, 0x7c, 0x7d, 0x60, 0x34,
    0x80, 0x7d, 0x68, 0x34, 0x84, 0x7d, 0x70, 0x34, 0x88, 0x7d, 0x78, 0x14, 0x78, 0x7f, 0xd4, 0x35,
    0x7c, 0x7f, 0xdc, 0x35, 0x80, 0x7f, 0xe4, 0x35, 0x84, 0x7f, 0xec, 0x35, 0x88, 0x7f, 0xf5, 0x15,
    0x78, 0x81, 0x2a, 0x37, 0x7c, 0x81, 0x32, 0x37, 0x80, 0x81, 0x3a, 0x37, 0x84, 0x81, 0x43, 0x37,
    0x88, 0x81, 0x4b, 0x17, 0x96, 0x77, 0x07, 0x30, 0x9a, 0x77, 0x0f, 0x30, 0x9e, 0x77, 0x16, 0x30,
    0xa2, 0x77, 0x1e, 0x30, 0xa6, 0x77, 0x25, 0x30, 0x96, 0x79, 0x7c, 0x31, 0x9a, 0x79, 0x84, 0x31,
    0x9e, 0x79, 0x8b, 0x31, 0xa2, 0x79, 0x92, 0x31, 0xa6, 0x79, 0x9a, 0x31, 0xaa, 0x79, 0xa1, 0x01,
    0x98, 0x7b, 0xda, 0x32, 0x9c, 0x7b, 0xe1, 0x32, 0xa0, 0x7b, 0xe9, 0x32, 0xa4, 0x7b, 0xf0, 0x32,
    0xa8, 0x7b, 0xf7, 0x32, 0x98, 0x7d, 0x4f, 0x34, 0x9c, 0x7d, 0x56, 0x34, 0xa0, 0x7d, 0x5d, 0x34,
    0xa4, 0x7d, 0x65, 0x34, 0xa8, 0x7d, 0x6c, 0x34, 0xac, 0x7d, 0x73, 0x04, 0x9a, 0x7f, 0xd2, 0x35,
    0x9e, 0x7f, 0xd9, 0x35, 0xa2, 0x7f, 0xe1, 0x35, 0xa6, 0x7f, 0xe8, 0x35, 0xaa, 0x7f, 0xf0, 0x35,
    0xae, 0x7f, 0xf7, 0x05, 0x9a, 0x81, 0x21, 0x37, 0x9e, 0x81, 0x28, 0x37, 0xa2, 0x81, 0x30, 0x37,
    0xa6, 0x81, 0x37, 0x37, 0xaa, 0x81, 0x3e, 0x37, 0xae, 0x81, 0x46, 0x17, 0xb6, 0x77, 0x08, 0x30,
    0xba, 0x77, 0x10, 0x30, 0xbe, 0x77, 0x17, 0x30, 0xc2, 0x77, 0x1f, 0x30, 0xc6, 0x77, 0x27, 0x20,
    0xb8, 0x79, 0x84, 0x31, 0xbc, 0x79, 0x8c, 0x31, 0xc0, 0x79, 0x93, 0x31, 0xc4, 0x79, 0x9b, 0x31,
    0xc8, 0x79, 0xa3, 0x21, 0xba, 0x7b, 0xda, 0x32, 0xbe, 0x7b, 0xe2, 0x32, 0xc2, 0x7b, 0xe9, 0x32,
    0xc6, 0x7b, 0xf1, 0x32, 0xca, 0x7b, 0xf9, 0x32, 0xbc, 0x7d, 0x56, 0x34, 0xc0, 0x7d, 0x5e, 0x34,
    0xc4, 0x7d, 0x65, 0x34, 0xc8, 0x7d, 0x6d, 0x34, 0xcc, 0x7d, 0x75, 0x34, 0xbe, 0x7f, 0xd2, 0x35,
    0xc2, 0x7f, 0xda, 0x35, 0xc6, 0x7f, 0xe1, 0x35, 0xca, 0x7f, 0xe9, 0x35, 0xce, 0x7f, 0xf1, 0x35,
    0xd2, 0x7f, 0xf9, 0x05, 0xc0, 0x81, 0x28, 0x37, 0xc4, 0x81, 0x30, 0x37, 0xc8, 0x81, 0x37, 0x37,
    0xcc, 0x81, 0x3f, 0x37, 0xd0, 0x81, 0x47, 0x37, 0xd4, 0x81, 0x4f, 0x07, 0x44, 0x6c, 0xff, 0x37,
    0x48, 0x6c, 0xf6, 0x37, 0x4c, 0x6c, 0xed, 0x37, 0x50, 0x6c, 0xe5, 0x37, 0x42, 0x6e, 0x38, 0x36,
    0x46, 0x6e, 0x2f, 0x36, 0x4a, 0x6e, 0x26, 0x36, 0x4e, 0x6e, 0x1e, 0x36, 0x40, 0x70, 0x71, 0x34,
    0x44, 0x70, 0x68, 0x34, 0x48, 0x70, 0x5f, 0x34, 0x4c, 0x70, 0x56, 0x34, 0x3e, 0x72, 0xd0, 0x32,
    0x42, 0x72, 0xc7, 0x32, 0x46, 0x72, 0xbe, 0x32, 0x4a, 0x72, 0xb5, 0x32, 0x4e, 0x72, 0xad, 0x02,
    0x3c, 0x74, 0x09, 0x31, 0x40, 0x74, 0x00, 0x31, 0x44, 0x74, 0xf7, 0x30, 0x48, 0x74, 0xee, 0x30,
    0x4c, 0x74, 0xe6, 0x00, 0x5e, 0x6c, 0xff, 0x37, 0x62, 0x6c, 0xf7, 0x37, 0x66, 0x6c, 0xee, 0x37,
    0x6a, 0x6c, 0xe6, 0x37, 0x6e, 0x6c, 0xde, 0x07, 0x5e, 0x6e, 0x2f, 0x36, 0x62, 0x6e, 0x27, 0x36,
    0x66, 0x6e, 0x1f, 0x36, 0x6a, 0x6e, 0x17, 0x36, 0x5c, 0x70, 0x70, 0x34, 0x60, 0x70, 0x68, 0x34,
    0x64, 0x70, 0x60, 0x34, 0x68, 0x70, 0x58, 0x34, 0x6c, 0x70, 0x4f, 0x04, 0x5c, 0x72, 0xc7, 0x32,
    0x60, 0x72, 0xbf, 0x32, 0x64, 0x72, 0xb6, 0x32, 0x68, 0x72, 0xae, 0x32, 0x6c, 0x72, 0xa6, 0x02,
    0x5a, 0x74, 0x08, 0x31, 0x5e, 0x74, 0xff, 0x30, 0x62, 0x74, 0xf7, 0x30, 0x66, 0x74, 0xef, 0x30,
    0x6a, 0x74, 0xe7, 0x10, 0x7a, 0x6c, 0xf5, 0x37, 0x7e, 0x6c, 0xec, 0x37, 0x82, 0x6c, 0xe3, 0x37,
    0x86, 0x6c, 0xd9, 0x17, 0x7a, 0x6e, 0x2e, 0x36, 0x7e, 0x6e, 0x24, 0x36, 0x82, 0x6e, 0x1b, 0x36,
    0x86, 0x6e, 0x12, 0x16, 0x7a, 0x70, 0x66, 0x34, 0x7e, 0x70, 0x5d, 0x34, 0x82, 0x70, 0x54, 0x34,
    0x86, 0x70, 0x4a, 0x14, 0x7a, 0x72, 0xc5, 0x32, 0x7e, 0x72, 0xbb, 0x32, 0x82, 0x72, 0xb2, 0x32,
    0x86, 0x72, 0xa9, 0x12, 0x7a, 0x74, 0xfd, 0x30, 0x7e, 0x74, 0xf4, 0x30, 0x82, 0x74, 0xeb, 0x30,
    0x86, 0x74, 0xe1, 0x10, 0x92, 0x6c, 0xff, 0x37, 0x96, 0x6c, 0xf7, 0x37, 0x9a, 0x6c, 0xee, 0x37,
    0x9e, 0x6c, 0xe6, 0x37, 0xa2, 0x6c, 0xde, 0x07, 0x94, 0x6e, 0x2f, 0x36, 0x98, 0x6e, 0x27, 0x36,
    0x9c, 0x6e, 0x1e, 0x36, 0xa0, 0x6e, 0x16, 0x36, 0x94, 0x70, 0x6f, 0x34, 0x98, 0x70, 0x67, 0x34,
    0x9c, 0x70, 0x5f, 0x34, 0xa0, 0x70, 0x57, 0x34, 0xa4, 0x70, 0x4e, 0x04, 0x94, 0x72, 0xd0, 0x32,
    0x98, 0x72, 0xc7, 0x32, 0x9c, 0x72, 0xbf, 0x32, 0xa0, 0x72, 0xb7, 0x32, 0xa4, 0x72, 0xaf, 0x12,
    0x96, 0x74, 0x00, 0x31, 0x9a, 0x74, 0xf7, 0x30, 0x9e, 0x74, 0xef, 0x30, 0xa2, 0x74, 0xe7, 0x30,
    0xa6, 0x74, 0xdf, 0x00, 0xae, 0x6c, 0xf5, 0x37, 0xb2, 0x6c, 0xec, 0x37, 0xb6, 0x6c, 0xe4, 0x37,
    0xba, 0x6c, 0xdc, 0x27, 0xb0, 0x6e, 0x2d, 0x36, 0xb4, 0x6e, 0x24, 0x36, 0xb8, 0x6e, 0x1c, 0x36,
    0xbc, 0x6e, 0x14, 0x26, 0xb0, 0x70, 0x6f, 0x34, 0xb4, 0x70, 0x67, 0x34, 0xb8, 0x70, 0x5e, 0x34,
    0xbc, 0x70, 0x56, 0x34, 0xc0, 0x70, 0x4e, 0x04, 0xb2, 0x72, 0xc7, 0x32, 0xb6, 0x72, 0xbf, 0x32,
    0xba, 0x72, 0xb6, 0x32, 0xbe, 0x72, 0xae, 0x32, 0xc2, 0x72, 0xa6, 0x02, 0xb4, 0x74, 0xff, 0x30,
    0xb8, 0x74, 0xf7, 0x30, 0xbc, 0x74, 0xee, 0x30, 0xc0, 0x74, 0xe6, 0x30, 0xc4, 0x74, 0xde, 0x00,
    0x38, 0x77, 0x00, 0x30, 0x3c, 0x77, 0x08, 0x30, 0x40, 0x77, 0x10, 0x30, 0x44, 0x77, 0x19, 0x30,
    0x48, 0x77, 0x21, 0x20, 0x36, 0x79, 0x7d, 0x31, 0x3a, 0x79, 0x85, 0x31, 0x3e, 0x79, 0x8e, 0x31,
    0x42, 0x79, 0x96, 0x31, 0x46, 0x79, 0x9e, 0x21, 0x34, 0x7b, 0xda, 0x32, 0x38, 0x7b, 0xe3, 0x32,
    0x3c, 0x7b, 0xeb, 0x32, 0x40, 0x7b, 0xf3, 0x32, 0x44, 0x7b, 0xfb, 0x22, 0x32, 0x7d, 0x58, 0x34,
    0x36, 0x7d, 0x60, 0x34, 0x3a, 0x7d, 0x68, 0x34, 0x3e, 0x7d, 0x70, 0x34, 0x42, 0x7d, 0x78, 0x24,
    0x2e, 0x7f, 0xca, 0x35, 0x32, 0x7f, 0xd3, 0x35, 0x36, 0x7f, 0xdb, 0x35, 0x3a, 0x7f, 0xe3, 0x35,
    0x3e, 0x7f, 0xeb, 0x35, 0x42, 0x7f, 0xf3, 0x05, 0x2c, 0x81, 0x21, 0x37, 0x30, 0x81, 0x2a, 0x37,
    0x34, 0x81, 0x32, 0x37, 0x38, 0x81, 0x3a, 0x37, 0x3c, 0x81, 0x42, 0x37, 0x40, 0x81, 0x4b, 0x07,
    0x58, 0x77, 0x07, 0x30, 0x5c, 0x77, 0x0f, 0x30, 0x60, 0x77, 0x16, 0x30, 0x64, 0x77, 0x1e, 0x30,
    0x68, 0x77, 0x25, 0x30, 0x56, 0x79, 0x7c, 0x31, 0x5a, 0x79, 0x84, 0x31, 0x5e, 0x79, 0x8b, 0x31,
    0x62, 0x79, 0x93, 0x31, 0x66, 0x79, 0x9a, 0x31, 0x6a, 0x79, 0xa1, 0x01, 0x56, 0x7b, 0xda, 0x32,
    0x5a, 0x7b, 0xe2, 0x32, 0x5e, 0x7b, 0xe9, 0x32, 0x62, 0x7b, 0xf1, 0x32, 0x66, 0x7b, 0xf8, 0x32,
    0x54, 0x7d, 0x4f, 0x34, 0x58, 0x7d, 0x57, 0x34, 0x5c, 0x7d, 0x5e, 0x34, 0x60, 0x7d, 0x66, 0x34,
    0x64, 0x7d, 0x6d, 0x34, 0x68, 0x7d, 0x74, 0x04, 0x52, 0x7f, 0xca, 0x35, 0x56, 0x7f, 0xd2, 0x35,
    0x5a, 0x7f, 0xd9, 0x35, 0x5e, 0x7f, 0xe0, 0x35, 0x62, 0x7f, 0xe8, 0x35, 0x66, 0x7f, 0xef, 0x15,
    0x52, 0x81, 0x28, 0x37, 0x56, 0x81, 0x2f, 0x37, 0x5a, 0x81, 0x37, 0x37, 0x5e, 0x81, 0x3e, 0x37,
    0x62, 0x81, 0x46, 0x37, 0x66, 0x81, 0x4d, 0x07, 0x78, 0x77, 0x08, 0x30, 0x7c, 0x77, 0x10, 0x30,
    0x80, 0x77, 0x19, 0x30, 0x84, 0x77, 0x21, 0x30, 0x88, 0x77, 0x29, 0x10, 0x78, 0x79, 0x85, 0x31,
    0x7c, 0x79, 0x8d, 0x31, 0x80, 0x79, 0x95, 0x31, 0x84, 0x79, 0x9d, 0x31, 0x88, 0x79, 0xa5, 0x11,
    0x78, 0x7b, 0xdb, 0x32, 0x7c, 0x7b, 0xe3, 0x32, 0x80, 0x7b, 0xeb, 0x32, 0x84, 0x7b, 0xf4, 0x32,
    0x88, 0x7b, 0xfc, 0x12, 0x78, 0x7d, 0x57, 0x34, 0x7c, 0x7d, 0x60, 0x34, 0x80, 0x7d, 0x68, 0x34,
    0x84, 0x7d, 0x70, 0x34, 0x88, 0x7d, 0x78, 0x14, 0x78, 0x7f, 0xd4, 0x35, 0x7c, 0x7f, 0xdc, 0x35,
    0x80, 0x7f, 0xe4, 0x35, 0x84, 0x7f, 0xec, 0x35, 0x88, 0x7f, 0xf5, 0x15, 0x78, 0x81, 0x2a, 0x37,
    0x7c, 0x81, 0x32, 0x37, 0x80, 0x81, 0x3a, 0x37, 0x84, 0x81, 0x43, 0x37, 0x88, 0x81, 0x4b, 0x17,
    0x96, 0x77, 0x07, 0x30, 0x9a, 0x77, 0x0f, 0x30, 0x9e, 0x77, 0x16, 0x30, 0xa2, 0x77, 0x1e, 0x30,
    0xa6, 0x77, 0x25, 0x30, 0x96, 0x79, 0x7c, 0x31, 0x9a, 0x79, 0x84, 0x31, 0x9e, 0x79, 0x8b, 0x31,
    0xa2, 0x79, 0x92, 0x31, 0xa6, 0x79, 0x9a, 0x31, 0xaa, 0x79, 0xa1, 0x01, 0x98, 0x7b, 0xda, 0x32,
    0x9c, 0x7b, 0xe1, 0x32, 0xa0, 0x7b, 0xe9, 0x32, 0xa4, 0x7b, 0xf0, 0x32, 0xa8, 0x7b, 0xf7, 0x32,
    0x98, 0x7d, 0x4f, 0x34, 0x9c, 0x7d, 0x56, 0x34, 0xa0, 0x7d, 0x5d, 0x34, 0xa4, 0x7d, 0x65, 0x34,
    0xa8, 0x7d, 0x6c, 0x34, 0xac, 0x7d, 0x73, 0x04, 0x9a, 0x7f, 0xd2, 0x35, 0x9e, 0x7f, 0xd9, 0x35,
    0xa2, 0x7f, 0xe1, 0x35, 0xa6, 0x7f, 0xe8, 0x35, 0xaa, 0x7f, 0xf0, 0x35, 0xae, 0x7f, 0xf7, 0x05,
    0x9a, 0x81, 0x21, 0x37, 0x9e, 0x81, 0x28, 0x37, 0xa2, 0x81, 0x30, 0x37, 0xa6, 0x81, 0x37, 0x37,
    0xaa, 0x81, 0x3e, 0x37, 0xae, 0x81, 0x46, 0x17, 0xb6, 0x77, 0x08, 0x30, 0xba, 0x77, 0x10, 0x30,
    0xbe, 0x77, 0x17, 0x30, 0xc2, 0x77, 0x1f, 0x30, 0xc6, 0x77, 0x27, 0x20, 0xb8, 0x79, 0x84, 0x31,
    0xbc, 0x79, 0x8c, 0x31, 0xc0, 0x79, 0x93, 0x31, 0xc4, 0x79, 0x9b, 0x31, 0xc8, 0x79, 0xa3, 0x21,
    0xba, 0x7b, 0xda, 0x32, 0xbe, 0x7b, 0xe2, 0x32, 0xc2, 0x7b, 0xe9, 0x32, 0xc6, 0x7b, 0xf1, 0x32,
    0xca, 0x7b, 0xf9, 0x32, 0xbc, 0x7d, 0x56, 0x34, 0xc0, 0x7d, 0x5e, 0x34, 0xc4, 0x7d, 0x65, 0x34,
    0xc8, 0x7d, 0x6d, 0x34, 0xcc, 0x7d, 0x75, 0x34, 0xbe, 0x7f, 0xd2, 0x35, 0xc2, 0x7f, 0xda, 0x35,
    0xc6, 0x7f, 0xe1, 0x35, 0xca, 0x7f, 0xe9, 0x35, 0xce, 0x7f, 0xf1, 0x35, 0xd2, 0x7f, 0xf9, 0x05,
    0xc0, 0x81, 0x28, 0x37, 0xc4, 0x81, 0x30, 0x37, 0xc8, 0x81, 0x37, 0x37, 0xcc, 0x81, 0x3f, 0x37,
    0xd0, 0x81, 0x47, 0x37, 0xd4, 0x81, 0x4f, 0x07, 0x44, 0x6c, 0xff, 0x37, 0x48, 0x6c, 0xf6, 0x37,
    0x4c, 0x6c, 0xed, 0x37, 0x50, 0x6c, 0xe5, 0x37, 0x42, 0x6e, 0x38, 0x36, 0x46, 0x6e, 0x2f, 0x36,
    0x4a, 0x6e, 0x26, 0x36, 0x4e, 0x6e, 0x1e, 0x36, 0x40, 0x70, 0x71, 0x34, 0x44, 0x70, 0x68, 0x34,
    0x48, 0x70, 0x5f, 0x34, 0x4c, 0x70, 0x56, 0x34, 0x3e, 0x72, 0xd0, 0x32, 0x42, 0x72, 0xc7, 0x32,
    0x46, 0x72, 0xbe, 0x32, 0x4a, 0x72, 0xb5, 0x32, 0x4e, 0x72, 0xad, 0x02, 0x3c, 0x74, 0x09, 0x31,
    0x40, 0x74, 0x00, 0x31, 0x44, 0x74, 0xf7, 0x30, 0x48, 0x74, 0xee, 0x30, 0x4c, 0x74, 0xe6, 0x00,
    0x5e, 0x6c, 0xff, 0x37, 0x62, 0x6c, 0xf7, 0x37, 0x66, 0x6c, 0xee, 0x37, 0x6a, 0x6c, 0xe6, 0x37,
    0x6e, 0x6c, 0xde, 0x07, 0x5e, 0x6e, 0x2f, 0x36, 0x62, 0x6e, 0x27, 0x36, 0x66, 0x6e, 0x1f, 0x36,
    0x6a, 0x6e, 0x17, 0x36, 0x5c, 0x70, 0x70, 0x34, 0x60, 0x70, 0x68, 0x34, 0x64, 0x70, 0x60, 0x34,
    0x68, 0x70, 0x58, 0x34, 0x6c, 0x70, 0x4f, 0x04, 0x5c, 0x72, 0xc7, 0x32, 0x60, 0x72, 0xbf, 0x32,
    0x64, 0x72, 0xb6, 0x32, 0x68, 0x72, 0xae, 0x32, 0x6c, 0x72, 0xa6, 0x02, 0x5a, 0x74, 0x08, 0x31,
    0x5e, 0x74, 0xff, 0x30, 0x62, 0x74, 0xf7, 0x30, 0x66, 0x74, 0xef, 0x30, 0x6a, 0x74, 0xe7, 0x10,
    0x7a, 0x6c, 0xf5, 0x37, 0x7e, 0x6c, 0xec, 0x37, 0x82, 0x6c, 0xe3, 0x37, 0x86, 0x6c, 0xd9, 0x17,
    0x7a, 0x6e, 0x2e, 0x36, 0x7e, 0x6e, 0x24, 0x36, 0x82, 0x6e, 0x1b, 0x36, 0x86, 0x6e, 0x12, 0x16,
    0x7a, 0x70, 0x66, 0x34, 0x7e, 0x70, 0x5d, 0x34, 0x82, 0x70, 0x54, 0x34, 0x86, 0x70, 0x4a, 0x14,
    0x7a, 0x72, 0xc5, 0x32, 0x7e, 0x72, 0xbb, 0x32, 0x82, 0x72, 0xb2, 0x32, 0x86, 0x72, 0xa9, 0x12,
    0x7a, 0x74, 0xfd, 0x30, 0x7e, 0x74, 0xf4, 0x30, 0x82, 0x74, 0xeb, 0x30, 0x86, 0x74, 0xe1, 0x10,
    0x92, 0x6c, 0xff, 0x37, 0x96, 0x6c, 0xf7, 0x37, 0x9a, 0x6c, 0xee, 0x37, 0x9e, 0x6c, 0xe6, 0x37,
    0xa2, 0x6c, 0xde, 0x07, 0x94, 0x6e, 0x2f, 0x36, 0x98, 0x6e, 0x27, 0x36, 0x9c, 0x6e, 0x1e, 0x36,
    0xa0, 0x6e, 0x16, 0x36, 0x94, 0x70, 0x6f, 0x34, 0x98, 0x70, 0x67, 0x34, 0x9c, 0x70, 0x5f, 0x34,
    0xa0, 0x70, 0x57, 0x34, 0xa4, 0x70, 0x4e, 0x04, 0x94, 0x72, 0xd0, 0x32, 0x98, 0x72, 0xc7, 0x32,
    0x9c, 0x72, 0xbf, 0x32, 0xa0, 0x72, 0xb7, 0x32, 0xa4, 0x72, 0xaf, 0x12, 0x96, 0x74, 0x00, 0x31,
    0x9a, 0x74, 0xf7, 0x30, 0x9e, 0x74, 0xef, 0x30, 0xa2, 0x74, 0xe7, 0x30, 0xa6, 0x74, 0xdf, 0x00,
    0xae, 0x6c, 0xf5, 0x37, 0xb2, 0x6c, 0xec, 0x37, 0xb6, 0x6c, 0xe4, 0x37, 0xba, 0x6c, 0xdc, 0x27,
    0xb0, 0x6e, 0x2d, 0x36, 0xb4, 0x6e, 0x24, 0x36, 0xb8, 0x6e, 0x1c, 0x36, 0xbc, 0x6e, 0x14, 0x26,
    0xb0, 0x70, 0x6f, 0x34, 0xb4, 0x70, 0x67, 0x34, 0xb8, 0x70, 0x5e, 0x34, 0xbc, 0x70, 0x56, 0x34,
    0xc0, 0x70, 0x4e, 0x04, 0xb2, 0x72, 0xc7, 0x32, 0xb6, 0x72, 0xbf, 0x32, 0xba, 0x72, 0xb6, 0x32,
    0xbe, 0x72, 0xae, 0x32, 0xc2, 0x72, 0xa6, 0x02, 0xb4, 0x74, 0xff, 0x30, 0xb8, 0x74, 0xf7, 0x30,
    0xbc, 0x74, 0xee, 0x30, 0xc0, 0x74, 0xe6, 0x30, 0xc4, 0x74, 0xde, 0x00, 0x38, 0x77, 0x00, 0x30,
    0x3c, 0x77, 0x08, 0x30, 0x40, 0x77, 0x10, 0x30, 0x44, 0x77, 0x19, 0x30, 0x48, 0x77, 0x21, 0x20,
    0x36, 0x79, 0x7d, 0x31, 0x3a, 0x79, 0x85, 0x31, 0x3e, 0x79, 0x8e, 0x31, 0x42, 0x79, 0x96, 0x31,
    0x46, 0x79, 0x9e, 0x21, 0x34, 0x7b, 0xda, 0x32, 0x38, 0x7b, 0xe3, 0x32, 0x3c, 0x7b, 0xeb, 0x32,
    0x40, 0x7b, 0xf3, 0x32, 0x44, 0x7b, 0xfb, 0x22, 0x32, 0x7d, 0x58, 0x34, 0x36, 0x7d, 0x60, 0x34,
    0x3a, 0x7d, 0x68, 0x34, 0x3e, 0x7d, 0x70, 0x34, 0x42, 0x7d, 0x78, 0x24, 0x2e, 0x7f, 0xca, 0x35,
    0x32, 0x7f, 0xd3, 0x35, 0x36, 0x7f, 0xdb, 0x35, 0x3a, 0x7f, 0xe3, 0x35, 0x3e, 0x7f, 0xeb, 0x35,
    0x42, 0x7f, 0xf3, 0x05, 0x2c, 0x81, 0x21, 0x37, 0x30, 0x81, 0x2a, 0x37, 0x34, 0x81, 0x32, 0x37,
    0x38, 0x81, 0x3a, 0x37, 0x3c, 0x81, 0x42, 0x37, 0x40, 0x81, 0x4b, 0x07, 0x58, 0x77, 0x07, 0x30,
    0x5c, 0x77, 0x0f, 0x30, 0x60, 0x77, 0x16, 0x30, 0x64, 0x77, 0x1e, 0x30, 0x68, 0x77, 0x25, 0x30,
    0x56, 0x79, 0x7c, 0x31, 0x5a, 0x79, 0x84, 0x31, 0x5e, 0x79, 0x8b, 0x31, 0x62, 0x79, 0x93, 0x31,
    0x66, 0x79, 0x9a, 0x31, 0x6a, 0x79, 0xa1, 0x01, 0x56, 0x7b, 0xda, 0x32, 0x5a, 0x7b, 0xe2, 0x32,
    0x5e, 0x7b, 0xe9, 0x32, 0x62, 0x7b, 0xf1, 0x32, 0x66, 0x7b, 0xf8, 0x32, 0x54, 0x7d, 0x4f, 0x34,
    0x58, 0x7d, 0x57, 0x34, 0x5c, 0x7d, 0x5e, 0x34, 0x60, 0x7d, 0x66, 0x34, 0x64, 0x7d, 0x6d, 0x34,
    0x68, 0x7d, 0x74, 0x04, 0x52, 0x7f, 0xca, 0x35, 0x56, 0x7f, 0xd2, 0x35, 0x5a, 0x7f, 0xd9, 0x35,
    0x5e, 0x7f, 0xe0, 0x35, 0x62, 0x7f, 0xe8, 0x35, 0x66, 0x7f, 0xef, 0x15, 0x52, 0x81, 0x28, 0x37,
    0x56, 0x81, 0x2f, 0x37, 0x5a, 0x81, 0x37, 0x37, 0x5e, 0x81, 0x3e, 0x37, 0x62, 0x81, 0x46, 0x37,
    0x66, 0x81, 0x4d, 0x07, 0x78, 0x77, 0x08, 0x30, 0x7c, 0x77, 0x10, 0x30, 0x80, 0x77, 0x19, 0x30,
    0x84, 0x77, 0x21, 0x30, 0x88, 0x77, 0x29, 0x10, 0x78, 0x79, 0x85, 0x31, 0x7c, 0x79, 0x8d, 0x31,
    0x80, 0x79, 0x95, 0x31, 0x84, 0x79, 0x9d, 0x31, 0x88, 0x79, 0xa5, 0x11, 0x78, 0x7b, 0xdb, 0x32,
    0x7c, 0x7b, 0xe3, 0x32, 0x80, 0x7b, 0xeb, 0x32, 0x84, 0x7b, 0xf4, 0x32, 0x88, 0x7b, 0xfc, 0x12,
    0x78, 0x7d, 0x57, 0x34, 0x7c, 0x7d, 0x60, 0x34, 0x80, 0x7d, 0x68, 0x34, 0x84, 0x7d, 0x70, 0x34,
    0x88, 0x7d, 0x78, 0x14, 0x78, 0x7f, 0xd4, 0x35, 0x7c, 0x7f, 0xdc, 0x35, 0x80, 0x7f, 0xe4, 0x35,
    0x84, 0x7f, 0xec, 0x35, 0x88, 0x7f, 0xf5, 0x15, 0x78, 0x81, 0x2a, 0x37, 0x7c, 0x81, 0x32, 0x37,
    0x80, 0x81, 0x3a, 0x37, 0x84, 0x81, 0x43, 0x37, 0x88, 0x81, 0x4b, 0x17, 0x96, 0x77, 0x07, 0x30,
    0x9a, 0x77, 0x0f, 0x30, 0x9e, 0x77, 0x16, 0x30, 0xa2, 0x77, 0x1e, 0x30, 0xa6, 0x77, 0x25, 0x30,
    0x96, 0x79, 0x7c, 0x31, 0x9a, 0x79, 0x84, 0x31, 0x9e, 0x79, 0x8b, 0x31, 0xa2, 0x79, 0x92, 0x31,
    0xa6, 0x79, 0x9a, 0x31, 0xaa, 0x79, 0xa1, 0x01, 0x98, 0x7b, 0xda, 0x32, 0x9c, 0x7b, 0xe1, 0x32,
    0xa0, 0x7b, 0xe9, 0x32, 0xa4, 0x7b, 0xf0, 0x32, 0xa8, 0x7b, 0xf7, 0x32, 0x98, 0x7d, 0x4f, 0x34,
    0x9c, 0x7d, 0x56, 0x34, 0xa0, 0x7d, 0x5d, 0x34, 0xa4, 0x7d, 0x65, 0x34, 0xa8, 0x7d, 0x6c, 0x34,
    0xac, 0x7d, 0x73, 0x04, 0x9a, 0x7f, 0xd2, 0x35, 0x9e, 0x7f, 0xd9, 0x35, 0xa2, 0x7f, 0xe1, 0x35,
    0xa6, 0x7f, 0xe8, 0x35, 0xaa, 0x7f, 0xf0, 0x35, 0xae, 0x7f, 0xf7, 0x05, 0x9a, 0x81, 0x21, 0x37,
    0x9e, 0x81, 0x28, 0x37, 0xa2, 0x81, 0x30, 0x37, 0xa6, 0x81, 0x37, 0x37, 0xaa, 0x81, 0x3e, 0x37,
    0xae, 0x81, 0x46, 0x17, 0xb6, 0x77, 0x08, 0x30, 0xba, 0x77, 0x10, 0x30, 0xbe, 0x77, 0x17, 0x30,
    0xc2, 0x77, 0x1f, 0x30, 0xc6, 0x77, 0x27, 0x20, 0xb8, 0x79, 0x84, 0x31, 0xbc, 0x79, 0x8c, 0x31,
    0xc0, 0x79, 0x93, 0x31, 0xc4, 0x79, 0x9b, 0x31, 0xc8, 0x79, 0xa3, 0x21, 0xba, 0x7b, 0xda, 0x32,
    0xbe, 0x7b, 0xe2, 0x32, 0xc2, 0x7b, 0xe9, 0x32, 0xc6, 0x7b, 0xf1, 0x32, 0xca, 0x7b, 0xf9, 0x32,
    0xbc, 0x7d, 0x56, 0x34, 0xc0, 0x7d, 0x5e, 0x34, 0xc4, 0x7d, 0x65, 0x34, 0xc8, 0x7d, 0x6d, 0x34,
    0xcc, 0x7d, 0x75, 0x34, 0xbe, 0x7f, 0xd2, 0x35, 0xc2, 0x7f, 0xda, 0x35, 0xc6, 0x7f, 0xe1, 0x35,
    0xca, 0x7f, 0xe9, 0x35, 0xce, 0x7f, 0xf1, 0x35, 0xd2, 0x7f, 0xf9, 0x05, 0xc0, 0x81, 0x28, 0x37,
    0xc4, 0x81, 0x30, 0x37, 0xc8, 0x81, 0x37, 0x37, 0xcc, 0x81, 0x3f, 0x37, 0xd0, 0x81, 0x47, 0x37,
    0xd4, 0x81, 0x4f, 0x07, 0x44, 0x6c, 0xff, 0x37, 0x48, 0x6c, 0xf6, 0x37, 0x4c, 0x6c, 0xed, 0x37,
    0x50, 0x6c, 0xe5, 0x37, 0x42, 0x6e, 0x38, 0x36, 0x46, 0x6e, 0x2f, 0x36, 0x4a, 0x6e, 0x26, 0x36,
    0x4e, 0x6e, 0x1e, 0x36, 0x40, 0x70, 0x71, 0x34, 0x44, 0x70, 0x68, 0x34, 0x48, 0x70, 0x5f, 0x34,
    0x4c, 0x70, 0x56, 0x34, 0x3e, 0x72, 0xd0, 0x32, 0x42, 0x72, 0xc7, 0x32, 0x46, 0x72, 0xbe, 0x32,
    0x4a, 0x72, 0xb5, 0x32, 0x4e, 0x72, 0xad, 0x02, 0x3c, 0x74, 0x09, 0x31, 0x40, 0x74, 0x00, 0x31,
    0x44, 0x74, 0xf7, 0x30, 0x48, 0x74, 0xee, 0x30, 0x4c, 0x74, 0xe6, 0x00, 0x5e, 0x6c, 0xff, 0x37,
    0x62, 0x6c, 0xf7, 0x37, 0x66, 0x6c, 0xee, 0x37, 0x6a, 0x6c, 0xe6, 0x37, 0x6e, 0x6c, 0xde, 0x07,
    0x5e, 0x6e, 0x2f, 0x36, 0x62, 0x6e, 0x27, 0x36, 0x66, 0x6e, 0x1f, 0x36, 0x6a, 0x6e, 0x17, 0x36,
    0x5c, 0x70, 0x70, 0x34, 0x60, 0x70, 0x68, 0x34, 0x64, 0x70, 0x60, 0x34, 0x68, 0x70, 0x58, 0x34,
    0x6c, 0x70, 0x4f, 0x04, 0x5c, 0x72, 0xc7, 0x32, 0x60, 0x72, 0xbf, 0x32, 0x64, 0x72, 0xb6, 0x32,
    0x68, 0x72, 0xae, 0x32, 0x6c, 0x72, 0xa6, 0x02, 0x5a, 0x74, 0x08, 0x31, 0x5e, 0x74, 0xff, 0x30,
    0x62, 0x74, 0xf7, 0x30, 0x66, 0x74, 0xef, 0x30, 0x6a, 0x74, 0xe7, 0x10, 0x7a, 0x6c, 0xf5, 0x37,
    0x7e, 0x6c, 0xec, 0x37, 0x82, 0x6c, 0xe3, 0x37, 0x86, 0x6c, 0xd9, 0x17, 0x7a, 0x6e, 0x2e, 0x36,
    0x7e, 0x6e, 0x24, 0x36, 0x82, 0x6e, 0x1b, 0x36, 0x86, 0x6e, 0x12, 0x16, 0x7a, 0x70, 0x66, 0x34,
    0x7e, 0x70, 0x5d, 0x34, 0x82, 0x70, 0x54, 0x34, 0x86, 0x70, 0x4a, 0x14, 0x7a, 0x72, 0xc5, 0x32,
    0x7e, 0x72, 0xbb, 0x32, 0x82, 0x72, 0xb2, 0x32, 0x86, 0x72, 0xa9, 0x12, 0x7a, 0x74, 0xfd, 0x30,
    0x7e, 0x74, 0xf4, 0x30, 0x82, 0x74, 0xeb, 0x30, 0x86, 0x74, 0xe1, 0x10, 0x92, 0x6c, 0xff, 0x37,
    0x96, 0x6c, 0xf7, 0x37, 0x9a, 0x6c, 0xee, 0x37, 0x9e, 0x6c, 0xe6, 0x37, 0xa2, 0x6c, 0xde, 0x07,
    0x94, 0x6e, 0x2f, 0x36, 0x98, 0x6e, 0x27, 0x36, 0x9c, 0x6e, 0x1e, 0x36, 0xa0, 0x6e, 0x16, 0x36,
    0x94, 0x70, 0x6f, 0x34, 0x98, 0x70, 0x67, 0x34, 0x9c, 0x70, 0x5f, 0x34, 0xa0, 0x70, 0x57, 0x34,
    0xa4, 0x70, 0x4e, 0x04, 0x94, 0x72, 0xd0, 0x32, 0x98, 0x72, 0xc7, 0x32, 0x9c, 0x72, 0xbf, 0x32,
    0xa0, 0x72, 0xb7, 0x32, 0xa4, 0x72, 0xaf, 0x12, 0x96, 0x74, 0x00, 0x31, 0x9a, 0x74, 0xf7, 0x30,
    0x9e, 0x74, 0xef, 0x30, 0xa2, 0x74, 0xe7, 0x30, 0xa6, 0x74, 0xdf, 0x00, 0xae, 0x6c, 0xf5, 0x37,
    0xb2, 0x6c, 0xec, 0x37, 0xb6, 0x6c, 0xe4, 0x37, 0xba, 0x6c, 0xdc, 0x27, 0xb0, 0x6e, 0x2d, 0x36,
    0xb4, 0x6e, 0x24, 0x36, 0xb8, 0x6e, 0x1c, 0x36, 0xbc, 0x6e, 0x14, 0x26, 0xb0, 0x70, 0x6f, 0x34,
    0xb4, 0x70, 0x67, 0x34, 0xb8, 0x70, 0x5e, 0x34, 0xbc, 0x70, 0x56, 0x34, 0xc0, 0x70, 0x4e, 0x04,
    0xb2, 0x72, 0xc7, 0x32, 0xb6, 0x72, 0xbf, 0x32, 0xba, 0x72, 0xb6, 0x32, 0xbe, 0x72, 0xae, 0x32,
    0xc2, 0x72, 0xa6, 0x02, 0xb4, 0x74, 0xff, 0x30, 0xb8, 0x74, 0xf7, 0x30, 0xbc, 0x74, 0xee, 0x30,
    0xc0, 0x74, 0xe6, 0x30, 0xc4, 0x74, 0xde, 0x00, 0x38, 0x77, 0x00, 0x30, 0x3c, 0x77, 0x08, 0x30,
    0x40, 0x77, 0x10, 0x30, 0x44, 0x77, 0x19, 0x30, 0x48, 0x77, 0x21, 0x20, 0x36, 0x79, 0x7d, 0x31,
    0x3a, 0x79, 0x85, 0x31, 0x3e, 0x79, 0x8e, 0x31, 0x42, 0x79, 0x96, 0x31, 0x46, 0x79, 0x9e, 0x21,
    0x34, 0x7b, 0xda, 0x32, 0x38, 0x7b, 0xe3, 0x32, 0x3c, 0x7b, 0xeb, 0x32, 0x40, 0x7b, 0xf3, 0x32,
    0x44, 0x7b, 0xfb, 0x22, 0x32, 0x7d, 0x58, 0x34, 0x36, 0x7d, 0x60, 0x34, 0x3a, 0x7d, 0x68, 0x34,
    0x3e, 0x7d, 0x70, 0x34, 0x42, 0x7d, 0x78, 0x24, 0x2e, 0x7f, 0xca, 0x35, 0x32, 0x7f, 0xd3, 0x35,
    0x36, 0x7f, 0xdb, 0x35, 0x3a, 0x7f, 0xe3, 0x35, 0x3e, 0x7f, 0xeb, 0x35, 0x42, 0x7f, 0xf3, 0x05,
    0x2c, 0x81, 0x21, 0x37, 0x30, 0x81, 0x2a, 0x37, 0x34, 0x81, 0x32, 0x37, 0x38, 0x81, 0x3a, 0x37,
    0x3c, 0x81, 0x42, 0x37, 0x40, 0x81, 0x4b, 0x07, 0x58, 0x77, 0x07, 0x30, 0x5c, 0x77, 0x0f, 0x30,
    0x60, 0x77, 0x16, 0x30, 0x64, 0x77, 0x1e, 0x30, 0x68, 0x77, 0x25, 0x30, 0x56, 0x79, 0x7c, 0x31,
    0x5a, 0x79, 0x84, 0x31, 0x5e, 0x79, 0x8b, 0x31, 0x62, 0x79, 0x93, 0x31, 0x66, 0x79, 0x9a, 0x31,
    0x6a, 0x79, 0xa1, 0x01, 0x56, 0x7b, 0xda, 0x32, 0x5a, 0x7b, 0xe2, 0x32, 0x5e, 0x7b, 0xe9, 0x32,
    0x62, 0x7b, 0xf1, 0x32, 0x66, 0x7b, 0xf8, 0x32, 0x54, 0x7d, 0x4f, 0x34, 0x58, 0x7d, 0x57, 0x34,
    0x5c, 0x7d, 0x5e, 0x34, 0x60, 0x7d, 0x66, 0x34, 0x64, 0x7d, 0x6d, 0x34, 0x68, 0x7d, 0x74, 0x04,
    0x52, 0x7f, 0xca, 0x35, 0x56, 0x7f, 0xd2, 0x35, 0x5a, 0x7f, 0xd9, 0x35, 0x5e, 0x7f, 0xe0, 0x35,
    0x62, 0x7f, 0xe8, 0x35, 0x66, 0x7f, 0xef, 0x15, 0x52, 0x81, 0x28, 0x37, 0x56, 0x81, 0x2f, 0x37,
    0x5a, 0x81, 0x37, 0x37, 0x5e, 0x81, 0x3e, 0x37, 0x62, 0x81, 0x46, 0x37, 0x66, 0x81, 0x4d, 0x07,
    0x78, 0x77, 0x08, 0x30, 0x7c, 0x77, 0x10, 0x30, 0x80, 0x77, 0x19, 0x30, 0x84, 0x77, 0x21, 0x30,
    0x88, 0x77, 0x29, 0x10, 0x78, 0x79, 0x85, 0x31, 0x7c, 0x79, 0x8d, 0x31, 0x80, 0x79, 0x95, 0x31,
    0x84, 0x79, 0x9d, 0x31, 0x88, 0x79, 0xa5, 0x11, 0x78, 0x7b, 0xdb, 0x32, 0x7c, 0x7b, 0xe3, 0x32,
    0x80, 0x7b, 0xeb, 0x32, 0x84, 0x7b, 0xf4, 0x32, 0x88, 0x7b, 0xfc, 0x12, 0x78, 0x7d, 0x57, 0x34,
    0x7c, 0x7d, 0x60, 0x34, 0x80, 0x7d, 0x68, 0x34, 0x84, 0x7d, 0x70, 0x34, 0x88, 0x7d, 0x78, 0x14,
    0x78, 0x7f, 0xd4, 0x35, 0x7c, 0x7f, 0xdc, 0x35, 0x80, 0x7f, 0xe4, 0x35, 0x84, 0x7f, 0xec, 0x35,
    0x88, 0x7f, 0xf5, 0x15, 0x78, 0x81, 0x2a, 0x37, 0x7c, 0x81, 0x32, 0x37, 0x80, 0x81, 0x3a, 0x37,
    0x84, 0x81, 0x43, 0x37, 0x88, 0x81, 0x4b, 0x17, 0x96, 0x77, 0x07, 0x30, 0x9a, 0x77, 0x0f, 0x30,
    0x9e, 0x77, 0x16, 0x30, 0xa2, 0x77, 0x1e, 0x30, 0xa6, 0x77, 0x25, 0x30, 0x96, 0x79, 0x7c, 0x31,
    0x9a, 0x79, 0x84, 0x31, 0x9e, 0x79, 0x8b, 0x31, 0xa2, 0x79, 0x92, 0x31, 0xa6, 0x79, 0x9a, 0x31,
    0xaa, 0x79, 0xa1, 0x01, 0x98, 0x7b, 0xda, 0x32, 0x9c, 0x7b, 0xe1, 0x32, 0xa0, 0x7b, 0xe9, 0x32,
    0xa4, 0x7b, 0xf0, 0x32, 0xa8, 0x7b, 0xf7, 0x32, 0x98, 0x7d, 0x4f, 0x34, 0x9c, 0x7d, 0x56, 0x34,
    0xa0, 0x7d, 0x5d, 0x34, 0xa4, 0x7d, 0x65, 0x34, 0xa8, 0x7d, 0x6c, 0x34, 0xac, 0x7d, 0x73, 0x04,
    0x9a, 0x7f, 0xd2, 0x35, 0x9e, 0x7f, 0xd9, 0x35, 0xa2, 0x7f, 0xe1, 0x35, 0xa6, 0x7f, 0xe8, 0x35,
    0xaa, 0x7f, 0xf0, 0x35, 0xae, 0x7f, 0xf7, 0x05, 0x9a, 0x81, 0x21, 0x37, 0x9e, 0x81, 0x28, 0x37,
    0xa2, 0x81, 0x30, 0x37, 0xa6, 0x81, 0x37, 0x37, 0xaa, 0x81, 0x3e, 0x37, 0xae, 0x81, 0x46, 0x17,
    0xb6, 0x77, 0x08, 0x30, 0xba, 0x77, 0x10, 0x30, 0xbe, 0x77, 0x17, 0x30, 0xc2, 0x77, 0x1f, 0x30,
    0xc6, 0x77, 0x27, 0x20, 0xb8, 0x79, 0x84, 0x31, 0xbc, 0x79, 0x8c, 0x31, 0xc0, 0x79, 0x93, 0x31,
    0xc4, 0x79, 0x9b, 0x31, 0xc8, 0x79, 0xa3, 0x21, 0xba, 0x7b, 0xda, 0x32, 0xbe, 0x7b, 0xe2, 0x32,
    0xc2, 0x7b, 0xe9, 0x32, 0xc6, 0x7b, 0xf1, 0x32, 0xca, 0x7b, 0xf9, 0x32, 0xbc, 0x7d, 0x56, 0x34,
    0xc0, 0x7d, 0x5e, 0x34, 0xc4, 0x7d, 0x65, 0x34, 0xc8, 0x7d, 0x6d, 0x34, 0xcc, 0x7d, 0x75, 0x34,
    0xbe, 0x7f, 0xd2, 0x35, 0xc2, 0x7f, 0xda, 0x35, 0xc6, 0x7f, 0xe1, 0x35, 0xca, 0x7f, 0xe9, 0x35,
    0xce, 0x7f, 0xf1, 0x35, 0xd2, 0x7f, 0xf9, 0x05, 0xc0, 0x81, 0x28, 0x37, 0xc4, 0x81, 0x30, 0x37,
    0xc8, 0x81, 0x37, 0x37, 0xcc, 0x81, 0x3f, 0x37, 0xd0, 0x81, 0x47, 0x37, 0xd4, 0x81, 0x4f, 0x07,
    0x44, 0x6c, 0xff, 0x37, 0x48, 0x6c, 0xf6, 0x37, 0x4c, 0x6c, 0xed, 0x37, 0x50, 0x6c, 0xe5, 0x37,
    0x42, 0x6e, 0x38, 0x36, 0x46, 0x6e, 0x2f, 0x36, 0x4a, 0x6e, 0x26, 0x36, 0x4e, 0x6e, 0x1e, 0x36,
    0x40, 0x70, 0x71, 0x34, 0x44, 0x70, 0x68, 0x34, 0x48, 0x70, 0x5f, 0x34, 0x4c, 0x70, 0x56, 0x34,
    0x3e, 0x72, 0xd0, 0x32, 0x42, 0x72, 0xc7, 0x32, 0x46, 0x72, 0xbe, 0x32, 0x4a, 0x72, 0xb5, 0x32,
    0x4e, 0x72, 0xad, 0x02, 0x3c, 0x74, 0x09, 0x31, 0x40, 0x74, 0x00, 0x31, 0x44, 0x74, 0xf7, 0x30,
    0x48, 0x74, 0xee, 0x30, 0x4c, 0x74, 0xe6, 0x00, 0x5e, 0x6c, 0xff, 0x37, 0x62, 0x6c, 0xf7, 0x37,
    0x66, 0x6c, 0xee, 0x37, 0x6a, 0x6c, 0xe6, 0x37, 0x6e, 0x6c, 0xde, 0x07, 0x5e, 0x6e, 0x2f, 0x36,
    0x62, 0x6e, 0x27, 0x36, 0x66, 0x6e, 0x1f, 0x36, 0x6a, 0x6e, 0x17, 0x36, 0x5c, 0x70, 0x70, 0x34,
    0x60, 0x70, 0x68, 0x34, 0x64, 0x70, 0x60, 0x34, 0x68, 0x70, 0x58, 0x34, 0x6c, 0x70, 0x4f, 0x04,
    0x5c, 0x72, 0xc7, 0x32, 0x60, 0x72, 0xbf, 0x32, 0x64, 0x72, 0xb6, 0x32, 0x68, 0x72, 0xae, 0x32,
    0x6c, 0x72, 0xa6, 0x02, 0x5a, 0x74, 0x08, 0x31, 0x5e, 0x74, 0xff, 0x30, 0x62, 0x74, 0xf7, 0x30,
    0x66, 0x74, 0xef, 0x30, 0x6a, 0x74, 0xe7, 0x10, 0x7a, 0x6c, 0xf5, 0x37, 0x7e, 0x6c, 0xec, 0x37,
    0x82, 0x6c, 0xe3, 0x37, 0x86, 0x6c, 0xd9, 0x17, 0x7a, 0x6e, 0x2e, 0x36, 0x7e, 0x6e, 0x24, 0x36,
    0x82, 0x6e, 0x1b, 0x36, 0x86, 0x6e, 0x12, 0x16, 0x7a, 0x70, 0x66, 0x34, 0x7e, 0x70, 0x5d, 0x34,
    0x82, 0x70, 0x54, 0x34, 0x86, 0x70, 0x4a, 0x14, 0x7a, 0x72, 0xc5, 0x32, 0x7e, 0x72, 0xbb, 0x32,
    0x82, 0x72, 0xb2, 0x32, 0x86, 0x72, 0xa9, 0x12, 0x7a, 0x74, 0xfd, 0x30, 0x7e, 0x74, 0xf4, 0x30,
    0x82, 0x74, 0xeb, 0x30, 0x86, 0x74, 0xe1, 0x10, 0x92, 0x6c, 0xff, 0x37, 0x96, 0x6c, 0xf7, 0x37,
    0x9a, 0x6c, 0xee, 0x37, 0x9e, 0x6c, 0xe6, 0x37, 0xa2, 0x6c, 0xde, 0x07, 0x94, 0x6e, 0x2f, 0x36,
    0x98, 0x6e, 0x27, 0x36, 0x9c, 0x6e, 0x1e, 0x36, 0xa0, 0x6e, 0x16, 0x36, 0x94, 0x70, 0x6f, 0x34,
    0x98, 0x70, 0x67, 0x34, 0x9c, 0x70, 0x5f, 0x34, 0xa0, 0x70, 0x57, 0x34, 0xa4, 0x70, 0x4e, 0x04,
    0x94, 0x72, 0xd0, 0x32, 0x98, 0x72, 0xc7, 0x32, 0x9c, 0x72, 0xbf, 0x32, 0xa0, 0x72, 0xb7, 0x32,
    0xa4, 0x72, 0xaf, 0x12, 0x96, 0x74, 0x00, 0x31, 0x9a, 0x74, 0xf7, 0x30, 0x9e, 0x74, 0xef, 0x30,
    0xa2, 0x74, 0xe7, 0x30, 0xa6, 0x74, 0xdf, 0x00, 0xae, 0x6c, 0xf5, 0x37, 0xb2, 0x6c, 0xec, 0x37,
    0xb6, 0x6c, 0xe4, 0x37, 0xba, 0x6c, 0xdc, 0x27, 0xb0, 0x6e, 0x2d, 0x36, 0xb4, 0x6e, 0x24, 0x36,
    0xb8, 0x6e, 0x1c, 0x36, 0xbc, 0x6e, 0x14, 0x26, 0xb0, 0x70, 0x6f, 0x34, 0xb4, 0x70, 0x67, 0x34,
    0xb8, 0x70, 0x5e, 0x34, 0xbc, 0x70, 0x56, 0x34, 0xc0, 0x70, 0x4e, 0x04, 0xb2, 0x72, 0xc7, 0x32,
    0xb6, 0x72, 0xbf, 0x32, 0xba, 0x72, 0xb6, 0x32, 0xbe, 0x72, 0xae, 0x32, 0xc2, 0x72, 0xa6, 0x02,
    0xb4, 0x74, 0xff, 0x30, 0xb8, 0x74, 0xf7, 0x30, 0xbc, 0x74, 0xee, 0x30, 0xc0, 0x74, 0xe6, 0x30,
    0xc4, 0x74, 0xde, 0x00, 0x38, 0x77, 0x00, 0x30, 0x3c, 0x77, 0x08, 0x30, 0x40, 0x77, 0x10, 0x30,
    0x44, 0x77, 0x19, 0x30, 0x48, 0x77, 0x21, 0x20, 0x36, 0x79, 0x7d, 0x31, 0x3a, 0x79, 0x85, 0x31,
    0x3e, 0x79, 0x8e, 0x31, 0x42, 0x79, 0x96, 0x31, 0x46, 0x79, 0x9e, 0x21, 0x34, 0x7b, 0xda, 0x32,
    0x38, 0x7b, 0xe3, 0x32, 0x3c, 0x7b, 0xeb, 0x32, 0x40, 0x7b, 0xf3, 0x32, 0x44, 0x7b, 0xfb, 0x22,
    0x32, 0x7d, 0x58, 0x34, 0x36, 0x7d, 0x60, 0x34, 0x3a, 0x7d, 0x68, 0x34, 0x3e, 0x7d, 0x70, 0x34,
    0x42, 0x7d, 0x78, 0x24, 0x2e, 0x7f, 0xca, 0x35, 0x32, 0x7f, 0xd3, 0x35, 0x36, 0x7f, 0xdb, 0x35,
    0x3a, 0x7f, 0xe3, 0x35, 0x3e, 0x7f, 0xeb, 0x35, 0x42, 0x7f, 0xf3, 0x05, 0x2c, 0x81, 0x21, 0x37,
    0x30, 0x81, 0x2a, 0x37, 0x34, 0x81, 0x32, 0x37, 0x38, 0x81, 0x3a, 0x37, 0x3c, 0x81, 0x42, 0x37,
    0x40, 0x81, 0x4b, 0x07, 0x58, 0x77, 0x07, 0x30, 0x5c, 0x77, 0x0f, 0x30, 0x60, 0x77, 0x16, 0x30,
    0x64, 0x77, 0x1e, 0x30, 0x68, 0x77, 0x25, 0x30, 0x56, 0x79, 0x7c, 0x31, 0x5a, 0x79, 0x84, 0x31,
    0x5e, 0x79, 0x8b, 0x31, 0x62, 0x79, 0x93, 0x31, 0x66, 0x79, 0x9a, 0x31, 0x6a, 0x79, 0xa1, 0x01,
    0x56, 0x7b, 0xda, 0x32, 0x5a, 0x7b, 0xe2, 0x32, 0x5e, 0x7b, 0xe9, 0x32, 0x62, 0x7b, 0xf1, 0x32,
    0x66, 0x7b, 0xf8, 0x32, 0x54, 0x7d, 0x4f, 0x34, 0x58, 0x7d, 0x57, 0x34, 0x5c, 0x7d, 0x5e, 0x34,
    0x60, 0x7d, 0x66, 0x34, 0x64, 0x7d, 0x6d, 0x34, 0x68, 0x7d, 0x74, 0x04, 0x52, 0x7f, 0xca, 0x35,
    0x56, 0x7f, 0xd2, 0x35, 0x5a, 0x7f, 0xd9, 0x35, 0x5e, 0x7f, 0xe0, 0x35, 0x62, 0x7f, 0xe8, 0x35,
    0x66, 0x7f, 0xef, 0x15, 0x52, 0x81, 0x28, 0x37, 0x56, 0x81, 0x2f, 0x37, 0x5a, 0x81, 0x37, 0x37,
    0x5e, 0x81, 0x3e, 0x37, 0x62, 0x81, 0x46, 0x37, 0x66, 0x81, 0x4d, 0x07, 0x78, 0x77, 0x08, 0x30,
    0x7c, 0x77, 0x10, 0x30, 0x80, 0x77, 0x19, 0x30, 0x84, 0x77, 0x21, 0x30, 0x88, 0x77, 0x29, 0x10,
    0x78, 0x79, 0x85, 0x31, 0x7c, 0x79, 0x8d, 0x31, 0x80, 0x79, 0x95, 0x31, 0x84, 0x79, 0x9d, 0x31,
    0x88, 0x79, 0xa5, 0x11, 0x78, 0x7b, 0xdb, 0x32, 0x7c, 0x7b, 0xe3, 0x32, 0x80, 0x7b, 0xeb, 0x32,
    0x84, 0x7b, 0xf4, 0x32, 0x88, 0x7b, 0xfc, 0x12, 0x78, 0x7d, 0x57, 0x34, 0x7c, 0x7d, 0x60, 0x34,
    0x80, 0x7d, 0x68, 0x34, 0x84, 0x7d, 0x70, 0x34, 0x88, 0x7d, 0x78, 0x14, 0x78, 0x7f, 0xd4, 0x35,
    0x7c, 0x7f, 0xdc, 0x35, 0x80, 0x7f, 0xe4, 0x35, 0x84, 0x7f, 0xec, 0x35, 0x88, 0x7f, 0xf5, 0x15,
    0x78, 0x81, 0x2a, 0x37, 0x7c, 0x81, 0x32, 0x37, 0x80, 0x81, 0x3a, 0x37, 0x84, 0x81, 0x43, 0x37,
    0x88, 0x81, 0x4b, 0x17, 0x96, 0x77, 0x07, 0x30, 0x9a, 0x77, 0x0f, 0x30, 0x9e, 0x77, 0x16, 0x30,
    0xa2, 0x77, 0x1e, 0x30, 0xa6, 0x77, 0x25, 0x30, 0x96, 0x79, 0x7c, 0x31, 0x9a, 0x79, 0x84, 0x31,
    0x9e, 0x79, 0x8b, 0x31, 0xa2, 0x79, 0x92, 0x31, 0xa6, 0x79, 0x9a, 0x31, 0xaa, 0x79, 0xa1, 0x01,
    0x98, 0x7b, 0xda, 0x32, 0x9c, 0x7b, 0xe1, 0x32, 0xa0, 0x7b, 0xe9, 0x32, 0xa4, 0x7b, 0xf0, 0x32,
    0xa8, 0x7b, 0xf7, 0x32, 0x98, 0x7d, 0x4f, 0x34, 0x9c, 0x7d, 0x56, 0x34, 0xa0, 0x7d, 0x5d, 0x34,
    0xa4, 0x7d, 0x65, 0x34, 0xa8, 0x7d, 0x6c, 0x34, 0xac, 0x7d, 0x73, 0x04, 0x9a, 0x7f, 0xd2, 0x35,
    0x9e, 0x7f, 0xd9, 0x35, 0xa2, 0x7f, 0xe1, 0x35, 0xa6, 0x7f, 0xe8, 0x35, 0xaa, 0x7f, 0xf0, 0x35,
    0xae, 0x7f, 0xf7, 0x05, 0x9a, 0x81, 0x21, 0x37, 0x9e, 0x81, 0x28, 0x37, 0xa2, 0x81, 0x30, 0x37,
    0xa6, 0x81, 0x37, 0x37, 0xaa, 0x81, 0x3e, 0x37, 0xae, 0x81, 0x46, 0x17, 0xb6, 0x77, 0x08, 0x30,
    0xba, 0x77, 0x10, 0x30, 0xbe, 0x77, 0x17, 0x30, 0xc2, 0x77, 0x1f, 0x30, 0xc6, 0x77, 0x27, 0x20,
    0xb8, 0x79, 0x84, 0x31, 0xbc, 0x79, 0x8c, 0x31, 0xc0, 0x79, 0x93, 0x31, 0xc4, 0x79, 0x9b, 0x31,
    0xc8, 0x79, 0xa3, 0x21, 0xba, 0x7b, 0xda, 0x32, 0xbe, 0x7b, 0xe2, 0x32, 0xc2, 0x7b, 0xe9, 0x32,
    0xc6, 0x7b, 0xf1, 0x32, 0xca, 0x7b, 0xf9, 0x32, 0xbc, 0x7d, 0x56, 0x34, 0xc0, 0x7d, 0x5e, 0x34,
    0xc4, 0x7d, 0x65, 0x34, 0xc8, 0x7d, 0x6d, 0x34, 0xcc, 0x7d, 0x75, 0x34, 0xbe, 0x7f, 0xd2, 0x35,
    0xc2, 0x7f, 0xda, 0x35, 0xc6, 0x7f, 0xe1, 0x35, 0xca, 0x7f, 0xe9, 0x35, 0xce, 0x7f, 0xf1, 0x35,
    0xd2, 0x7f, 0xf9, 0x05, 0xc0, 0x81, 0x28, 0x37, 0xc4, 0x81, 0x30, 0x37, 0xc8, 0x81, 0x37, 0x37,
    0xcc, 0x81, 0x3f, 0x37, 0xd0, 0x81, 0x47, 0x37, 0xd4, 0x81, 0x4f, 0x07, 0x44, 0x6c, 0xff, 0x37,
    0x48, 0x6c, 0xf6, 0x37, 0x4c, 0x6c, 0xed, 0x37, 0x50, 0x6c, 0xe5, 0x37, 0x42, 0x6e, 0x38, 0x36,
    0x46, 0x6e, 0x2f, 0x36, 0x4a, 0x6e, 0x26, 0x36, 0x4e, 0x6e, 0x1e, 0x36, 0x40, 0x70, 0x71, 0x34,
    0x44, 0x70, 0x68, 0x34, 0x48, 0x70, 0x5f, 0x34, 0x4c, 0x70, 0x56, 0x34, 0x3e, 0x72, 0xd0, 0x32,
    0x42, 0x72, 0xc7, 0x32, 0x46, 0x72, 0xbe, 0x32, 0x4a, 0x72, 0xb5, 0x32, 0x4e, 0x72, 0xad, 0x02,
    0x3c, 0x74, 0x09, 0x31, 0x40, 0x74, 0x00, 0x31, 0x44, 0x74, 0xf7, 0x30, 0x48, 0x74, 0xee, 0x30,
    0x4c, 0x74, 0xe6, 0x00, 0x5e, 0x6c, 0xff, 0x37, 0x62, 0x6c, 0xf7, 0x37, 0x66, 0x6c, 0xee, 0x37,
    0x6a, 0x6c, 0xe6, 0x37, 0x6e, 0x6c, 0xde, 0x07, 0x5e, 0x6e, 0x2f, 0x36, 0x62, 0x6e, 0x27, 0x36,
    0x66, 0x6e, 0x1f, 0x36, 0x6a, 0x6e, 0x17, 0x36, 0x5c, 0x70, 0x70, 0x34, 0x60, 0x70, 0x68, 0x34,
    0x64, 0x70, 0x60, 0x34, 0x68, 0x70, 0x58, 0x34, 0x6c, 0x70, 0x4f, 0x04, 0x5c, 0x72, 0xc7, 0x32,
    0x60, 0x72, 0xbf, 0x32, 0x64, 0x72, 0xb6, 0x32, 0x68, 0x72, 0xae, 0x32, 0x6c, 0x72, 0xa6, 0x02,
    0x5a, 0x74, 0x08, 0x31, 0x5e, 0x74, 0xff, 0x30, 0x62, 0x74, 0xf7, 0x30, 0x66, 0x74, 0xef, 0x30,
    0x6a, 0x74, 0xe7, 0x10, 0x7a, 0x6c, 0xf5, 0x37, 0x7e, 0x6c, 0xec, 0x37, 0x82, 0x6c, 0xe3, 0x37,
    0x86, 0x6c, 0xd9, 0x17, 0x7a, 0x6e, 0x2e, 0x36, 0x7e, 0x6e, 0x24, 0x36, 0x82, 0x6e, 0x1b, 0x36,
    0x86, 0x6e, 0x12, 0x16, 0x7a, 0x70, 0x66, 0x34, 0x7e, 0x70, 0x5d, 0x34, 0x82, 0x70, 0x54, 0x34,
    0x86, 0x70, 0x4a, 0x14, 0x7a, 0x72, 0xc5, 0x32, 0x7e, 0x72, 0xbb, 0x32, 0x82, 0x72, 0xb2, 0x32,
    0x86, 0x72, 0xa9, 0x12, 0x7a, 0x74, 0xfd, 0x30, 0x7e, 0x74, 0xf4, 0x30, 0x82, 0x74, 0xeb, 0x30,
    0x86, 0x74, 0xe1, 0x10, 0x92, 0x6c, 0xff, 0x37, 0x96, 0x6c, 0xf7, 0x37, 0x9a, 0x6c, 0xee, 0x37,
    0x9e, 0x6c, 0xe6, 0x37, 0xa2, 0x6c, 0xde, 0x07, 0x94, 0x6e, 0x2f, 0x36, 0x98, 0x6e, 0x27, 0x36,
    0x9c, 0x6e, 0x1e, 0x36, 0xa0, 0x6e, 0x16, 0x36, 0x94, 0x70, 0x6f, 0x34, 0x98, 0x70, 0x67, 0x34,
    0x9c, 0x70, 0x5f, 0x34, 0xa0, 0x70, 0x57, 0x34, 0xa4, 0x70, 0x4e, 0x04, 0x94, 0x72, 0xd0, 0x32,
    0x98, 0x72, 0xc7, 0x32, 0x9c, 0x72, 0xbf, 0x32, 0xa0, 0x72, 0xb7, 0x32, 0xa4, 0x72, 0xaf, 0x12,
    0x96, 0x74, 0x00, 0x31, 0x9a, 0x74, 0xf7, 0x30, 0x9e, 0x74, 0xef, 0x30, 0xa2, 0x74, 0xe7, 0x30,
    0xa6, 0x74, 0xdf, 0x00, 0xae, 0x6c, 0xf5, 0x37, 0xb2, 0x6c, 0xec, 0x37, 0xb6, 0x6c, 0xe4, 0x37,
    0xba, 0x6c, 0xdc, 0x27, 0xb0, 0x6e, 0x2d, 0x36, 0xb4, 0x6e, 0x24, 0x36, 0xb8, 0x6e, 0x1c, 0x36,
    0xbc, 0x6e, 0x14, 0x26, 0xb0, 0x70, 0x6f, 0x34, 0xb4, 0x70, 0x67, 0x34, 0xb8, 0x70, 0x5e, 0x34,
    0xbc, 0x70, 0x56, 0x34, 0xc0, 0x70, 0x4e, 0x04, 0xb2, 0x72, 0xc7, 0x32, 0xb6, 0x72, 0xbf, 0x32,
    0xba, 0x72, 0xb6, 0x32, 0xbe, 0x72, 0xae, 0x32, 0xc2, 0x72, 0xa6, 0x02, 0xb4, 0x74, 0xff, 0x30,
    0xb8, 0x74, 0xf7, 0x30, 0xbc, 0x74, 0xee, 0x30, 0xc0, 0x74, 0xe6, 0x30, 0xc4, 0x74, 0xde, 0x00,
    0x38, 0x77, 0x00, 0x30, 0x3c, 0x77, 0x08, 0x30, 0x40, 0x77, 0x10, 0x30, 0x44, 0x77, 0x19, 0x30,
    0x48, 0x77, 0x21, 0x20, 0x36, 0x79, 0x7d, 0x31, 0x3a, 0x79, 0x85, 0x31, 0x3e, 0x79, 0x8e, 0x31,
    0x42, 0x79, 0x96, 0x31, 0x46, 0x79, 0x9e, 0x21, 0x34, 0x7b, 0xda, 0x32, 0x38, 0x7b, 0xe3, 0x32,
    0x3c, 0x7b, 0xeb, 0x32, 0x40, 0x7b, 0xf3, 0x32, 0x44, 0x7b, 0xfb, 0x22, 0x32, 0x7d, 0x58, 0x34,
    0x36, 0x7d, 0x60, 0x34, 0x3a, 0x7d, 0x68, 0x34, 0x3e, 0x7d, 0x70, 0x34, 0x42, 0x7d, 0x78, 0x24,
    0x2e, 0x7f, 0xca, 0x35, 0x32, 0x7f, 0xd3, 0x35, 0x36, 0x7f, 0xdb, 0x35, 0x3a, 0x7f, 0xe3, 0x35,
    0x3e, 0x7f, 0xeb, 0x35, 0x42, 0x7f, 0xf3, 0x05, 0x2c, 0x81, 0x21, 0x37, 0x30, 0x81, 0x2a, 0x37,
    0x34, 0x81, 0x32, 0x37, 0x38, 0x81, 0x3a, 0x37, 0x3c, 0x81, 0x42, 0x37, 0x40, 0x81, 0x4b, 0x07,
    0x58, 0x77, 0x07, 0x30, 0x5c, 0x77, 0x0f, 0x30, 0x60, 0x77, 0x16, 0x30, 0x64, 0x77, 0x1e, 0x30,
    0x68, 0x77, 0x25, 0x30, 0x56, 0x79, 0x7c, 0x31, 0x5a, 0x79, 0x84, 0x31, 0x5e, 0x79, 0x8b, 0x31,
    0x62, 0x79, 0x93, 0x31, 0x66, 0x79, 0x9a, 0x31, 0x6a, 0x79, 0xa1, 0x01, 0x56, 0x7b, 0xda, 0x32,
    0x5a, 0x7b, 0xe2, 0x32, 0x5e, 0x7b, 0xe9, 0x32, 0x62, 0x7b, 0xf1, 0x32, 0x66, 0x7b, 0xf8, 0x32,
    0x54, 0x7d, 0x4f, 0x34, 0x58, 0x7d, 0x57, 0x34, 0x5c, 0x7d, 0x5e, 0x34, 0x60, 0x7d, 0x66, 0x34,
    0x64, 0x7d, 0x6d, 0x34, 0x68, 0x7d, 0x74, 0x04, 0x52, 0x7f, 0xca, 0x35, 0x56, 0x7f, 0xd2, 0x35,
    0x5a, 0x7f, 0xd9, 0x35, 0x5e, 0x7f, 0xe0, 0x35, 0x62, 0x7f, 0xe8, 0x35, 0x66, 0x7f, 0xef, 0x15,
    0x52, 0x81, 0x28, 0x37, 0x56, 0x81, 0x2f, 0x37, 0x5a, 0x81, 0x37, 0x37, 0x5e, 0x81, 0x3e, 0x37,
    0x62, 0x81, 0x46, 0x37, 0x66, 0x81, 0x4d, 0x07, 0x78, 0x77, 0x08, 0x30, 0x7c, 0x77, 0x10, 0x30,
    0x80, 0x77, 0x19, 0x30, 0x84, 0x77, 0x21, 0x30, 0x88, 0x77, 0x29, 0x10, 0x78, 0x79, 0x85, 0x31,
    0x7c, 0x79, 0x8d, 0x31, 0x80, 0x79, 0x95, 0x31, 0x84, 0x79, 0x9d, 0x31, 0x88, 0x79, 0xa5, 0x11,
    0x78, 0x7b, 0xdb, 0x32, 0x7c, 0x7b, 0xe3, 0x32, 0x80, 0x7b, 0xeb, 0x32, 0x84, 0x7b, 0xf4, 0x32,
    0x88, 0x7b, 0xfc, 0x12, 0x78, 0x7d, 0x57, 0x34, 0x7c, 0x7d, 0x60, 0x34, 0x80, 0x7d, 0x68, 0x34,
    0x84, 0x7d, 0x70, 0x34, 0x88, 0x7d, 0x78, 0x14, 0x78, 0x7f, 0xd4, 0x35, 0x7c, 0x7f, 0xdc, 0x35,
    0x80, 0x7f, 0xe4, 0x35, 0x84, 0x7f, 0xec, 0x35, 0x88, 0x7f, 0xf5, 0x15, 0x78, 0x81, 0x2a, 0x37,
    0x7c, 0x81, 0x32, 0x37, 0x80, 0x81, 0x3a, 0x37, 0x84, 0x81, 0x43, 0x37, 0x88, 0x81, 0x4b, 0x17,
    0x96, 0x77, 0x07, 0x30, 0x9a, 0x77, 0x0f, 0x30, 0x9e, 0x77, 0x16, 0x30, 0xa2, 0x77, 0x1e, 0x30,
    0xa6, 0x77, 0x25, 0x30, 0x96, 0x79, 0x7c, 0x31, 0x9a, 0x79, 0x84, 0x31, 0x9e, 0x79, 0x8b, 0x31,
    0xa2, 0x79, 0x92, 0x31, 0xa6, 0x79, 0x9a, 0x31, 0xaa, 0x79, 0xa1, 0x01, 0x98, 0x7b, 0xda, 0x32,
    0x9c, 0x7b, 0xe1, 0x32, 0xa0, 0x7b, 0xe9, 0x32, 0xa4, 0x7b, 0xf0, 0x32, 0xa8, 0x7b, 0xf7, 0x32,
    0x98, 0x7d, 0x4f, 0x34, 0x9c, 0x7d, 0x56, 0x34, 0xa0, 0x7d, 0x5d, 0x34, 0xa4, 0x7d, 0x65, 0x34,
    0xa8, 0x7d, 0x6c, 0x34, 0xac, 0x7d, 0x73, 0x04, 0x9a, 0x7f, 0xd2, 0x35, 0x9e, 0x7f, 0xd9, 0x35,
    0xa2, 0x7f, 0xe1, 0x35, 0xa6, 0x7f, 0xe8, 0x35, 0xaa, 0x7f, 0xf0, 0x35, 0xae, 0x7f, 0xf7, 0x05,
    0x9a, 0x81, 0x21, 0x37, 0x9e, 0x81, 0x28, 0x37, 0xa2, 0x81, 0x30, 0x37, 0xa6, 0x81, 0x37, 0x37,
    0xaa, 0x81, 0x3e, 0x37, 0xae, 0x81, 0x46, 0x17, 0xb6, 0x77, 0x08, 0x30, 0xba, 0x77, 0x10, 0x30,
    0xbe, 0x77, 0x17, 0x30, 0xc2, 0x77, 0x1f, 0x30, 0xc6, 0x77, 0x27, 0x20, 0xb8, 0x79, 0x84, 0x31,
    0xbc, 0x79, 0x8c, 0x31, 0xc0, 0x79, 0x93, 0x31, 0xc4, 0x79, 0x9b, 0x31, 0xc8, 0x79, 0xa3, 0x21,
    0xba, 0x7b, 0xda, 0x32, 0xbe, 0x7b, 0xe2, 0x32, 0xc2, 0x7b, 0xe9, 0x32, 0xc6, 0x7b, 0xf1, 0x32,
    0xca, 0x7b, 0xf9, 0x32, 0xbc, 0x7d, 0x56, 0x34, 0xc0, 0x7d, 0x5e, 0x34, 0xc4, 0x7d, 0x65, 0x34,
    0xc8, 0x7d, 0x6d, 0x34, 0xcc, 0x7d, 0x75, 0x34, 0xbe, 0x7f, 0xd2, 0x35, 0xc2, 0x7f, 0xda, 0x35,
    0xc6, 0x7f, 0xe1, 0x35, 0xca, 0x7f, 0xe9, 0x35, 0xce, 0x7f, 0xf1, 0x35, 0xd2, 0x7f, 0xf9, 0x05,
    0xc0, 0x81, 0x28, 0x37, 0xc4, 0x81, 0x30, 0x37, 0xc8, 0x81, 0x37, 0x37, 0xcc, 0x81, 0x3f, 0x37,
    0xd0, 0x81, 0x47, 0x37, 0xd4, 0x81, 0x4f, 0x07, 0x48, 0x6b, 0xfc, 0x37, 0x4c, 0x6b, 0xf4, 0x37,
    0x50, 0x6b, 0xeb, 0x37, 0x54, 0x6b, 0xe2, 0x27, 0x46, 0x6d, 0x0f, 0x36, 0x4a, 0x6d, 0x06, 0x36,
    0x4e, 0x6d, 0xfe, 0x35, 0x52, 0x6d, 0xf5, 0x25, 0x44, 0x6f, 0x1b, 0x34, 0x48, 0x6f, 0x12, 0x34,
    0x4c, 0x6f, 0x0a, 0x34, 0x50, 0x6f, 0x01, 0x24, 0x42, 0x71, 0x08, 0x32, 0x46, 0x71, 0xff, 0x31,
    0x4a, 0x71, 0xf6, 0x31, 0x4e, 0x71, 0xed, 0x21, 0x3e, 0x73, 0x25, 0x30, 0x42, 0x73, 0x1c, 0x30,
    0x46, 0x73, 0x14, 0x30, 0x4a, 0x73, 0x0b, 0x30, 0x4e, 0x73, 0x02, 0x10, 0x60, 0x6d, 0xf6, 0x36,
    0x64, 0x6d, 0xed, 0x36, 0x68, 0x6d, 0xe4, 0x36, 0x6c, 0x6d, 0xdc, 0x36, 0x60, 0x6f, 0xff, 0x34,
    0x64, 0x6f, 0xf6, 0x34, 0x68, 0x6f, 0xee, 0x34, 0x6c, 0x6f, 0xe5, 0x24, 0x5e, 0x71, 0x1a, 0x33,
    0x62, 0x71, 0x11, 0x33, 0x66, 0x71, 0x08, 0x33, 0x6a, 0x71, 0x00, 0x33, 0x5c, 0x73, 0x2e, 0x31,
    0x60, 0x73, 0x25, 0x31, 0x64, 0x73, 0x1d, 0x31, 0x68, 0x73, 0x14, 0x31, 0x6c, 0x73, 0x0b, 0x01,
    0x7c, 0x6c, 0xf4, 0x37, 0x80, 0x6c, 0xeb, 0x37, 0x84, 0x6c, 0xe2, 0x37, 0x88, 0x6c, 0xda, 0x17,
    0x7c, 0x6e, 0x06, 0x36, 0x80, 0x6e, 0xfd, 0x35, 0x84, 0x6e, 0xf4, 0x35, 0x88, 0x6e, 0xec, 0x15,
    0x7a, 0x70, 0x23, 0x34, 0x7e, 0x70, 0x1a, 0x34, 0x82, 0x70, 0x11, 0x34, 0x86, 0x70, 0x09, 0x34,
    0x7a, 0x72, 0x08, 0x32, 0x7e, 0x72, 0xff, 0x31, 0x82, 0x72, 0xf7, 0x31, 0x86, 0x72, 0xee, 0x31,
    0x78, 0x74, 0x25, 0x30, 0x7c, 0x74, 0x1c, 0x30, 0x80, 0x74, 0x14, 0x30, 0x84, 0x74, 0x0b, 0x30,
    0x88, 0x74, 0x02, 0x10, 0x94, 0x6c, 0xf7, 0x37, 0x98, 0x6c, 0xee, 0x37, 0x9c, 0x6c, 0xe6, 0x37,
    0xa0, 0x6c, 0xde, 0x37, 0x94, 0x6e, 0x37, 0x36, 0x98, 0x6e, 0x2e, 0x36, 0x9c, 0x6e, 0x26, 0x36,
    0xa0, 0x6e, 0x1e, 0x36, 0x94, 0x70, 0x70, 0x34, 0x98, 0x70, 0x68, 0x34, 0x9c, 0x70, 0x60, 0x34,
    0xa0, 0x70, 0x58, 0x34, 0xa4, 0x70, 0x50, 0x04, 0x96, 0x72, 0xc6, 0x32, 0x9a, 0x72, 0xbe, 0x32,
    0x9e, 0x72, 0xb6, 0x32, 0xa2, 0x72, 0xad, 0x32, 0x96, 0x74, 0x00, 0x31, 0x9a, 0x74, 0xf8, 0x30,
    0x9e, 0x74, 0xef, 0x30, 0xa2, 0x74, 0xe7, 0x30, 0xa6, 0x74, 0xdf, 0x00, 0xae, 0x6d, 0xff, 0x37,
    0xb2, 0x6d, 0xf7, 0x37, 0xb6, 0x6d, 0xee, 0x37, 0xba, 0x6d, 0xe6, 0x37, 0xbe, 0x6d, 0xde, 0x07,
    0xb0, 0x6f, 0x36, 0x36, 0xb4, 0x6f, 0x2e, 0x36, 0xb8, 0x6f, 0x26, 0x36, 0xbc, 0x6f, 0x1e, 0x36,
    0xb2, 0x71, 0x68, 0x34, 0xb6, 0x71, 0x60, 0x34, 0xba, 0x71, 0x57, 0x34, 0xbe, 0x71, 0x4f, 0x34,
    0xb2, 0x73, 0xd0, 0x32, 0xb6, 0x73, 0xc7, 0x32, 0xba, 0x73, 0xbf, 0x32, 0xbe, 0x73, 0xb7, 0x32,
    0xc2, 0x73, 0xaf, 0x12, 0xb4, 0x75, 0x07, 0x31, 0xb8, 0x75, 0xff, 0x30, 0xbc, 0x75, 0xf7, 0x30,
    0xc0, 0x75, 0xee, 0x30, 0xc4, 0x75, 0xe6, 0x10, 0x3c, 0x76, 0x09, 0x30, 0x40, 0x76, 0x11, 0x30,
    0x44, 0x76, 0x1a, 0x30, 0x48, 0x76, 0x23, 0x30, 0x4c, 0x76, 0x2c, 0x00, 0x3a, 0x78, 0xac, 0x31,
    0x3e, 0x78, 0xb5, 0x31, 0x42, 0x78, 0xbe, 0x31, 0x46, 0x78, 0xc7, 0x31, 0x4a, 0x78, 0xcf, 0x01,
    0x36, 0x7a, 0x1f, 0x33, 0x3a, 0x7a, 0x28, 0x33, 0x3e, 0x7a, 0x31, 0x33, 0x42, 0x7a, 0x39, 0x33,
    0x46, 0x7a, 0x42, 0x23, 0x34, 0x7c, 0xca, 0x34, 0x38, 0x7c, 0xd2, 0x34, 0x3c, 0x7c, 0xdb, 0x34,
    0x40, 0x7c, 0xe4, 0x34, 0x44, 0x7c, 0xec, 0x24, 0x30, 0x7e, 0x3c, 0x36, 0x34, 0x7e, 0x45, 0x36,
    0x38, 0x7e, 0x4e, 0x36, 0x3c, 0x7e, 0x57, 0x36, 0x40, 0x7e, 0x5f, 0x36, 0x44, 0x7e, 0x68, 0x06,
    0x2e, 0x80, 0xe7, 0x37, 0x32, 0x80, 0xef, 0x37, 0x36, 0x80, 0xf8, 0x37, 0x3a, 0x80, 0x01, 0x38,
    0x3e, 0x80, 0x0a, 0x38, 0x42, 0x80, 0x12, 0x08, 0x58, 0x78, 0x7d, 0x31, 0x5c, 0x78, 0x5f, 0x31,
    0x60, 0x78, 0x41, 0x31, 0x64, 0x78, 0xfd, 0x30, 0x68, 0x78, 0xde, 0x20, 0x58, 0x7a, 0xb6, 0x32,
    0x5c, 0x7a, 0x98, 0x32, 0x60, 0x7a, 0x79, 0x32, 0x64, 0x7a, 0x5b, 0x32, 0x68, 0x7a, 0x3d, 0x12,
    0x56, 0x7c, 0x31, 0x34, 0x5a, 0x7c, 0x12, 0x34, 0x5e, 0x7c, 0xf4, 0x33, 0x62, 0x7c, 0xd6, 0x33,
    0x66, 0x7c, 0xb8, 0x23, 0x54, 0x7e, 0xa6, 0x35, 0x58, 0x7e, 0x87, 0x35, 0x5c, 0x7e, 0x69, 0x35,
    0x60, 0x7e, 0x4b, 0x35, 0x64, 0x7e, 0x2d, 0x35, 0x52, 0x80, 0x21, 0x37, 0x56, 0x80, 0x02, 0x37,
    0x5a, 0x80, 0xe4, 0x36, 0x5e, 0x80, 0xc6, 0x36, 0x62, 0x80, 0xa8, 0x36, 0x66, 0x80, 0x8a, 0x06,
    0x78, 0x77, 0x00, 0x30, 0x7c, 0x77, 0x09, 0x30, 0x80, 0x77, 0x11, 0x30, 0x84, 0x77, 0x1a, 0x30,
    0x88, 0x77, 0x23, 0x10, 0x78, 0x79, 0x7d, 0x31, 0x7c, 0x79, 0x86, 0x31, 0x80, 0x79, 0x8f, 0x31,
    0x84, 0x79, 0x97, 0x31, 0x88, 0x79, 0xa0, 0x11, 0x78, 0x7b, 0xdb, 0x32, 0x7c, 0x7b, 0xe4, 0x32,
    0x80, 0x7b, 0xec, 0x32, 0x84, 0x7b, 0xf5, 0x32, 0x88, 0x7b, 0xfe, 0x12, 0x78, 0x7d, 0x58, 0x34,
    0x7c, 0x7d, 0x61, 0x34, 0x80, 0x7d, 0x69, 0x34, 0x84, 0x7d, 0x72, 0x34, 0x88, 0x7d, 0x7b, 0x14,
    0x76, 0x7f, 0xca, 0x35, 0x7a, 0x7f, 0xd3, 0x35, 0x7e, 0x7f, 0xdc, 0x35, 0x82, 0x7f, 0xe4, 0x35,
    0x86, 0x7f, 0xed, 0x35, 0x76, 0x81, 0x22, 0x37, 0x7a, 0x81, 0x2a, 0x37, 0x7e, 0x81, 0x33, 0x37,
    0x82, 0x81, 0x3c, 0x37, 0x86, 0x81, 0x44, 0x37, 0x96, 0x78, 0x00, 0x30, 0x9a, 0x78, 0x08, 0x30,
    0x9e, 0x78, 0x10, 0x30, 0xa2, 0x78, 0x17, 0x30, 0xa6, 0x78, 0x1f, 0x30, 0x98, 0x7a, 0x85, 0x31,
    0x9c, 0x7a, 0x8d, 0x31, 0xa0, 0x7a, 0x95, 0x31, 0xa4, 0x7a, 0x9c, 0x31, 0xa8, 0x7a, 0xa4, 0x21,
    0x98, 0x7c, 0xda, 0x32, 0x9c, 0x7c, 0xe2, 0x32, 0xa0, 0x7c, 0xea, 0x32, 0xa4, 0x7c, 0xf2, 0x32,
    0xa8, 0x7c, 0xf9, 0x32, 0x98, 0x7e, 0x50, 0x34, 0x9c, 0x7e, 0x58, 0x34, 0xa0, 0x7e, 0x5f, 0x34,
    0xa4, 0x7e, 0x67, 0x34, 0xa8, 0x7e, 0x6f, 0x34, 0xac, 0x7e, 0x77, 0x04, 0x98, 0x80, 0xcb, 0x35,
    0x9c, 0x80, 0xd3, 0x35, 0xa0, 0x80, 0xdb, 0x35, 0xa4, 0x80, 0xe2, 0x35, 0xa8, 0x80, 0xea, 0x35,
    0xac, 0x80, 0xf2, 0x15, 0x98, 0x82, 0x20, 0x37, 0x9c, 0x82, 0x28, 0x37, 0xa0, 0x82, 0x30, 0x37,
    0xa4, 0x82, 0x38, 0x37, 0xa8, 0x82, 0x40, 0x37, 0xac, 0x82, 0x47, 0x27, 0xb6, 0x78, 0x00, 0x30,
    0xba, 0x78, 0x08, 0x30, 0xbe, 0x78, 0x10, 0x30, 0xc2, 0x78, 0x17, 0x30, 0xc6, 0x78, 0x1f, 0x30,
    0xb8, 0x7a, 0x57, 0x31, 0xbc, 0x7a, 0x5f, 0x31, 0xc0, 0x7a, 0x67, 0x31, 0xc4, 0x7a, 0x6e, 0x31,
    0xc8, 0x7a, 0x76, 0x31, 0xba, 0x7c, 0xb4, 0x32, 0xbe, 0x7c, 0xbc, 0x32, 0xc2, 0x7c, 0xc3, 0x32,
    0xc6, 0x7c, 0xcb, 0x32, 0xca, 0x7c, 0xd3, 0x32, 0xbc, 0x7e, 0xe5, 0x33, 0xc0, 0x7e, 0xed, 0x33,
    0xc4, 0x7e, 0xf4, 0x33, 0xc8, 0x7e, 0xfc, 0x33, 0xcc, 0x7e, 0x04, 0x34, 0xbc, 0x80, 0x32, 0x35,
    0xc0, 0x80, 0x3a, 0x35, 0xc4, 0x80, 0x42, 0x35, 0xc8, 0x80, 0x49, 0x35, 0xcc, 0x80, 0x51, 0x35,
    0xd0, 0x80, 0x59, 0x15, 0xbe, 0x82, 0x89, 0x36, 0xc2, 0x82, 0x91, 0x36, 0xc6, 0x82, 0x99, 0x36,
    0xca, 0x82, 0xa0, 0x36, 0xce, 0x82, 0xa8, 0x36, 0xd2, 0x82, 0xb0, 0x16, 0xc0, 0x84, 0xe6, 0x37,
    0xc4, 0x84, 0xee, 0x37, 0xc8, 0x84, 0xf5, 0x37, 0xcc, 0x84, 0xfd, 0x37, 0xd0, 0x84, 0x05, 0x38,
    0xd4, 0x84, 0x0d, 0x28, 0x4a, 0x6a, 0x25, 0x08, 0x48, 0x6c, 0x11, 0x36, 0x4c, 0x6c, 0x55, 0x36,
    0x50, 0x6c, 0x72, 0x36, 0x54, 0x6c, 0xb6, 0x36, 0x58, 0x6c, 0xd4, 0x06, 0x46, 0x6e, 0x43, 0x34,
    0x4a, 0x6e, 0x87, 0x34, 0x4e, 0x6e, 0xa4, 0x34, 0x52, 0x6e, 0xe8, 0x34, 0x56, 0x6e, 0x06, 0x05,
    0x44, 0x70, 0x55, 0x32, 0x48, 0x70, 0x99, 0x32, 0x4c, 0x70, 0xb6, 0x32, 0x50, 0x70, 0xfa, 0x32,
    0x54, 0x70, 0x18, 0x03, 0x40, 0x72, 0x25, 0x30, 0x44, 0x72, 0x43, 0x30, 0x48, 0x72, 0x87, 0x30,
    0x4c, 0x72, 0xa4, 0x30, 0x50, 0x72, 0xe8, 0x20, 0x62, 0x6b, 0x25, 0x08, 0x62, 0x6d, 0x54, 0x36,
    0x66, 0x6d, 0x72, 0x36, 0x6a, 0x6d, 0xb5, 0x36, 0x6e, 0x6d, 0xd3, 0x26, 0x60, 0x6f, 0x42, 0x34,
    0x64, 0x6f, 0x86, 0x34, 0x68, 0x6f, 0xa4, 0x34, 0x6c, 0x6f, 0xe7, 0x34, 0x5e, 0x71, 0x37, 0x32,
    0x62, 0x71, 0x54, 0x32, 0x66, 0x71, 0x98, 0x32, 0x6a, 0x71, 0xb6, 0x32, 0x6e, 0x71, 0xf9, 0x02,
    0x5c, 0x73, 0x25, 0x30, 0x60, 0x73, 0x69, 0x30, 0x64, 0x73, 0x86, 0x30, 0x68, 0x73, 0xca, 0x30,
    0x6c, 0x73, 0xe7, 0x10, 0x7c, 0x6c, 0x40, 0x37, 0x80, 0x6c, 0x5d, 0x37, 0x84, 0x6c, 0xa0, 0x37,
    0x88, 0x6c, 0xbd, 0x27, 0x7c, 0x6e, 0x78, 0x35, 0x80, 0x6e, 0xba, 0x35, 0x84, 0x6e, 0xd7, 0x35,
    0x88, 0x6e, 0x1a, 0x16, 0x7c, 0x70, 0xf4, 0x33, 0x80, 0x70, 0x11, 0x34, 0x84, 0x70, 0x2e, 0x34,
    0x88, 0x70, 0x71, 0x14, 0x7a, 0x72, 0xeb, 0x31, 0x7e, 0x72, 0x2e, 0x32, 0x82, 0x72, 0x4b, 0x32,
    0x86, 0x72, 0x68, 0x32, 0x7a, 0x74, 0x42, 0x30, 0x7e, 0x74, 0x85, 0x30, 0x82, 0x74, 0xa1, 0x30,
    0x86, 0x74, 0xe4, 0x30, 0x96, 0x6d, 0xf5, 0x37, 0x9a, 0x6d, 0xee, 0x37, 0x9e, 0x6d, 0xe6, 0x37,
    0xa2, 0x6d, 0xde, 0x37, 0x96, 0x6f, 0x2f, 0x36, 0x9a, 0x6f, 0x27, 0x36, 0x9e, 0x6f, 0x1f, 0x36,
    0xa2, 0x6f, 0x17, 0x36, 0x96, 0x71, 0x68, 0x34, 0x9a, 0x71, 0x60, 0x34, 0x9e, 0x71, 0x58, 0x34,
    0xa2, 0x71, 0x51, 0x34, 0xa6, 0x71, 0x49, 0x04, 0x96, 0x73, 0xc7, 0x32, 0x9a, 0x73, 0xbf, 0x32,
    0x9e, 0x73, 0xb8, 0x32, 0xa2, 0x73, 0xb0, 0x32, 0xa6, 0x73, 0xa8, 0x02, 0x96, 0x75, 0x01, 0x31,
    0x9a, 0x75, 0xf9, 0x30, 0x9e, 0x75, 0xf1, 0x30, 0xa2, 0x75, 0xe9, 0x30, 0xa6, 0x75, 0xe1, 0x10,
    0xb0, 0x6e, 0xfd, 0x37, 0xb4, 0x6e, 0xf5, 0x37, 0xb8, 0x6e, 0xee, 0x37, 0xbc, 0x6e, 0xe6, 0x37,
    0xc0, 0x6e, 0xde, 0x07, 0xb2, 0x70, 0x35, 0x36, 0xb6, 0x70, 0x2d, 0x36, 0xba, 0x70, 0x25, 0x36,
    0xbe, 0x70, 0x1d, 0x36, 0xb4, 0x72, 0x66, 0x34, 0xb8, 0x72, 0x5f, 0x34, 0xbc, 0x72, 0x57, 0x34,
    0xc0, 0x72, 0x4f, 0x34, 0xb4, 0x74, 0xce, 0x32, 0xb8, 0x74, 0xc6, 0x32, 0xbc, 0x74, 0xbe, 0x32,
    0xc0, 0x74, 0xb6, 0x32, 0xc4, 0x74, 0xaf, 0x12, 0xb6, 0x76, 0xff, 0x30, 0xba, 0x76, 0xf8, 0x30,
    0xbe, 0x76, 0xf0, 0x30, 0xc2, 0x76, 0xe8, 0x30, 0xc6, 0x76, 0xe0, 0x10, 0x3c, 0x74, 0x00, 0x00,
    0x3a, 0x76, 0x7e, 0x31, 0x3e, 0x76, 0x5f, 0x31, 0x42, 0x76, 0x41, 0x31, 0x46, 0x76, 0x22, 0x31,
    0x4a, 0x76, 0x04, 0x21, 0x38, 0x78, 0x01, 0x33, 0x3c, 0x78, 0xe2, 0x32, 0x40, 0x78, 0xc4, 0x32,
    0x44, 0x78, 0xa6, 0x32, 0x48, 0x78, 0x87, 0x22, 0x34, 0x7a, 0xc1, 0x34, 0x38, 0x7a, 0xa2, 0x34,
    0x3c, 0x7a, 0x84, 0x34, 0x40, 0x7a, 0x40, 0x34, 0x44, 0x7a, 0x21, 0x34, 0x48, 0x7a, 0x03, 0x04,
    0x32, 0x7c, 0x1e, 0x36, 0x36, 0x7c, 0x00, 0x36, 0x3a, 0x7c, 0xe1, 0x35, 0x3e, 0x7c, 0xc3, 0x35,
    0x42, 0x7c, 0xa4, 0x35, 0x2e, 0x7e, 0xde, 0x37, 0x32, 0x7e, 0xc0, 0x37, 0x36, 0x7e, 0xa1, 0x37,
    0x3a, 0x7e, 0x83, 0x37, 0x3e, 0x7e, 0x64, 0x37, 0x42, 0x7e, 0x46, 0x17, 0x5a, 0x76, 0x00, 0x00,
    0x58, 0x78, 0xa2, 0x31, 0x5c, 0x78, 0x5e, 0x31, 0x60, 0x78, 0x40, 0x31, 0x64, 0x78, 0x23, 0x31,
    0x68, 0x78, 0x05, 0x21, 0x56, 0x7a, 0x1e, 0x33, 0x5a, 0x7a, 0x00, 0x33, 0x5e, 0x7a, 0xe2, 0x32,
    0x62, 0x7a, 0xc5, 0x32, 0x66, 0x7a, 0xa7, 0x22, 0x54, 0x7c, 0xc0, 0x34, 0x58, 0x7c, 0xa2, 0x34,
    0x5c, 0x7c, 0x5e, 0x34, 0x60, 0x7c, 0x41, 0x34, 0x64, 0x7c, 0x23, 0x34, 0x52, 0x7e, 0x3c, 0x36,
    0x56, 0x7e, 0x1e, 0x36, 0x5a, 0x7e, 0x00, 0x36, 0x5e, 0x7e, 0xe3, 0x35, 0x62, 0x7e, 0xc5, 0x35,
    0x66, 0x7e, 0xa7, 0x05, 0x50, 0x80, 0xde, 0x37, 0x54, 0x80, 0xc0, 0x37, 0x58, 0x80, 0xa2, 0x37,
    0x5c, 0x80, 0x5f, 0x37, 0x60, 0x80, 0x41, 0x37, 0x64, 0x80, 0x23, 0x07, 0x78, 0x77, 0x00, 0x00,
    0x78, 0x79, 0x58, 0x31, 0x7c, 0x79, 0x3a, 0x31, 0x80, 0x79, 0x1d, 0x31, 0x84, 0x79, 0xff, 0x30,
    0x88, 0x79, 0xe2, 0x00, 0x78, 0x7b, 0xb6, 0x32, 0x7c, 0x7b, 0x99, 0x32, 0x80, 0x7b, 0x7b, 0x32,
    0x84, 0x7b, 0x5e, 0x32, 0x88, 0x7b, 0x40, 0x02, 0x76, 0x7d, 0x50, 0x34, 0x7a, 0x7d, 0x32, 0x34,
    0x7e, 0x7d, 0x14, 0x34, 0x82, 0x7d, 0xd1, 0x33, 0x86, 0x7d, 0xb3, 0x23, 0x76, 0x7f, 0x88, 0x35,
    0x7a, 0x7f, 0x6a, 0x35, 0x7e, 0x7f, 0x4d, 0x35, 0x82, 0x7f, 0x2f, 0x35, 0x86, 0x7f, 0x12, 0x25,
    0x74, 0x81, 0x21, 0x37, 0x78, 0x81, 0x04, 0x37, 0x7c, 0x81, 0xe6, 0x36, 0x80, 0x81, 0xc9, 0x36,
    0x84, 0x81, 0xab, 0x36, 0x88, 0x81, 0x8d, 0x06, 0x96, 0x78, 0x07, 0x30, 0x9a, 0x78, 0x0f, 0x30,
    0x9e, 0x78, 0x16, 0x30, 0xa2, 0x78, 0x1e, 0x30, 0xa6, 0x78, 0x25, 0x30, 0x96, 0x7a, 0x57, 0x31,
    0x9a, 0x7a, 0x5f, 0x31, 0x9e, 0x7a, 0x66, 0x31, 0xa2, 0x7a, 0x6d, 0x31, 0xa6, 0x7a, 0x75, 0x31,
    0x96, 0x7c, 0xad, 0x32, 0x9a, 0x7c, 0xb4, 0x32, 0x9e, 0x7c, 0xbb, 0x32, 0xa2, 0x7c, 0xc3, 0x32,
    0xa6, 0x7c, 0xca, 0x32, 0xaa, 0x7c, 0xd2, 0x02, 0x96, 0x7e, 0xdc, 0x33, 0x9a, 0x7e, 0xe3, 0x33,
    0x9e, 0x7e, 0xeb, 0x33, 0xa2, 0x7e, 0xf2, 0x33, 0xa6, 0x7e, 0xfa, 0x33, 0xaa, 0x7e, 0x01, 0x04,
    0x98, 0x80, 0x3b, 0x35, 0x9c, 0x80, 0x42, 0x35, 0xa0, 0x80, 0x49, 0x35, 0xa4, 0x80, 0x51, 0x35,
    0xa8, 0x80, 0x58, 0x35, 0x98, 0x82, 0x90, 0x36, 0x9c, 0x82, 0x97, 0x36, 0xa0, 0x82, 0x9f, 0x36,
    0xa4, 0x82, 0xa6, 0x36, 0xa8, 0x82, 0xae, 0x36, 0xac, 0x82, 0xb5, 0x06, 0x98, 0x84, 0xe5, 0x37,
    0x9c, 0x84, 0xed, 0x37, 0xa0, 0x84, 0xf4, 0x37, 0xa4, 0x84, 0xfc, 0x37, 0xa8, 0x84, 0x03, 0x38,
    0xac, 0x84, 0x0a, 0x18, 0xb6, 0x78, 0x00, 0x00, 0xb8, 0x7a, 0x32, 0x31, 0xbc, 0x7a, 0x13, 0x31,
    0xc0, 0x7a, 0xf5, 0x30, 0xc4, 0x7a, 0xd7, 0x30, 0xc8, 0x7a, 0xde, 0x20, 0xba, 0x7c, 0x43, 0x32,
    0xbe, 0x7c, 0x25, 0x32, 0xc2, 0x7c, 0x2c, 0x32, 0xc6, 0x7c, 0x0e, 0x32, 0xca, 0x7c, 0xf0, 0x21,
    0xba, 0x7e, 0x91, 0x33, 0xbe, 0x7e, 0x73, 0x33, 0xc2, 0x7e, 0x7b, 0x33, 0xc6, 0x7e, 0x5c, 0x33,
    0xca, 0x7e, 0x3e, 0x33, 0xce, 0x7e, 0x1f, 0x03, 0xbc, 0x80, 0xc9, 0x34, 0xc0, 0x80, 0xaa, 0x34,
    0xc4, 0x80, 0x8c, 0x34, 0xc8, 0x80, 0x6e, 0x34, 0xcc, 0x80, 0x4f, 0x34, 0xbc, 0x82, 0x17, 0x36,
    0xc0, 0x82, 0xf9, 0x35, 0xc4, 0x82, 0xda, 0x35, 0xc8, 0x82, 0xbc, 0x35, 0xcc, 0x82, 0x9e, 0x35,
    0xd0, 0x82, 0x7f, 0x15, 0xbe, 0x84, 0x29, 0x37, 0xc2, 0x84, 0x0a, 0x37, 0xc6, 0x84, 0xec, 0x36,
    0xca, 0x84, 0xcd, 0x36, 0xce, 0x84, 0xd5, 0x36, 0xd2, 0x84, 0xb7, 0x16, 0xca, 0x86, 0x1c, 0x38,
    0xce, 0x86, 0x23, 0x38, 0xd2, 0x86, 0x05, 0x38, 0x4a, 0x6a, 0x25, 0x08, 0x48, 0x6c, 0x11, 0x36,
    0x4c, 0x6c, 0x55, 0x36, 0x50, 0x6c, 0x72, 0x36, 0x54, 0x6c, 0xb6, 0x36, 0x58, 0x6c, 0xd4, 0x06,
    0x46, 0x6e, 0x43, 0x34, 0x4a, 0x6e, 0x87, 0x34, 0x4e, 0x6e, 0xa4, 0x34, 0x52, 0x6e, 0xe8, 0x34,
    0x56, 0x6e, 0x06, 0x05, 0x44, 0x70, 0x55, 0x32, 0x48, 0x70, 0x99, 0x32, 0x4c, 0x70, 0xb6, 0x32,
    0x50, 0x70, 0xfa, 0x32, 0x54, 0x70, 0x18, 0x03, 0x40, 0x72, 0x25, 0x30, 0x44, 0x72, 0x43, 0x30,
    0x48, 0x72, 0x87, 0x30, 0x4c, 0x72, 0xa4, 0x30, 0x50, 0x72, 0xe8, 0x20, 0x62, 0x6b, 0x25, 0x08,
    0x62, 0x6d, 0x54, 0x36, 0x66, 0x6d, 0x72, 0x36, 0x6a, 0x6d, 0xb5, 0x36, 0x6e, 0x6d, 0xd3, 0x26,
    0x60, 0x6f, 0x42, 0x34, 0x64, 0x6f, 0x86, 0x34, 0x68, 0x6f, 0xa4, 0x34, 0x6c, 0x6f, 0xe7, 0x34,
    0x5e, 0x71, 0x37, 0x32, 0x62, 0x71, 0x54, 0x32, 0x66, 0x71, 0x98, 0x32, 0x6a, 0x71, 0xb6, 0x32,
    0x6e, 0x71, 0xf9, 0x02, 0x5c, 0x73, 0x25, 0x30, 0x60, 0x73, 0x69, 0x30, 0x64, 0x73, 0x86, 0x30,
    0x68, 0x73, 0xca, 0x30, 0x6c, 0x73, 0xe7, 0x10, 0x7c, 0x6c, 0x40, 0x37, 0x80, 0x6c, 0x5d, 0x37,
    0x84, 0x6c, 0xa0, 0x37, 0x88, 0x6c, 0xbd, 0x27, 0x7c, 0x6e, 0x78, 0x35, 0x80, 0x6e, 0xba, 0x35,
    0x84, 0x6e, 0xd7, 0x35, 0x88, 0x6e, 0x1a, 0x16, 0x7c, 0x70, 0xf4, 0x33, 0x80, 0x70, 0x11, 0x34,
    0x84, 0x70, 0x2e, 0x34, 0x88, 0x70, 0x71, 0x14, 0x7a, 0x72, 0xeb, 0x31, 0x7e, 0x72, 0x2e, 0x32,
    0x82, 0x72, 0x4b, 0x32, 0x86, 0x72, 0x68, 0x32, 0x7a, 0x74, 0x42, 0x30, 0x7e, 0x74, 0x85, 0x30,
    0x82, 0x74, 0xa1, 0x30, 0x86, 0x74, 0xe4, 0x30, 0x96, 0x6d, 0xf5, 0x37, 0x9a, 0x6d, 0xee, 0x37,
    0x9e, 0x6d, 0xe6, 0x37, 0xa2, 0x6d, 0xde, 0x37, 0x96, 0x6f, 0x2f, 0x36, 0x9a, 0x6f, 0x27, 0x36,
    0x9e, 0x6f, 0x1f, 0x36, 0xa2, 0x6f, 0x17, 0x36, 0x96, 0x71, 0x68, 0x34, 0x9a, 0x71, 0x60, 0x34,
    0x9e, 0x71, 0x58, 0x34, 0xa2, 0x71, 0x51, 0x34, 0xa6, 0x71, 0x49, 0x04, 0x96, 0x73, 0xc7, 0x32,
    0x9a, 0x73, 0xbf, 0x32, 0x9e, 0x73, 0xb8, 0x32, 0xa2, 0x73, 0xb0, 0x32, 0xa6, 0x73, 0xa8, 0x02,
    0x96, 0x75, 0x01, 0x31, 0x9a, 0x75, 0xf9, 0x30, 0x9e, 0x75, 0xf1, 0x30, 0xa2, 0x75, 0xe9, 0x30,
    0xa6, 0x75, 0xe1, 0x10, 0xb0, 0x6e, 0xfd, 0x37, 0xb4, 0x6e, 0xf5, 0x37, 0xb8, 0x6e, 0xee, 0x37,
    0xbc, 0x6e, 0xe6, 0x37, 0xc0, 0x6e, 0xde, 0x07, 0xb2, 0x70, 0x35, 0x36, 0xb6, 0x70, 0x2d, 0x36,
    0xba, 0x70, 0x25, 0x36, 0xbe, 0x70, 0x1d, 0x36, 0xb4, 0x72, 0x66, 0x34, 0xb8, 0x72, 0x5f, 0x34,
    0xbc, 0x72, 0x57, 0x34, 0xc0, 0x72, 0x4f, 0x34, 0xb4, 0x74, 0xce, 0x32, 0xb8, 0x74, 0xc6, 0x32,
    0xbc, 0x74, 0xbe, 0x32, 0xc0, 0x74, 0xb6, 0x32, 0xc4, 0x74, 0xaf, 0x12, 0xb6, 0x76, 0xff, 0x30,
    0xba, 0x76, 0xf8, 0x30, 0xbe, 0x76, 0xf0, 0x30, 0xc2, 0x76, 0xe8, 0x30, 0xc6, 0x76, 0xe0, 0x10,
    0x3c, 0x74, 0x00, 0x00, 0x3a, 0x76, 0x7e, 0x31, 0x3e, 0x76, 0x5f, 0x31, 0x42, 0x76, 0x41, 0x31,
    0x46, 0x76, 0x22, 0x31, 0x4a, 0x76, 0x04, 0x21, 0x38, 0x78, 0x01, 0x33, 0x3c, 0x78, 0xe2, 0x32,
    0x40, 0x78, 0xc4, 0x32, 0x44, 0x78, 0xa6, 0x32, 0x48, 0x78, 0x87, 0x22, 0x34, 0x7a, 0xc1, 0x34,
    0x38, 0x7a, 0xa2, 0x34, 0x3c, 0x7a, 0x84, 0x34, 0x40, 0x7a, 0x40, 0x34, 0x44, 0x7a, 0x21, 0x34,
    0x48, 0x7a, 0x03, 0x04, 0x32, 0x7c, 0x1e, 0x36, 0x36, 0x7c, 0x00, 0x36, 0x3a, 0x7c, 0xe1, 0x35,
    0x3e, 0x7c, 0xc3, 0x35, 0x42, 0x7c, 0xa4, 0x35, 0x2e, 0x7e, 0xde, 0x37, 0x32, 0x7e, 0xc0, 0x37,
    0x36, 0x7e, 0xa1, 0x37, 0x3a, 0x7e, 0x83, 0x37, 0x3e, 0x7e, 0x64, 0x37, 0x42, 0x7e, 0x46, 0x17,
    0x5a, 0x76, 0x00, 0x00, 0x58, 0x78, 0xa2, 0x31, 0x5c, 0x78, 0x5e, 0x31, 0x60, 0x78, 0x40, 0x31,
    0x64, 0x78, 0x23, 0x31, 0x68, 0x78, 0x05, 0x21, 0x56, 0x7a, 0x1e, 0x33, 0x5a, 0x7a, 0x00, 0x33,
    0x5e, 0x7a, 0xe2, 0x32, 0x62, 0x7a, 0xc5, 0x32, 0x66, 0x7a, 0xa7, 0x22, 0x54, 0x7c, 0xc0, 0x34,
    0x58, 0x7c, 0xa2, 0x34, 0x5c, 0x7c, 0x5e, 0x34, 0x60, 0x7c, 0x41, 0x34, 0x64, 0x7c, 0x23, 0x34,
    0x52, 0x7e, 0x3c, 0x36, 0x56, 0x7e, 0x1e, 0x36, 0x5a, 0x7e, 0x00, 0x36, 0x5e, 0x7e, 0xe3, 0x35,
    0x62, 0x7e, 0xc5, 0x35, 0x66, 0x7e, 0xa7, 0x05, 0x50, 0x80, 0xde, 0x37, 0x54, 0x80, 0xc0, 0x37,
    0x58, 0x80, 0xa2, 0x37, 0x5c, 0x80, 0x5f, 0x37, 0x60, 0x80, 0x41, 0x37, 0x64, 0x80, 0x23, 0x07,
    0x78, 0x77, 0x00, 0x00, 0x78, 0x79, 0x58, 0x31, 0x7c, 0x79, 0x3a, 0x31, 0x80, 0x79, 0x1d, 0x31,
    0x84, 0x79, 0xff, 0x30, 0x88, 0x79, 0xe2, 0x00, 0x78, 0x7b, 0xb6, 0x32, 0x7c, 0x7b, 0x99, 0x32,
    0x80, 0x7b, 0x7b, 0x32, 0x84, 0x7b, 0x5e, 0x32, 0x88, 0x7b, 0x40, 0x02, 0x76, 0x7d, 0x50, 0x34,
    0x7a, 0x7d, 0x32, 0x34, 0x7e, 0x7d, 0x14, 0x34, 0x82, 0x7d, 0xd1, 0x33, 0x86, 0x7d, 0xb3, 0x23,
    0x76, 0x7f, 0x88, 0x35, 0x7a, 0x7f, 0x6a, 0x35, 0x7e, 0x7f, 0x4d, 0x35, 0x82, 0x7f, 0x2f, 0x35,
    0x86, 0x7f, 0x12, 0x25, 0x74, 0x81, 0x21, 0x37, 0x78, 0x81, 0x04, 0x37, 0x7c, 0x81, 0xe6, 0x36,
    0x80, 0x81, 0xc9, 0x36, 0x84, 0x81, 0xab, 0x36, 0x88, 0x81, 0x8d, 0x06, 0x96, 0x78, 0x07, 0x30,
    0x9a, 0x78, 0x0f, 0x30, 0x9e, 0x78, 0x16, 0x30, 0xa2, 0x78, 0x1e, 0x30, 0xa6, 0x78, 0x25, 0x30,
    0x96, 0x7a, 0x57, 0x31, 0x9a, 0x7a, 0x5f, 0x31, 0x9e, 0x7a, 0x66, 0x31, 0xa2, 0x7a, 0x6d, 0x31,
    0xa6, 0x7a, 0x75, 0x31, 0x96, 0x7c, 0xad, 0x32, 0x9a, 0x7c, 0xb4, 0x32, 0x9e, 0x7c, 0xbb, 0x32,
    0xa2, 0x7c, 0xc3, 0x32, 0xa6, 0x7c, 0xca, 0x32, 0xaa, 0x7c, 0xd2, 0x02, 0x96, 0x7e, 0xdc, 0x33,
    0x9a, 0x7e, 0xe3, 0x33, 0x9e, 0x7e, 0xeb, 0x33, 0xa2, 0x7e, 0xf2, 0x33, 0xa6, 0x7e, 0xfa, 0x33,
    0xaa, 0x7e, 0x01, 0x04, 0x98, 0x80, 0x3b, 0x35, 0x9c, 0x80, 0x42, 0x35, 0xa0, 0x80, 0x49, 0x35,
    0xa4, 0x80, 0x51, 0x35, 0xa8, 0x80, 0x58, 0x35, 0x98, 0x82, 0x90, 0x36, 0x9c, 0x82, 0x97, 0x36,
    0xa0, 0x82, 0x9f, 0x36, 0xa4, 0x82, 0xa6, 0x36, 0xa8, 0x82, 0xae, 0x36, 0xac, 0x82, 0xb5, 0x06,
    0x98, 0x84, 0xe5, 0x37, 0x9c, 0x84, 0xed, 0x37, 0xa0, 0x84, 0xf4, 0x37, 0xa4, 0x84, 0xfc, 0x37,
    0xa8, 0x84, 0x03, 0x38, 0xac, 0x84, 0x0a, 0x18, 0xb6, 0x78, 0x00, 0x00, 0xb8, 0x7a, 0x32, 0x31,
    0xbc, 0x7a, 0x13, 0x31, 0xc0, 0x7a, 0xf5, 0x30, 0xc4, 0x7a, 0xd7, 0x30, 0xc8, 0x7a, 0xde, 0x20,
    0xba, 0x7c, 0x43, 0x32, 0xbe, 0x7c, 0x25, 0x32, 0xc2, 0x7c, 0x2c, 0x32, 0xc6, 0x7c, 0x0e, 0x32,
    0xca, 0x7c, 0xf0, 0x21, 0xba, 0x7e, 0x91, 0x33, 0xbe, 0x7e, 0x73, 0x33, 0xc2, 0x7e, 0x7b, 0x33,
    0xc6, 0x7e, 0x5c, 0x33, 0xca, 0x7e, 0x3e, 0x33, 0xce, 0x7e, 0x1f, 0x03, 0xbc, 0x80, 0xc9, 0x34,
    0xc0, 0x80, 0xaa, 0x34, 0xc4, 0x80, 0x8c, 0x34, 0xc8, 0x80, 0x6e, 0x34, 0xcc, 0x80, 0x4f, 0x34,
    0xbc, 0x82, 0x17, 0x36, 0xc0, 0x82, 0xf9, 0x35, 0xc4, 0x82, 0xda, 0x35, 0xc8, 0x82, 0xbc, 0x35,
    0xcc, 0x82, 0x9e, 0x35, 0xd0, 0x82, 0x7f, 0x15, 0xbe, 0x84, 0x29, 0x37, 0xc2, 0x84, 0x0a, 0x37,
    0xc6, 0x84, 0xec, 0x36, 0xca, 0x84, 0xcd, 0x36, 0xce, 0x84, 0xd5, 0x36, 0xd2, 0x84, 0xb7, 0x16,
    0xca, 0x86, 0x1c, 0x38, 0xce, 0x86, 0x23, 0x38, 0xd2, 0x86, 0x05, 0x38, 0x4e, 0x6a, 0x55, 0x36,
    0x52, 0x6a, 0x97, 0x36, 0x56, 0x6a, 0xb4, 0x36, 0x5a, 0x6a, 0xf7, 0x16, 0x4a, 0x6c, 0x25, 0x34,
    0x4e, 0x6c, 0x68, 0x34, 0x52, 0x6c, 0x85, 0x34, 0x56, 0x6c, 0xc7, 0x34, 0x48, 0x6e, 0x55, 0x32,
    0x4c, 0x6e, 0x98, 0x32, 0x50, 0x6e, 0xb5, 0x32, 0x54, 0x6e, 0xf8, 0x22, 0x44, 0x70, 0x25, 0x30,
    0x48, 0x70, 0x68, 0x30, 0x4c, 0x70, 0x85, 0x30, 0x50, 0x70, 0xc8, 0x30, 0x54, 0x70, 0x0b, 0x01,
    0x66, 0x6a, 0x01, 0x08, 0x64, 0x6c, 0x13, 0x36, 0x68, 0x6c, 0x56, 0x36, 0x6c, 0x6c, 0x73, 0x36,
    0x70, 0x6c, 0xb5, 0x36, 0x62, 0x6e, 0x26, 0x34, 0x66, 0x6e, 0x43, 0x34, 0x6a, 0x6e, 0x85, 0x34,
    0x6e, 0x6e, 0xc8, 0x34, 0x60, 0x70, 0x12, 0x32, 0x64, 0x70, 0x55, 0x32, 0x68, 0x70, 0x98, 0x32,
    0x6c, 0x70, 0xb4, 0x32, 0x5e, 0x72, 0x25, 0x30, 0x62, 0x72, 0x68, 0x30, 0x66, 0x72, 0x84, 0x30,
    0x6a, 0x72, 0xc7, 0x30, 0x7e, 0x6c, 0x66, 0x07, 0x7e, 0x6e, 0x08, 0x36, 0x82, 0x6e, 0x4b, 0x36,
    0x86, 0x6e, 0xb4, 0x36, 0x8a, 0x6e, 0x1d, 0x17, 0x7c, 0x70, 0xd7, 0x33, 0x80, 0x70, 0x40, 0x34,
    0x84, 0x70, 0x84, 0x34, 0x88, 0x70, 0xed, 0x34, 0x7c, 0x72, 0x79, 0x32, 0x80, 0x72, 0xbc, 0x32,
    0x84, 0x72, 0x25, 0x33, 0x88, 0x72, 0x8f, 0x23, 0x7a, 0x74, 0x8e, 0x30, 0x7e, 0x74, 0xf7, 0x30,
    0x82, 0x74, 0x3a, 0x31, 0x86, 0x74, 0xa4, 0x31, 0x98, 0x70, 0x07, 0x36, 0x9c, 0x70, 0x4b, 0x36,
    0xa0, 0x70, 0xb5, 0x36, 0xa4, 0x70, 0x1e, 0x27, 0x96, 0x72, 0xd8, 0x33, 0x9a, 0x72, 0x1c, 0x34,
    0x9e, 0x72, 0x85, 0x34, 0xa2, 0x72, 0xc9, 0x34, 0xa6, 0x72, 0x33, 0x05, 0x96, 0x74, 0x10, 0x32,
    0x9a, 0x74, 0x54, 0x32, 0x9e, 0x74, 0xbe, 0x32, 0xa2, 0x74, 0x28, 0x33, 0xa6, 0x74, 0x6b, 0x03,
    0x96, 0x76, 0x8f, 0x30, 0x9a, 0x76, 0xd2, 0x30, 0x9e, 0x76, 0x3c, 0x31, 0xa2, 0x76, 0xa6, 0x31,
    0xa6, 0x76, 0xe9, 0x01, 0xb2, 0x70, 0x23, 0x08, 0xb4, 0x72, 0x54, 0x36, 0xb8, 0x72, 0x72, 0x36,
    0xbc, 0x72, 0xb7, 0x36, 0xc0, 0x72, 0xd5, 0x36, 0xb4, 0x74, 0x43, 0x34, 0xb8, 0x74, 0x87, 0x34,
    0xbc, 0x74, 0xa5, 0x34, 0xc0, 0x74, 0xc4, 0x34, 0xc4, 0x74, 0x08, 0x05, 0xb4, 0x76, 0x37, 0x32,
    0xb8, 0x76, 0x55, 0x32, 0xbc, 0x76, 0x73, 0x32, 0xc0, 0x76, 0xb8, 0x32, 0xc4, 0x76, 0xd6, 0x22,
    0xb4, 0x78, 0x25, 0x30, 0xb8, 0x78, 0x43, 0x30, 0xbc, 0x78, 0x88, 0x30, 0xc0, 0x78, 0xa6, 0x30,
    0xc4, 0x78, 0xc4, 0x30, 0x3e, 0x74, 0xd1, 0x31, 0x42, 0x74, 0x8d, 0x31, 0x46, 0x74, 0x70, 0x31,
    0x4a, 0x74, 0x2d, 0x31, 0x4e, 0x74, 0x10, 0x01, 0x3a, 0x76, 0xbf, 0x33, 0x3e, 0x76, 0x7b, 0x33,
    0x42, 0x76, 0x5e, 0x33, 0x46, 0x76, 0x1b, 0x33, 0x4a, 0x76, 0xfe, 0x12, 0x36, 0x78, 0xad, 0x35,
    0x3a, 0x78, 0x8f, 0x35, 0x3e, 0x78, 0x4c, 0x35, 0x42, 0x78, 0x2f, 0x35, 0x46, 0x78, 0xec, 0x24,
    0x32, 0x7a, 0x9b, 0x37, 0x36, 0x7a, 0x7d, 0x37, 0x3a, 0x7a, 0x3a, 0x37, 0x3e, 0x7a, 0x1d, 0x37,
    0x42, 0x7a, 0xda, 0x36, 0x5a, 0x76, 0x5f, 0x31, 0x5e, 0x76, 0x1a, 0x31, 0x62, 0x76, 0xb0, 0x30,
    0x66, 0x76, 0x6b, 0x30, 0x6a, 0x76, 0x01, 0x20, 0x56, 0x78, 0x6b, 0x33, 0x5a, 0x78, 0x26, 0x33,
    0x5e, 0x78, 0xe2, 0x32, 0x62, 0x78, 0x77, 0x32, 0x66, 0x78, 0x33, 0x32, 0x6a, 0x78, 0xc8, 0x01,
    0x54, 0x7a, 0x34, 0x35, 0x58, 0x7a, 0xc9, 0x34, 0x5c, 0x7a, 0x85, 0x34, 0x60, 0x7a, 0x40, 0x34,
    0x64, 0x7a, 0xd6, 0x33, 0x68, 0x7a, 0x91, 0x03, 0x52, 0x7c, 0x91, 0x36, 0x56, 0x7c, 0x4c, 0x36,
    0x5a, 0x7c, 0x08, 0x36, 0x5e, 0x7c, 0x9d, 0x35, 0x62, 0x7c, 0x59, 0x35, 0x66, 0x7c, 0xee, 0x04,
    0x56, 0x7e, 0x14, 0x38, 0x5a, 0x7e, 0xcf, 0x37, 0x5e, 0x7e, 0x65, 0x37, 0x62, 0x7e, 0x20, 0x27,
    0x62, 0x80, 0xa1, 0x08, 0x76, 0x79, 0x7d, 0x31, 0x7a, 0x79, 0x5f, 0x31, 0x7e, 0x79, 0x42, 0x31,
    0x82, 0x79, 0x24, 0x31, 0x86, 0x79, 0x06, 0x11, 0x76, 0x7b, 0x02, 0x33, 0x7a, 0x7b, 0xe4, 0x32,
    0x7e, 0x7b, 0xa1, 0x32, 0x82, 0x7b, 0x83, 0x32, 0x86, 0x7b, 0x65, 0x02, 0x74, 0x7d, 0xa3, 0x34,
    0x78, 0x7d, 0x5f, 0x34, 0x7c, 0x7d, 0x41, 0x34, 0x80, 0x7d, 0x24, 0x34, 0x84, 0x7d, 0x06, 0x14,
    0x72, 0x7f, 0x3d, 0x36, 0x76, 0x7f, 0x20, 0x36, 0x7a, 0x7f, 0x02, 0x36, 0x7e, 0x7f, 0xe4, 0x35,
    0x82, 0x7f, 0xa1, 0x25, 0x70, 0x81, 0xde, 0x37, 0x74, 0x81, 0xc0, 0x37, 0x78, 0x81, 0xa3, 0x37,
    0x7c, 0x81, 0x5f, 0x37, 0x80, 0x81, 0x41, 0x37, 0x94, 0x78, 0x00, 0x00, 0x94, 0x7a, 0x57, 0x31,
    0x98, 0x7a, 0x38, 0x31, 0x9c, 0x7a, 0x1a, 0x31, 0xa0, 0x7a, 0xfc, 0x30, 0xa4, 0x7a, 0xde, 0x30,
    0x94, 0x7c, 0xad, 0x32, 0x98, 0x7c, 0x8f, 0x32, 0x9c, 0x7c, 0x71, 0x32, 0xa0, 0x7c, 0x52, 0x32,
    0xa4, 0x7c, 0x34, 0x32, 0x94, 0x7e, 0xde, 0x33, 0x98, 0x7e, 0xc0, 0x33, 0x9c, 0x7e, 0xa1, 0x33,
    0xa0, 0x7e, 0xa9, 0x33, 0xa4, 0x7e, 0x8b, 0x33, 0x94, 0x80, 0x14, 0x35, 0x98, 0x80, 0xf6, 0x34,
    0x9c, 0x80, 0xfe, 0x34, 0xa0, 0x80, 0xe0, 0x34, 0xa4, 0x80, 0xc1, 0x34, 0x94, 0x82, 0x6b, 0x36,
    0x98, 0x82, 0x4d, 0x36, 0x9c, 0x82, 0x2e, 0x36, 0xa0, 0x82, 0x10, 0x36, 0xa4, 0x82, 0xf2, 0x35,
    0xa8, 0x82, 0xfa, 0x05, 0x92, 0x84, 0xde, 0x37, 0x96, 0x84, 0xc0, 0x37, 0x9a, 0x84, 0xa1, 0x37,
    0x9e, 0x84, 0x83, 0x37, 0xa2, 0x84, 0x65, 0x37, 0xa6, 0x84, 0x47, 0x27, 0xa2, 0x86, 0xbc, 0x38,
    0xa6, 0x86, 0x9d, 0x28, 0xb6, 0x7c, 0x0b, 0x31, 0xba, 0x7c, 0xec, 0x30, 0xbe, 0x7c, 0xa7, 0x30,
    0xc2, 0x7c, 0x88, 0x30, 0xc6, 0x7c, 0x6a, 0x30, 0xca, 0x7c, 0x25, 0x00, 0xb8, 0x7e, 0xf7, 0x31,
    0xbc, 0x7e, 0xd8, 0x31, 0xc0, 0x7e, 0x93, 0x31, 0xc4, 0x7e, 0x74, 0x31, 0xc8, 0x7e, 0x30, 0x31,
    0xb8, 0x80, 0x26, 0x33, 0xbc, 0x80, 0x07, 0x33, 0xc0, 0x80, 0xc2, 0x32, 0xc4, 0x80, 0xa3, 0x32,
    0xc8, 0x80, 0x5f, 0x32, 0xcc, 0x80, 0x40, 0x02, 0xb8, 0x82, 0x75, 0x34, 0xbc, 0x82, 0x57, 0x34,
    0xc0, 0x82, 0x12, 0x34, 0xc4, 0x82, 0xf3, 0x33, 0xc8, 0x82, 0xae, 0x33, 0xcc, 0x82, 0x8f, 0x13,
    0xb8, 0x84, 0xa4, 0x35, 0xbc, 0x84, 0x60, 0x35, 0xc0, 0x84, 0x41, 0x35, 0xc4, 0x84, 0xfc, 0x34,
    0xc8, 0x84, 0xdd, 0x34, 0xcc, 0x84, 0x98, 0x24, 0xba, 0x86, 0x90, 0x36, 0xbe, 0x86, 0x4c, 0x36,
    0xc2, 0x86, 0x2d, 0x36, 0xc6, 0x86, 0xe8, 0x35, 0xca, 0x86, 0xc9, 0x35, 0xce, 0x86, 0x84, 0x15,
    0xba, 0x88, 0xbf, 0x37, 0xbe, 0x88, 0x7a, 0x37, 0xc2, 0x88, 0x5c, 0x37, 0xc6, 0x88, 0x17, 0x37,
    0xca, 0x88, 0xf8, 0x36, 0xce, 0x88, 0xb3, 0x26, 0xca, 0x8a, 0x48, 0x38, 0xce, 0x8a, 0x03, 0x38,
    0x4e, 0x6a, 0x55, 0x36, 0x52, 0x6a, 0x97, 0x36, 0x56, 0x6a, 0xb4, 0x36, 0x5a, 0x6a, 0xf7, 0x16,
    0x4a, 0x6c, 0x25, 0x34, 0x4e, 0x6c, 0x68, 0x34, 0x52, 0x6c, 0x85, 0x34, 0x56, 0x6c, 0xc7, 0x34,
    0x48, 0x6e, 0x55, 0x32, 0x4c, 0x6e, 0x98, 0x32, 0x50, 0x6e, 0xb5, 0x32, 0x54, 0x6e, 0xf8, 0x22,
    0x44, 0x70, 0x25, 0x30, 0x48, 0x70, 0x68, 0x30, 0x4c, 0x70, 0x85, 0x30, 0x50, 0x70, 0xc8, 0x30,
    0x54, 0x70, 0x0b, 0x01, 0x66, 0x6a, 0x01, 0x08, 0x64, 0x6c, 0x13, 0x36, 0x68, 0x6c, 0x56, 0x36,
    0x6c, 0x6c, 0x73, 0x36, 0x70, 0x6c, 0xb5, 0x36, 0x62, 0x6e, 0x26, 0x34, 0x66, 0x6e, 0x43, 0x34,
    0x6a, 0x6e, 0x85, 0x34, 0x6e, 0x6e, 0xc8, 0x34, 0x60, 0x70, 0x12, 0x32, 0x64, 0x70, 0x55, 0x32,
    0x68, 0x70, 0x98, 0x32, 0x6c, 0x70, 0xb4, 0x32, 0x5e, 0x72, 0x25, 0x30, 0x62, 0x72, 0x68, 0x30,
    0x66, 0x72, 0x84, 0x30, 0x6a, 0x72, 0xc7, 0x30, 0x7e, 0x6c, 0x66, 0x07, 0x7e, 0x6e, 0x08, 0x36,
    0x82, 0x6e, 0x4b, 0x36, 0x86, 0x6e, 0xb4, 0x36, 0x8a, 0x6e, 0x1d, 0x17, 0x7c, 0x70, 0xd7, 0x33,
    0x80, 0x70, 0x40, 0x34, 0x84, 0x70, 0x84, 0x34, 0x88, 0x70, 0xed, 0x34, 0x7c, 0x72, 0x79, 0x32,
    0x80, 0x72, 0xbc, 0x32, 0x84, 0x72, 0x25, 0x33, 0x88, 0x72, 0x8f, 0x23, 0x7a, 0x74, 0x8e, 0x30,
    0x7e, 0x74, 0xf7, 0x30, 0x82, 0x74, 0x3a, 0x31, 0x86, 0x74, 0xa4, 0x31, 0x98, 0x70, 0x07, 0x36,
    0x9c, 0x70, 0x4b, 0x36, 0xa0, 0x70, 0xb5, 0x36, 0xa4, 0x70, 0x1e, 0x27, 0x96, 0x72, 0xd8, 0x33,
    0x9a, 0x72, 0x1c, 0x34, 0x9e, 0x72, 0x85, 0x34, 0xa2, 0x72, 0xc9, 0x34, 0xa6, 0x72, 0x33, 0x05,
    0x96, 0x74, 0x10, 0x32, 0x9a, 0x74, 0x54, 0x32, 0x9e, 0x74, 0xbe, 0x32, 0xa2, 0x74, 0x28, 0x33,
    0xa6, 0x74, 0x6b, 0x03, 0x96, 0x76, 0x8f, 0x30, 0x9a, 0x76, 0xd2, 0x30, 0x9e, 0x76, 0x3c, 0x31,
    0xa2, 0x76, 0xa6, 0x31, 0xa6, 0x76, 0xe9, 0x01, 0xb2, 0x70, 0x23, 0x08, 0xb4, 0x72, 0x54, 0x36,
    0xb8, 0x72, 0x72, 0x36, 0xbc, 0x72, 0xb7, 0x36, 0xc0, 0x72, 0xd5, 0x36, 0xb4, 0x74, 0x43, 0x34,
    0xb8, 0x74, 0x87, 0x34, 0xbc, 0x74, 0xa5, 0x34, 0xc0, 0x74, 0xc4, 0x34, 0xc4, 0x74, 0x08, 0x05,
    0xb4, 0x76, 0x37, 0x32, 0xb8, 0x76, 0x55, 0x32, 0xbc, 0x76, 0x73, 0x32, 0xc0, 0x76, 0xb8, 0x32,
    0xc4, 0x76, 0xd6, 0x22, 0xb4, 0x78, 0x25, 0x30, 0xb8, 0x78, 0x43, 0x30, 0xbc, 0x78, 0x88, 0x30,
    0xc0, 0x78, 0xa6, 0x30, 0xc4, 0x78, 0xc4, 0x30, 0x3e, 0x74, 0xd1, 0x31, 0x42, 0x74, 0x8d, 0x31,
    0x46, 0x74, 0x70, 0x31, 0x4a, 0x74, 0x2d, 0x31, 0x4e, 0x74, 0x10, 0x01, 0x3a, 0x76, 0xbf, 0x33,
    0x3e, 0x76, 0x7b, 0x33, 0x42, 0x76, 0x5e, 0x33, 0x46, 0x76, 0x1b, 0x33, 0x4a, 0x76, 0xfe, 0x12,
    0x36, 0x78, 0xad, 0x35, 0x3a, 0x78, 0x8f, 0x35, 0x3e, 0x78, 0x4c, 0x35, 0x42, 0x78, 0x2f, 0x35,
    0x46, 0x78, 0xec, 0x24, 0x32, 0x7a, 0x9b, 0x37, 0x36, 0x7a, 0x7d, 0x37, 0x3a, 0x7a, 0x3a, 0x37,
    0x3e, 0x7a, 0x1d, 0x37, 0x42, 0x7a, 0xda, 0x36, 0x5a, 0x76, 0x5f, 0x31, 0x5e, 0x76, 0x1a, 0x31,
    0x62, 0x76, 0xb0, 0x30, 0x66, 0x76, 0x6b, 0x30, 0x6a, 0x76, 0x01, 0x20, 0x56, 0x78, 0x6b, 0x33,
    0x5a, 0x78, 0x26, 0x33, 0x5e, 0x78, 0xe2, 0x32, 0x62, 0x78, 0x77, 0x32, 0x66, 0x78, 0x33, 0x32,
    0x6a, 0x78, 0xc8, 0x01, 0x54, 0x7a, 0x34, 0x35, 0x58, 0x7a, 0xc9, 0x34, 0x5c, 0x7a, 0x85, 0x34,
    0x60, 0x7a, 0x40, 0x34, 0x64, 0x7a, 0xd6, 0x33, 0x68, 0x7a, 0x91, 0x03, 0x52, 0x7c, 0x91, 0x36,
    0x56, 0x7c, 0x4c, 0x36, 0x5a, 0x7c, 0x08, 0x36, 0x5e, 0x7c, 0x9d, 0x35, 0x62, 0x7c, 0x59, 0x35,
    0x66, 0x7c, 0xee, 0x04, 0x56, 0x7e, 0x14, 0x38, 0x5a, 0x7e, 0xcf, 0x37, 0x5e, 0x7e, 0x65, 0x37,
    0x62, 0x7e, 0x20, 0x27, 0x62, 0x80, 0xa1, 0x08, 0x76, 0x79, 0x7d, 0x31, 0x7a, 0x79, 0x5f, 0x31,
    0x7e, 0x79, 0x42, 0x31, 0x82, 0x79, 0x24, 0x31, 0x86, 0x79, 0x06, 0x11, 0x76, 0x7b, 0x02, 0x33,
    0x7a, 0x7b, 0xe4, 0x32, 0x7e, 0x7b, 0xa1, 0x32, 0x82, 0x7b, 0x83, 0x32, 0x86, 0x7b, 0x65, 0x02,
    0x74, 0x7d, 0xa3, 0x34, 0x78, 0x7d, 0x5f, 0x34, 0x7c, 0x7d, 0x41, 0x34, 0x80, 0x7d, 0x24, 0x34,
    0x84, 0x7d, 0x06, 0x14, 0x72, 0x7f, 0x3d, 0x36, 0x76, 0x7f, 0x20, 0x36, 0x7a, 0x7f, 0x02, 0x36,
    0x7e, 0x7f, 0xe4, 0x35, 0x82, 0x7f, 0xa1, 0x25, 0x70, 0x81, 0xde, 0x37, 0x74, 0x81, 0xc0, 0x37,
    0x78, 0x81, 0xa3, 0x37, 0x7c, 0x81, 0x5f, 0x37, 0x80, 0x81, 0x41, 0x37, 0x94, 0x78, 0x00, 0x00,
    0x94, 0x7a, 0x57, 0x31, 0x98, 0x7a, 0x38, 0x31, 0x9c, 0x7a, 0x1a, 0x31, 0xa0, 0x7a, 0xfc, 0x30,
    0xa4, 0x7a, 0xde, 0x30, 0x94, 0x7c, 0xad, 0x32, 0x98, 0x7c, 0x8f, 0x32, 0x9c, 0x7c, 0x71, 0x32,
    0xa0, 0x7c, 0x52, 0x32, 0xa4, 0x7c, 0x34, 0x32, 0x94, 0x7e, 0xde, 0x33, 0x98, 0x7e, 0xc0, 0x33,
    0x9c, 0x7e, 0xa1, 0x33, 0xa0, 0x7e, 0xa9, 0x33, 0xa4, 0x7e, 0x8b, 0x33, 0x94, 0x80, 0x14, 0x35,
    0x98, 0x80, 0xf6, 0x34, 0x9c, 0x80, 0xfe, 0x34, 0xa0, 0x80, 0xe0, 0x34, 0xa4, 0x80, 0xc1, 0x34,
    0x94, 0x82, 0x6b, 0x36, 0x98, 0x82, 0x4d, 0x36, 0x9c, 0x82, 0x2e, 0x36, 0xa0, 0x82, 0x10, 0x36,
    0xa4, 0x82, 0xf2, 0x35, 0xa8, 0x82, 0xfa, 0x05, 0x92, 0x84, 0xde, 0x37, 0x96, 0x84, 0xc0, 0x37,
    0x9a, 0x84, 0xa1, 0x37, 0x9e, 0x84, 0x83, 0x37, 0xa2, 0x84, 0x65, 0x37, 0xa6, 0x84, 0x47, 0x27,
    0xa2, 0x86, 0xbc, 0x38, 0xa6, 0x86, 0x9d, 0x28, 0xb6, 0x7c, 0x0b, 0x31, 0xba, 0x7c, 0xec, 0x30,
    0xbe, 0x7c, 0xa7, 0x30, 0xc2, 0x7c, 0x88, 0x30, 0xc6, 0x7c, 0x6a, 0x30, 0xca, 0x7c, 0x25, 0x00,
    0xb8, 0x7e, 0xf7, 0x31, 0xbc, 0x7e, 0xd8, 0x31, 0xc0, 0x7e, 0x93, 0x31, 0xc4, 0x7e, 0x74, 0x31,
    0xc8, 0x7e, 0x30, 0x31, 0xb8, 0x80, 0x26, 0x33, 0xbc, 0x80, 0x07, 0x33, 0xc0, 0x80, 0xc2, 0x32,
    0xc4, 0x80, 0xa3, 0x32, 0xc8, 0x80, 0x5f, 0x32, 0xcc, 0x80, 0x40, 0x02, 0xb8, 0x82, 0x75, 0x34,
    0xbc, 0x82, 0x57, 0x34, 0xc0, 0x82, 0x12, 0x34, 0xc4, 0x82, 0xf3, 0x33, 0xc8, 0x82, 0xae, 0x33,
    0xcc, 0x82, 0x8f, 0x13, 0xb8, 0x84, 0xa4, 0x35, 0xbc, 0x84, 0x60, 0x35, 0xc0, 0x84, 0x41, 0x35,
    0xc4, 0x84, 0xfc, 0x34, 0xc8, 0x84, 0xdd, 0x34, 0xcc, 0x84, 0x98, 0x24, 0xba, 0x86, 0x90, 0x36,
    0xbe, 0x86, 0x4c, 0x36, 0xc2, 0x86, 0x2d, 0x36, 0xc6, 0x86, 0xe8, 0x35, 0xca, 0x86, 0xc9, 0x35,
    0xce, 0x86, 0x84, 0x15, 0xba, 0x88, 0xbf, 0x37, 0xbe, 0x88, 0x7a, 0x37, 0xc2, 0x88, 0x5c, 0x37,
    0xc6, 0x88, 0x17, 0x37, 0xca, 0x88, 0xf8, 0x36, 0xce, 0x88, 0xb3, 0x26, 0xca, 0x8a, 0x48, 0x38,
    0xce, 0x8a, 0x03, 0x38, 0x50, 0x6a, 0xeb, 0x35, 0x54, 0x6a, 0x2d, 0x36, 0x58, 0x6a, 0x6f, 0x36,
    0x5c, 0x6a, 0xb2, 0x16, 0x4e, 0x6c, 0xf3, 0x33, 0x52, 0x6c, 0x10, 0x34, 0x56, 0x6c, 0x52, 0x34,
    0x5a, 0x6c, 0x95, 0x04, 0x4a, 0x6e, 0x96, 0x31, 0x4e, 0x6e, 0xd8, 0x31, 0x52, 0x6e, 0x1b, 0x32,
    0x56, 0x6e, 0x5d, 0x12, 0x68, 0x6a, 0x01, 0x08, 0x66, 0x6c, 0x13, 0x36, 0x6a, 0x6c, 0x56, 0x36,
    0x6e, 0x6c, 0x73, 0x36, 0x72, 0x6c, 0xb5, 0x36, 0x64, 0x6e, 0x26, 0x34, 0x68, 0x6e, 0x43, 0x34,
    0x6c, 0x6e, 0x85, 0x34, 0x70, 0x6e, 0xc8, 0x34, 0x62, 0x70, 0x12, 0x32, 0x66, 0x70, 0x55, 0x32,
    0x6a, 0x70, 0x98, 0x32, 0x6e, 0x70, 0xb4, 0x32, 0x60, 0x72, 0x25, 0x30, 0x64, 0x72, 0x68, 0x30,
    0x68, 0x72, 0x84, 0x30, 0x6c, 0x72, 0xc7, 0x30, 0x80, 0x6c, 0x4a, 0x08, 0x80, 0x6e, 0xc5, 0x36,
    0x84, 0x6e, 0x2e, 0x37, 0x88, 0x6e, 0x97, 0x37, 0x8c, 0x6e, 0x25, 0x18, 0x7e, 0x70, 0xb3, 0x34,
    0x82, 0x70, 0x1c, 0x35, 0x86, 0x70, 0x85, 0x35, 0x8a, 0x70, 0x14, 0x26, 0x7c, 0x72, 0x37, 0x32,
    0x80, 0x72, 0x9f, 0x32, 0x84, 0x72, 0x2e, 0x33, 0x88, 0x72, 0x97, 0x33, 0x7a, 0x74, 0x25, 0x30,
    0x7e, 0x74, 0x8e, 0x30, 0x82, 0x74, 0x1d, 0x31, 0x86, 0x74, 0x85, 0x31, 0x8a, 0x74, 0xee, 0x01,
    0x98, 0x6e, 0x2d, 0x09, 0x98, 0x70, 0x19, 0x37, 0x9c, 0x70, 0x5d, 0x37, 0xa0, 0x70, 0x7a, 0x37,
    0xa4, 0x70, 0xbe, 0x37, 0x98, 0x72, 0x4b, 0x35, 0x9c, 0x72, 0x8e, 0x35, 0xa0, 0x72, 0xac, 0x35,
    0xa4, 0x72, 0xf0, 0x35, 0x98, 0x74, 0x5d, 0x33, 0x9c, 0x74, 0xa0, 0x33, 0xa0, 0x74, 0xbe, 0x33,
    0xa4, 0x74, 0xdc, 0x33, 0x96, 0x76, 0x2d, 0x31, 0x9a, 0x76, 0x4b, 0x31, 0x9e, 0x76, 0x8f, 0x31,
    0xa2, 0x76, 0xac, 0x31, 0xa6, 0x76, 0xf0, 0x11, 0xb4, 0x72, 0x1a, 0x37, 0xb8, 0x72, 0x5e, 0x37,
    0xbc, 0x72, 0x7c, 0x37, 0xc0, 0x72, 0xc0, 0x37, 0xc4, 0x72, 0xde, 0x07, 0xb4, 0x74, 0x2e, 0x35,
    0xb8, 0x74, 0x4c, 0x35, 0xbc, 0x74, 0x90, 0x35, 0xc0, 0x74, 0xae, 0x35, 0xc4, 0x74, 0xcc, 0x15,
    0xb6, 0x76, 0x5e, 0x33, 0xba, 0x76, 0x7c, 0x33, 0xbe, 0x76, 0xc0, 0x33, 0xc2, 0x76, 0xde, 0x33,
    0xc6, 0x76, 0x22, 0x04, 0xb6, 0x78, 0x4c, 0x31, 0xba, 0x78, 0x90, 0x31, 0xbe, 0x78, 0xae, 0x31,
    0xc2, 0x78, 0xf2, 0x31, 0xc6, 0x78, 0x10, 0x12, 0xc8, 0x7a, 0x00, 0x00, 0x44, 0x71, 0x00, 0x00,
    0x40, 0x73, 0xee, 0x31, 0x44, 0x73, 0x84, 0x31, 0x48, 0x73, 0x1a, 0x31, 0x4c, 0x73, 0xb1, 0x30,
    0x50, 0x73, 0x6d, 0x20, 0x3c, 0x75, 0x02, 0x34, 0x40, 0x75, 0x98, 0x33, 0x44, 0x75, 0x2e, 0x33,
    0x48, 0x75, 0xc5, 0x32, 0x4c, 0x75, 0x5b, 0x22, 0x38, 0x77, 0xf0, 0x35, 0x3c, 0x77, 0x86, 0x35,
    0x40, 0x77, 0x1c, 0x35, 0x44, 0x77, 0xb3, 0x34, 0x48, 0x77, 0x49, 0x34, 0x34, 0x79, 0xde, 0x37,
    0x38, 0x79, 0x74, 0x37, 0x3c, 0x79, 0x0a, 0x37, 0x40, 0x79, 0xa1, 0x36, 0x44, 0x79, 0x37, 0x36,
    0x44, 0x7b, 0xe1, 0x07, 0x5c, 0x76, 0x60, 0x31, 0x60, 0x76, 0xf6, 0x30, 0x64, 0x76, 0x8d, 0x30,
    0x68, 0x76, 0x49, 0x30, 0x58, 0x78, 0x6c, 0x33, 0x5c, 0x78, 0x02, 0x33, 0x60, 0x78, 0xbe, 0x32,
    0x64, 0x78, 0x54, 0x32, 0x68, 0x78, 0x11, 0x12, 0x56, 0x7a, 0xca, 0x34, 0x5a, 0x7a, 0x86, 0x34,
    0x5e, 0x7a, 0x1c, 0x34, 0x62, 0x7a, 0xb2, 0x33, 0x66, 0x7a, 0x6f, 0x13, 0x52, 0x7c, 0xfb, 0x36,
    0x56, 0x7c, 0x91, 0x36, 0x5a, 0x7c, 0x28, 0x36, 0x5e, 0x7c, 0xe4, 0x35, 0x62, 0x7c, 0x7a, 0x35,
    0x5a, 0x7e, 0x64, 0x37, 0x5e, 0x7e, 0x20, 0x37, 0x62, 0x7e, 0xb6, 0x16, 0x78, 0x77, 0x00, 0x00,
    0x78, 0x79, 0x60, 0x31, 0x7c, 0x79, 0x43, 0x31, 0x80, 0x79, 0x26, 0x31, 0x84, 0x79, 0xe3, 0x30,
    0x76, 0x7b, 0x02, 0x33, 0x7a, 0x7b, 0xe5, 0x32, 0x7e, 0x7b, 0xa2, 0x32, 0x82, 0x7b, 0x84, 0x32,
    0x86, 0x7b, 0x67, 0x02, 0x74, 0x7d, 0x7e, 0x34, 0x78, 0x7d, 0x60, 0x34, 0x7c, 0x7d, 0x43, 0x34,
    0x80, 0x7d, 0x26, 0x34, 0x84, 0x7d, 0xe3, 0x03, 0x72, 0x7f, 0x1f, 0x36, 0x76, 0x7f, 0x02, 0x36,
    0x7a, 0x7f, 0xe5, 0x35, 0x7e, 0x7f, 0xa1, 0x35, 0x82, 0x7f, 0x84, 0x15, 0x70, 0x81, 0xc1, 0x37,
    0x74, 0x81, 0x7d, 0x37, 0x78, 0x81, 0x60, 0x37, 0x7c, 0x81, 0x43, 0x37, 0x80, 0x81, 0x26, 0x27,
    0x94, 0x78, 0x00, 0x00, 0x94, 0x7a, 0x31, 0x31, 0x98, 0x7a, 0xed, 0x30, 0x9c, 0x7a, 0xce, 0x30,
    0xa0, 0x7a, 0x8a, 0x30, 0xa4, 0x7a, 0x45, 0x30, 0x94, 0x7c, 0x42, 0x32, 0x98, 0x7c, 0xfd, 0x31,
    0x9c, 0x7c, 0xb9, 0x31, 0xa0, 0x7c, 0x9b, 0x31, 0xa4, 0x7c, 0x56, 0x21, 0x94, 0x7e, 0x4d, 0x33,
    0x98, 0x7e, 0x2f, 0x33, 0x9c, 0x7e, 0xea, 0x32, 0xa0, 0x7e, 0xa6, 0x32, 0xa4, 0x7e, 0x87, 0x22,
    0x92, 0x80, 0xc1, 0x34, 0x96, 0x80, 0xa2, 0x34, 0x9a, 0x80, 0x5e, 0x34, 0x9e, 0x80, 0x19, 0x34,
    0xa2, 0x80, 0xfb, 0x33, 0xa6, 0x80, 0xb7, 0x03, 0x92, 0x82, 0xd2, 0x35, 0x96, 0x82, 0x8d, 0x35,
    0x9a, 0x82, 0x6f, 0x35, 0x9e, 0x82, 0x2a, 0x35, 0xa2, 0x82, 0xe6, 0x34, 0xa6, 0x82, 0xc7, 0x04,
    0x92, 0x84, 0x03, 0x37, 0x96, 0x84, 0xbe, 0x36, 0x9a, 0x84, 0xa0, 0x36, 0x9e, 0x84, 0x5b, 0x36,
    0xa2, 0x84, 0x17, 0x36, 0xa6, 0x84, 0xf8, 0x05, 0x98, 0x86, 0x14, 0x38, 0x9c, 0x86, 0xcf, 0x37,
    0xa0, 0x86, 0x8b, 0x37, 0xa4, 0x86, 0x6c, 0x27, 0xa6, 0x88, 0x7b, 0x08, 0xb6, 0x7e, 0x0b, 0x31,
    0xba, 0x7e, 0xec, 0x30, 0xbe, 0x7e, 0xa8, 0x30, 0xc2, 0x7e, 0x89, 0x30, 0xc6, 0x7e, 0x44, 0x30,
    0xca, 0x7e, 0x25, 0x00, 0xb6, 0x80, 0x3b, 0x32, 0xba, 0x80, 0x1c, 0x32, 0xbe, 0x80, 0xd7, 0x31,
    0xc2, 0x80, 0xb8, 0x31, 0xc6, 0x80, 0x73, 0x31, 0xca, 0x80, 0x54, 0x01, 0xb6, 0x82, 0x6a, 0x33,
    0xba, 0x82, 0x25, 0x33, 0xbe, 0x82, 0x07, 0x33, 0xc2, 0x82, 0xc2, 0x32, 0xc6, 0x82, 0xa3, 0x32,
    0xca, 0x82, 0x5e, 0x12, 0xb8, 0x84, 0x57, 0x34, 0xbc, 0x84, 0x12, 0x34, 0xc0, 0x84, 0xf3, 0x33,
    0xc4, 0x84, 0xae, 0x33, 0xc8, 0x84, 0x8f, 0x33, 0xcc, 0x84, 0x4a, 0x03, 0xb8, 0x86, 0x60, 0x35,
    0xbc, 0x86, 0x41, 0x35, 0xc0, 0x86, 0xfc, 0x34, 0xc4, 0x86, 0xde, 0x34, 0xc8, 0x86, 0x99, 0x34,
    0xcc, 0x86, 0x7a, 0x14, 0xb8, 0x88, 0x90, 0x36, 0xbc, 0x88, 0x4b, 0x36, 0xc0, 0x88, 0x2c, 0x36,
    0xc4, 0x88, 0xe7, 0x35, 0xc8, 0x88, 0xc8, 0x35, 0xcc, 0x88, 0xa9, 0x15, 0xb8, 0x8a, 0xbf, 0x37,
    0xbc, 0x8a, 0x7a, 0x37, 0xc0, 0x8a, 0x5b, 0x37, 0xc4, 0x8a, 0x17, 0x37, 0xc8, 0x8a, 0xf8, 0x36,
    0xcc, 0x8a, 0xb3, 0x26, 0xc8, 0x8c, 0x22, 0x38, 0xcc, 0x8c, 0x03, 0x38, 0x52, 0x69, 0xc6, 0x35,
    0x56, 0x69, 0x2e, 0x36, 0x5a, 0x69, 0x70, 0x36, 0x5e, 0x69, 0xb2, 0x16, 0x50, 0x6b, 0xce, 0x33,
    0x54, 0x6b, 0x35, 0x34, 0x58, 0x6b, 0x77, 0x34, 0x5c, 0x6b, 0xb9, 0x04, 0x4c, 0x6d, 0x96, 0x31,
    0x50, 0x6d, 0xd8, 0x31, 0x54, 0x6d, 0x19, 0x32, 0x58, 0x6d, 0x5b, 0x12, 0x56, 0x6f, 0x00, 0x00,
    0x6a, 0x69, 0x4b, 0x08, 0x68, 0x6b, 0x10, 0x36, 0x6c, 0x6b, 0x7a, 0x36, 0x70, 0x6b, 0x09, 0x37,
    0x74, 0x6b, 0x72, 0x37, 0x66, 0x6d, 0x41, 0x34, 0x6a, 0x6d, 0xab, 0x34, 0x6e, 0x6d, 0x3a, 0x35,
    0x72, 0x6d, 0xa3, 0x25, 0x62, 0x6f, 0x53, 0x31, 0x66, 0x6f, 0xe3, 0x31, 0x6a, 0x6f, 0x4c, 0x32,
    0x6e, 0x6f, 0xdc, 0x32, 0x72, 0x6f, 0x45, 0x03, 0x68, 0x71, 0x11, 0x30, 0x6c, 0x71, 0xa1, 0x30,
    0x70, 0x71, 0x0a, 0x01, 0x80, 0x6c, 0x27, 0x08, 0x80, 0x6e, 0xa1, 0x36, 0x84, 0x6e, 0x0a, 0x37,
    0x88, 0x6e, 0x99, 0x37, 0x8c, 0x6e, 0x02, 0x28, 0x7e, 0x70, 0x8f, 0x34, 0x82, 0x70, 0xf8, 0x34,
    0x86, 0x70, 0x87, 0x35, 0x8a, 0x70, 0xf0, 0x25, 0x7c, 0x72, 0x37, 0x32, 0x80, 0x72, 0xa0, 0x32,
    0x84, 0x72, 0x09, 0x33, 0x88, 0x72, 0x98, 0x33, 0x7a, 0x74, 0x25, 0x30, 0x7e, 0x74, 0x8e, 0x30,
    0x82, 0x74, 0x1d, 0x31, 0x86, 0x74, 0x86, 0x31, 0x8a, 0x74, 0xef, 0x01, 0x98, 0x71, 0x12, 0x36,
    0x9c, 0x71, 0x56, 0x36, 0xa0, 0x71, 0x74, 0x36, 0xa4, 0x71, 0xb8, 0x36, 0xa8, 0x71, 0xd6, 0x06,
    0x98, 0x73, 0x43, 0x34, 0x9c, 0x73, 0x87, 0x34, 0xa0, 0x73, 0xa5, 0x34, 0xa4, 0x73, 0xe9, 0x34,
    0xa8, 0x73, 0x06, 0x05, 0x96, 0x75, 0x12, 0x32, 0x9a, 0x75, 0x56, 0x32, 0x9e, 0x75, 0x74, 0x32,
    0xa2, 0x75, 0xb8, 0x32, 0xa6, 0x75, 0xd6, 0x12, 0x96, 0x77, 0x43, 0x30, 0x9a, 0x77, 0x87, 0x30,
    0x9e, 0x77, 0xa5, 0x30, 0xa2, 0x77, 0xe9, 0x30, 0xa6, 0x77, 0x06, 0x11, 0xb6, 0x74, 0xe4, 0x35,
    0xba, 0x74, 0x29, 0x36, 0xbe, 0x74, 0x6e, 0x36, 0xc2, 0x74, 0xd8, 0x36, 0xc6, 0x74, 0x1d, 0x17,
    0xb6, 0x76, 0x1d, 0x34, 0xba, 0x76, 0x62, 0x34, 0xbe, 0x76, 0xa7, 0x34, 0xc2, 0x76, 0x12, 0x35,
    0xc6, 0x76, 0x56, 0x15, 0xb6, 0x78, 0x31, 0x32, 0xba, 0x78, 0x9b, 0x32, 0xbe, 0x78, 0xe0, 0x32,
    0xc2, 0x78, 0x25, 0x33, 0xc6, 0x78, 0x8f, 0x23, 0xb6, 0x7a, 0x6a, 0x30, 0xba, 0x7a, 0xd4, 0x30,
    0xbe, 0x7a, 0x19, 0x31, 0xc2, 0x7a, 0x5e, 0x31, 0xc6, 0x7a, 0xc9, 0x31, 0xca, 0x7c, 0x00, 0x00,
    0x42, 0x72, 0x84, 0x31, 0x46, 0x72, 0x1a, 0x31, 0x4a, 0x72, 0xb1, 0x30, 0x4e, 0x72, 0x6d, 0x30,
    0x52, 0x72, 0x03, 0x10, 0x3e, 0x74, 0x98, 0x33, 0x42, 0x74, 0x2e, 0x33, 0x46, 0x74, 0xc5, 0x32,
    0x4a, 0x74, 0x5b, 0x32, 0x4e, 0x74, 0xf1, 0x11, 0x3a, 0x76, 0x86, 0x35, 0x3e, 0x76, 0x1c, 0x35,
    0x42, 0x76, 0xb3, 0x34, 0x46, 0x76, 0x49, 0x34, 0x4a, 0x76, 0xdf, 0x13, 0x36, 0x78, 0x74, 0x37,
    0x3a, 0x78, 0x0a, 0x37, 0x3e, 0x78, 0xa1, 0x36, 0x42, 0x78, 0x37, 0x36, 0x46, 0x78, 0xcd, 0x15,
    0x44, 0x7a, 0xdf, 0x07, 0x5a, 0x75, 0xc8, 0x31, 0x5e, 0x75, 0x5e, 0x31, 0x62, 0x75, 0x1a, 0x31,
    0x66, 0x75, 0xb1, 0x30, 0x6a, 0x75, 0x47, 0x20, 0x58, 0x77, 0x27, 0x33, 0x5c, 0x77, 0xbd, 0x32,
    0x60, 0x77, 0x79, 0x32, 0x64, 0x77, 0x0f, 0x32, 0x68, 0x77, 0xa5, 0x11, 0x54, 0x79, 0x33, 0x35,
    0x58, 0x79, 0xef, 0x34, 0x5c, 0x79, 0x85, 0x34, 0x60, 0x79, 0x1b, 0x34, 0x64, 0x79, 0xd7, 0x33,
    0x52, 0x7b, 0x91, 0x36, 0x56, 0x7b, 0x4d, 0x36, 0x5a, 0x7b, 0xe3, 0x35, 0x5e, 0x7b, 0x7a, 0x35,
    0x62, 0x7b, 0x36, 0x25, 0x58, 0x7d, 0xce, 0x37, 0x5c, 0x7d, 0x64, 0x37, 0x60, 0x7d, 0x20, 0x27,
    0x78, 0x76, 0x00, 0x00, 0x76, 0x78, 0xa2, 0x31, 0x7a, 0x78, 0x39, 0x31, 0x7e, 0x78, 0xf5, 0x30,
    0x82, 0x78, 0x8c, 0x30, 0x86, 0x78, 0x49, 0x10, 0x74, 0x7a, 0x1e, 0x33, 0x78, 0x7a, 0xdb, 0x32,
    0x7c, 0x7a, 0x71, 0x32, 0x80, 0x7a, 0x2e, 0x32, 0x84, 0x7a, 0xc5, 0x11, 0x72, 0x7c, 0xc0, 0x34,
    0x76, 0x7c, 0x57, 0x34, 0x7a, 0x7c, 0x13, 0x34, 0x7e, 0x7c, 0xaa, 0x33, 0x82, 0x7c, 0x67, 0x23,
    0x70, 0x7e, 0x3c, 0x36, 0x74, 0x7e, 0xf9, 0x35, 0x78, 0x7e, 0x8f, 0x35, 0x7c, 0x7e, 0x4c, 0x35,
    0x80, 0x7e, 0xe3, 0x34, 0x6e, 0x80, 0xde, 0x37, 0x72, 0x80, 0x9b, 0x37, 0x76, 0x80, 0x31, 0x37,
    0x7a, 0x80, 0xee, 0x36, 0x7e, 0x80, 0x85, 0x36, 0x7a, 0x82, 0x48, 0x38, 0x7e, 0x82, 0xdf, 0x27,
    0x94, 0x79, 0x00, 0x00, 0x94, 0x7b, 0x11, 0x31, 0x98, 0x7b, 0xcd, 0x30, 0x9c, 0x7b, 0xae, 0x30,
    0xa0, 0x7b, 0x6a, 0x30, 0xa4, 0x7b, 0x25, 0x30, 0x92, 0x7d, 0xac, 0x32, 0x96, 0x7d, 0x67, 0x32,
    0x9a, 0x7d, 0x23, 0x32, 0x9e, 0x7d, 0xde, 0x31, 0xa2, 0x7d, 0xc0, 0x31, 0xa6, 0x7d, 0x7b, 0x01,
    0x92, 0x7f, 0xbd, 0x33, 0x96, 0x7f, 0x79, 0x33, 0x9a, 0x7f, 0x34, 0x33, 0x9e, 0x7f, 0xf0, 0x32,
    0xa2, 0x7f, 0xd1, 0x32, 0xa6, 0x7f, 0x8c, 0x02, 0x90, 0x81, 0x32, 0x35, 0x94, 0x81, 0x13, 0x35,
    0x98, 0x81, 0xcf, 0x34, 0x9c, 0x81, 0x8a, 0x34, 0xa0, 0x81, 0x46, 0x34, 0xa4, 0x81, 0x27, 0x24,
    0x90, 0x83, 0x43, 0x36, 0x94, 0x83, 0x25, 0x36, 0x98, 0x83, 0xe0, 0x35, 0x9c, 0x83, 0x9c, 0x35,
    0xa0, 0x83, 0x57, 0x35, 0xa4, 0x83, 0x38, 0x15, 0x8e, 0x85, 0xde, 0x37, 0x92, 0x85, 0x99, 0x37,
    0x96, 0x85, 0x55, 0x37, 0x9a, 0x85, 0x36, 0x37, 0x9e, 0x85, 0xf2, 0x36, 0xa2, 0x85, 0xad, 0x36,
    0x9e, 0x87, 0x23, 0x38, 0xa2, 0x87, 0x05, 0x38, 0xb6, 0x7f, 0xc5, 0x30, 0xba, 0x7f, 0x80, 0x30,
    0xbe, 0x7f, 0x3b, 0x30, 0xb6, 0x81, 0xf5, 0x31, 0xba, 0x81, 0xb0, 0x31, 0xbe, 0x81, 0x6b, 0x31,
    0xc2, 0x81, 0x26, 0x31, 0xc6, 0x81, 0xbb, 0x30, 0xca, 0x81, 0x76, 0x00, 0xb6, 0x83, 0x25, 0x33,
    0xba, 0x83, 0xba, 0x32, 0xbe, 0x83, 0x75, 0x32, 0xc2, 0x83, 0x30, 0x32, 0xc6, 0x83, 0xeb, 0x31,
    0xca, 0x83, 0xa6, 0x01, 0xb6, 0x85, 0x2f, 0x34, 0xba, 0x85, 0xea, 0x33, 0xbe, 0x85, 0xa5, 0x33,
    0xc2, 0x85, 0x60, 0x33, 0xc6, 0x85, 0x1b, 0x33, 0xca, 0x85, 0xb0, 0x12, 0xb6, 0x87, 0x5f, 0x35,
    0xba, 0x87, 0x1a, 0x35, 0xbe, 0x87, 0xaf, 0x34, 0xc2, 0x87, 0x6a, 0x34, 0xc6, 0x87, 0x25, 0x34,
    0xca, 0x87, 0xe0, 0x23, 0xb6, 0x89, 0x69, 0x36, 0xba, 0x89, 0x24, 0x36, 0xbe, 0x89, 0xdf, 0x35,
    0xc2, 0x89, 0x9a, 0x35, 0xc6, 0x89, 0x55, 0x35, 0xca, 0x89, 0xea, 0x24, 0xb6, 0x8b, 0x99, 0x37,
    0xba, 0x8b, 0x54, 0x37, 0xbe, 0x8b, 0x0f, 0x37, 0xc2, 0x8b, 0xa4, 0x36, 0xc6, 0x8b, 0x5f, 0x36,
    0xca, 0x8b, 0x1a, 0x36, 0xc2, 0x8d, 0x1b, 0x38, 0xc6, 0x8d, 0xb0, 0x37, 0xca, 0x8d, 0x6b, 0x37,
    0xce, 0x8d, 0x26, 0x07, 0x54, 0x69, 0xe1, 0x34, 0x58, 0x69, 0x6f, 0x35, 0x5c, 0x69, 0xfd, 0x35,
    0x60, 0x69, 0x8c, 0x16, 0x50, 0x6b, 0x83, 0x32, 0x54, 0x6b, 0x11, 0x33, 0x58, 0x6b, 0x9f, 0x33,
    0x5c, 0x6b, 0x2e, 0x24, 0x4c, 0x6d, 0x25, 0x30, 0x50, 0x6d, 0xb3, 0x30, 0x54, 0x6d, 0x41, 0x31,
    0x58, 0x6d, 0xd0, 0x31, 0x58, 0x6f, 0x00, 0x00, 0x6c, 0x69, 0x4a, 0x08, 0x6a, 0x6b, 0x10, 0x36,
    0x6e, 0x6b, 0x9f, 0x36, 0x72, 0x6b, 0x08, 0x37, 0x76, 0x6b, 0x97, 0x27, 0x68, 0x6d, 0x40, 0x34,
    0x6c, 0x6d, 0xcf, 0x34, 0x70, 0x6d, 0x38, 0x35, 0x74, 0x6d, 0xc7, 0x15, 0x64, 0x6f, 0x53, 0x31,
    0x68, 0x6f, 0xe2, 0x31, 0x6c, 0x6f, 0x71, 0x32, 0x70, 0x6f, 0x00, 0x33, 0x6a, 0x71, 0xa1, 0x30,
    0x6e, 0x71, 0x0a, 0x31, 0x80, 0x6e, 0x38, 0x36, 0x84, 0x6e, 0xa1, 0x36, 0x88, 0x6e, 0x0a, 0x37,
    0x8c, 0x6e, 0x99, 0x37, 0x7e, 0x70, 0x25, 0x34, 0x82, 0x70, 0xb4, 0x34, 0x86, 0x70, 0x1d, 0x35,
    0x8a, 0x70, 0x86, 0x35, 0x7c, 0x72, 0x38, 0x32, 0x80, 0x72, 0xa1, 0x32, 0x84, 0x72, 0x0a, 0x33,
    0x88, 0x72, 0x73, 0x33, 0x8c, 0x72, 0xdc, 0x03, 0x7a, 0x74, 0x25, 0x30, 0x7e, 0x74, 0x8e, 0x30,
    0x82, 0x74, 0xf7, 0x30, 0x86, 0x74, 0x86, 0x31, 0x8a, 0x74, 0xef, 0x01, 0x98, 0x71, 0x01, 0x38,
    0x9c, 0x71, 0x45, 0x38, 0xa0, 0x71, 0x89, 0x38, 0x98, 0x73, 0x0b, 0x36, 0x9c, 0x73, 0x29, 0x36,
    0xa0, 0x73, 0x6d, 0x36, 0xa4, 0x73, 0xb1, 0x36, 0xa8, 0x73, 0xcf, 0x06, 0x96, 0x75, 0x8e, 0x33,
    0x9a, 0x75, 0xd2, 0x33, 0x9e, 0x75, 0xf0, 0x33, 0xa2, 0x75, 0x34, 0x34, 0xa6, 0x75, 0x78, 0x14,
    0x96, 0x77, 0x72, 0x31, 0x9a, 0x77, 0xb6, 0x31, 0x9e, 0x77, 0xfa, 0x31, 0xa2, 0x77, 0x18, 0x32,
    0xa6, 0x77, 0x5c, 0x02, 0xa6, 0x79, 0x00, 0x00, 0xb6, 0x75, 0x0a, 0x36, 0xba, 0x75, 0x9b, 0x36,
    0xbe, 0x75, 0x2b, 0x37, 0xc2, 0x75, 0x96, 0x37, 0xc6, 0x75, 0x26, 0x18, 0xb6, 0x77, 0x43, 0x34,
    0xba, 0x77, 0xd3, 0x34, 0xbe, 0x77, 0x64, 0x35, 0xc2, 0x77, 0xce, 0x35, 0xc6, 0x77, 0x5f, 0x16,
    0xb6, 0x79, 0x7b, 0x32, 0xba, 0x79, 0x0c, 0x33, 0xbe, 0x79, 0x9c, 0x33, 0xc2, 0x79, 0x07, 0x34,
    0xc6, 0x79, 0x97, 0x14, 0xb4, 0x7b, 0x25, 0x30, 0xb8, 0x7b, 0xb5, 0x30, 0xbc, 0x7b, 0x20, 0x31,
    0xc0, 0x7b, 0xb0, 0x31, 0xc4, 0x7b, 0x1b, 0x32, 0xc2, 0x7d, 0x31, 0x30, 0xc6, 0x7d, 0x9c, 0x10,
    0x48, 0x6f, 0x00, 0x00, 0x44, 0x71, 0xee, 0x31, 0x48, 0x71, 0x85, 0x31, 0x4c, 0x71, 0x1b, 0x31,
    0x50, 0x71, 0xb2, 0x30, 0x54, 0x71, 0x49, 0x10, 0x40, 0x73, 0x02, 0x34, 0x44, 0x73, 0x73, 0x33,
    0x48, 0x73, 0x09, 0x33, 0x4c, 0x73, 0xa0, 0x32, 0x50, 0x73, 0x37, 0x12, 0x3c, 0x75, 0xf0, 0x35,
    0x40, 0x75, 0x87, 0x35, 0x44, 0x75, 0x1d, 0x35, 0x48, 0x75, 0x8e, 0x34, 0x4c, 0x75, 0x25, 0x14,
    0x38, 0x77, 0xde, 0x37, 0x3c, 0x77, 0x75, 0x37, 0x40, 0x77, 0x0b, 0x37, 0x44, 0x77, 0xa2, 0x36,
    0x48, 0x77, 0x39, 0x16, 0x46, 0x79, 0xdf, 0x07, 0x5e, 0x72, 0x00, 0x00, 0x5c, 0x74, 0x85, 0x31,
    0x60, 0x74, 0x1b, 0x31, 0x64, 0x74, 0xb1, 0x30, 0x68, 0x74, 0x6d, 0x30, 0x6c, 0x74, 0x03, 0x10,
    0x58, 0x76, 0xdd, 0x33, 0x5c, 0x76, 0x73, 0x33, 0x60, 0x76, 0x09, 0x33, 0x64, 0x76, 0x9f, 0x32,
    0x68, 0x76, 0x5b, 0x22, 0x56, 0x78, 0x62, 0x35, 0x5a, 0x78, 0xf8, 0x34, 0x5e, 0x78, 0xb4, 0x34,
    0x62, 0x78, 0x4a, 0x34, 0x66, 0x78, 0xe0, 0x13, 0x52, 0x7a, 0x74, 0x37, 0x56, 0x7a, 0x0a, 0x37,
    0x5a, 0x7a, 0xa0, 0x36, 0x5e, 0x7a, 0x36, 0x36, 0x62, 0x7a, 0xf3, 0x35, 0x5c, 0x7c, 0x6d, 0x38,
    0x60, 0x7c, 0x03, 0x28, 0x78, 0x76, 0x00, 0x00, 0x76, 0x78, 0x7c, 0x31, 0x7a, 0x78, 0x3a, 0x31,
    0x7e, 0x78, 0xd1, 0x30, 0x82, 0x78, 0x8e, 0x30, 0x86, 0x78, 0x25, 0x00, 0x74, 0x7a, 0x1f, 0x33,
    0x78, 0x7a, 0xb6, 0x32, 0x7c, 0x7a, 0x73, 0x32, 0x80, 0x7a, 0x0a, 0x32, 0x84, 0x7a, 0xc7, 0x01,
    0x72, 0x7c, 0x9b, 0x34, 0x76, 0x7c, 0x58, 0x34, 0x7a, 0x7c, 0xf0, 0x33, 0x7e, 0x7c, 0xad, 0x33,
    0x82, 0x7c, 0x44, 0x13, 0x70, 0x7e, 0x3e, 0x36, 0x74, 0x7e, 0xd5, 0x35, 0x78, 0x7e, 0x92, 0x35,
    0x7c, 0x7e, 0x29, 0x35, 0x80, 0x7e, 0xc0, 0x24, 0x6e, 0x80, 0x75, 0x37, 0x72, 0x80, 0x32, 0x37,
    0x76, 0x80, 0xc9, 0x36, 0x7a, 0x80, 0x86, 0x36, 0x7e, 0x80, 0x1e, 0x26, 0x7a, 0x82, 0xe2, 0x37,
    0x7e, 0x82, 0x79, 0x17, 0x92, 0x7b, 0x56, 0x31, 0x96, 0x7b, 0xeb, 0x30, 0x9a, 0x7b, 0xa7, 0x30,
    0x9e, 0x7b, 0x3c, 0x10, 0x92, 0x7d, 0x42, 0x32, 0x96, 0x7d, 0xd7, 0x31, 0x9a, 0x7d, 0x92, 0x31,
    0x9e, 0x7d, 0x27, 0x31, 0xa2, 0x7d, 0xe2, 0x30, 0x90, 0x7f, 0xdd, 0x33, 0x94, 0x7f, 0x98, 0x33,
    0x98, 0x7f, 0x2d, 0x33, 0x9c, 0x7f, 0xe8, 0x32, 0xa0, 0x7f, 0x7d, 0x32, 0xa4, 0x7f, 0x13, 0x02,
    0x90, 0x81, 0xc8, 0x34, 0x94, 0x81, 0x83, 0x34, 0x98, 0x81, 0x19, 0x34, 0x9c, 0x81, 0xd4, 0x33,
    0xa0, 0x81, 0x69, 0x33, 0xa4, 0x81, 0x24, 0x03, 0x8e, 0x83, 0x89, 0x36, 0x92, 0x83, 0x1f, 0x36,
    0x96, 0x83, 0xda, 0x35, 0x9a, 0x83, 0x6f, 0x35, 0x9e, 0x83, 0x04, 0x35, 0xa2, 0x83, 0xbf, 0x14,
    0x8c, 0x85, 0xde, 0x37, 0x90, 0x85, 0x73, 0x37, 0x94, 0x85, 0x2e, 0x37, 0x98, 0x85, 0xc3, 0x36,
    0x9c, 0x85, 0x7e, 0x36, 0xa0, 0x85, 0x14, 0x26, 0x98, 0x87, 0xd5, 0x37, 0x9c, 0x87, 0x6a, 0x37,
    0xa0, 0x87, 0xff, 0x16, 0xb4, 0x7e, 0x00, 0x00, 0xb4, 0x80, 0x0a, 0x31, 0xb8, 0x80, 0xc6, 0x30,
    0xbc, 0x80, 0x81, 0x30, 0xc0, 0x80, 0x3c, 0x10, 0xb4, 0x82, 0x15, 0x32, 0xb8, 0x82, 0xd0, 0x31,
    0xbc, 0x82, 0x8b, 0x31, 0xc0, 0x82, 0x47, 0x31, 0xc4, 0x82, 0x02, 0x31, 0xc8, 0x82, 0x97, 0x00,
    0xb4, 0x84, 0x1f, 0x33, 0xb8, 0x84, 0xdb, 0x32, 0xbc, 0x84, 0x96, 0x32, 0xc0, 0x84, 0x51, 0x32,
    0xc4, 0x84, 0xe6, 0x31, 0xc8, 0x84, 0xa2, 0x01, 0xb4, 0x86, 0xe3, 0x33, 0xb8, 0x86, 0x9f, 0x33,
    0xbc, 0x86, 0x5a, 0x33, 0xc0, 0x86, 0x15, 0x33, 0xc4, 0x86, 0xd0, 0x32, 0xc8, 0x86, 0x8c, 0x02,
    0xb4, 0x88, 0xee, 0x34, 0xb8, 0x88, 0xa9, 0x34, 0xbc, 0x88, 0x64, 0x34, 0xc0, 0x88, 0x20, 0x34,
    0xc4, 0x88, 0xdb, 0x33, 0xc8, 0x88, 0x96, 0x13, 0xb4, 0x8a, 0xf8, 0x35, 0xb8, 0x8a, 0xb4, 0x35,
    0xbc, 0x8a, 0x6f, 0x35, 0xc0, 0x8a, 0x2a, 0x35, 0xc4, 0x8a, 0xe5, 0x34, 0xc8, 0x8a, 0xa1, 0x14,
    0xb4, 0x8c, 0x03, 0x37, 0xb8, 0x8c, 0xbe, 0x36, 0xbc, 0x8c, 0x79, 0x36, 0xc0, 0x8c, 0x35, 0x36,
    0xc4, 0x8c, 0xf0, 0x35, 0xc8, 0x8c, 0xab, 0x15, 0xb8, 0x8e, 0xc9, 0x37, 0xbc, 0x8e, 0x84, 0x37,
    0xc0, 0x8e, 0x3f, 0x37, 0xc4, 0x8e, 0xfa, 0x36, 0xc8, 0x8e, 0x90, 0x26, 0xc2, 0x90, 0x01, 0x38,
    0xc6, 0x90, 0xbc, 0x37, 0xca, 0x90, 0x78, 0x07, 0x5a, 0x67, 0x0b, 0x36, 0x5e, 0x67, 0xbf, 0x36,
    0x62, 0x67, 0x4d, 0x37, 0x66, 0x67, 0x02, 0x28, 0x56, 0x69, 0x5f, 0x33, 0x5a, 0x69, 0x13, 0x34,
    0x5e, 0x69, 0xc7, 0x34, 0x62, 0x69, 0x56, 0x25, 0x52, 0x6b, 0xd9, 0x30, 0x56, 0x6b, 0x67, 0x31,
    0x5a, 0x6b, 0x1b, 0x32, 0x5e, 0x6b, 0xd0, 0x22, 0x5c, 0x6d, 0x00, 0x00, 0x70, 0x68, 0x27, 0x08,
    0x6e, 0x6a, 0xa2, 0x36, 0x72, 0x6a, 0x7e, 0x37, 0x76, 0x6a, 0x34, 0x28, 0x6a, 0x6c, 0xb2, 0x33,
    0x6e, 0x6c, 0x68, 0x34, 0x72, 0x6c, 0x44, 0x35, 0x76, 0x6c, 0xf9, 0x35, 0x7a, 0x6c, 0xaf, 0x06,
    0x66, 0x6e, 0x54, 0x31, 0x6a, 0x6e, 0x0a, 0x32, 0x6e, 0x6e, 0xbf, 0x32, 0x72, 0x6e, 0x9b, 0x33,
    0x76, 0x6e, 0x51, 0x14, 0x6a, 0x70, 0xf3, 0x30, 0x6e, 0x70, 0xa9, 0x31, 0x72, 0x70, 0x5e, 0x22,
    0x82, 0x6e, 0x0b, 0x36, 0x86, 0x6e, 0xe7, 0x36, 0x8a, 0x6e, 0xc2, 0x27, 0x80, 0x70, 0x1d, 0x34,
    0x84, 0x70, 0xf9, 0x34, 0x88, 0x70, 0xd4, 0x35, 0x8c, 0x70, 0xb0, 0x36, 0x90, 0x70, 0x8c, 0x07,
    0x7e, 0x72, 0x2f, 0x32, 0x82, 0x72, 0x0b, 0x33, 0x86, 0x72, 0xe6, 0x33, 0x8a, 0x72, 0xc2, 0x34,
    0x8e, 0x72, 0x78, 0x05, 0x80, 0x74, 0x1d, 0x31, 0x84, 0x74, 0xd2, 0x31, 0x88, 0x74, 0xae, 0x32,
    0x8c, 0x74, 0x8a, 0x03, 0x86, 0x76, 0x2e, 0x30, 0x8a, 0x76, 0x0a, 0x01, 0x9a, 0x72, 0x5d, 0x36,
    0x9e, 0x72, 0xed, 0x36, 0xa2, 0x72, 0x7e, 0x37, 0x98, 0x74, 0x4a, 0x34, 0x9c, 0x74, 0xdb, 0x34,
    0xa0, 0x74, 0x6b, 0x35, 0xa4, 0x74, 0xfc, 0x35, 0xa8, 0x74, 0x8c, 0x26, 0x96, 0x76, 0x38, 0x32,
    0x9a, 0x76, 0xc8, 0x32, 0x9e, 0x76, 0x59, 0x33, 0xa2, 0x76, 0xe9, 0x33, 0xa6, 0x76, 0x7a, 0x34,
    0x94, 0x78, 0x25, 0x30, 0x98, 0x78, 0xb6, 0x30, 0x9c, 0x78, 0x46, 0x31, 0xa0, 0x78, 0xd7, 0x31,
    0xa4, 0x78, 0x67, 0x32, 0xa0, 0x7a, 0x0c, 0x30, 0xa4, 0x7a, 0x9d, 0x20, 0xb6, 0x77, 0x52, 0x35,
    0xba, 0x77, 0x0a, 0x36, 0xbe, 0x77, 0xc1, 0x36, 0xc2, 0x77, 0x78, 0x17, 0xb6, 0x79, 0x69, 0x34,
    0xba, 0x79, 0xfa, 0x34, 0xbe, 0x79, 0xb1, 0x35, 0xc2, 0x79, 0x68, 0x36, 0xc6, 0x79, 0x20, 0x27,
    0xb4, 0x7b, 0x10, 0x32, 0xb8, 0x7b, 0xa2, 0x32, 0xbc, 0x7b, 0x59, 0x33, 0xc0, 0x7b, 0x10, 0x34,
    0xc4, 0x7b, 0xc7, 0x34, 0xc8, 0x7b, 0x7f, 0x05, 0xb2, 0x7d, 0x25, 0x30, 0xb6, 0x7d, 0xdc, 0x30,
    0xba, 0x7d, 0x94, 0x31, 0xbe, 0x7d, 0x25, 0x32, 0xc2, 0x7d, 0xdc, 0x32, 0xc6, 0x7d, 0x93, 0x23,
    0xbc, 0x7f, 0xf2, 0x30, 0xc0, 0x7f, 0x84, 0x31, 0xc4, 0x7f, 0x3b, 0x32, 0xc4, 0x81, 0xbe, 0x30,
    0x4c, 0x6d, 0x00, 0x00, 0x48, 0x6f, 0x3b, 0x32, 0x4c, 0x6f, 0xac, 0x31, 0x50, 0x6f, 0x1d, 0x31,
    0x54, 0x6f, 0xb4, 0x30, 0x58, 0x6f, 0x25, 0x00, 0x44, 0x71, 0x0b, 0x34, 0x48, 0x71, 0x7c, 0x33,
    0x4c, 0x71, 0xed, 0x32, 0x50, 0x71, 0x84, 0x32, 0x54, 0x71, 0xf5, 0x01, 0x40, 0x73, 0x21, 0x36,
    0x44, 0x73, 0x91, 0x35, 0x48, 0x73, 0x28, 0x35, 0x4c, 0x73, 0x99, 0x34, 0x50, 0x73, 0x30, 0x04,
    0x40, 0x75, 0x38, 0x38, 0x44, 0x75, 0xa9, 0x37, 0x48, 0x75, 0x40, 0x37, 0x4c, 0x75, 0xb1, 0x06,
    0x48, 0x77, 0xec, 0x08, 0x5e, 0x73, 0x84, 0x31, 0x62, 0x73, 0xce, 0x30, 0x66, 0x73, 0x3d, 0x30,
    0x5a, 0x75, 0xbf, 0x33, 0x5e, 0x75, 0x08, 0x33, 0x62, 0x75, 0x78, 0x32, 0x66, 0x75, 0xc2, 0x31,
    0x6a, 0x75, 0x0b, 0x21, 0x56, 0x77, 0xf9, 0x35, 0x5a, 0x77, 0x43, 0x35, 0x5e, 0x77, 0x8c, 0x34,
    0x62, 0x77, 0xfc, 0x33, 0x66, 0x77, 0x46, 0x23, 0x56, 0x79, 0xea, 0x37, 0x5a, 0x79, 0x59, 0x37,
    0x5e, 0x79, 0xa3, 0x36, 0x62, 0x79, 0xed, 0x35, 0x5e, 0x7b, 0xbb, 0x37, 0x78, 0x76, 0x00, 0x00,
    0x76, 0x78, 0x85, 0x31, 0x7a, 0x78, 0x1c, 0x31, 0x7e, 0x78, 0xb2, 0x30, 0x82, 0x78, 0x49, 0x30,
    0x72, 0x7a, 0xdd, 0x33, 0x76, 0x7a, 0x74, 0x33, 0x7a, 0x7a, 0x0a, 0x33, 0x7e, 0x7a, 0xa1, 0x32,
    0x82, 0x7a, 0x37, 0x22, 0x70, 0x7c, 0x62, 0x35, 0x74, 0x7c, 0xf9, 0x34, 0x78, 0x7c, 0x8f, 0x34,
    0x7c, 0x7c, 0x26, 0x34, 0x80, 0x7c, 0xbc, 0x23, 0x6c, 0x7e, 0x75, 0x37, 0x70, 0x7e, 0x0b, 0x37,
    0x74, 0x7e, 0xa2, 0x36, 0x78, 0x7e, 0x38, 0x36, 0x7c, 0x7e, 0xcf, 0x35, 0x80, 0x7e, 0x65, 0x05,
    0x74, 0x80, 0x90, 0x38, 0x78, 0x80, 0x27, 0x38, 0x7c, 0x80, 0xbd, 0x27, 0x7c, 0x82, 0x40, 0x09,
    0x90, 0x7c, 0x31, 0x31, 0x94, 0x7c, 0xc6, 0x30, 0x98, 0x7c, 0x5b, 0x20, 0x8e, 0x7e, 0x87, 0x32,
    0x92, 0x7e, 0x1c, 0x32, 0x96, 0x7e, 0xb0, 0x31, 0x9a, 0x7e, 0x1f, 0x31, 0x9e, 0x7e, 0xb4, 0x30,
    0xa2, 0x7e, 0x49, 0x10, 0x8e, 0x80, 0x4d, 0x33, 0x92, 0x80, 0xe2, 0x32, 0x96, 0x80, 0x77, 0x32,
    0x9a, 0x80, 0xe5, 0x31, 0x9e, 0x80, 0x7a, 0x31, 0x8c, 0x82, 0xa2, 0x34, 0x90, 0x82, 0x37, 0x34,
    0x94, 0x82, 0xcc, 0x33, 0x98, 0x82, 0x61, 0x33, 0x9c, 0x82, 0xd0, 0x32, 0xa0, 0x82, 0x65, 0x02,
    0x8a, 0x84, 0x1e, 0x36, 0x8e, 0x84, 0x8c, 0x35, 0x92, 0x84, 0x21, 0x35, 0x96, 0x84, 0xb6, 0x34,
    0x9a, 0x84, 0x25, 0x34, 0x9e, 0x84, 0xba, 0x13, 0x88, 0x86, 0x73, 0x37, 0x8c, 0x86, 0xe2, 0x36,
    0x90, 0x86, 0x77, 0x36, 0x94, 0x86, 0x0c, 0x36, 0x98, 0x86, 0x7b, 0x35, 0x9c, 0x86, 0x10, 0x25,
    0x90, 0x88, 0xf1, 0x37, 0x94, 0x88, 0x85, 0x37, 0x98, 0x88, 0xf4, 0x36, 0x9c, 0x88, 0x89, 0x16,
    0x98, 0x8a, 0x27, 0x38, 0x9c, 0x8a, 0xbc, 0x07, 0xb2, 0x83, 0xa0, 0x30, 0xb6, 0x83, 0x5a, 0x30,
    0xb0, 0x85, 0x3b, 0x32, 0xb4, 0x85, 0xcf, 0x31, 0xb8, 0x85, 0x8a, 0x31, 0xbc, 0x85, 0x1e, 0x31,
    0xc0, 0x85, 0xd8, 0x30, 0xc4, 0x85, 0x6c, 0x30, 0xb0, 0x87, 0xff, 0x32, 0xb4, 0x87, 0x93, 0x32,
    0xb8, 0x87, 0x4e, 0x32, 0xbc, 0x87, 0xe2, 0x31, 0xc0, 0x87, 0x9c, 0x31, 0xc4, 0x87, 0x30, 0x21,
    0xae, 0x89, 0x75, 0x34, 0xb2, 0x89, 0x09, 0x34, 0xb6, 0x89, 0xc3, 0x33, 0xba, 0x89, 0x57, 0x33,
    0xbe, 0x89, 0x12, 0x33, 0xc2, 0x89, 0xa6, 0x32, 0xc6, 0x89, 0x60, 0x02, 0xae, 0x8b, 0x39, 0x35,
    0xb2, 0x8b, 0xf3, 0x34, 0xb6, 0x8b, 0x87, 0x34, 0xba, 0x8b, 0x1b, 0x34, 0xbe, 0x8b, 0xd6, 0x33,
    0xc2, 0x8b, 0x6a, 0x33, 0xac, 0x8d, 0xae, 0x36, 0xb0, 0x8d, 0x68, 0x36, 0xb4, 0x8d, 0xfd, 0x35,
    0xb8, 0x8d, 0xb7, 0x35, 0xbc, 0x8d, 0x4b, 0x35, 0xc0, 0x8d, 0x05, 0x35, 0xc4, 0x8d, 0x9a, 0x14,
    0xac, 0x8f, 0x72, 0x37, 0xb0, 0x8f, 0x2c, 0x37, 0xb4, 0x8f, 0xc1, 0x36, 0xb8, 0x8f, 0x7b, 0x36,
    0xbc, 0x8f, 0x0f, 0x36, 0xc0, 0x8f, 0xc9, 0x35, 0xc4, 0x8f, 0x5e, 0x15, 0xb4, 0x91, 0x13, 0x38,
    0xb8, 0x91, 0xce, 0x37, 0xbc, 0x91, 0x62, 0x37, 0xc0, 0x91, 0x1c, 0x37, 0xc4, 0x91, 0xb0, 0x06,
    0xbc, 0x93, 0x6d, 0x38, 0xc0, 0x93, 0x27, 0x38, 0xc4, 0x93, 0xbc, 0x07, 0xc4, 0x95, 0xc7, 0x08,
    0x60, 0x65, 0x1a, 0x07, 0x5c, 0x67, 0x4b, 0x35, 0x60, 0x67, 0x27, 0x36, 0x64, 0x67, 0x02, 0x37,
    0x68, 0x67, 0xde, 0x37, 0x56, 0x69, 0x9f, 0x31, 0x5a, 0x69, 0x7b, 0x32, 0x5e, 0x69, 0x56, 0x33,
    0x62, 0x69, 0x32, 0x34, 0x66, 0x69, 0x0d, 0x05, 0x58, 0x6b, 0x1a, 0x31, 0x5c, 0x6b, 0xf5, 0x31,
    0x60, 0x6b, 0xd1, 0x22, 0x5e, 0x6d, 0x00, 0x00, 0x72, 0x68, 0x27, 0x08, 0x70, 0x6a, 0xa2, 0x36,
    0x74, 0x6a, 0x7e, 0x37, 0x78, 0x6a, 0x34, 0x28, 0x6c, 0x6c, 0xb2, 0x33, 0x70, 0x6c, 0x68, 0x34,
    0x74, 0x6c, 0x44, 0x35, 0x78, 0x6c, 0xf9, 0x35, 0x7c, 0x6c, 0xaf, 0x06, 0x68, 0x6e, 0x54, 0x31,
    0x6c, 0x6e, 0x0a, 0x32, 0x70, 0x6e, 0xbf, 0x32, 0x74, 0x6e, 0x9b, 0x33, 0x78, 0x6e, 0x51, 0x14,
    0x6c, 0x70, 0xf3, 0x30, 0x70, 0x70, 0xa9, 0x31, 0x74, 0x70, 0x5e, 0x22, 0x84, 0x6e, 0xc9, 0x36,
    0x88, 0x6e, 0x7e, 0x37, 0x8c, 0x6e, 0x33, 0x18, 0x82, 0x70, 0xdb, 0x34, 0x86, 0x70, 0x90, 0x35,
    0x8a, 0x70, 0x45, 0x36, 0x8e, 0x70, 0xd4, 0x26, 0x80, 0x72, 0xec, 0x32, 0x84, 0x72, 0xa1, 0x33,
    0x88, 0x72, 0x56, 0x34, 0x8c, 0x72, 0x0b, 0x25, 0x7c, 0x74, 0x25, 0x30, 0x80, 0x74, 0xda, 0x30,
    0x84, 0x74, 0x8f, 0x31, 0x88, 0x74, 0x44, 0x32, 0x8c, 0x74, 0xd3, 0x02, 0x86, 0x76, 0xc1, 0x30,
    0x8a, 0x76, 0x76, 0x01, 0x9c, 0x72, 0xa7, 0x06, 0x9a, 0x74, 0x93, 0x34, 0x9e, 0x74, 0x70, 0x35,
    0xa2, 0x74, 0x27, 0x36, 0xa6, 0x74, 0xdd, 0x36, 0xaa, 0x74, 0xba, 0x17, 0x98, 0x76, 0x39, 0x33,
    0x9c, 0x76, 0xef, 0x33, 0xa0, 0x76, 0xa6, 0x34, 0xa4, 0x76, 0x5d, 0x35, 0xa8, 0x76, 0x39, 0x16,
    0x94, 0x78, 0x25, 0x30, 0x98, 0x78, 0xdc, 0x30, 0x9c, 0x78, 0xb8, 0x31, 0xa0, 0x78, 0x6f, 0x32,
    0xa4, 0x78, 0x25, 0x33, 0xa8, 0x78, 0xdc, 0x03, 0x9e, 0x7a, 0xee, 0x30, 0xa2, 0x7a, 0xa5, 0x31,
    0xa6, 0x7a, 0x81, 0x02, 0xb6, 0x79, 0xbb, 0x34, 0xba, 0x79, 0x72, 0x35, 0xbe, 0x79, 0x04, 0x36,
    0xc2, 0x79, 0x95, 0x36, 0xc6, 0x79, 0x4d, 0x37, 0xca, 0x79, 0xde, 0x07, 0xb6, 0x7b, 0xf7, 0x33,
    0xba, 0x7b, 0x89, 0x34, 0xbe, 0x7b, 0x1a, 0x35, 0xc2, 0x7b, 0xd1, 0x35, 0xc6, 0x7b, 0x63, 0x36,
    0xb4, 0x7d, 0xc5, 0x31, 0xb8, 0x7d, 0x56, 0x32, 0xbc, 0x7d, 0x0d, 0x33, 0xc0, 0x7d, 0x9f, 0x33,
    0xc4, 0x7d, 0x30, 0x34, 0xc8, 0x7d, 0xe8, 0x04, 0xb2, 0x7f, 0x25, 0x30, 0xb6, 0x7f, 0xb6, 0x30,
    0xba, 0x7f, 0x6e, 0x31, 0xbe, 0x7f, 0xff, 0x31, 0xc2, 0x7f, 0x91, 0x32, 0xc6, 0x7f, 0x22, 0x23,
    0xbc, 0x81, 0xcd, 0x30, 0xc0, 0x81, 0x5e, 0x31, 0xc4, 0x81, 0x15, 0x32, 0xc4, 0x83, 0x99, 0x30,
    0x4c, 0x6e, 0x5f, 0x31, 0x50, 0x6e, 0xaa, 0x30, 0x46, 0x70, 0x74, 0x34, 0x4a, 0x70, 0xbf, 0x33,
    0x4e, 0x70, 0x09, 0x33, 0x52, 0x70, 0x53, 0x32, 0x56, 0x70, 0x9d, 0x11, 0x42, 0x72, 0xaf, 0x36,
    0x46, 0x72, 0xd4, 0x35, 0x4a, 0x72, 0x1e, 0x35, 0x4e, 0x72, 0x68, 0x34, 0x52, 0x72, 0xb3, 0x13,
    0x44, 0x74, 0x0f, 0x37, 0x48, 0x74, 0x5a, 0x36, 0x4c, 0x74, 0xa4, 0x25, 0x4a, 0x76, 0x03, 0x08,
    0x62, 0x70, 0x00, 0x00, 0x60, 0x72, 0x39, 0x31, 0x64, 0x72, 0xa9, 0x30, 0x68, 0x72, 0x19, 0x20,
    0x5c, 0x74, 0x4d, 0x33, 0x60, 0x74, 0x97, 0x32, 0x64, 0x74, 0x07, 0x32, 0x68, 0x74, 0x77, 0x31,
    0x6c, 0x74, 0xe7, 0x10, 0x58, 0x76, 0x3a, 0x35, 0x5c, 0x76, 0xaa, 0x34, 0x60, 0x76, 0x1a, 0x34,
    0x64, 0x76, 0x64, 0x33, 0x68, 0x76, 0xd4, 0x12, 0x54, 0x78, 0x4e, 0x37, 0x58, 0x78, 0x98, 0x36,
    0x5c, 0x78, 0x08, 0x36, 0x60, 0x78, 0x78, 0x35, 0x64, 0x78, 0xe8, 0x14, 0x5c, 0x7a, 0xf7, 0x37,
    0x60, 0x7a, 0x41, 0x17, 0x78, 0x76, 0x00, 0x00, 0x76, 0x78, 0x85, 0x31, 0x7a, 0x78, 0x1c, 0x31,
    0x7e, 0x78, 0xb2, 0x30, 0x82, 0x78, 0x49, 0x30, 0x72, 0x7a, 0xdd, 0x33, 0x76, 0x7a, 0x74, 0x33,
    0x7a, 0x7a, 0x0a, 0x33, 0x7e, 0x7a, 0xa1, 0x32, 0x82, 0x7a, 0x37, 0x12, 0x70, 0x7c, 0x62, 0x35,
    0x74, 0x7c, 0xf9, 0x34, 0x78, 0x7c, 0x8f, 0x34, 0x7c, 0x7c, 0x26, 0x34, 0x80, 0x7c, 0xbc, 0x13,
    0x6c, 0x7e, 0x75, 0x37, 0x70, 0x7e, 0x0b, 0x37, 0x74, 0x7e, 0xa2, 0x36, 0x78, 0x7e, 0x38, 0x36,
    0x7c, 0x7e, 0xcf, 0x35, 0x74, 0x80, 0x4b, 0x38, 0x78, 0x80, 0xbb, 0x37, 0x7c, 0x80, 0x52, 0x17,
    0x90, 0x7c, 0x0b, 0x31, 0x94, 0x7c, 0xa0, 0x30, 0x98, 0x7c, 0x0e, 0x00, 0x8e, 0x7e, 0x61, 0x32,
    0x92, 0x7e, 0xd0, 0x31, 0x96, 0x7e, 0x64, 0x31, 0x9a, 0x7e, 0xd3, 0x30, 0x9e, 0x7e, 0x41, 0x10,
    0x8c, 0x80, 0x91, 0x33, 0x90, 0x80, 0xff, 0x32, 0x94, 0x80, 0x94, 0x32, 0x98, 0x80, 0x02, 0x32,
    0x9c, 0x80, 0x97, 0x31, 0xa0, 0x80, 0x06, 0x21, 0x8a, 0x82, 0xc1, 0x34, 0x8e, 0x82, 0x55, 0x34,
    0x92, 0x82, 0xc4, 0x33, 0x96, 0x82, 0x32, 0x33, 0x9a, 0x82, 0xc7, 0x32, 0x9e, 0x82, 0x35, 0x22,
    0x88, 0x84, 0x16, 0x36, 0x8c, 0x84, 0x85, 0x35, 0x90, 0x84, 0xf3, 0x34, 0x94, 0x84, 0x88, 0x34,
    0x98, 0x84, 0xf6, 0x33, 0x9c, 0x84, 0x8b, 0x33, 0x86, 0x86, 0x46, 0x37, 0x8a, 0x86, 0xb5, 0x36,
    0x8e, 0x86, 0x49, 0x36, 0x92, 0x86, 0xb8, 0x35, 0x96, 0x86, 0x26, 0x35, 0x9a, 0x86, 0xbb, 0x34,
    0x9e, 0x86, 0x29, 0x04, 0x8a, 0x88, 0xc2, 0x37, 0x8e, 0x88, 0x30, 0x37, 0x92, 0x88, 0xc5, 0x36,
    0x96, 0x88, 0x33, 0x36, 0x9a, 0x88, 0xa2, 0x25, 0x92, 0x8a, 0xac, 0x37, 0x96, 0x8a, 0x1a, 0x37,
    0x9a, 0x8a, 0xaf, 0x16, 0x9a, 0x8c, 0x96, 0x07, 0xb0, 0x82, 0x00, 0x00, 0xb0, 0x84, 0x9e, 0x30,
    0xb4, 0x84, 0x0c, 0x30, 0xae, 0x86, 0x3a, 0x32, 0xb2, 0x86, 0xce, 0x31, 0xb6, 0x86, 0x3c, 0x31,
    0xba, 0x86, 0xaa, 0x30, 0xbe, 0x86, 0x3e, 0x00, 0xae, 0x88, 0xd8, 0x32, 0xb2, 0x88, 0x46, 0x32,
    0xb6, 0x88, 0xda, 0x31, 0xba, 0x88, 0x48, 0x31, 0xbe, 0x88, 0xdc, 0x30, 0xc2, 0x88, 0x49, 0x30,
    0xac, 0x8a, 0x74, 0x34, 0xb0, 0x8a, 0x08, 0x34, 0xb4, 0x8a, 0x76, 0x33, 0xb8, 0x8a, 0xe4, 0x32,
    0xbc, 0x8a, 0x78, 0x32, 0xc0, 0x8a, 0xe6, 0x31, 0xc4, 0x8a, 0x79, 0x11, 0xac, 0x8c, 0x12, 0x35,
    0xb0, 0x8c, 0xa6, 0x34, 0xb4, 0x8c, 0x14, 0x34, 0xb8, 0x8c, 0x82, 0x33, 0xbc, 0x8c, 0x16, 0x33,
    0xc0, 0x8c, 0x83, 0x32, 0xc4, 0x8c, 0xf1, 0x01, 0xaa, 0x8e, 0xae, 0x36, 0xae, 0x8e, 0x42, 0x36,
    0xb2, 0x8e, 0xb0, 0x35, 0xb6, 0x8e, 0x44, 0x35, 0xba, 0x8e, 0xb2, 0x34, 0xbe, 0x8e, 0x20, 0x34,
    0xc2, 0x8e, 0xb3, 0x23, 0xaa, 0x90, 0x4c, 0x37, 0xae, 0x90, 0xe0, 0x36, 0xb2, 0x90, 0x4e, 0x36,
    0xb6, 0x90, 0xbc, 0x35, 0xba, 0x90, 0x50, 0x35, 0xbe, 0x90, 0xbd, 0x34, 0xc2, 0x90, 0x51, 0x14,
    0xb0, 0x92, 0xa2, 0x37, 0xb4, 0x92, 0x10, 0x37, 0xb8, 0x92, 0x7e, 0x36, 0xbc, 0x92, 0x12, 0x36,
    0xc0, 0x92, 0x80, 0x25, 0xb6, 0x94, 0xd3, 0x37, 0xba, 0x94, 0x40, 0x37, 0xbe, 0x94, 0xd4, 0x36,
    0xc2, 0x94, 0x42, 0x06, 0xbc, 0x96, 0x03, 0x38, 0xc0, 0x96, 0x71, 0x17, 0x5e, 0x66, 0x94, 0x34,
    0x62, 0x66, 0x6f, 0x35, 0x66, 0x66, 0x70, 0x36, 0x6a, 0x66, 0x71, 0x27, 0x5a, 0x68, 0x9f, 0x32,
    0x5e, 0x68, 0xa0, 0x33, 0x62, 0x68, 0x7b, 0x34, 0x66, 0x68, 0x7c, 0x25, 0x5a, 0x6a, 0x3d, 0x30,
    0x5e, 0x6a, 0x3e, 0x31, 0x62, 0x6a, 0x19, 0x22, 0x60, 0x6c, 0x00, 0x00, 0x74, 0x68, 0x03, 0x08,
    0x70, 0x6a, 0x57, 0x35, 0x74, 0x6a, 0x58, 0x36, 0x78, 0x6a, 0x34, 0x37, 0x6c, 0x6c, 0xd1, 0x32,
    0x70, 0x6c, 0xac, 0x33, 0x74, 0x6c, 0x88, 0x34, 0x78, 0x6c, 0x63, 0x35, 0x7c, 0x6c, 0x64, 0x16,
    0x68, 0x6e, 0x25, 0x30, 0x6c, 0x6e, 0x00, 0x31, 0x70, 0x6e, 0xdc, 0x31, 0x74, 0x6e, 0xdd, 0x32,
    0x78, 0x6e, 0xb8, 0x13, 0x70, 0x70, 0x31, 0x30, 0x74, 0x70, 0x0c, 0x11, 0x86, 0x6c, 0x1e, 0x07,
    0x84, 0x6e, 0x55, 0x35, 0x88, 0x6e, 0x30, 0x36, 0x8c, 0x6e, 0x0c, 0x27, 0x82, 0x70, 0x1d, 0x34,
    0x86, 0x70, 0xf8, 0x34, 0x8a, 0x70, 0xd4, 0x35, 0x8e, 0x70, 0xaf, 0x36, 0x7e, 0x72, 0x54, 0x31,
    0x82, 0x72, 0x2f, 0x32, 0x86, 0x72, 0x0b, 0x33, 0x8a, 0x72, 0xe6, 0x33, 0x8e, 0x72, 0xc2, 0x04,
    0x80, 0x74, 0xf7, 0x30, 0x84, 0x74, 0xd3, 0x31, 0x88, 0x74, 0xae, 0x32, 0x8c, 0x74, 0x8a, 0x03,
    0x86, 0x76, 0xe5, 0x30, 0x9c, 0x72, 0xf3, 0x06, 0x9a, 0x74, 0x98, 0x35, 0x9e, 0x74, 0x75, 0x36,
    0xa2, 0x74, 0x52, 0x37, 0xa6, 0x74, 0x2f, 0x08, 0x96, 0x76, 0x5d, 0x32, 0x9a, 0x76, 0x3a, 0x33,
    0x9e, 0x76, 0x3d, 0x34, 0xa2, 0x76, 0x1a, 0x35, 0xa6, 0x76, 0xf7, 0x35, 0xaa, 0x76, 0xd4, 0x06,
    0x94, 0x78, 0x02, 0x31, 0x98, 0x78, 0xdf, 0x31, 0x9c, 0x78, 0xe2, 0x32, 0xa0, 0x78, 0xbf, 0x33,
    0xa4, 0x78, 0x9c, 0x34, 0xa8, 0x78, 0x79, 0x05, 0x9a, 0x7a, 0x16, 0x30, 0x9e, 0x7a, 0x19, 0x31,
    0xa2, 0x7a, 0xf6, 0x31, 0xa6, 0x7a, 0xd3, 0x02, 0xa2, 0x7c, 0x0a, 0x21, 0xb6, 0x79, 0x7a, 0x35,
    0xba, 0x79, 0x0b, 0x36, 0xbe, 0x79, 0x9d, 0x36, 0xc2, 0x79, 0x54, 0x17, 0xb6, 0x7b, 0x8f, 0x34,
    0xba, 0x7b, 0x47, 0x35, 0xbe, 0x7b, 0xd8, 0x35, 0xc2, 0x7b, 0x6a, 0x36, 0xc6, 0x7b, 0x21, 0x37,
    0xb4, 0x7d, 0x82, 0x32, 0xb8, 0x7d, 0x3a, 0x33, 0xbc, 0x7d, 0xcb, 0x33, 0xc0, 0x7d, 0x5c, 0x34,
    0xc4, 0x7d, 0xee, 0x34, 0xc8, 0x7d, 0xa5, 0x05, 0xb2, 0x7f, 0xe2, 0x30, 0xb6, 0x7f, 0x99, 0x31,
    0xba, 0x7f, 0x2b, 0x32, 0xbe, 0x7f, 0xbc, 0x32, 0xc2, 0x7f, 0x74, 0x33, 0xc6, 0x7f, 0x05, 0x14,
    0xb6, 0x81, 0xaf, 0x30, 0xba, 0x81, 0x66, 0x31, 0xbe, 0x81, 0xf8, 0x31, 0xc2, 0x81, 0x89, 0x32,
    0xc6, 0x81, 0x40, 0x03, 0xbe, 0x83, 0xa0, 0x30, 0xc2, 0x83, 0x58, 0x31, 0x52, 0x6b, 0x00, 0x00,
    0x4e, 0x6d, 0xab, 0x31, 0x52, 0x6d, 0xcf, 0x30, 0x56, 0x6d, 0x19, 0x20, 0x48, 0x6f, 0x57, 0x34,
    0x4c, 0x6f, 0x7b, 0x33, 0x50, 0x6f, 0xc5, 0x32, 0x54, 0x6f, 0xe9, 0x31, 0x58, 0x6f, 0x0d, 0x11,
    0x42, 0x71, 0x02, 0x37, 0x46, 0x71, 0x4c, 0x36, 0x4a, 0x71, 0x70, 0x35, 0x4e, 0x71, 0x94, 0x34,
    0x52, 0x71, 0xb8, 0x23, 0x4a, 0x73, 0xd1, 0x36, 0x4e, 0x73, 0x1b, 0x06, 0x64, 0x70, 0x00, 0x00,
    0x60, 0x72, 0x16, 0x32, 0x64, 0x72, 0x5f, 0x31, 0x68, 0x72, 0xcf, 0x30, 0x6c, 0x72, 0x19, 0x00,
    0x5c, 0x74, 0xbf, 0x33, 0x60, 0x74, 0x09, 0x33, 0x64, 0x74, 0x52, 0x32, 0x68, 0x74, 0xc2, 0x31,
    0x6c, 0x74, 0x0c, 0x11, 0x56, 0x76, 0xaf, 0x36, 0x5a, 0x76, 0xf9, 0x35, 0x5e, 0x76, 0x42, 0x35,
    0x62, 0x76, 0xb2, 0x34, 0x66, 0x76, 0xfc, 0x33, 0x58, 0x78, 0xc6, 0x37, 0x5c, 0x78, 0x10, 0x37,
    0x60, 0x78, 0x5a, 0x36, 0x64, 0x78, 0xc9, 0x05, 0x60, 0x7a, 0xdf, 0x07, 0x78, 0x76, 0x00, 0x00,
    0x74, 0x78, 0x3a, 0x32, 0x78, 0x78, 0xd1, 0x31, 0x7c, 0x78, 0x41, 0x31, 0x80, 0x78, 0xb2, 0x30,
    0x84, 0x78, 0x49, 0x10, 0x70, 0x7a, 0x74, 0x34, 0x74, 0x7a, 0x0b, 0x34, 0x78, 0x7a, 0x7b, 0x33,
    0x7c, 0x7a, 0x12, 0x33, 0x80, 0x7a, 0x83, 0x22, 0x6c, 0x7c, 0xae, 0x36, 0x70, 0x7c, 0x45, 0x36,
    0x74, 0x7c, 0xb5, 0x35, 0x78, 0x7c, 0x4c, 0x35, 0x7c, 0x7c, 0xbd, 0x34, 0x80, 0x7c, 0x54, 0x04,
    0x6e, 0x7e, 0xf2, 0x37, 0x72, 0x7e, 0x62, 0x37, 0x76, 0x7e, 0xd3, 0x36, 0x7a, 0x7e, 0x6a, 0x36,
    0x74, 0x80, 0xeb, 0x38, 0x78, 0x80, 0x5c, 0x38, 0x90, 0x7b, 0x00, 0x00, 0x8e, 0x7d, 0x57, 0x31,
    0x92, 0x7d, 0xc5, 0x30, 0x96, 0x7d, 0x33, 0x00, 0x8c, 0x7f, 0xd3, 0x32, 0x90, 0x7f, 0x1c, 0x32,
    0x94, 0x7f, 0x8a, 0x31, 0x98, 0x7f, 0xf9, 0x30, 0x9c, 0x7f, 0x67, 0x10, 0x8a, 0x81, 0xbd, 0x33,
    0x8e, 0x81, 0x05, 0x33, 0x92, 0x81, 0x73, 0x32, 0x96, 0x81, 0xe2, 0x31, 0x9a, 0x81, 0x50, 0x31,
    0x9e, 0x81, 0xbf, 0x20, 0x88, 0x83, 0x13, 0x35, 0x8c, 0x83, 0x82, 0x34, 0x90, 0x83, 0xca, 0x33,
    0x94, 0x83, 0x39, 0x33, 0x98, 0x83, 0xa7, 0x32, 0x9c, 0x83, 0x15, 0x22, 0x86, 0x85, 0x6a, 0x36,
    0x8a, 0x85, 0xd8, 0x35, 0x8e, 0x85, 0x47, 0x35, 0x92, 0x85, 0x8f, 0x34, 0x96, 0x85, 0xfe, 0x33,
    0x9a, 0x85, 0x6c, 0x23, 0x88, 0x87, 0x2f, 0x37, 0x8c, 0x87, 0x9d, 0x36, 0x90, 0x87, 0x0c, 0x36,
    0x94, 0x87, 0x7a, 0x35, 0x98, 0x87, 0xc3, 0x24, 0x8e, 0x89, 0x62, 0x37, 0x92, 0x89, 0xd1, 0x36,
    0x96, 0x89, 0x3f, 0x26, 0x94, 0x8b, 0x96, 0x27, 0xae, 0x83, 0x00, 0x00, 0xae, 0x85, 0x9e, 0x30,
    0xb2, 0x85, 0x0c, 0x30, 0xac, 0x87, 0x15, 0x32, 0xb0, 0x87, 0x82, 0x31, 0xb4, 0x87, 0x16, 0x31,
    0xb8, 0x87, 0xaa, 0x30, 0xbc, 0x87, 0x3e, 0x00, 0xac, 0x89, 0x8d, 0x32, 0xb0, 0x89, 0x20, 0x32,
    0xb4, 0x89, 0xb4, 0x31, 0xb8, 0x89, 0x22, 0x31, 0xbc, 0x89, 0xb6, 0x30, 0xc0, 0x89, 0x4a, 0x30,
    0xaa, 0x8b, 0x29, 0x34, 0xae, 0x8b, 0x97, 0x33, 0xb2, 0x8b, 0x2b, 0x33, 0xb6, 0x8b, 0xbf, 0x32,
    0xba, 0x8b, 0x2c, 0x32, 0xbe, 0x8b, 0xc0, 0x31, 0xc2, 0x8b, 0x54, 0x11, 0xaa, 0x8d, 0xa1, 0x34,
    0xae, 0x8d, 0x35, 0x34, 0xb2, 0x8d, 0xc9, 0x33, 0xb6, 0x8d, 0x37, 0x33, 0xba, 0x8d, 0xca, 0x32,
    0xbe, 0x8d, 0x5e, 0x32, 0xc2, 0x8d, 0xcc, 0x01, 0xa8, 0x8f, 0xd0, 0x35, 0xac, 0x8f, 0x64, 0x35,
    0xb0, 0x8f, 0xd2, 0x34, 0xb4, 0x8f, 0x65, 0x34, 0xb8, 0x8f, 0xf9, 0x33, 0xbc, 0x8f, 0x67, 0x33,
    0xc0, 0x8f, 0xfb, 0x12, 0xa6, 0x91, 0x47, 0x37, 0xaa, 0x91, 0xda, 0x36, 0xae, 0x91, 0x48, 0x36,
    0xb2, 0x91, 0xdc, 0x35, 0xb6, 0x91, 0x70, 0x35, 0xba, 0x91, 0x03, 0x35, 0xbe, 0x91, 0x71, 0x24,
    0xaa, 0x93, 0x52, 0x37, 0xae, 0x93, 0xe6, 0x36, 0xb2, 0x93, 0x7a, 0x36, 0xb6, 0x93, 0xe8, 0x35,
    0xba, 0x93, 0x7c, 0x35, 0xbe, 0x93, 0x0f, 0x15, 0xb0, 0x95, 0xf1, 0x37, 0xb4, 0x95, 0x84, 0x37,
    0xb8, 0x95, 0xf2, 0x36, 0xbc, 0x95, 0x86, 0x26, 0xb8, 0x97, 0x90, 0x37, 0xbc, 0x97, 0x24, 0x17,
    0x60, 0x66, 0xc0, 0x34, 0x64, 0x66, 0xc1, 0x35, 0x68, 0x66, 0xe9, 0x36, 0x5c, 0x68, 0xc8, 0x32,
    0x60, 0x68, 0xf0, 0x33, 0x64, 0x68, 0xf1, 0x34, 0x68, 0x68, 0xf3, 0x35, 0x6c, 0x68, 0xf4, 0x06,
    0x5c, 0x6a, 0x1a, 0x31, 0x60, 0x6a, 0x42, 0x32, 0x64, 0x6a, 0x43, 0x23, 0x76, 0x68, 0x4d, 0x08,
    0x72, 0x6a, 0xa1, 0x35, 0x76, 0x6a, 0x7c, 0x36, 0x7a, 0x6a, 0x57, 0x27, 0x6e, 0x6c, 0xf5, 0x32,
    0x72, 0x6c, 0xd0, 0x33, 0x76, 0x6c, 0xd1, 0x34, 0x7a, 0x6c, 0xad, 0x35, 0x7e, 0x6c, 0x88, 0x06,
    0x6a, 0x6e, 0x00, 0x31, 0x6e, 0x6e, 0xdc, 0x31, 0x72, 0x6e, 0xdd, 0x32, 0x76, 0x6e, 0xb8, 0x33,
    0x7a, 0x6e, 0x93, 0x04, 0x72, 0x70, 0x0c, 0x31, 0x76, 0x70, 0x0d, 0x02, 0x84, 0x6f, 0x30, 0x35,
    0x88, 0x6f, 0x0c, 0x36, 0x8c, 0x6f, 0xe8, 0x36, 0x82, 0x71, 0xf8, 0x33, 0x86, 0x71, 0xd4, 0x34,
    0x8a, 0x71, 0xaf, 0x35, 0x8e, 0x71, 0x8b, 0x36, 0x92, 0x71, 0x67, 0x07, 0x7e, 0x73, 0x2e, 0x31,
    0x82, 0x73, 0x0a, 0x32, 0x86, 0x73, 0xe6, 0x32, 0x8a, 0x73, 0xc1, 0x33, 0x8e, 0x73, 0x9d, 0x14,
    0x80, 0x75, 0xf8, 0x30, 0x84, 0x75, 0xd3, 0x31, 0x88, 0x75, 0xaf, 0x32, 0x8c, 0x75, 0x8b, 0x03,
    0x86, 0x77, 0xe5, 0x30, 0x9a, 0x75, 0xe3, 0x34, 0x9e, 0x75, 0xe7, 0x35, 0xa2, 0x75, 0xc4, 0x36,
    0x98, 0x77, 0xad, 0x33, 0x9c, 0x77, 0x8a, 0x34, 0xa0, 0x77, 0x8e, 0x35, 0xa4, 0x77, 0x6c, 0x36,
    0xa8, 0x77, 0x6f, 0x37, 0xac, 0x77, 0x4d, 0x18, 0x94, 0x79, 0x29, 0x31, 0x98, 0x79, 0x06, 0x32,
    0x9c, 0x79, 0x0a, 0x33, 0xa0, 0x79, 0xe7, 0x33, 0xa4, 0x79, 0xeb, 0x34, 0xa8, 0x79, 0xc9, 0x25,
    0x9a, 0x7b, 0x3b, 0x30, 0x9e, 0x7b, 0x19, 0x31, 0xa2, 0x7b, 0x1c, 0x32, 0xa6, 0x7b, 0x20, 0x13,
    0xa0, 0x7d, 0x07, 0x30, 0xa4, 0x7d, 0x0b, 0x01, 0xb8, 0x78, 0xb3, 0x07, 0xb8, 0x7a, 0x15, 0x37,
    0xbc, 0x7a, 0xa7, 0x37, 0xb6, 0x7c, 0x74, 0x35, 0xba, 0x7c, 0x2c, 0x36, 0xbe, 0x7c, 0xbe, 0x36,
    0xc2, 0x7c, 0x76, 0x37, 0xc6, 0x7c, 0x2e, 0x18, 0xb4, 0x7e, 0xf9, 0x33, 0xb8, 0x7e, 0x8b, 0x34,
    0xbc, 0x7e, 0x43, 0x35, 0xc0, 0x7e, 0xfb, 0x35, 0xc4, 0x7e, 0x8d, 0x36, 0xc8, 0x7e, 0x45, 0x27,
    0xb2, 0x80, 0x58, 0x32, 0xb6, 0x80, 0x10, 0x33, 0xba, 0x80, 0xa2, 0x33, 0xbe, 0x80, 0x5a, 0x34,
    0xc2, 0x80, 0x12, 0x35, 0xc6, 0x80, 0xa4, 0x35, 0xb0, 0x82, 0xdd, 0x30, 0xb4, 0x82, 0x6f, 0x31,
    0xb8, 0x82, 0x27, 0x32, 0xbc, 0x82, 0xdf, 0x32, 0xc0, 0x82, 0x71, 0x33, 0xc4, 0x82, 0x29, 0x34,
    0xb6, 0x84, 0x19, 0x30, 0xba, 0x84, 0xd1, 0x30, 0xbe, 0x84, 0x63, 0x31, 0xc2, 0x84, 0x1b, 0x32,
    0xc6, 0x84, 0xd3, 0x02, 0xbe, 0x86, 0xc4, 0x30, 0xc2, 0x86, 0x57, 0x31, 0xc4, 0x88, 0x00, 0x00,
    0x54, 0x6b, 0x00, 0x00, 0x4e, 0x6d, 0xfa, 0x32, 0x52, 0x6d, 0xf7, 0x31, 0x56, 0x6d, 0x1b, 0x31,
    0x5a, 0x6d, 0x19, 0x00, 0x48, 0x6f, 0x3b, 0x35, 0x4c, 0x6f, 0x39, 0x34, 0x50, 0x6f, 0x5c, 0x33,
    0x54, 0x6f, 0x5a, 0x32, 0x58, 0x6f, 0x58, 0x21, 0x46, 0x71, 0xea, 0x37, 0x4a, 0x71, 0xe8, 0x36,
    0x4e, 0x71, 0x0c, 0x36, 0x52, 0x71, 0x09, 0x25, 0x4a, 0x73, 0x71, 0x38, 0x4e, 0x73, 0x95, 0x07,
    0x62, 0x72, 0x60, 0x31, 0x66, 0x72, 0xaa, 0x30, 0x5c, 0x74, 0x4f, 0x34, 0x60, 0x74, 0x9a, 0x33,
    0x64, 0x74, 0xe4, 0x32, 0x68, 0x74, 0x2e, 0x32, 0x6c, 0x74, 0x9e, 0x11, 0x58, 0x76, 0xf9, 0x35,
    0x5c, 0x76, 0x43, 0x35, 0x60, 0x76, 0x8d, 0x34, 0x64, 0x76, 0xd8, 0x33, 0x68, 0x76, 0x22, 0x13,
    0x58, 0x78, 0xeb, 0x37, 0x5c, 0x78, 0x35, 0x37, 0x60, 0x78, 0x7f, 0x36, 0x64, 0x78, 0xc9, 0x05,
    0x60, 0x7a, 0xdf, 0x07, 0x78, 0x76, 0x00, 0x00, 0x74, 0x78, 0x3b, 0x32, 0x78, 0x78, 0x84, 0x31,
    0x7c, 0x78, 0xce, 0x30, 0x80, 0x78, 0x3d, 0x00, 0x70, 0x7a, 0x75, 0x34, 0x74, 0x7a, 0xbf, 0x33,
    0x78, 0x7a, 0x08, 0x33, 0x7c, 0x7a, 0x78, 0x32, 0x80, 0x7a, 0xc2, 0x31, 0x6c, 0x7c, 0x8a, 0x36,
    0x70, 0x7c, 0xf9, 0x35, 0x74, 0x7c, 0x43, 0x35, 0x78, 0x7c, 0x8c, 0x34, 0x7c, 0x7c, 0xfc, 0x33,
    0x80, 0x7c, 0x46, 0x03, 0x6c, 0x7e, 0x34, 0x38, 0x70, 0x7e, 0x7d, 0x37, 0x74, 0x7e, 0xc7, 0x36,
    0x78, 0x7e, 0x37, 0x36, 0x7c, 0x7e, 0x80, 0x15, 0x72, 0x80, 0xb9, 0x38, 0x76, 0x80, 0x03, 0x38,
    0x7a, 0x80, 0x4d, 0x07, 0x8e, 0x7e, 0xc5, 0x30, 0x92, 0x7e, 0x33, 0x30, 0x8a, 0x80, 0xd2, 0x32,
    0x8e, 0x80, 0x40, 0x32, 0x92, 0x80, 0xaf, 0x31, 0x96, 0x80, 0x1d, 0x31, 0x9a, 0x80, 0x8b, 0x20,
    0x88, 0x82, 0x29, 0x34, 0x8c, 0x82, 0x97, 0x33, 0x90, 0x82, 0x06, 0x33, 0x94, 0x82, 0x74, 0x32,
    0x98, 0x82, 0xe2, 0x31, 0x9c, 0x82, 0x51, 0x21, 0x86, 0x84, 0x13, 0x35, 0x8a, 0x84, 0x81, 0x34,
    0x8e, 0x84, 0xef, 0x33, 0x92, 0x84, 0x5e, 0x33, 0x96, 0x84, 0xcc, 0x32, 0x9a, 0x84, 0x3a, 0x22,
    0x84, 0x86, 0x69, 0x36, 0x88, 0x86, 0xd8, 0x35, 0x8c, 0x86, 0x46, 0x35, 0x90, 0x86, 0xb4, 0x34,
    0x94, 0x86, 0x23, 0x34, 0x98, 0x86, 0x91, 0x23, 0x84, 0x88, 0xe5, 0x37, 0x88, 0x88, 0x53, 0x37,
    0x8c, 0x88, 0xc1, 0x36, 0x90, 0x88, 0x30, 0x36, 0x94, 0x88, 0x9e, 0x35, 0x98, 0x88, 0x0c, 0x05,
    0x8a, 0x8a, 0x18, 0x38, 0x8e, 0x8a, 0x87, 0x37, 0x92, 0x8a, 0xf5, 0x36, 0x96, 0x8a, 0x63, 0x06,
    0x90, 0x8c, 0x4c, 0x38, 0x94, 0x8c, 0xba, 0x07, 0xac, 0x87, 0x0b, 0x31, 0xb0, 0x87, 0x78, 0x30,
    0xaa, 0x89, 0x3b, 0x32, 0xae, 0x89, 0xa8, 0x31, 0xb2, 0x89, 0x15, 0x31, 0xb6, 0x89, 0x83, 0x30,
    0xa8, 0x8b, 0x6a, 0x33, 0xac, 0x8b, 0xd8, 0x32, 0xb0, 0x8b, 0x45, 0x32, 0xb4, 0x8b, 0xb3, 0x31,
    0xb8, 0x8b, 0x20, 0x31, 0xbc, 0x8b, 0x8e, 0x30, 0xa8, 0x8d, 0xe3, 0x33, 0xac, 0x8d, 0x50, 0x33,
    0xb0, 0x8d, 0xbe, 0x32, 0xb4, 0x8d, 0x2b, 0x32, 0xb8, 0x8d, 0x98, 0x31, 0xbc, 0x8d, 0x06, 0x31,
    0xc0, 0x8d, 0x73, 0x10, 0xa6, 0x8f, 0xec, 0x34, 0xaa, 0x8f, 0x5a, 0x34, 0xae, 0x8f, 0xed, 0x33,
    0xb2, 0x8f, 0x5b, 0x33, 0xb6, 0x8f, 0xc8, 0x32, 0xba, 0x8f, 0x36, 0x32, 0xbe, 0x8f, 0xa3, 0x21,
    0xa4, 0x91, 0x1c, 0x36, 0xa8, 0x91, 0x89, 0x35, 0xac, 0x91, 0xf7, 0x34, 0xb0, 0x91, 0x64, 0x34,
    0xb4, 0x91, 0xf8, 0x33, 0xb8, 0x91, 0x65, 0x33, 0xbc, 0x91, 0xd3, 0x32, 0xa2, 0x93, 0x4b, 0x37,
    0xa6, 0x93, 0xb9, 0x36, 0xaa, 0x93, 0x26, 0x36, 0xae, 0x93, 0x94, 0x35, 0xb2, 0x93, 0x01, 0x35,
    0xb6, 0x93, 0x6f, 0x34, 0xba, 0x93, 0x02, 0x34, 0xbe, 0x93, 0x70, 0x03, 0xa8, 0x95, 0x56, 0x37,
    0xac, 0x95, 0xc3, 0x36, 0xb0, 0x95, 0x31, 0x36, 0xb4, 0x95, 0x9e, 0x35, 0xb8, 0x95, 0x0c, 0x35,
    0xbc, 0x95, 0x79, 0x04, 0xac, 0x97, 0x18, 0x38, 0xb0, 0x97, 0x85, 0x37, 0xb4, 0x97, 0xf3, 0x36,
    0xb8, 0x97, 0x60, 0x36, 0xb2, 0x99, 0xb4, 0x37, 0xb6, 0x99, 0x22, 0x37, 0xba, 0x99, 0x8f, 0x06,
    0xb8, 0x9b, 0xbf, 0x17, 0x68, 0x63, 0x64, 0x07, 0x64, 0x65, 0x94, 0x35, 0x68, 0x65, 0x6f, 0x36,
    0x6c, 0x65, 0x70, 0x37, 0x70, 0x65, 0x4c, 0x18, 0x5e, 0x67, 0xa0, 0x32, 0x62, 0x67, 0x7b, 0x33,
    0x66, 0x67, 0x56, 0x34, 0x6a, 0x67, 0x57, 0x25, 0x5e, 0x69, 0x3d, 0x30, 0x62, 0x69, 0x3e, 0x31,
    0x66, 0x69, 0x19, 0x22, 0x64, 0x6b, 0x00, 0x00, 0x72, 0x6a, 0x09, 0x35, 0x76, 0x6a, 0x31, 0x36,
    0x7a, 0x6a, 0x32, 0x37, 0x6e, 0x6c, 0xed, 0x32, 0x72, 0x6c, 0xef, 0x33, 0x76, 0x6c, 0x16, 0x35,
    0x7a, 0x6c, 0x17, 0x36, 0x6e, 0x6e, 0x3d, 0x30, 0x72, 0x6e, 0x65, 0x31, 0x76, 0x6e, 0x66, 0x22,
    0x74, 0x70, 0x00, 0x00, 0x88, 0x6d, 0x1e, 0x07, 0x86, 0x6f, 0xe4, 0x35, 0x8a, 0x6f, 0xe6, 0x36,
    0x8e, 0x6f, 0xe8, 0x27, 0x82, 0x71, 0x86, 0x33, 0x86, 0x71, 0x87, 0x34, 0x8a, 0x71, 0x63, 0x35,
    0x8e, 0x71, 0x65, 0x36, 0x92, 0x71, 0x66, 0x07, 0x7e, 0x73, 0x27, 0x31, 0x82, 0x73, 0x28, 0x32,
    0x86, 0x73, 0x04, 0x33, 0x8a, 0x73, 0x06, 0x34, 0x8e, 0x73, 0x08, 0x05, 0x84, 0x75, 0x39, 0x31,
    0x88, 0x75, 0x15, 0x32, 0x88, 0x77, 0x00, 0x00, 0x9e, 0x73, 0x67, 0x07, 0x9a, 0x75, 0x08, 0x35,
    0x9e, 0x75, 0xe6, 0x35, 0xa2, 0x75, 0xea, 0x36, 0x96, 0x77, 0xaa, 0x32, 0x9a, 0x77, 0x87, 0x33,
    0x9e, 0x77, 0x65, 0x34, 0xa2, 0x77, 0x69, 0x35, 0xa6, 0x77, 0x47, 0x36, 0xaa, 0x77, 0x25, 0x37,
    0x92, 0x79, 0x25, 0x30, 0x96, 0x79, 0x03, 0x31, 0x9a, 0x79, 0x07, 0x32, 0x9e, 0x79, 0xe4, 0x32,
    0xa2, 0x79, 0xc2, 0x33, 0xa6, 0x79, 0xc6, 0x34, 0x9a, 0x7b, 0x19, 0x31, 0x9e, 0x7b, 0x1d, 0x32,
    0xa2, 0x7b, 0xfb, 0x32, 0xa6, 0x7b, 0xd8, 0x03, 0xa0, 0x7d, 0x0b, 0x31, 0xb8, 0x79, 0x40, 0x07,
    0xb6, 0x7b, 0x9f, 0x35, 0xba, 0x7b, 0x7d, 0x36, 0xbe, 0x7b, 0x36, 0x17, 0xb4, 0x7d, 0x24, 0x34,
    0xb8, 0x7d, 0xdc, 0x34, 0xbc, 0x7d, 0x94, 0x35, 0xc0, 0x7d, 0x73, 0x36, 0xc4, 0x7d, 0x2b, 0x37,
    0xb2, 0x7f, 0xa8, 0x32, 0xb6, 0x7f, 0x61, 0x33, 0xba, 0x7f, 0x19, 0x34, 0xbe, 0x7f, 0xd1, 0x34,
    0xc2, 0x7f, 0x8a, 0x35, 0xc6, 0x7f, 0x68, 0x36, 0xca, 0x7f, 0x20, 0x07, 0xb0, 0x81, 0x07, 0x31,
    0xb4, 0x81, 0xe6, 0x31, 0xb8, 0x81, 0x9e, 0x32, 0xbc, 0x81, 0x56, 0x33, 0xc0, 0x81, 0x0f, 0x34,
    0xc4, 0x81, 0xc7, 0x34, 0xc8, 0x81, 0x7f, 0x05, 0xb2, 0x83, 0xd8, 0x30, 0xb6, 0x83, 0x90, 0x31,
    0xba, 0x83, 0x49, 0x32, 0xbe, 0x83, 0x27, 0x33, 0xc2, 0x83, 0xdf, 0x33, 0xc6, 0x83, 0x98, 0x14,
    0xb8, 0x85, 0xcd, 0x30, 0xbc, 0x85, 0x86, 0x31, 0xc0, 0x85, 0x3e, 0x32, 0xc4, 0x85, 0x1c, 0x13,
    0xbe, 0x87, 0xc3, 0x30, 0xc2, 0x87, 0x7b, 0x21, 0x56, 0x69, 0x00, 0x00, 0x52, 0x6b, 0xab, 0x31,
    0x56, 0x6b, 0xcf, 0x30, 0x5a, 0x6b, 0x19, 0x20, 0x4c, 0x6d, 0x0d, 0x35, 0x50, 0x6d, 0x32, 0x34,
    0x54, 0x6d, 0x7c, 0x33, 0x58, 0x6d, 0xa0, 0x32, 0x5c, 0x6d, 0xc4, 0x11, 0x46, 0x6f, 0xde, 0x37,
    0x4a, 0x6f, 0x02, 0x37, 0x4e, 0x6f, 0x26, 0x36, 0x52, 0x6f, 0x4b, 0x35, 0x56, 0x6f, 0x6f, 0x24,
    0x4a, 0x71, 0x89, 0x38, 0x4e, 0x71, 0xad, 0x37, 0x52, 0x71, 0xd2, 0x16, 0x4e, 0x73, 0x34, 0x09,
    0x66, 0x6f, 0x00, 0x00, 0x62, 0x71, 0x16, 0x32, 0x66, 0x71, 0x60, 0x31, 0x6a, 0x71, 0xaa, 0x30,
    0x5e, 0x73, 0x9a, 0x33, 0x62, 0x73, 0xe4, 0x32, 0x66, 0x73, 0x2e, 0x32, 0x6a, 0x73, 0x9e, 0x31,
    0x6e, 0x73, 0xe8, 0x00, 0x58, 0x75, 0xaf, 0x36, 0x5c, 0x75, 0xf9, 0x35, 0x60, 0x75, 0x43, 0x35,
    0x64, 0x75, 0x8d, 0x34, 0x68, 0x75, 0xd8, 0x03, 0x5c, 0x77, 0xc7, 0x36, 0x60, 0x77, 0x11, 0x26,
    0x76, 0x77, 0x60, 0x31, 0x7a, 0x77, 0xaa, 0x30, 0x70, 0x79, 0x4f, 0x34, 0x74, 0x79, 0x9a, 0x33,
    0x78, 0x79, 0xe4, 0x32, 0x7c, 0x79, 0x2e, 0x32, 0x80, 0x79, 0x9e, 0x21, 0x6c, 0x7b, 0xf9, 0x35,
    0x70, 0x7b, 0x43, 0x35, 0x74, 0x7b, 0x8d, 0x34, 0x78, 0x7b, 0xd8, 0x33, 0x7c, 0x7b, 0x22, 0x33,
    0x6c, 0x7d, 0x59, 0x37, 0x70, 0x7d, 0xa3, 0x36, 0x74, 0x7d, 0xed, 0x35, 0x78, 0x7d, 0x37, 0x35,
    0x7c, 0x7d, 0x81, 0x14, 0x70, 0x7f, 0x03, 0x38, 0x74, 0x7f, 0x4d, 0x37, 0x78, 0x7f, 0x97, 0x26,
    0x74, 0x81, 0x3f, 0x39, 0x8c, 0x7e, 0xa2, 0x31, 0x90, 0x7e, 0xea, 0x30, 0x94, 0x7e, 0x59, 0x10,
    0x8a, 0x80, 0x8c, 0x32, 0x8e, 0x80, 0xd5, 0x31, 0x92, 0x80, 0x43, 0x31, 0x96, 0x80, 0x8b, 0x30,
    0x86, 0x82, 0xc0, 0x34, 0x8a, 0x82, 0x08, 0x34, 0x8e, 0x82, 0x77, 0x33, 0x92, 0x82, 0xbf, 0x32,
    0x96, 0x82, 0x2d, 0x32, 0x9a, 0x82, 0x75, 0x31, 0x84, 0x84, 0xaa, 0x35, 0x88, 0x84, 0xf3, 0x34,
    0x8c, 0x84, 0x61, 0x34, 0x90, 0x84, 0xa9, 0x33, 0x94, 0x84, 0x17, 0x33, 0x98, 0x84, 0x60, 0x32,
    0x80, 0x86, 0xde, 0x37, 0x84, 0x86, 0x26, 0x37, 0x88, 0x86, 0x95, 0x36, 0x8c, 0x86, 0xdd, 0x35,
    0x90, 0x86, 0x4b, 0x35, 0x94, 0x86, 0x93, 0x34, 0x98, 0x86, 0x02, 0x04, 0x86, 0x88, 0x7f, 0x37,
    0x8a, 0x88, 0xed, 0x36, 0x8e, 0x88, 0x35, 0x36, 0x92, 0x88, 0xa4, 0x35, 0x96, 0x88, 0xec, 0x04,
    0x8a, 0x8a, 0x69, 0x38, 0x8e, 0x8a, 0xd7, 0x37, 0x92, 0x8a, 0x20, 0x17, 0x8e, 0x8c, 0xe6, 0x38,
    0xaa, 0x87, 0x0b, 0x31, 0xae, 0x87, 0x52, 0x20, 0xa8, 0x89, 0x15, 0x32, 0xac, 0x89, 0x82, 0x31,
    0xb0, 0x89, 0xef, 0x30, 0xb4, 0x89, 0x5d, 0x10, 0xa6, 0x8b, 0x45, 0x33, 0xaa, 0x8b, 0xb2, 0x32,
    0xae, 0x8b, 0x1f, 0x32, 0xb2, 0x8b, 0x66, 0x31, 0xb6, 0x8b, 0xd4, 0x30, 0xba, 0x8b, 0x41, 0x00,
    0xa4, 0x8d, 0x75, 0x34, 0xa8, 0x8d, 0xe2, 0x33, 0xac, 0x8d, 0x29, 0x33, 0xb0, 0x8d, 0x96, 0x32,
    0xb4, 0x8d, 0x03, 0x32, 0xb8, 0x8d, 0x71, 0x31, 0xbc, 0x8d, 0xb8, 0x30, 0xc0, 0x8d, 0x25, 0x00,
    0xa2, 0x8f, 0xa4, 0x35, 0xa6, 0x8f, 0xec, 0x34, 0xaa, 0x8f, 0x59, 0x34, 0xae, 0x8f, 0xc6, 0x33,
    0xb2, 0x8f, 0x33, 0x33, 0xb6, 0x8f, 0x7a, 0x32, 0xba, 0x8f, 0xe8, 0x31, 0xbe, 0x8f, 0x55, 0x01,
    0xa0, 0x91, 0xae, 0x36, 0xa4, 0x91, 0x1b, 0x36, 0xa8, 0x91, 0x89, 0x35, 0xac, 0x91, 0xd0, 0x34,
    0xb0, 0x91, 0x3d, 0x34, 0xb4, 0x91, 0xaa, 0x33, 0xb8, 0x91, 0x17, 0x33, 0xbc, 0x91, 0x5f, 0x12,
    0x9e, 0x93, 0xde, 0x37, 0xa2, 0x93, 0x4b, 0x37, 0xa6, 0x93, 0x92, 0x36, 0xaa, 0x93, 0x00, 0x36,
    0xae, 0x93, 0x6d, 0x35, 0xb2, 0x93, 0xda, 0x34, 0xb6, 0x93, 0x21, 0x34, 0xba, 0x93, 0x8e, 0x13,
    0xa4, 0x95, 0x54, 0x37, 0xa8, 0x95, 0xc1, 0x36, 0xac, 0x95, 0x09, 0x36, 0xb0, 0x95, 0x76, 0x35,
    0xb4, 0x95, 0xe3, 0x34, 0xb8, 0x95, 0x50, 0x24, 0xa8, 0x97, 0xf0, 0x37, 0xac, 0x97, 0x5d, 0x37,
    0xb0, 0x97, 0xca, 0x36, 0xb4, 0x97, 0x37, 0x36, 0xb8, 0x97, 0x7f, 0x15, 0xac, 0x99, 0x43, 0x38,
    0xb0, 0x99, 0xb1, 0x37, 0xb4, 0x99, 0xf8, 0x36, 0xb2, 0x9b, 0xba, 0x37, 0xb6, 0x9b, 0x27, 0x07,
    0x6e, 0x63, 0x3f, 0x07, 0x68, 0x65, 0xd9, 0x34, 0x6c, 0x65, 0xda, 0x35, 0x70, 0x65, 0x01, 0x37,
    0x74, 0x65, 0x28, 0x28, 0x60, 0x67, 0x25, 0x30, 0x64, 0x67, 0x4c, 0x31, 0x68, 0x67, 0x73, 0x32,
    0x6c, 0x67, 0x74, 0x33, 0x70, 0x67, 0x9b, 0x04, 0x66, 0x69, 0x31, 0x30, 0x6a, 0x69, 0x58, 0x01,
    0x76, 0x69, 0x7a, 0x35, 0x7a, 0x69, 0xa2, 0x36, 0x7e, 0x69, 0xf1, 0x17, 0x70, 0x6b, 0xec, 0x31,
    0x74, 0x6b, 0x3a, 0x33, 0x78, 0x6b, 0x63, 0x34, 0x7c, 0x6b, 0xb1, 0x35, 0x80, 0x6b, 0xda, 0x36,
    0x70, 0x6d, 0x41, 0x30, 0x74, 0x6d, 0x8f, 0x31, 0x78, 0x6d, 0xb8, 0x32, 0x7c, 0x6d, 0x06, 0x24,
    0x76, 0x6f, 0x7d, 0x31, 0x8a, 0x6e, 0x1d, 0x07, 0x86, 0x70, 0x96, 0x34, 0x8a, 0x70, 0xbf, 0x35,
    0x8e, 0x70, 0x0e, 0x17, 0x82, 0x72, 0xee, 0x32, 0x86, 0x72, 0x3d, 0x34, 0x8a, 0x72, 0x66, 0x35,
    0x8e, 0x72, 0x8f, 0x36, 0x92, 0x72, 0xde, 0x37, 0x80, 0x74, 0x1e, 0x30, 0x84, 0x74, 0x47, 0x31,
    0x88, 0x74, 0x95, 0x32, 0x8c, 0x74, 0xbe, 0x33, 0x90, 0x74, 0x0d, 0x05, 0x84, 0x76, 0x0f, 0x30,
    0x88, 0x76, 0x38, 0x31, 0x8c, 0x76, 0x87, 0x02, 0x88, 0x78, 0x00, 0x00, 0x9e, 0x74, 0x19, 0x07,
    0x9a, 0x76, 0xe0, 0x34, 0x9e, 0x76, 0xe4, 0x35, 0xa2, 0x76, 0xc2, 0x36, 0x96, 0x78, 0x60, 0x33,
    0x9a, 0x78, 0x64, 0x34, 0x9e, 0x78, 0x43, 0x35, 0xa2, 0x78, 0x47, 0x36, 0xa6, 0x78, 0x25, 0x37,
    0xaa, 0x78, 0x29, 0x28, 0x90, 0x7a, 0x25, 0x30, 0x94, 0x7a, 0x03, 0x31, 0x98, 0x7a, 0x07, 0x32,
    0x9c, 0x7a, 0xe5, 0x32, 0xa0, 0x7a, 0xe9, 0x33, 0xa4, 0x7a, 0xc7, 0x34, 0xa8, 0x7a, 0xcb, 0x05,
    0x96, 0x7c, 0xf7, 0x30, 0x9a, 0x7c, 0xfb, 0x31, 0x9e, 0x7c, 0xd9, 0x32, 0xa2, 0x7c, 0xdd, 0x33,
    0x9a, 0x7e, 0x0c, 0x30, 0x9e, 0x7e, 0xea, 0x30, 0xa2, 0x7e, 0xee, 0x01, 0xb6, 0x7e, 0xa3, 0x36,
    0xba, 0x7e, 0x5c, 0x37, 0xb2, 0x80, 0x4a, 0x34, 0xb6, 0x80, 0x02, 0x35, 0xba, 0x80, 0xe1, 0x35,
    0xbe, 0x80, 0x9a, 0x36, 0xc2, 0x80, 0x78, 0x17, 0xb0, 0x82, 0x61, 0x33, 0xb4, 0x82, 0x40, 0x34,
    0xb8, 0x82, 0xf9, 0x34, 0xbc, 0x82, 0xd7, 0x35, 0xc0, 0x82, 0xb6, 0x36, 0xc4, 0x82, 0x6f, 0x37,
    0xc8, 0x82, 0x4d, 0x18, 0xac, 0x84, 0x08, 0x31, 0xb0, 0x84, 0xe6, 0x31, 0xb4, 0x84, 0x9f, 0x32,
    0xb8, 0x84, 0x7e, 0x33, 0xbc, 0x84, 0x37, 0x34, 0xc0, 0x84, 0x15, 0x35, 0xc4, 0x84, 0xce, 0x25,
    0xae, 0x86, 0xfe, 0x30, 0xb2, 0x86, 0xdd, 0x31, 0xb6, 0x86, 0xbc, 0x32, 0xba, 0x86, 0x74, 0x33,
    0xbe, 0x86, 0x53, 0x34, 0xc2, 0x86, 0x0c, 0x25, 0xb2, 0x88, 0x3c, 0x30, 0xb6, 0x88, 0x1b, 0x31,
    0xba, 0x88, 0xd3, 0x31, 0xbe, 0x88, 0xb2, 0x32, 0xc2, 0x88, 0x6b, 0x03, 0xb6, 0x8a, 0x0e, 0x30,
    0xba, 0x8a, 0xec, 0x30, 0xbe, 0x8a, 0xa5, 0x21, 0xbc, 0x8c, 0xe3, 0x20, 0x5c, 0x68, 0x00, 0x00,
    0x54, 0x6a, 0xdd, 0x33, 0x58, 0x6a, 0xb4, 0x32, 0x5c, 0x6a, 0x8b, 0x31, 0x60, 0x6a, 0x88, 0x10,
    0x4c, 0x6c, 0xb5, 0x36, 0x50, 0x6c, 0xb2, 0x35, 0x54, 0x6c, 0x89, 0x34, 0x58, 0x6c, 0x61, 0x33,
    0x5c, 0x6c, 0x5e, 0x32, 0x60, 0x6c, 0x35, 0x01, 0x50, 0x6e, 0x3d, 0x37, 0x54, 0x6e, 0x15, 0x36,
    0x58, 0x6e, 0x12, 0x15, 0x52, 0x70, 0x13, 0x09, 0x64, 0x70, 0x87, 0x32, 0x68, 0x70, 0x84, 0x31,
    0x6c, 0x70, 0x81, 0x20, 0x5e, 0x72, 0x33, 0x35, 0x62, 0x72, 0x30, 0x34, 0x66, 0x72, 0x52, 0x33,
    0x6a, 0x72, 0x4f, 0x32, 0x6e, 0x72, 0x4c, 0x31, 0x72, 0x72, 0x6f, 0x10, 0x58, 0x74, 0xde, 0x37,
    0x5c, 0x74, 0xdb, 0x36, 0x60, 0x74, 0xfe, 0x35, 0x64, 0x74, 0xfb, 0x34, 0x68, 0x74, 0x1e, 0x34,
    0x6c, 0x74, 0x1b, 0x13, 0x5e, 0x76, 0xed, 0x36, 0x62, 0x76, 0x10, 0x36, 0x66, 0x76, 0x0d, 0x15,
    0x7a, 0x75, 0x00, 0x00, 0x74, 0x77, 0xac, 0x32, 0x78, 0x77, 0xa9, 0x31, 0x7c, 0x77, 0xa6, 0x20,
    0x6e, 0x79, 0x32, 0x35, 0x72, 0x79, 0x55, 0x34, 0x76, 0x79, 0x52, 0x33, 0x7a, 0x79, 0x4f, 0x32,
    0x7e, 0x79, 0x4c, 0x31, 0x82, 0x79, 0x6f, 0x10, 0x68, 0x7b, 0xde, 0x37, 0x6c, 0x7b, 0xdb, 0x36,
    0x70, 0x7b, 0xfe, 0x35, 0x74, 0x7b, 0xfb, 0x34, 0x78, 0x7b, 0xf8, 0x33, 0x7c, 0x7b, 0xf5, 0x32,
    0x6c, 0x7d, 0x16, 0x38, 0x70, 0x7d, 0x13, 0x37, 0x74, 0x7d, 0x10, 0x36, 0x78, 0x7d, 0x33, 0x35,
    0x70, 0x7f, 0x4d, 0x38, 0x74, 0x7f, 0x4a, 0x37, 0x8c, 0x7d, 0x00, 0x00, 0x8a, 0x7f, 0xeb, 0x30,
    0x8e, 0x7f, 0x0c, 0x30, 0x86, 0x81, 0xb2, 0x32, 0x8a, 0x81, 0xd4, 0x31, 0x8e, 0x81, 0x1b, 0x31,
    0x92, 0x81, 0x3d, 0x30, 0x82, 0x83, 0x0d, 0x35, 0x86, 0x83, 0x55, 0x34, 0x8a, 0x83, 0x76, 0x33,
    0x8e, 0x83, 0xbe, 0x32, 0x92, 0x83, 0xe0, 0x31, 0x96, 0x83, 0x28, 0x31, 0x9a, 0x83, 0x4a, 0x10,
    0x7e, 0x85, 0xfa, 0x36, 0x82, 0x85, 0x1c, 0x36, 0x86, 0x85, 0x64, 0x35, 0x8a, 0x85, 0x86, 0x34,
    0x8e, 0x85, 0xcd, 0x33, 0x92, 0x85, 0xef, 0x32, 0x96, 0x85, 0x37, 0x12, 0x7e, 0x87, 0x09, 0x38,
    0x82, 0x87, 0x2b, 0x37, 0x86, 0x87, 0x73, 0x36, 0x8a, 0x87, 0x95, 0x35, 0x8e, 0x87, 0xdd, 0x34,
    0x92, 0x87, 0xfe, 0x23, 0x82, 0x89, 0xa7, 0x37, 0x86, 0x89, 0xc8, 0x36, 0x8a, 0x89, 0x10, 0x36,
    0x8e, 0x89, 0x32, 0x35, 0x86, 0x8b, 0xd8, 0x37, 0x8a, 0x8b, 0x1f, 0x37, 0x88, 0x8d, 0x31, 0x29,
    0xa6, 0x88, 0x00, 0x00, 0xa4, 0x8a, 0x0b, 0x31, 0xa8, 0x8a, 0x77, 0x20, 0xa2, 0x8c, 0xa7, 0x31,
    0xa6, 0x8c, 0x14, 0x31, 0xaa, 0x8c, 0x5a, 0x30, 0xa0, 0x8e, 0xd8, 0x32, 0xa4, 0x8e, 0x1e, 0x32,
    0xa8, 0x8e, 0x8b, 0x31, 0xac, 0x8e, 0xd2, 0x30, 0xb0, 0x8e, 0x18, 0x30, 0x9c, 0x90, 0xc1, 0x34,
    0xa0, 0x90, 0x07, 0x34, 0xa4, 0x90, 0x74, 0x33, 0xa8, 0x90, 0xba, 0x32, 0xac, 0x90, 0x27, 0x32,
    0xb0, 0x90, 0x6e, 0x31, 0xb4, 0x90, 0xb4, 0x30, 0x9a, 0x92, 0x5d, 0x35, 0x9e, 0x92, 0xa3, 0x34,
    0xa2, 0x92, 0x10, 0x34, 0xa6, 0x92, 0x57, 0x33, 0xaa, 0x92, 0xc3, 0x32, 0xae, 0x92, 0x0a, 0x32,
    0xb2, 0x92, 0x51, 0x31, 0xb6, 0x92, 0xbd, 0x20, 0x98, 0x94, 0x8d, 0x36, 0x9c, 0x94, 0xd4, 0x35,
    0xa0, 0x94, 0x1b, 0x35, 0xa4, 0x94, 0x87, 0x34, 0xa8, 0x94, 0xce, 0x33, 0xac, 0x94, 0x15, 0x33,
    0xb0, 0x94, 0x81, 0x32, 0xb4, 0x94, 0xc8, 0x21, 0x98, 0x96, 0x4e, 0x37, 0x9c, 0x96, 0x95, 0x36,
    0xa0, 0x96, 0xdc, 0x35, 0xa4, 0x96, 0x48, 0x35, 0xa8, 0x96, 0x8f, 0x34, 0xac, 0x96, 0xfc, 0x33,
    0xb0, 0x96, 0x42, 0x33, 0xb4, 0x96, 0x89, 0x02, 0x9a, 0x98, 0x34, 0x38, 0x9e, 0x98, 0x7b, 0x37,
    0xa2, 0x98, 0xe8, 0x36, 0xa6, 0x98, 0x2e, 0x36, 0xaa, 0x98, 0x75, 0x35, 0xae, 0x98, 0xe2, 0x34,
    0xb2, 0x98, 0x28, 0x04, 0x9e, 0x9a, 0x3c, 0x38, 0xa2, 0x9a, 0xa9, 0x37, 0xa6, 0x9a, 0xef, 0x36,
    0xaa, 0x9a, 0x5c, 0x36, 0xae, 0x9a, 0xa3, 0x25, 0xa2, 0x9c, 0xfb, 0x37, 0xa6, 0x9c, 0x42, 0x37,
    0xaa, 0x9c, 0x89, 0x36, 0xae, 0x9c, 0xf5, 0x05, 0xa4, 0x9e, 0xe1, 0x38, 0xa8, 0x9e, 0x28, 0x38,
    0xac, 0x9e, 0x94, 0x07, 0xa8, 0xa0, 0xe9, 0x28, 0x70, 0x63, 0x03, 0x08, 0x6a, 0x65, 0x75, 0x35,
    0x6e, 0x65, 0xc2, 0x36, 0x72, 0x65, 0x10, 0x28, 0x62, 0x67, 0x25, 0x30, 0x66, 0x67, 0x73, 0x31,
    0x6a, 0x67, 0xc0, 0x32, 0x6e, 0x67, 0x0e, 0x34, 0x72, 0x67, 0x5b, 0x15, 0x68, 0x69, 0x7f, 0x31,
    0x6c, 0x69, 0xcd, 0x02, 0x76, 0x6a, 0x01, 0x34, 0x7a, 0x6a, 0x76, 0x35, 0x7e, 0x6a, 0xec, 0x36,
    0x70, 0x6c, 0x9a, 0x31, 0x74, 0x6c, 0xea, 0x32, 0x78, 0x6c, 0x5f, 0x34, 0x7c, 0x6c, 0xd4, 0x35,
    0x80, 0x6c, 0x23, 0x37, 0x84, 0x6c, 0x99, 0x18, 0x74, 0x6e, 0x88, 0x31, 0x78, 0x6e, 0xd7, 0x32,
    0x7c, 0x6e, 0x4c, 0x24, 0x88, 0x70, 0xf6, 0x36, 0x8c, 0x70, 0x1f, 0x38, 0x84, 0x72, 0x47, 0x34,
    0x88, 0x72, 0x70, 0x35, 0x8c, 0x72, 0x99, 0x36, 0x90, 0x72, 0xc2, 0x37, 0x7e, 0x74, 0x25, 0x30,
    0x82, 0x74, 0x4e, 0x31, 0x86, 0x74, 0x77, 0x32, 0x8a, 0x74, 0xa0, 0x33, 0x8e, 0x74, 0xc9, 0x34,
    0x92, 0x74, 0xf2, 0x15, 0x84, 0x76, 0x3c, 0x31, 0x88, 0x76, 0x65, 0x32, 0x8c, 0x76, 0x8e, 0x13,
    0x88, 0x78, 0x00, 0x00, 0x9a, 0x78, 0x95, 0x34, 0x9e, 0x78, 0x99, 0x35, 0xa2, 0x78, 0x78, 0x36,
    0xa6, 0x78, 0x56, 0x07, 0x96, 0x7a, 0x61, 0x33, 0x9a, 0x7a, 0x3f, 0x34, 0x9e, 0x7a, 0x1e, 0x35,
    0xa2, 0x7a, 0xfc, 0x35, 0xa6, 0x7a, 0x00, 0x37, 0xaa, 0x7a, 0xde, 0x37, 0x90, 0x7c, 0x25, 0x30,
    0x94, 0x7c, 0x03, 0x31, 0x98, 0x7c, 0x07, 0x32, 0x9c, 0x7c, 0xe5, 0x32, 0xa0, 0x7c, 0xc4, 0x33,
    0xa4, 0x7c, 0xa2, 0x34, 0xa8, 0x7c, 0xa6, 0x15, 0x96, 0x7e, 0x1c, 0x31, 0x9a, 0x7e, 0xfa, 0x31,
    0x9e, 0x7e, 0xd9, 0x32, 0xa2, 0x7e, 0xdd, 0x33, 0x9a, 0x80, 0x31, 0x30, 0x9e, 0x80, 0x10, 0x31,
    0x9e, 0x82, 0x00, 0x00, 0xb8, 0x7e, 0x41, 0x07, 0xb6, 0x80, 0xa4, 0x36, 0xba, 0x80, 0x5e, 0x37,
    0xb2, 0x82, 0x4a, 0x34, 0xb6, 0x82, 0x29, 0x35, 0xba, 0x82, 0xe2, 0x35, 0xbe, 0x82, 0xc1, 0x36,
    0xc2, 0x82, 0xa0, 0x07, 0xb0, 0x84, 0x88, 0x33, 0xb4, 0x84, 0x67, 0x34, 0xb8, 0x84, 0x46, 0x35,
    0xbc, 0x84, 0xff, 0x35, 0xc0, 0x84, 0xde, 0x36, 0xc4, 0x84, 0xbd, 0x37, 0xac, 0x86, 0xe7, 0x31,
    0xb0, 0x86, 0xa0, 0x32, 0xb4, 0x86, 0x80, 0x33, 0xb8, 0x86, 0x5f, 0x34, 0xbc, 0x86, 0x18, 0x35,
    0xc0, 0x86, 0xf7, 0x35, 0xc4, 0x86, 0xd6, 0x36, 0xc8, 0x86, 0x8f, 0x07, 0xac, 0x88, 0x46, 0x30,
    0xb0, 0x88, 0x25, 0x31, 0xb4, 0x88, 0x04, 0x32, 0xb8, 0x88, 0xbd, 0x32, 0xbc, 0x88, 0x9c, 0x33,
    0xc0, 0x88, 0x7c, 0x34, 0xc4, 0x88, 0x35, 0x25, 0xb0, 0x8a, 0x3e, 0x30, 0xb4, 0x8a, 0x1d, 0x31,
    0xb8, 0x8a, 0xd6, 0x31, 0xbc, 0x8a, 0xb5, 0x32, 0xc0, 0x8a, 0x94, 0x33, 0xb4, 0x8c, 0x36, 0x30,
    0xb8, 0x8c, 0xef, 0x30, 0xbc, 0x8c, 0xce, 0x31, 0xc0, 0x8c, 0xad, 0x12, 0xb8, 0x8e, 0x08, 0x30,
    0xbc, 0x8e, 0xe7, 0x20, 0xbc, 0x90, 0x00, 0x00, 0x5e, 0x68, 0x00, 0x00, 0x56, 0x6a, 0xdd, 0x33,
    0x5a, 0x6a, 0x8e, 0x32, 0x5e, 0x6a, 0x66, 0x31, 0x62, 0x6a, 0x3d, 0x00, 0x4e, 0x6c, 0xb5, 0x36,
    0x52, 0x6c, 0x8d, 0x35, 0x56, 0x6c, 0x64, 0x34, 0x5a, 0x6c, 0x3c, 0x33, 0x5e, 0x6c, 0x13, 0x32,
    0x50, 0x6e, 0x66, 0x38, 0x54, 0x6e, 0x3d, 0x37, 0x58, 0x6e, 0x15, 0x26, 0x6a, 0x6e, 0x00, 0x00,
    0x64, 0x70, 0xf9, 0x32, 0x68, 0x70, 0xd0, 0x31, 0x6c, 0x70, 0xcc, 0x20, 0x5e, 0x72, 0x14, 0x35,
    0x62, 0x72, 0xea, 0x33, 0x66, 0x72, 0xe7, 0x32, 0x6a, 0x72, 0xbd, 0x31, 0x6e, 0x72, 0xba, 0x30,
    0x5c, 0x74, 0xe3, 0x36, 0x60, 0x74, 0xba, 0x35, 0x64, 0x74, 0xb6, 0x34, 0x68, 0x74, 0x8d, 0x33,
    0x6c, 0x74, 0x8a, 0x12, 0x5e, 0x76, 0x69, 0x38, 0x62, 0x76, 0x65, 0x37, 0x66, 0x76, 0x3c, 0x16,
    0x7a, 0x76, 0x00, 0x00, 0x74, 0x78, 0x1c, 0x32, 0x78, 0x78, 0x40, 0x31, 0x7c, 0x78, 0x63, 0x30,
    0x6c, 0x7a, 0x60, 0x35, 0x70, 0x7a, 0x83, 0x34, 0x74, 0x7a, 0x80, 0x33, 0x78, 0x7a, 0xa3, 0x32,
    0x7c, 0x7a, 0xc7, 0x31, 0x80, 0x7a, 0xea, 0x00, 0x6a, 0x7c, 0x32, 0x37, 0x6e, 0x7c, 0x55, 0x36,
    0x72, 0x7c, 0x78, 0x35, 0x76, 0x7c, 0x9c, 0x34, 0x7a, 0x7c, 0x99, 0x23, 0x6c, 0x7e, 0xe0, 0x38,
    0x70, 0x7e, 0x03, 0x38, 0x74, 0x7e, 0x26, 0x37, 0x70, 0x80, 0x67, 0x39, 0x88, 0x7f, 0x7d, 0x31,
    0x8c, 0x7f, 0xc4, 0x30, 0x86, 0x81, 0x41, 0x32, 0x8a, 0x81, 0x62, 0x31, 0x8e, 0x81, 0xaa, 0x30,
    0x82, 0x83, 0xe2, 0x33, 0x86, 0x83, 0x03, 0x33, 0x8a, 0x83, 0x4b, 0x32, 0x8e, 0x83, 0x6c, 0x31,
    0x92, 0x83, 0xb4, 0x30, 0x7e, 0x85, 0x3d, 0x36, 0x82, 0x85, 0x5e, 0x35, 0x86, 0x85, 0xa6, 0x34,
    0x8a, 0x85, 0xc7, 0x33, 0x8e, 0x85, 0xe9, 0x32, 0x92, 0x85, 0x30, 0x32, 0x96, 0x85, 0x52, 0x21,
    0x7a, 0x87, 0xde, 0x37, 0x7e, 0x87, 0xff, 0x36, 0x82, 0x87, 0x47, 0x36, 0x86, 0x87, 0x68, 0x35,
    0x8a, 0x87, 0xb0, 0x34, 0x8e, 0x87, 0xd1, 0x33, 0x92, 0x87, 0x19, 0x23, 0x7e, 0x89, 0x54, 0x37,
    0x82, 0x89, 0x9c, 0x36, 0x86, 0x89, 0xbd, 0x35, 0x8a, 0x89, 0x05, 0x35, 0x8e, 0x89, 0x26, 0x24,
    0x80, 0x8b, 0x88, 0x38, 0x84, 0x8b, 0xa9, 0x37, 0x88, 0x8b, 0xcb, 0x36, 0x8c, 0x8b, 0x12, 0x16,
    0x84, 0x8d, 0xfe, 0x37, 0x88, 0x8d, 0x1f, 0x17, 0x86, 0x8f, 0x0b, 0x09, 0xa2, 0x8c, 0x30, 0x31,
    0xa6, 0x8c, 0x9d, 0x30, 0xa0, 0x8e, 0xcd, 0x31, 0xa4, 0x8e, 0x39, 0x31, 0xa8, 0x8e, 0x80, 0x30,
    0x9c, 0x90, 0xb7, 0x33, 0xa0, 0x90, 0x23, 0x33, 0xa4, 0x90, 0x6a, 0x32, 0xa8, 0x90, 0xb0, 0x31,
    0xac, 0x90, 0x1c, 0x31, 0xb0, 0x90, 0x63, 0x10, 0x98, 0x92, 0x32, 0x35, 0x9c, 0x92, 0x79, 0x34,
    0xa0, 0x92, 0xe5, 0x33, 0xa4, 0x92, 0x2b, 0x33, 0xa8, 0x92, 0x72, 0x32, 0xac, 0x92, 0xde, 0x31,
    0xb0, 0x92, 0x24, 0x31, 0xb4, 0x92, 0x6b, 0x10, 0x96, 0x94, 0xcf, 0x35, 0x9a, 0x94, 0x15, 0x35,
    0x9e, 0x94, 0x5c, 0x34, 0xa2, 0x94, 0xc8, 0x33, 0xa6, 0x94, 0x0e, 0x33, 0xaa, 0x94, 0x55, 0x32,
    0xae, 0x94, 0xc1, 0x31, 0xb2, 0x94, 0x07, 0x31, 0xb6, 0x94, 0x4e, 0x00, 0x92, 0x96, 0x24, 0x37,
    0x96, 0x96, 0x91, 0x36, 0x9a, 0x96, 0xd7, 0x35, 0x9e, 0x96, 0x1d, 0x35, 0xa2, 0x96, 0x8a, 0x34,
    0xa6, 0x96, 0xd0, 0x33, 0xaa, 0x96, 0x16, 0x33, 0xae, 0x96, 0x83, 0x32, 0xb2, 0x96, 0xc9, 0x21,
    0x96, 0x98, 0x52, 0x37, 0x9a, 0x98, 0x99, 0x36, 0x9e, 0x98, 0xdf, 0x35, 0xa2, 0x98, 0x4b, 0x35,
    0xa6, 0x98, 0x92, 0x34, 0xaa, 0x98, 0xd8, 0x33, 0xae, 0x98, 0x44, 0x33, 0x98, 0x9a, 0x39, 0x38,
    0x9c, 0x9a, 0x7f, 0x37, 0xa0, 0x9a, 0xc6, 0x36, 0xa4, 0x9a, 0x32, 0x36, 0xa8, 0x9a, 0x78, 0x35,
    0xac, 0x9a, 0xbf, 0x34, 0x9c, 0x9c, 0xac, 0x37, 0xa0, 0x9c, 0x18, 0x37, 0xa4, 0x9c, 0x5f, 0x36,
    0xa8, 0x9c, 0xa5, 0x35, 0xac, 0x9c, 0x11, 0x05, 0xa0, 0x9e, 0xda, 0x37, 0xa4, 0x9e, 0x20, 0x37,
    0xa8, 0x9e, 0x67, 0x26, 0xa2, 0xa0, 0xc1, 0x38, 0xa6, 0xa0, 0x07, 0x18, 0x74, 0x63, 0x7c, 0x06,
    0x66, 0x65, 0x25, 0x30, 0x6a, 0x65, 0x9a, 0x31, 0x6e, 0x65, 0x0f, 0x33, 0x72, 0x65, 0x84, 0x34,
    0x76, 0x65, 0xf9, 0x35, 0x7a, 0x65, 0x6e, 0x17, 0x6a, 0x67, 0x87, 0x31, 0x6e, 0x67, 0xfc, 0x32,
    0x72, 0x67, 0x71, 0x14, 0x6c, 0x69, 0x00, 0x00, 0x80, 0x68, 0x73, 0x08, 0x7a, 0x6a, 0xe6, 0x35,
    0x7e, 0x6a, 0x5b, 0x37, 0x82, 0x6a, 0xd0, 0x18, 0x72, 0x6c, 0x9a, 0x31, 0x76, 0x6c, 0x0f, 0x33,
    0x7a, 0x6c, 0x84, 0x34, 0x7e, 0x6c, 0xf9, 0x35, 0x82, 0x6c, 0x6e, 0x37, 0x86, 0x6c, 0x09, 0x09,
    0x76, 0x6e, 0xad, 0x31, 0x7a, 0x6e, 0x22, 0x33, 0x7e, 0x6e, 0xbc, 0x14, 0x78, 0x70, 0x00, 0x00,
    0x86, 0x71, 0x69, 0x33, 0x8a, 0x71, 0x93, 0x34, 0x8e, 0x71, 0xe2, 0x35, 0x92, 0x71, 0x32, 0x07,
    0x80, 0x73, 0x75, 0x31, 0x84, 0x73, 0xc5, 0x32, 0x88, 0x73, 0xef, 0x33, 0x8c, 0x73, 0x3e, 0x35,
    0x90, 0x73, 0x8e, 0x36, 0x94, 0x73, 0xde, 0x37, 0x82, 0x75, 0x16, 0x30, 0x86, 0x75, 0x66, 0x31,
    0x8a, 0x75, 0xb6, 0x32, 0x8e, 0x75, 0x05, 0x24, 0x86, 0x77, 0x7d, 0x31, 0x9a, 0x79, 0xe6, 0x35,
    0x9e, 0x79, 0x11, 0x37, 0xa2, 0x79, 0x16, 0x18, 0x92, 0x7b, 0xc5, 0x31, 0x96, 0x7b, 0xf0, 0x32,
    0x9a, 0x7b, 0xf5, 0x33, 0x9e, 0x7b, 0xfa, 0x34, 0xa2, 0x7b, 0xff, 0x35, 0xa6, 0x7b, 0x2a, 0x27,
    0x92, 0x7d, 0x6f, 0x31, 0x96, 0x7d, 0x74, 0x32, 0x9a, 0x7d, 0x79, 0x33, 0x9e, 0x7d, 0xa3, 0x34,
    0xa2, 0x7d, 0xa8, 0x35, 0xa6, 0x7d, 0xad, 0x26, 0x96, 0x7f, 0x3d, 0x31, 0x9a, 0x7f, 0x68, 0x32,
    0x9e, 0x7f, 0x6d, 0x33, 0xa2, 0x7f, 0x72, 0x14, 0x9a, 0x81, 0x31, 0x31, 0xb2, 0x82, 0x35, 0x36,
    0xb6, 0x82, 0x14, 0x37, 0xae, 0x84, 0x6d, 0x34, 0xb2, 0x84, 0x73, 0x35, 0xb6, 0x84, 0x53, 0x36,
    0xba, 0x84, 0x32, 0x37, 0xbe, 0x84, 0x12, 0x08, 0xaa, 0x86, 0xcc, 0x32, 0xae, 0x86, 0xac, 0x33,
    0xb2, 0x86, 0x8b, 0x34, 0xb6, 0x86, 0x6b, 0x35, 0xba, 0x86, 0x71, 0x36, 0xbe, 0x86, 0x50, 0x37,
    0xc2, 0x86, 0x30, 0x08, 0xa6, 0x88, 0x05, 0x31, 0xaa, 0x88, 0xe4, 0x31, 0xae, 0x88, 0xea, 0x32,
    0xb2, 0x88, 0xca, 0x33, 0xb6, 0x88, 0xa9, 0x34, 0xba, 0x88, 0x89, 0x35, 0xbe, 0x88, 0x8f, 0x36,
    0xc2, 0x88, 0x6e, 0x37, 0xc6, 0x88, 0x4e, 0x18, 0xaa, 0x8a, 0x23, 0x31, 0xae, 0x8a, 0x02, 0x32,
    0xb2, 0x8a, 0x08, 0x33, 0xb6, 0x8a, 0xe8, 0x33, 0xba, 0x8a, 0xc7, 0x34, 0xbe, 0x8a, 0xa7, 0x35,
    0xc2, 0x8a, 0xad, 0x16, 0xac, 0x8c, 0x16, 0x30, 0xb0, 0x8c, 0x1c, 0x31, 0xb4, 0x8c, 0xfb, 0x31,
    0xb8, 0x8c, 0xdb, 0x32, 0xbc, 0x8c, 0xbb, 0x33, 0xc0, 0x8c, 0xc0, 0x04, 0xb0, 0x8e, 0x34, 0x30,
    0xb4, 0x8e, 0x3a, 0x31, 0xb8, 0x8e, 0x19, 0x32, 0xbc, 0x8e, 0xf9, 0x02, 0xb4, 0x90, 0x0d, 0x31,
    0xb8, 0x90, 0xec, 0x11, 0xb6, 0x92, 0x00, 0x00, 0x62, 0x67, 0x00, 0x00, 0x58, 0x69, 0x0d, 0x35,
    0x5c, 0x69, 0x98, 0x33, 0x60, 0x69, 0x23, 0x32, 0x64, 0x69, 0xd3, 0x20, 0x54, 0x6b, 0xea, 0x37,
    0x58, 0x6b, 0x75, 0x36, 0x5c, 0x6b, 0x26, 0x35, 0x60, 0x6b, 0xb0, 0x33, 0x56, 0x6d, 0xbe, 0x38,
    0x5a, 0x6d, 0x48, 0x17, 0x66, 0x6f, 0x1e, 0x33, 0x6a, 0x6f, 0xce, 0x31, 0x6e, 0x6f, 0xa4, 0x10,
    0x60, 0x71, 0xec, 0x34, 0x64, 0x71, 0xc2, 0x33, 0x68, 0x71, 0x72, 0x32, 0x6c, 0x71, 0x48, 0x31,
    0x5e, 0x73, 0x70, 0x36, 0x62, 0x73, 0x46, 0x35, 0x66, 0x73, 0xf6, 0x33, 0x6a, 0x73, 0xcc, 0x32,
    0x6e, 0x73, 0x7c, 0x21, 0x60, 0x75, 0xca, 0x36, 0x64, 0x75, 0x7a, 0x35, 0x68, 0x75, 0x50, 0x04,
    0x7a, 0x75, 0x00, 0x00, 0x70, 0x77, 0x02, 0x34, 0x74, 0x77, 0xd7, 0x32, 0x78, 0x77, 0xad, 0x31,
    0x7c, 0x77, 0xa8, 0x20, 0x66, 0x79, 0xde, 0x37, 0x6a, 0x79, 0xb3, 0x36, 0x6e, 0x79, 0xaf, 0x35,
    0x72, 0x79, 0x84, 0x34, 0x76, 0x79, 0x7f, 0x33, 0x7a, 0x79, 0x54, 0x32, 0x7e, 0x79, 0x50, 0x31,
    0x82, 0x79, 0x25, 0x00, 0x6a, 0x7b, 0x10, 0x37, 0x6e, 0x7b, 0x0c, 0x36, 0x72, 0x7b, 0xe1, 0x34,
    0x76, 0x7b, 0xdc, 0x33, 0x7a, 0x7b, 0xb2, 0x22, 0x6c, 0x7d, 0x98, 0x38, 0x70, 0x7d, 0x6e, 0x37,
    0x74, 0x7d, 0x69, 0x36, 0x6e, 0x7f, 0x40, 0x39, 0x86, 0x7f, 0xc4, 0x30, 0x80, 0x81, 0xdd, 0x33,
    0x84, 0x81, 0xd7, 0x32, 0x88, 0x81, 0xd2, 0x31, 0x8c, 0x81, 0xcd, 0x30, 0x7c, 0x83, 0xc5, 0x34,
    0x80, 0x83, 0xe6, 0x33, 0x84, 0x83, 0xe1, 0x32, 0x88, 0x83, 0xdb, 0x31, 0x8c, 0x83, 0xd6, 0x30,
    0x76, 0x85, 0xde, 0x37, 0x7a, 0x85, 0xd9, 0x36, 0x7e, 0x85, 0xd4, 0x35, 0x82, 0x85, 0xce, 0x34,
    0x86, 0x85, 0xef, 0x33, 0x8a, 0x85, 0xea, 0x32, 0x8e, 0x85, 0xe5, 0x31, 0x92, 0x85, 0xdf, 0x30,
    0x78, 0x87, 0x32, 0x38, 0x7c, 0x87, 0x2d, 0x37, 0x80, 0x87, 0x28, 0x36, 0x84, 0x87, 0x22, 0x35,
    0x88, 0x87, 0x1d, 0x34, 0x8c, 0x87, 0x3e, 0x33, 0x90, 0x87, 0x39, 0x02, 0x7a, 0x89, 0x60, 0x38,
    0x7e, 0x89, 0x81, 0x37, 0x82, 0x89, 0x7c, 0x36, 0x86, 0x89, 0x76, 0x35, 0x8a, 0x89, 0x71, 0x24,
    0x7c, 0x8b, 0xb4, 0x38, 0x80, 0x8b, 0xaf, 0x37, 0x84, 0x8b, 0xaa, 0x36, 0x88, 0x8b, 0xca, 0x05,
    0x7e, 0x8d, 0x08, 0x39, 0x82, 0x8d, 0x03, 0x28, 0x80, 0x8f, 0x5c, 0x09, 0x9c, 0x8d, 0x57, 0x31,
    0xa0, 0x8d, 0x76, 0x20, 0x98, 0x8f, 0xad, 0x32, 0x9c, 0x8f, 0xf2, 0x31, 0xa0, 0x8f, 0x38, 0x31,
    0xa4, 0x8f, 0x58, 0x10, 0x94, 0x91, 0x28, 0x34, 0x98, 0x91, 0x6e, 0x33, 0x9c, 0x91, 0x8e, 0x32,
    0xa0, 0x91, 0xd4, 0x31, 0xa4, 0x91, 0x1a, 0x31, 0xa8, 0x91, 0x39, 0x00, 0x90, 0x93, 0xa4, 0x35,
    0x94, 0x93, 0xea, 0x34, 0x98, 0x93, 0x0a, 0x34, 0x9c, 0x93, 0x50, 0x33, 0xa0, 0x93, 0x6f, 0x32,
    0xa4, 0x93, 0xb5, 0x31, 0xa8, 0x93, 0xfb, 0x30, 0xac, 0x93, 0x1b, 0x00, 0x8c, 0x95, 0x20, 0x37,
    0x90, 0x95, 0x66, 0x36, 0x94, 0x95, 0x86, 0x35, 0x98, 0x95, 0xcb, 0x34, 0x9c, 0x95, 0xeb, 0x33,
    0xa0, 0x95, 0x31, 0x33, 0xa4, 0x95, 0x77, 0x32, 0xa8, 0x95, 0x97, 0x31, 0xac, 0x95, 0xdc, 0x30,
    0x8c, 0x97, 0xbc, 0x37, 0x90, 0x97, 0x01, 0x37, 0x94, 0x97, 0x47, 0x36, 0x98, 0x97, 0x67, 0x35,
    0x9c, 0x97, 0xad, 0x34, 0xa0, 0x97, 0xcd, 0x33, 0xa4, 0x97, 0x12, 0x33, 0xa8, 0x97, 0x58, 0x32,
    0xac, 0x97, 0x78, 0x31, 0x8e, 0x99, 0x0d, 0x38, 0x92, 0x99, 0x53, 0x37, 0x96, 0x99, 0x73, 0x36,
    0x9a, 0x99, 0xb9, 0x35, 0x9e, 0x99, 0xfe, 0x34, 0xa2, 0x99, 0x1e, 0x34, 0xa6, 0x99, 0x64, 0x33,
    0xaa, 0x99, 0x84, 0x12, 0x92, 0x9b, 0x59, 0x37, 0x96, 0x9b, 0x9f, 0x36, 0x9a, 0x9b, 0xbf, 0x35,
    0x9e, 0x9b, 0x05, 0x35, 0xa2, 0x9b, 0x4b, 0x34, 0xa6, 0x9b, 0x6a, 0x23, 0x94, 0x9d, 0xab, 0x37,
    0x98, 0x9d, 0xf1, 0x36, 0x9c, 0x9d, 0x10, 0x36, 0xa0, 0x9d, 0x56, 0x35, 0xa4, 0x9d, 0x76, 0x04,
    0x96, 0x9f, 0x92, 0x38, 0x9a, 0x9f, 0xb1, 0x37, 0x9e, 0x9f, 0xf7, 0x36, 0x98, 0xa1, 0xbd, 0x38,
    0x9c, 0xa1, 0x03, 0x18, 0x9a, 0xa3, 0x0f, 0x09, 0x6e, 0x64, 0xd1, 0x32, 0x72, 0x64, 0x46, 0x34,
    0x76, 0x64, 0xbb, 0x35, 0x7a, 0x64, 0x30, 0x17, 0x6c, 0x66, 0x8e, 0x31, 0x70, 0x66, 0x03, 0x33,
    0x74, 0x66, 0x78, 0x34, 0x78, 0x66, 0xec, 0x15, 0x7a, 0x69, 0x27, 0x34, 0x7e, 0x69, 0x9c, 0x35,
    0x82, 0x69, 0x11, 0x27, 0x74, 0x6b, 0x9a, 0x31, 0x78, 0x6b, 0x0f, 0x33, 0x7c, 0x6b, 0x84, 0x34,
    0x80, 0x6b, 0xf9, 0x35, 0x84, 0x6b, 0x6e, 0x37, 0x88, 0x6b, 0x09, 0x09, 0x78, 0x6d, 0xad, 0x31,
    0x7c, 0x6d, 0x22, 0x33, 0x80, 0x6d, 0xbc, 0x14, 0x7a, 0x6f, 0x00, 0x00, 0x8e, 0x6f, 0xd1, 0x06,
    0x88, 0x71, 0x03, 0x35, 0x8c, 0x71, 0x2d, 0x36, 0x90, 0x71, 0x7d, 0x27, 0x80, 0x73, 0x75, 0x31,
    0x84, 0x73, 0xc5, 0x32, 0x88, 0x73, 0xef, 0x33, 0x8c, 0x73, 0x3e, 0x35, 0x90, 0x73, 0x8e, 0x36,
    0x94, 0x73, 0xde, 0x37, 0x82, 0x75, 0x16, 0x30, 0x86, 0x75, 0x66, 0x31, 0x8a, 0x75, 0xb6, 0x32,
    0x8e, 0x75, 0x05, 0x24, 0x86, 0x77, 0x7d, 0x31, 0x9e, 0x77, 0xa9, 0x06, 0x98, 0x79, 0x4a, 0x34,
    0x9c, 0x79, 0x4f, 0x35, 0xa0, 0x79, 0x54, 0x36, 0x92, 0x7b, 0xa5, 0x32, 0x96, 0x7b, 0xaa, 0x33,
    0x9a, 0x7b, 0xaf, 0x34, 0x9e, 0x7b, 0xb4, 0x35, 0xa2, 0x7b, 0xb9, 0x36, 0xa6, 0x7b, 0xbe, 0x27,
    0x90, 0x7d, 0x4a, 0x31, 0x94, 0x7d, 0x4f, 0x32, 0x98, 0x7d, 0x54, 0x33, 0x9c, 0x7d, 0x5a, 0x34,
    0xa0, 0x7d, 0x5f, 0x35, 0xa4, 0x7d, 0x64, 0x36, 0xa8, 0x7d, 0x69, 0x07, 0x92, 0x7f, 0x3b, 0x30,
    0x96, 0x7f, 0x40, 0x31, 0x9a, 0x7f, 0x45, 0x32, 0x9e, 0x7f, 0x4a, 0x33, 0xa2, 0x7f, 0x4f, 0x04,
    0x96, 0x81, 0x10, 0x31, 0x9a, 0x81, 0x15, 0x32, 0x98, 0x83, 0x00, 0x00, 0xb4, 0x81, 0x1c, 0x07,
    0xb0, 0x83, 0x7a, 0x35, 0xb4, 0x83, 0x5a, 0x36, 0xac, 0x85, 0x94, 0x34, 0xb0, 0x85, 0x74, 0x35,
    0xb4, 0x85, 0x54, 0x36, 0xb8, 0x85, 0x5a, 0x37, 0xa8, 0x87, 0xf2, 0x32, 0xac, 0x87, 0xd2, 0x33,
    0xb0, 0x87, 0xb2, 0x34, 0xb4, 0x87, 0xb8, 0x35, 0xb8, 0x87, 0x98, 0x36, 0xbc, 0x87, 0x78, 0x37,
    0xa2, 0x89, 0x25, 0x30, 0xa6, 0x89, 0x05, 0x31, 0xaa, 0x89, 0x0b, 0x32, 0xae, 0x89, 0xeb, 0x32,
    0xb2, 0x89, 0xcb, 0x33, 0xb6, 0x89, 0xd1, 0x34, 0xba, 0x89, 0xb1, 0x35, 0xbe, 0x89, 0x91, 0x36,
    0xc2, 0x89, 0x97, 0x17, 0xa6, 0x8b, 0xfe, 0x30, 0xaa, 0x8b, 0x04, 0x32, 0xae, 0x8b, 0xe4, 0x32,
    0xb2, 0x8b, 0xc4, 0x33, 0xb6, 0x8b, 0xca, 0x34, 0xba, 0x8b, 0xaa, 0x35, 0xbe, 0x8b, 0x8a, 0x36,
    0xc2, 0x8b, 0x90, 0x17, 0xa8, 0x8d, 0x17, 0x30, 0xac, 0x8d, 0x1d, 0x31, 0xb0, 0x8d, 0xfd, 0x31,
    0xb4, 0x8d, 0xdd, 0x32, 0xb8, 0x8d, 0xe3, 0x33, 0xbc, 0x8d, 0xc3, 0x34, 0xac, 0x8f, 0x17, 0x31,
    0xb0, 0x8f, 0xf7, 0x31, 0xb4, 0x8f, 0xd7, 0x32, 0xb8, 0x8f, 0xdd, 0x33, 0xae, 0x91, 0x30, 0x30,
    0xb2, 0x91, 0x10, 0x31, 0xb6, 0x91, 0xf0, 0x11, 0xb2, 0x93, 0x09, 0x11, 0x5e, 0x67, 0x67, 0x32,
    0x62, 0x67, 0xf2, 0x30, 0x56, 0x69, 0x69, 0x36, 0x5a, 0x69, 0xf4, 0x34, 0x5e, 0x69, 0x7f, 0x33,
    0x62, 0x69, 0x0a, 0x32, 0x66, 0x69, 0x95, 0x30, 0x58, 0x6b, 0xa1, 0x36, 0x5c, 0x6b, 0x2c, 0x35,
    0x60, 0x6b, 0xb7, 0x13, 0x6e, 0x6c, 0x00, 0x00, 0x66, 0x6e, 0xb1, 0x32, 0x6a, 0x6e, 0x60, 0x31,
    0x6e, 0x6e, 0x0f, 0x20, 0x5c, 0x70, 0xde, 0x37, 0x60, 0x70, 0x8d, 0x36, 0x64, 0x70, 0x3c, 0x35,
    0x68, 0x70, 0xeb, 0x33, 0x6c, 0x70, 0x9a, 0x32, 0x70, 0x70, 0x49, 0x31, 0x5e, 0x72, 0x38, 0x38,
    0x62, 0x72, 0xe7, 0x36, 0x66, 0x72, 0x96, 0x35, 0x6a, 0x72, 0x45, 0x34, 0x6e, 0x72, 0xf4, 0x32,
    0x60, 0x74, 0x92, 0x38, 0x64, 0x74, 0x41, 0x37, 0x68, 0x74, 0xf0, 0x15, 0x62, 0x76, 0xc5, 0x08,
    0x7a, 0x74, 0x00, 0x00, 0x70, 0x76, 0x02, 0x34, 0x74, 0x76, 0xb1, 0x32, 0x78, 0x76, 0x85, 0x31,
    0x7c, 0x76, 0x5a, 0x00, 0x66, 0x78, 0xde, 0x37, 0x6a, 0x78, 0xb3, 0x36, 0x6e, 0x78, 0x61, 0x35,
    0x72, 0x78, 0x36, 0x34, 0x76, 0x78, 0x0b, 0x33, 0x7a, 0x78, 0xdf, 0x31, 0x7e, 0x78, 0x8e, 0x10,
    0x6a, 0x7a, 0x9c, 0x36, 0x6e, 0x7a, 0x70, 0x35, 0x72, 0x7a, 0x45, 0x34, 0x76, 0x7a, 0xf4, 0x32,
    0x7a, 0x7a, 0xc8, 0x31, 0x6c, 0x7c, 0xf6, 0x36, 0x70, 0x7c, 0xca, 0x35, 0x74, 0x7c, 0x79, 0x34,
    0x6e, 0x7e, 0x4f, 0x37, 0x88, 0x7d, 0x00, 0x00, 0x84, 0x7f, 0xe9, 0x30, 0x88, 0x7f, 0x09, 0x20,
    0x7e, 0x81, 0x02, 0x34, 0x82, 0x81, 0xfd, 0x32, 0x86, 0x81, 0xf8, 0x31, 0x8a, 0x81, 0xf2, 0x30,
    0x7a, 0x83, 0xeb, 0x34, 0x7e, 0x83, 0xe6, 0x33, 0x82, 0x83, 0xe0, 0x32, 0x86, 0x83, 0xdb, 0x31,
    0x8a, 0x83, 0xfc, 0x30, 0x74, 0x85, 0xde, 0x37, 0x78, 0x85, 0xd9, 0x36, 0x7c, 0x85, 0xd4, 0x35,
    0x80, 0x85, 0xce, 0x34, 0x84, 0x85, 0xef, 0x33, 0x88, 0x85, 0xea, 0x32, 0x8c, 0x85, 0xe5, 0x31,
    0x90, 0x85, 0xdf, 0x30, 0x78, 0x87, 0xe2, 0x36, 0x7c, 0x87, 0xdd, 0x35, 0x80, 0x87, 0xd8, 0x34,
    0x84, 0x87, 0xd3, 0x33, 0x88, 0x87, 0xcd, 0x32, 0x8c, 0x87, 0xee, 0x21, 0x7a, 0x89, 0x11, 0x37,
    0x7e, 0x89, 0x0b, 0x36, 0x82, 0x89, 0x06, 0x35, 0x86, 0x89, 0x27, 0x34, 0x7c, 0x8b, 0x3f, 0x37,
    0x80, 0x8b, 0x3a, 0x36, 0x84, 0x8b, 0x5a, 0x15, 0x7e, 0x8d, 0x93, 0x27, 0x9c, 0x8c, 0x00, 0x00,
    0x98, 0x8e, 0x7d, 0x31, 0x9c, 0x8e, 0x9c, 0x20, 0x94, 0x90, 0x3e, 0x32, 0x98, 0x90, 0x83, 0x31,
    0x9c, 0x90, 0xa3, 0x30, 0x90, 0x92, 0xba, 0x33, 0x94, 0x92, 0xda, 0x32, 0x98, 0x92, 0x1f, 0x32,
    0x9c, 0x92, 0x3f, 0x31, 0xa0, 0x92, 0x5f, 0x30, 0x8a, 0x94, 0x3c, 0x36, 0x8e, 0x94, 0x5c, 0x35,
    0x92, 0x94, 0xa1, 0x34, 0x96, 0x94, 0xc1, 0x33, 0x9a, 0x94, 0xe1, 0x32, 0x9e, 0x94, 0x26, 0x32,
    0xa2, 0x94, 0x46, 0x31, 0xa6, 0x94, 0x65, 0x10, 0x86, 0x96, 0xfe, 0x36, 0x8a, 0x96, 0x43, 0x36,
    0x8e, 0x96, 0x63, 0x35, 0x92, 0x96, 0x82, 0x34, 0x96, 0x96, 0xc8, 0x33, 0x9a, 0x96, 0xe7, 0x32,
    0x9e, 0x96, 0x07, 0x32, 0xa2, 0x96, 0x4d, 0x31, 0xa6, 0x96, 0x6c, 0x30, 0x88, 0x98, 0xe5, 0x37,
    0x8c, 0x98, 0x04, 0x37, 0x90, 0x98, 0x4a, 0x36, 0x94, 0x98, 0x6a, 0x35, 0x98, 0x98, 0x89, 0x34,
    0x9c, 0x98, 0xcf, 0x33, 0xa0, 0x98, 0xee, 0x32, 0xa4, 0x98, 0x0e, 0x32, 0xa8, 0x98, 0x53, 0x21,
    0x8a, 0x9a, 0x11, 0x38, 0x8e, 0x9a, 0x30, 0x37, 0x92, 0x9a, 0x76, 0x36, 0x96, 0x9a, 0x95, 0x35,
    0x9a, 0x9a, 0xdb, 0x34, 0x9e, 0x9a, 0xfb, 0x33, 0xa2, 0x9a, 0x1a, 0x33, 0xa6, 0x9a, 0x60, 0x02,
    0x8c, 0x9c, 0x3d, 0x38, 0x90, 0x9c, 0x82, 0x37, 0x94, 0x9c, 0xa2, 0x36, 0x98, 0x9c, 0xc1, 0x35,
    0x9c, 0x9c, 0x07, 0x35, 0xa0, 0x9c, 0x26, 0x24, 0x90, 0x9e, 0x89, 0x37, 0x94, 0x9e, 0xa9, 0x36,
    0x98, 0x9e, 0xc8, 0x35, 0x9c, 0x9e, 0x0e, 0x25, 0x92, 0xa0, 0xb5, 0x37, 0x96, 0xa0, 0xd4, 0x36,
    0x9a, 0xa0, 0x1a, 0x06, 0x94, 0xa2, 0xe1, 0x27, 0x7c, 0x62, 0x64, 0x07, 0x6e, 0x64, 0x25, 0x30,
    0x72, 0x64, 0xe7, 0x31, 0x76, 0x64, 0xa9, 0x33, 0x7a, 0x64, 0x6a, 0x35, 0x7e, 0x64, 0x2c, 0x17,
    0x72, 0x66, 0xf9, 0x31, 0x76, 0x66, 0xbb, 0x33, 0x7a, 0x66, 0x7d, 0x25, 0x7c, 0x6a, 0x1f, 0x34,
    0x80, 0x6a, 0xbb, 0x35, 0x84, 0x6a, 0x57, 0x37, 0x88, 0x6a, 0xcd, 0x08, 0x78, 0x6c, 0x68, 0x30,
    0x7c, 0x6c, 0x04, 0x32, 0x80, 0x6c, 0xa0, 0x33, 0x84, 0x6c, 0x17, 0x35, 0x88, 0x6c, 0xb3, 0x36,
    0x7a, 0x6e, 0x34, 0x30, 0x7e, 0x6e, 0xd0, 0x31, 0x82, 0x6e, 0x46, 0x13, 0x7c, 0x70, 0x00, 0x00,
    0x90, 0x6f, 0x74, 0x07, 0x88, 0x71, 0xba, 0x33, 0x8c, 0x71, 0x32, 0x35, 0x90, 0x71, 0x84, 0x36,
    0x80, 0x73, 0x25, 0x30, 0x84, 0x73, 0x77, 0x31, 0x88, 0x73, 0xef, 0x32, 0x8c, 0x73, 0x41, 0x34,
    0x90, 0x73, 0xb9, 0x35, 0x94, 0x73, 0x0b, 0x27, 0x84, 0x75, 0xb4, 0x31, 0x88, 0x75, 0x06, 0x33,
    0x8c, 0x75, 0x7e, 0x34, 0x90, 0x75, 0xd0, 0x35, 0x94, 0x75, 0x22, 0x37, 0x98, 0x75, 0x9a, 0x18,
    0x86, 0x77, 0x7f, 0x31, 0x8a, 0x77, 0xd1, 0x22, 0xa0, 0x78, 0x8e, 0x07, 0x98, 0x7a, 0x97, 0x34,
    0x9c, 0x7a, 0xc3, 0x35, 0xa0, 0x7a, 0xc9, 0x36, 0x90, 0x7c, 0xa0, 0x31, 0x94, 0x7c, 0xcc, 0x32,
    0x98, 0x7c, 0xd3, 0x33, 0x9c, 0x7c, 0xff, 0x34, 0xa0, 0x7c, 0x05, 0x36, 0xa4, 0x7c, 0x31, 0x27,
    0x8e, 0x7e, 0x46, 0x30, 0x92, 0x7e, 0x72, 0x31, 0x96, 0x7e, 0x78, 0x32, 0x9a, 0x7e, 0xa4, 0x33,
    0x9e, 0x7e, 0xaa, 0x34, 0xa2, 0x7e, 0xd6, 0x35, 0xa6, 0x7e, 0xdc, 0x36, 0x92, 0x80, 0x68, 0x31,
    0x96, 0x80, 0x94, 0x32, 0x9a, 0x80, 0x9b, 0x33, 0x9e, 0x80, 0xc7, 0x34, 0xa2, 0x80, 0xcd, 0x35,
    0xa6, 0x80, 0xf9, 0x16, 0x94, 0x82, 0x3a, 0x31, 0x98, 0x82, 0x40, 0x32, 0x9c, 0x82, 0x6c, 0x33,
    0xa0, 0x82, 0x72, 0x14, 0x96, 0x84, 0x2a, 0x30, 0x9a, 0x84, 0x30, 0x01, 0xb4, 0x85, 0x44, 0x07,
    0xae, 0x87, 0x31, 0x35, 0xb2, 0x87, 0x11, 0x36, 0xb6, 0x87, 0x18, 0x17, 0xa8, 0x89, 0x1d, 0x33,
    0xac, 0x89, 0x23, 0x34, 0xb0, 0x89, 0x04, 0x35, 0xb4, 0x89, 0x0b, 0x36, 0xb8, 0x89, 0xec, 0x26,
    0xa2, 0x8b, 0x2f, 0x31, 0xa6, 0x8b, 0x10, 0x32, 0xaa, 0x8b, 0x16, 0x33, 0xae, 0x8b, 0xf7, 0x33,
    0xb2, 0x8b, 0xd8, 0x34, 0xb6, 0x8b, 0xdf, 0x35, 0xba, 0x8b, 0xc0, 0x36, 0xa2, 0x8d, 0x4e, 0x31,
    0xa6, 0x8d, 0x2f, 0x32, 0xaa, 0x8d, 0x0f, 0x33, 0xae, 0x8d, 0x16, 0x34, 0xb2, 0x8d, 0xf7, 0x34,
    0xb6, 0x8d, 0xd8, 0x35, 0xba, 0x8d, 0xde, 0x36, 0xbe, 0x8d, 0xbf, 0x27, 0xa4, 0x8f, 0x22, 0x31,
    0xa8, 0x8f, 0x02, 0x32, 0xac, 0x8f, 0xe3, 0x32, 0xb0, 0x8f, 0xea, 0x33, 0xb4, 0x8f, 0xcb, 0x34,
    0xb8, 0x8f, 0xd1, 0x35, 0xbc, 0x8f, 0xb2, 0x36, 0xc0, 0x8f, 0x93, 0x37, 0xc4, 0x8f, 0x9a, 0x08,
    0xa6, 0x91, 0x3a, 0x30, 0xaa, 0x91, 0x1a, 0x31, 0xae, 0x91, 0x21, 0x32, 0xb2, 0x91, 0x02, 0x33,
    0xb6, 0x91, 0x09, 0x34, 0xba, 0x91, 0xea, 0x34, 0xbe, 0x91, 0xca, 0x05, 0xa8, 0x93, 0x0d, 0x30,
    0xac, 0x93, 0x14, 0x31, 0xb0, 0x93, 0xf5, 0x31, 0xb4, 0x93, 0xd6, 0x32, 0xb8, 0x93, 0xdd, 0x03,
    0xac, 0x95, 0x0d, 0x31, 0xb0, 0x95, 0x14, 0x22, 0x60, 0x67, 0x71, 0x33, 0x64, 0x67, 0xd4, 0x31,
    0x68, 0x67, 0x38, 0x30, 0x5a, 0x69, 0x0d, 0x38, 0x5e, 0x69, 0x71, 0x36, 0x62, 0x69, 0xd4, 0x34,
    0x66, 0x69, 0x5e, 0x33, 0x6a, 0x69, 0xc1, 0x31, 0x6e, 0x69, 0x25, 0x00, 0x5c, 0x6b, 0x45, 0x38,
    0x60, 0x6b, 0xa8, 0x26, 0x66, 0x6e, 0xe1, 0x33, 0x6a, 0x6e, 0x6a, 0x32, 0x6e, 0x6e, 0x19, 0x31,
    0x60, 0x70, 0x0d, 0x38, 0x64, 0x70, 0xbc, 0x36, 0x68, 0x70, 0x44, 0x35, 0x6c, 0x70, 0xf3, 0x33,
    0x70, 0x70, 0x7c, 0x32, 0x74, 0x70, 0x2b, 0x31, 0x62, 0x72, 0x90, 0x38, 0x66, 0x72, 0x19, 0x37,
    0x6a, 0x72, 0xc8, 0x35, 0x64, 0x74, 0xed, 0x08, 0x72, 0x76, 0xb1, 0x32, 0x76, 0x76, 0x60, 0x31,
    0x7a, 0x76, 0x34, 0x30, 0x68, 0x78, 0x8d, 0x36, 0x6c, 0x78, 0x62, 0x35, 0x70, 0x78, 0x10, 0x34,
    0x74, 0x78, 0xe5, 0x32, 0x78, 0x78, 0x94, 0x31, 0x7c, 0x78, 0x69, 0x30, 0x6a, 0x7a, 0xc1, 0x36,
    0x6e, 0x7a, 0x96, 0x35, 0x72, 0x7a, 0x45, 0x34, 0x76, 0x7a, 0x19, 0x33, 0x7a, 0x7a, 0xc8, 0x31,
    0x6c, 0x7c, 0xf5, 0x36, 0x70, 0x7c, 0xca, 0x35, 0x74, 0x7c, 0x79, 0x14, 0x86, 0x7e, 0x00, 0x00,
    0x80, 0x80, 0x80, 0x31, 0x84, 0x80, 0x53, 0x30, 0x78, 0x82, 0x32, 0x35, 0x7c, 0x82, 0x2c, 0x34,
    0x80, 0x82, 0xff, 0x32, 0x84, 0x82, 0xd3, 0x31, 0x88, 0x82, 0xcc, 0x20, 0x72, 0x84, 0xb2, 0x36,
    0x76, 0x84, 0xab, 0x35, 0x7a, 0x84, 0x7f, 0x34, 0x7e, 0x84, 0x52, 0x33, 0x82, 0x84, 0x4c, 0x32,
    0x86, 0x84, 0x1f, 0x31, 0x74, 0x86, 0xe0, 0x36, 0x78, 0x86, 0xb3, 0x35, 0x7c, 0x86, 0x87, 0x34,
    0x80, 0x86, 0x80, 0x33, 0x84, 0x86, 0x54, 0x32, 0x88, 0x86, 0x27, 0x31, 0x8c, 0x86, 0x21, 0x20,
    0x76, 0x88, 0xe8, 0x36, 0x7a, 0x88, 0xe1, 0x35, 0x7e, 0x88, 0xb5, 0x34, 0x82, 0x88, 0x88, 0x33,
    0x86, 0x88, 0x82, 0x32, 0x8a, 0x88, 0x55, 0x21, 0x78, 0x8a, 0x16, 0x37, 0x7c, 0x8a, 0xe9, 0x35,
    0x80, 0x8a, 0xbd, 0x34, 0x84, 0x8a, 0xb6, 0x23, 0x7a, 0x8c, 0x1e, 0x37, 0x7e, 0x8c, 0xf1, 0x25,
    0x7a, 0x8e, 0x9d, 0x08, 0x98, 0x8d, 0x00, 0x00, 0x94, 0x8f, 0xc1, 0x30, 0x8e, 0x91, 0x6a, 0x33,
    0x92, 0x91, 0x64, 0x32, 0x96, 0x91, 0x83, 0x31, 0x9a, 0x91, 0xa2, 0x20, 0x8a, 0x93, 0x06, 0x34,
    0x8e, 0x93, 0x25, 0x33, 0x92, 0x93, 0x44, 0x32, 0x96, 0x93, 0x63, 0x31, 0x9a, 0x93, 0x5c, 0x30,
    0x84, 0x95, 0xf3, 0x35, 0x88, 0x95, 0x12, 0x35, 0x8c, 0x95, 0x31, 0x34, 0x90, 0x95, 0x2a, 0x33,
    0x94, 0x95, 0x49, 0x32, 0x98, 0x95, 0x68, 0x31, 0x9c, 0x95, 0x87, 0x30, 0x82, 0x97, 0x00, 0x37,
    0x86, 0x97, 0x1f, 0x36, 0x8a, 0x97, 0x18, 0x35, 0x8e, 0x97, 0x37, 0x34, 0x92, 0x97, 0x56, 0x33,
    0x96, 0x97, 0x4f, 0x32, 0x9a, 0x97, 0x6e, 0x31, 0x9e, 0x97, 0x8d, 0x30, 0x82, 0x99, 0x32, 0x38,
    0x86, 0x99, 0x51, 0x37, 0x8a, 0x99, 0x4a, 0x36, 0x8e, 0x99, 0x69, 0x35, 0x92, 0x99, 0x88, 0x34,
    0x96, 0x99, 0xa7, 0x33, 0x9a, 0x99, 0xa0, 0x32, 0x9e, 0x99, 0xbf, 0x31, 0xa2, 0x99, 0xde, 0x20,
    0x84, 0x9b, 0x37, 0x38, 0x88, 0x9b, 0x56, 0x37, 0x8c, 0x9b, 0x75, 0x36, 0x90, 0x9b, 0x6e, 0x35,
    0x94, 0x9b, 0x8d, 0x34, 0x98, 0x9b, 0xac, 0x33, 0x9c, 0x9b, 0xa5, 0x32, 0xa0, 0x9b, 0xc4, 0x31,
    0x86, 0x9d, 0xa7, 0x37, 0x8a, 0x9d, 0xa0, 0x36, 0x8e, 0x9d, 0xbf, 0x35, 0x92, 0x9d, 0xde, 0x34,
    0x96, 0x9d, 0xfd, 0x33, 0x9a, 0x9d, 0xf6, 0x32, 0x9e, 0x9d, 0x15, 0x02, 0x86, 0x9f, 0xd9, 0x38,
    0x8a, 0x9f, 0xd2, 0x37, 0x8e, 0x9f, 0xf1, 0x36, 0x92, 0x9f, 0x10, 0x36, 0x96, 0x9f, 0x2f, 0x35,
    0x88, 0xa1, 0xde, 0x38, 0x8c, 0xa1, 0xfd, 0x37, 0x90, 0xa1, 0xf6, 0x36, 0x94, 0xa1, 0x15, 0x06,
    0x8a, 0xa3, 0x4e, 0x38, 0x8e, 0xa3, 0x47, 0x17, 0x8a, 0xa5, 0x80, 0x09, 0x76, 0x63, 0xb8, 0x34,
    0x7a, 0x63, 0x9f, 0x36, 0x7e, 0x63, 0x61, 0x28, 0x72, 0x65, 0xdd, 0x31, 0x76, 0x65, 0xc5, 0x33,
    0x7a, 0x65, 0x86, 0x35, 0x7e, 0x65, 0x6e, 0x37, 0x82, 0x65, 0x2f, 0x09, 0x74, 0x67, 0xcb, 0x31,
    0x78, 0x67, 0xb2, 0x03, 0x86, 0x68, 0x92, 0x07, 0x7c, 0x6a, 0xab, 0x32, 0x80, 0x6a, 0x22, 0x34,
    0x84, 0x6a, 0xbe, 0x35, 0x88, 0x6a, 0x5b, 0x17, 0x7a, 0x6c, 0x03, 0x32, 0x7e, 0x6c, 0x79, 0x33,
    0x82, 0x6c, 0x16, 0x35, 0x86, 0x6c, 0xb2, 0x36, 0x8a, 0x6c, 0x4f, 0x28, 0x7c, 0x6e, 0xa5, 0x31,
    0x80, 0x6e, 0x42, 0x13, 0x8a, 0x71, 0x7d, 0x35, 0x8e, 0x71, 0xcf, 0x36, 0x92, 0x71, 0x47, 0x18,
    0x80, 0x73, 0x25, 0x30, 0x84, 0x73, 0x77, 0x31, 0x88, 0x73, 0xef, 0x32, 0x8c, 0x73, 0x41, 0x34,
    0x90, 0x73, 0xb9, 0x35, 0x94, 0x73, 0x0b, 0x27, 0x84, 0x75, 0xb4, 0x31, 0x88, 0x75, 0x06, 0x33,
    0x8c, 0x75, 0x7e, 0x34, 0x90, 0x75, 0xd0, 0x35, 0x94, 0x75, 0x22, 0x37, 0x98, 0x75, 0x9a, 0x18,
    0x86, 0x77, 0x7f, 0x31, 0x8a, 0x77, 0xd1, 0x22, 0x98, 0x7a, 0xa1, 0x35, 0x9c, 0x7a, 0xcd, 0x36,
    0xa0, 0x7a, 0xfa, 0x17, 0x90, 0x7c, 0xce, 0x32, 0x94, 0x7c, 0xd5, 0x33, 0x98, 0x7c, 0x01, 0x35,
    0x9c, 0x7c, 0x2e, 0x36, 0xa0, 0x7c, 0x35, 0x37, 0xa4, 0x7c, 0x61, 0x08, 0x8e, 0x7e, 0x72, 0x31,
    0x92, 0x7e, 0x9f, 0x32, 0x96, 0x7e, 0xcc, 0x33, 0x9a, 0x7e, 0xd2, 0x34, 0x9e, 0x7e, 0xff, 0x35,
    0xa2, 0x7e, 0x2c, 0x37, 0xa6, 0x7e, 0x32, 0x18, 0x90, 0x80, 0x69, 0x31, 0x94, 0x80, 0x96, 0x32,
    0x98, 0x80, 0x9d, 0x33, 0x9c, 0x80, 0xc9, 0x34, 0xa0, 0x80, 0xf6, 0x35, 0xa4, 0x80, 0xfd, 0x36,
    0xa8, 0x80, 0x29, 0x28, 0x92, 0x82, 0x3a, 0x31, 0x96, 0x82, 0x67, 0x32, 0x9a, 0x82, 0x94, 0x33,
    0x9e, 0x82, 0x9a, 0x34, 0x94, 0x84, 0x31, 0x31, 0x98, 0x84, 0x5e, 0x02, 0xb2, 0x85, 0x44, 0x07,
    0xac, 0x87, 0x56, 0x35, 0xb0, 0x87, 0x37, 0x36, 0xb4, 0x87, 0x3e, 0x07, 0xa6, 0x89, 0x42, 0x33,
    0xaa, 0x89, 0x49, 0x34, 0xae, 0x89, 0x2a, 0x35, 0xb2, 0x89, 0x31, 0x36, 0xb6, 0x89, 0x12, 0x17,
    0xa0, 0x8b, 0x54, 0x31, 0xa4, 0x8b, 0x5b, 0x32, 0xa8, 0x8b, 0x3c, 0x33, 0xac, 0x8b, 0x43, 0x34,
    0xb0, 0x8b, 0x24, 0x35, 0xb4, 0x8b, 0x2b, 0x36, 0xb8, 0x8b, 0x0c, 0x27, 0x9e, 0x8d, 0x6d, 0x30,
    0xa2, 0x8d, 0x4e, 0x31, 0xa6, 0x8d, 0x2f, 0x32, 0xaa, 0x8d, 0x36, 0x33, 0xae, 0x8d, 0x17, 0x34,
    0xb2, 0x8d, 0x1e, 0x35, 0xb6, 0x8d, 0xff, 0x35, 0xba, 0x8d, 0x06, 0x27, 0xa0, 0x8f, 0x41, 0x30,
    0xa4, 0x8f, 0x48, 0x31, 0xa8, 0x8f, 0x29, 0x32, 0xac, 0x8f, 0x30, 0x33, 0xb0, 0x8f, 0x11, 0x34,
    0xb4, 0x8f, 0x18, 0x35, 0xb8, 0x8f, 0xf9, 0x35, 0xbc, 0x8f, 0x00, 0x37, 0xa2, 0x91, 0x3b, 0x30,
    0xa6, 0x91, 0x1c, 0x31, 0xaa, 0x91, 0x23, 0x32, 0xae, 0x91, 0x04, 0x33, 0xb2, 0x91, 0x0b, 0x34,
    0xb6, 0x91, 0xec, 0x34, 0xba, 0x91, 0xf3, 0x35, 0xbe, 0x91, 0xd4, 0x06, 0xa4, 0x93, 0x35, 0x30,
    0xa8, 0x93, 0x16, 0x31, 0xac, 0x93, 0x1d, 0x32, 0xb0, 0x93, 0xfe, 0x32, 0xb4, 0x93, 0x05, 0x34,
    0xb8, 0x93, 0xe6, 0x04, 0xa6, 0x95, 0x09, 0x30, 0xaa, 0x95, 0x10, 0x31, 0xae, 0x95, 0xf1, 0x31,
    0xb2, 0x95, 0xf8, 0x02, 0xa8, 0x97, 0x03, 0x30, 0xac, 0x97, 0x0a, 0x01, 0x62, 0x66, 0x4b, 0x33,
    0x66, 0x66, 0xaf, 0x31, 0x6a, 0x66, 0x12, 0x30, 0x5c, 0x68, 0xe7, 0x37, 0x60, 0x68, 0x4b, 0x36,
    0x64, 0x68, 0xaf, 0x34, 0x68, 0x68, 0x13, 0x33, 0x6c, 0x68, 0x51, 0x31, 0x5e, 0x6a, 0xce, 0x36,
    0x62, 0x6a, 0x0c, 0x15, 0x72, 0x6b, 0x00, 0x00, 0x66, 0x6d, 0x32, 0x35, 0x6a, 0x6d, 0xba, 0x33,
    0x6e, 0x6d, 0x42, 0x32, 0x72, 0x6d, 0xcb, 0x20, 0x62, 0x6f, 0x6e, 0x36, 0x66, 0x6f, 0xf6, 0x34,
    0x6a, 0x6f, 0x7e, 0x33, 0x6e, 0x6f, 0x06, 0x32, 0x72, 0x6f, 0x8e, 0x30, 0x62, 0x71, 0x65, 0x38,
    0x66, 0x71, 0xc7, 0x36, 0x6a, 0x71, 0x50, 0x35, 0x6e, 0x71, 0xd8, 0x33, 0x72, 0x71, 0x60, 0x02,
    0x64, 0x73, 0x74, 0x38, 0x68, 0x73, 0xd6, 0x06, 0x72, 0x76, 0x8b, 0x32, 0x76, 0x76, 0x60, 0x31,
    0x7a, 0x76, 0x0f, 0x30, 0x66, 0x78, 0xde, 0x37, 0x6a, 0x78, 0xb3, 0x36, 0x6e, 0x78, 0x61, 0x35,
    0x72, 0x78, 0x36, 0x34, 0x76, 0x78, 0xe5, 0x32, 0x7a, 0x78, 0xba, 0x31, 0x7e, 0x78, 0x68, 0x10,
    0x68, 0x7a, 0xed, 0x37, 0x6c, 0x7a, 0xc2, 0x36, 0x70, 0x7a, 0x70, 0x35, 0x74, 0x7a, 0x45, 0x34,
    0x78, 0x7a, 0xf4, 0x32, 0x7c, 0x7a, 0xc8, 0x01, 0x6a, 0x7c, 0xfc, 0x37, 0x6e, 0x7c, 0xd0, 0x36,
    0x72, 0x7c, 0x7f, 0x25, 0x6c, 0x7e, 0x0a, 0x08, 0x7e, 0x80, 0xac, 0x32, 0x82, 0x80, 0x80, 0x31,
    0x86, 0x80, 0x53, 0x10, 0x78, 0x82, 0x06, 0x34, 0x7c, 0x82, 0xff, 0x32, 0x80, 0x82, 0xd3, 0x31,
    0x84, 0x82, 0xa7, 0x30, 0x70, 0x84, 0xde, 0x37, 0x74, 0x84, 0xb2, 0x36, 0x78, 0x84, 0x85, 0x35,
    0x7c, 0x84, 0x59, 0x34, 0x80, 0x84, 0x53, 0x33, 0x84, 0x84, 0x26, 0x32, 0x88, 0x84, 0xfa, 0x30,
    0x72, 0x86, 0xe6, 0x37, 0x76, 0x86, 0xba, 0x36, 0x7a, 0x86, 0x8d, 0x35, 0x7e, 0x86, 0x61, 0x34,
    0x82, 0x86, 0x5b, 0x33, 0x86, 0x86, 0x2e, 0x32, 0x8a, 0x86, 0x02, 0x31, 0x74, 0x88, 0xee, 0x37,
    0x78, 0x88, 0xc2, 0x36, 0x7c, 0x88, 0x96, 0x35, 0x80, 0x88, 0x69, 0x34, 0x84, 0x88, 0x63, 0x33,
    0x88, 0x88, 0x37, 0x22, 0x76, 0x8a, 0x15, 0x37, 0x7a, 0x8a, 0xe9, 0x35, 0x7e, 0x8a, 0xbd, 0x34,
    0x82, 0x8a, 0xb6, 0x03, 0x78, 0x8c, 0x1e, 0x27, 0x90, 0x90, 0xe7, 0x30, 0x94, 0x90, 0x06, 0x30,
    0x8a, 0x92, 0xd5, 0x32, 0x8e, 0x92, 0xf4, 0x31, 0x92, 0x92, 0xed, 0x30, 0x96, 0x92, 0x0b, 0x30,
    0x84, 0x94, 0xc3, 0x34, 0x88, 0x94, 0xe2, 0x33, 0x8c, 0x94, 0xdb, 0x32, 0x90, 0x94, 0xf9, 0x31,
    0x94, 0x94, 0xf2, 0x30, 0x98, 0x94, 0x11, 0x30, 0x7c, 0x96, 0xde, 0x37, 0x80, 0x96, 0xfd, 0x36,
    0x84, 0x96, 0xf5, 0x35, 0x88, 0x96, 0x14, 0x35, 0x8c, 0x96, 0x0d, 0x34, 0x90, 0x96, 0x2c, 0x33,
    0x94, 0x96, 0x24, 0x32, 0x98, 0x96, 0x43, 0x31, 0x9c, 0x96, 0x62, 0x10, 0x7e, 0x98, 0xe4, 0x37,
    0x82, 0x98, 0x02, 0x37, 0x86, 0x98, 0xfb, 0x35, 0x8a, 0x98, 0x1a, 0x35, 0x8e, 0x98, 0x13, 0x34,
    0x92, 0x98, 0x31, 0x33, 0x96, 0x98, 0x2a, 0x32, 0x9a, 0x98, 0x49, 0x31, 0x9e, 0x98, 0x68, 0x10,
    0x80, 0x9a, 0x2d, 0x37, 0x84, 0x9a, 0x4c, 0x36, 0x88, 0x9a, 0x45, 0x35, 0x8c, 0x9a, 0x64, 0x34,
    0x90, 0x9a, 0x5c, 0x33, 0x94, 0x9a, 0x7b, 0x32, 0x98, 0x9a, 0x9a, 0x31, 0x9c, 0x9a, 0x93, 0x30,
    0x80, 0x9c, 0x60, 0x38, 0x84, 0x9c, 0x7e, 0x37, 0x88, 0x9c, 0x77, 0x36, 0x8c, 0x9c, 0x96, 0x35,
    0x90, 0x9c, 0xb5, 0x34, 0x94, 0x9c, 0xad, 0x33, 0x98, 0x9c, 0xcc, 0x32, 0x9c, 0x9c, 0xc5, 0x31,
    0x82, 0x9e, 0xa9, 0x37, 0x86, 0x9e, 0xc8, 0x36, 0x8a, 0x9e, 0xe7, 0x35, 0x8e, 0x9e, 0xe0, 0x34,
    0x92, 0x9e, 0xfe, 0x33, 0x96, 0x9e, 0xf7, 0x32, 0x82, 0xa0, 0xdc, 0x38, 0x86, 0xa0, 0xfa, 0x37,
    0x8a, 0xa0, 0x19, 0x37, 0x8e, 0xa0, 0x12, 0x36, 0x92, 0xa0, 0x31, 0x15, 0x84, 0xa2, 0xe1, 0x38,
    0x88, 0xa2, 0x00, 0x38, 0x8c, 0xa2, 0x1f, 0x17, 0x86, 0xa4, 0x51, 0x18, 0x80, 0x62, 0x22, 0x07,
    0x74, 0x64, 0xe7, 0x31, 0x78, 0x64, 0xcf, 0x33, 0x7c, 0x64, 0x92, 0x35, 0x80, 0x64, 0x7a, 0x37,
    0x76, 0x66, 0xcf, 0x31, 0x7a, 0x66, 0xb7, 0x33, 0x88, 0x68, 0x03, 0x08, 0x7e, 0x6a, 0xd1, 0x32,
    0x82, 0x6a, 0x6d, 0x34, 0x86, 0x6a, 0x09, 0x36, 0x8a, 0x6a, 0xcb, 0x07, 0x7c, 0x6c, 0x03, 0x32,
    0x80, 0x6c, 0xc5, 0x33, 0x84, 0x6c, 0x61, 0x35, 0x88, 0x6c, 0xfd, 0x36, 0x8c, 0x6c, 0xbf, 0x18,
    0x7e, 0x6e, 0xcb, 0x31, 0x82, 0x6e, 0x67, 0x13, 0x92, 0x70, 0xbf, 0x07, 0x86, 0x72, 0xae, 0x32,
    0x8a, 0x72, 0x01, 0x34, 0x8e, 0x72, 0x7a, 0x35, 0x92, 0x72, 0xf4, 0x26, 0x82, 0x74, 0x97, 0x31,
    0x86, 0x74, 0xea, 0x32, 0x8a, 0x74, 0x64, 0x34, 0x8e, 0x74, 0xdd, 0x35, 0x92, 0x74, 0x30, 0x37,
    0x96, 0x74, 0xa9, 0x08, 0x84, 0x76, 0x88, 0x31, 0x88, 0x76, 0xdb, 0x32, 0x8c, 0x76, 0x55, 0x34,
    0x90, 0x76, 0xce, 0x35, 0x94, 0x76, 0x21, 0x37, 0x98, 0x76, 0x9b, 0x18, 0x96, 0x7b, 0xe1, 0x34,
    0x9a, 0x7b, 0x0e, 0x36, 0x9e, 0x7b, 0x3b, 0x37, 0x8a, 0x7d, 0x25, 0x30, 0x8e, 0x7d, 0x52, 0x31,
    0x92, 0x7d, 0x59, 0x32, 0x96, 0x7d, 0x86, 0x33, 0x9a, 0x7d, 0xb3, 0x34, 0x9e, 0x7d, 0xe0, 0x35,
    0xa2, 0x7d, 0xe7, 0x26, 0x8c, 0x7f, 0x1d, 0x30, 0x90, 0x7f, 0x4a, 0x31, 0x94, 0x7f, 0x77, 0x32,
    0x98, 0x7f, 0xa4, 0x33, 0x9c, 0x7f, 0xab, 0x34, 0xa0, 0x7f, 0xd8, 0x35, 0xa4, 0x7f, 0x05, 0x27,
    0x8e, 0x81, 0x3a, 0x30, 0x92, 0x81, 0x67, 0x31, 0x96, 0x81, 0x6e, 0x32, 0x9a, 0x81, 0x9b, 0x33,
    0x9e, 0x81, 0xc8, 0x34, 0xa2, 0x81, 0xcf, 0x35, 0xa6, 0x81, 0xfc, 0x36, 0x90, 0x83, 0x32, 0x30,
    0x94, 0x83, 0x5f, 0x31, 0x98, 0x83, 0x8c, 0x32, 0x9c, 0x83, 0x93, 0x33, 0x92, 0x85, 0x4f, 0x30,
    0x96, 0x85, 0x56, 0x01, 0xaa, 0x89, 0xea, 0x35, 0xae, 0x89, 0xcb, 0x36, 0xb2, 0x89, 0xd2, 0x17,
    0xa2, 0x8b, 0x8b, 0x33, 0xa6, 0x8b, 0x6c, 0x34, 0xaa, 0x8b, 0x73, 0x35, 0xae, 0x8b, 0x55, 0x36,
    0xb2, 0x8b, 0x5c, 0x37, 0x9a, 0x8d, 0x2c, 0x31, 0x9e, 0x8d, 0x0d, 0x32, 0xa2, 0x8d, 0x15, 0x33,
    0xa6, 0x8d, 0xf6, 0x33, 0xaa, 0x8d, 0xfd, 0x34, 0xae, 0x8d, 0xde, 0x35, 0xb2, 0x8d, 0xe5, 0x36,
    0xb6, 0x8d, 0xc7, 0x27, 0x9c, 0x8f, 0x26, 0x31, 0xa0, 0x8f, 0x08, 0x32, 0xa4, 0x8f, 0x0f, 0x33,
    0xa8, 0x8f, 0xf0, 0x33, 0xac, 0x8f, 0xf7, 0x34, 0xb0, 0x8f, 0xd8, 0x35, 0xb4, 0x8f, 0xe0, 0x36,
    0xb8, 0x8f, 0xe7, 0x27, 0x9e, 0x91, 0x21, 0x31, 0xa2, 0x91, 0x28, 0x32, 0xa6, 0x91, 0x09, 0x33,
    0xaa, 0x91, 0x10, 0x34, 0xae, 0x91, 0xf1, 0x34, 0xb2, 0x91, 0xf9, 0x35, 0xb6, 0x91, 0xda, 0x36,
    0xba, 0x91, 0xe1, 0x27, 0xa0, 0x93, 0x1b, 0x31, 0xa4, 0x93, 0x22, 0x32, 0xa8, 0x93, 0x03, 0x33,
    0xac, 0x93, 0x0a, 0x34, 0xb0, 0x93, 0xec, 0x34, 0xb4, 0x93, 0xf3, 0x35, 0xb8, 0x93, 0xd4, 0x26,
    0xa2, 0x95, 0x3b, 0x31, 0xa6, 0x95, 0x1c, 0x32, 0xaa, 0x95, 0x23, 0x33, 0xae, 0x95, 0x05, 0x34,
    0xb2, 0x95, 0x0c, 0x25, 0xa4, 0x97, 0x35, 0x31, 0xa8, 0x97, 0x16, 0x32, 0xac, 0x97, 0x1e, 0x23,
    0xa6, 0x99, 0x2f, 0x21, 0x5e, 0x66, 0xde, 0x37, 0x62, 0x66, 0x1a, 0x36, 0x66, 0x66, 0x56, 0x34,
    0x6a, 0x66, 0xb8, 0x32, 0x6e, 0x66, 0xf4, 0x20, 0x60, 0x68, 0x2d, 0x36, 0x64, 0x68, 0x69, 0x34,
    0x68, 0x68, 0xcb, 0x32, 0x6c, 0x68, 0x07, 0x31, 0x60, 0x6a, 0x03, 0x38, 0x64, 0x6a, 0x3f, 0x16,
    0x74, 0x6b, 0x00, 0x00, 0x68, 0x6d, 0x32, 0x35, 0x6c, 0x6d, 0xba, 0x33, 0x70, 0x6d, 0x43, 0x32,
    0x74, 0x6d, 0xa5, 0x10, 0x64, 0x6f, 0x48, 0x36, 0x68, 0x6f, 0xd0, 0x34, 0x6c, 0x6f, 0x33, 0x33,
    0x70, 0x6f, 0xbb, 0x31, 0x74, 0x6f, 0x43, 0x30, 0x64, 0x71, 0x1a, 0x38, 0x68, 0x71, 0xa2, 0x36,
    0x6c, 0x71, 0x04, 0x35, 0x70, 0x71, 0x8d, 0x13, 0x7c, 0x74, 0x00, 0x00, 0x6e, 0x76, 0x32, 0x35,
    0x72, 0x76, 0xe0, 0x33, 0x76, 0x76, 0x8e, 0x32, 0x7a, 0x76, 0x3b, 0x31, 0x68, 0x78, 0xe6, 0x37,
    0x6c, 0x78, 0x6d, 0x36, 0x70, 0x78, 0x1b, 0x35, 0x74, 0x78, 0xc9, 0x33, 0x78, 0x78, 0x77, 0x32,
    0x7c, 0x78, 0x24, 0x31, 0x6a, 0x7a, 0xc8, 0x36, 0x6e, 0x7a, 0x75, 0x35, 0x72, 0x7a, 0x23, 0x34,
    0x76, 0x7a, 0xd1, 0x32, 0x7a, 0x7a, 0x7f, 0x01, 0x6c, 0x7c, 0xb1, 0x36, 0x70, 0x7c, 0x5f, 0x05,
    0x84, 0x7e, 0x00, 0x00, 0x7c, 0x80, 0xf9, 0x32, 0x80, 0x80, 0xcc, 0x31, 0x84, 0x80, 0x9f, 0x10,
    0x74, 0x82, 0xea, 0x34, 0x78, 0x82, 0xbd, 0x33, 0x7c, 0x82, 0x90, 0x32, 0x80, 0x82, 0x63, 0x31,
    0x84, 0x82, 0x36, 0x30, 0x70, 0x84, 0xb5, 0x36, 0x74, 0x84, 0x88, 0x35, 0x78, 0x84, 0x5b, 0x34,
    0x7c, 0x84, 0x2f, 0x33, 0x80, 0x84, 0x02, 0x32, 0x84, 0x84, 0xd5, 0x30, 0x70, 0x86, 0x10, 0x38,
    0x74, 0x86, 0xe3, 0x36, 0x78, 0x86, 0xb6, 0x35, 0x7c, 0x86, 0x89, 0x34, 0x80, 0x86, 0x5c, 0x33,
    0x84, 0x86, 0x2f, 0x32, 0x88, 0x86, 0x02, 0x31, 0x72, 0x88, 0x36, 0x37, 0x76, 0x88, 0x0a, 0x36,
    0x7a, 0x88, 0xdd, 0x34, 0x7e, 0x88, 0xb0, 0x33, 0x82, 0x88, 0x83, 0x32, 0x86, 0x88, 0x56, 0x11,
    0x72, 0x8a, 0x91, 0x38, 0x76, 0x8a, 0x64, 0x37, 0x7a, 0x8a, 0x37, 0x36, 0x7e, 0x8a, 0x0a, 0x15,
    0x74, 0x8c, 0xb8, 0x37, 0x92, 0x8f, 0x00, 0x00, 0x8c, 0x91, 0x33, 0x31, 0x90, 0x91, 0x2b, 0x30,
    0x84, 0x93, 0x4e, 0x34, 0x88, 0x93, 0x47, 0x33, 0x8c, 0x93, 0x65, 0x32, 0x90, 0x93, 0x5e, 0x31,
    0x94, 0x93, 0x56, 0x10, 0x7c, 0x95, 0xae, 0x36, 0x80, 0x95, 0xa7, 0x35, 0x84, 0x95, 0xc5, 0x34,
    0x88, 0x95, 0xbe, 0x33, 0x8c, 0x95, 0xb6, 0x32, 0x90, 0x95, 0xd5, 0x31, 0x94, 0x95, 0xcd, 0x30,
    0x7a, 0x97, 0xd9, 0x36, 0x7e, 0x97, 0xd2, 0x35, 0x82, 0x97, 0xf0, 0x34, 0x86, 0x97, 0xe9, 0x33,
    0x8a, 0x97, 0x07, 0x33, 0x8e, 0x97, 0x00, 0x32, 0x92, 0x97, 0xf8, 0x30, 0x96, 0x97, 0x17, 0x20,
    0x7a, 0x99, 0x0c, 0x38, 0x7e, 0x99, 0x05, 0x37, 0x82, 0x99, 0x23, 0x36, 0x86, 0x99, 0x1c, 0x35,
    0x8a, 0x99, 0x14, 0x34, 0x8e, 0x99, 0x33, 0x33, 0x92, 0x99, 0x2b, 0x32, 0x96, 0x99, 0x24, 0x31,
    0x9a, 0x99, 0x42, 0x00, 0x7c, 0x9b, 0x30, 0x37, 0x80, 0x9b, 0x4e, 0x36, 0x84, 0x9b, 0x47, 0x35,
    0x88, 0x9b, 0x3f, 0x34, 0x8c, 0x9b, 0x5e, 0x33, 0x90, 0x9b, 0x56, 0x32, 0x94, 0x9b, 0x75, 0x31,
    0x98, 0x9b, 0x6d, 0x30, 0x7c, 0x9d, 0x63, 0x38, 0x80, 0x9d, 0x81, 0x37, 0x84, 0x9d, 0x7a, 0x36,
    0x88, 0x9d, 0x72, 0x35, 0x8c, 0x9d, 0x91, 0x34, 0x90, 0x9d, 0x89, 0x33, 0x94, 0x9d, 0x82, 0x32,
    0x98, 0x9d, 0xa0, 0x11, 0x7e, 0x9f, 0xac, 0x37, 0x82, 0x9f, 0xa5, 0x36, 0x86, 0x9f, 0x9d, 0x35,
    0x8a, 0x9f, 0xbc, 0x34, 0x8e, 0x9f, 0xb4, 0x33, 0x92, 0x9f, 0xad, 0x12, 0x7e, 0xa1, 0xb9, 0x38,
    0x82, 0xa1, 0xd8, 0x37, 0x86, 0xa1, 0xd0, 0x36, 0x8a, 0xa1, 0xef, 0x25, 0x80, 0xa3, 0x03, 0x38,
    0x84, 0xa3, 0xfb, 0x26, 0x80, 0xa5, 0x36, 0x09, 0x84, 0x62, 0x92, 0x07, 0x78, 0x64, 0x34, 0x32,
    0x7c, 0x64, 0x1d, 0x34, 0x80, 0x64, 0x2d, 0x36, 0x84, 0x64, 0x3c, 0x28, 0x7a, 0x66, 0x47, 0x32,
    0x7e, 0x66, 0x56, 0x34, 0x82, 0x66, 0x66, 0x36, 0x86, 0x66, 0x4f, 0x28, 0x7a, 0x68, 0x00, 0x00,
    0x8a, 0x69, 0x0c, 0x08, 0x7c, 0x6b, 0xeb, 0x31, 0x80, 0x6b, 0xd7, 0x33, 0x84, 0x6b, 0x9c, 0x35,
    0x88, 0x6b, 0x88, 0x37, 0x8c, 0x6b, 0x4e, 0x09, 0x7e, 0x6d, 0xd8, 0x31, 0x82, 0x6d, 0xc4, 0x33,
    0x86, 0x6d, 0x8a, 0x35, 0x8a, 0x6d, 0x76, 0x37, 0x8e, 0x6d, 0x3c, 0x09, 0x80, 0x73, 0x25, 0x30,
    0x84, 0x73, 0x79, 0x31, 0x88, 0x73, 0xf3, 0x32, 0x8c, 0x73, 0x46, 0x34, 0x90, 0x73, 0xc0, 0x35,
    0x94, 0x73, 0x14, 0x17, 0x82, 0x75, 0x64, 0x30, 0x86, 0x75, 0xb8, 0x31, 0x8a, 0x75, 0x32, 0x33,
    0x8e, 0x75, 0x86, 0x34, 0x92, 0x75, 0xff, 0x35, 0x96, 0x75, 0x53, 0x17, 0x84, 0x77, 0x86, 0x31,
    0x88, 0x77, 0x00, 0x33, 0x8c, 0x77, 0x54, 0x34, 0x90, 0x77, 0xcd, 0x35, 0x94, 0x77, 0x21, 0x37,
    0x98, 0x77, 0x9b, 0x18, 0x84, 0x79, 0x00, 0x00, 0x9e, 0x7a, 0x6c, 0x07, 0x94, 0x7c, 0xe3, 0x34,
    0x98, 0x7c, 0x11, 0x36, 0x9c, 0x7c, 0x3e, 0x37, 0x88, 0x7e, 0x25, 0x30, 0x8c, 0x7e, 0x53, 0x31,
    0x90, 0x7e, 0x80, 0x32, 0x94, 0x7e, 0xae, 0x33, 0x98, 0x7e, 0xdb, 0x34, 0x9c, 0x7e, 0x09, 0x36,
    0xa0, 0x7e, 0x36, 0x17, 0x8a, 0x80, 0x42, 0x30, 0x8e, 0x80, 0x70, 0x31, 0x92, 0x80, 0x9d, 0x32,
    0x96, 0x80, 0xcb, 0x33, 0x9a, 0x80, 0xf9, 0x34, 0x9e, 0x80, 0x26, 0x36, 0xa2, 0x80, 0x54, 0x17,
    0x8c, 0x82, 0x68, 0x31, 0x90, 0x82, 0x95, 0x32, 0x94, 0x82, 0x9d, 0x33, 0x98, 0x82, 0xcb, 0x34,
    0x9c, 0x82, 0xf8, 0x35, 0xa0, 0x82, 0x26, 0x37, 0xa4, 0x82, 0x53, 0x18, 0x8c, 0x84, 0x0c, 0x30,
    0x90, 0x84, 0x3a, 0x31, 0x94, 0x84, 0x67, 0x32, 0x98, 0x84, 0x95, 0x33, 0x9c, 0x84, 0xc3, 0x34,
    0xa0, 0x84, 0xf0, 0x05, 0x8e, 0x86, 0x2a, 0x30, 0x92, 0x86, 0x57, 0x21, 0xa4, 0x8c, 0x7a, 0x35,
    0xa8, 0x8c, 0x82, 0x36, 0xac, 0x8c, 0x64, 0x27, 0x9a, 0x8e, 0xce, 0x32, 0x9e, 0x8e, 0xb0, 0x33,
    0xa2, 0x8e, 0xb8, 0x34, 0xa6, 0x8e, 0x9a, 0x35, 0xaa, 0x8e, 0xa2, 0x36, 0xae, 0x8e, 0x84, 0x27,
    0x94, 0x90, 0x48, 0x30, 0x98, 0x90, 0x2a, 0x31, 0x9c, 0x90, 0x32, 0x32, 0xa0, 0x90, 0x14, 0x33,
    0xa4, 0x90, 0x1c, 0x34, 0xa8, 0x90, 0xfd, 0x34, 0xac, 0x90, 0x05, 0x36, 0xb0, 0x90, 0x0d, 0x27,
    0x96, 0x92, 0x68, 0x30, 0x9a, 0x92, 0x4a, 0x31, 0x9e, 0x92, 0x52, 0x32, 0xa2, 0x92, 0x34, 0x33,
    0xa6, 0x92, 0x3c, 0x34, 0xaa, 0x92, 0x1d, 0x35, 0xae, 0x92, 0x25, 0x36, 0xb2, 0x92, 0x2d, 0x27,
    0x98, 0x94, 0x1e, 0x31, 0x9c, 0x94, 0x26, 0x32, 0xa0, 0x94, 0x2e, 0x33, 0xa4, 0x94, 0x10, 0x34,
    0xa8, 0x94, 0x18, 0x35, 0xac, 0x94, 0xfa, 0x35, 0xb0, 0x94, 0x02, 0x37, 0xb4, 0x94, 0x0a, 0x28,
    0x98, 0x96, 0x11, 0x30, 0x9c, 0x96, 0x19, 0x31, 0xa0, 0x96, 0xfb, 0x31, 0xa4, 0x96, 0x03, 0x33,
    0xa8, 0x96, 0x0b, 0x34, 0xac, 0x96, 0xec, 0x34, 0xb0, 0x96, 0xf4, 0x35, 0xb4, 0x96, 0xd6, 0x36,
    0xb8, 0x96, 0xde, 0x07, 0x9a, 0x98, 0x31, 0x30, 0x9e, 0x98, 0x39, 0x31, 0xa2, 0x98, 0x1b, 0x32,
    0xa6, 0x98, 0x23, 0x33, 0xaa, 0x98, 0x2b, 0x34, 0xae, 0x98, 0x0c, 0x05, 0x9c, 0x9a, 0x0d, 0x31,
    0xa0, 0x9a, 0x15, 0x32, 0xa4, 0x9a, 0xf7, 0x12, 0x9c, 0x9c, 0x00, 0x00, 0x64, 0x66, 0xd6, 0x35,
    0x68, 0x66, 0x10, 0x34, 0x6c, 0x66, 0x4a, 0x32, 0x70, 0x66, 0x84, 0x30, 0x64, 0x68, 0xae, 0x37,
    0x68, 0x68, 0xe8, 0x35, 0x6c, 0x68, 0x22, 0x34, 0x70, 0x68, 0x5c, 0x32, 0x74, 0x68, 0x96, 0x10,
    0x64, 0x6d, 0xde, 0x37, 0x68, 0x6d, 0x65, 0x36, 0x6c, 0x6d, 0xc6, 0x34, 0x70, 0x6d, 0x4d, 0x33,
    0x74, 0x6d, 0xae, 0x31, 0x78, 0x6d, 0x35, 0x00, 0x66, 0x6f, 0x74, 0x36, 0x6a, 0x6f, 0xfa, 0x34,
    0x6e, 0x6f, 0x5b, 0x33, 0x72, 0x6f, 0xe2, 0x31, 0x76, 0x6f, 0x43, 0x30, 0x66, 0x71, 0x21, 0x38,
    0x6a, 0x71, 0xa8, 0x36, 0x6e, 0x71, 0x09, 0x25, 0x7c, 0x74, 0x00, 0x00, 0x6e, 0x76, 0x32, 0x35,
    0x72, 0x76, 0xe0, 0x33, 0x76, 0x76, 0x8e, 0x32, 0x7a, 0x76, 0x3b, 0x31, 0x68, 0x78, 0xe6, 0x37,
    0x6c, 0x78, 0x6d, 0x36, 0x70, 0x78, 0x1b, 0x35, 0x74, 0x78, 0xc9, 0x33, 0x78, 0x78, 0x77, 0x32,
    0x7c, 0x78, 0x24, 0x31, 0x6a, 0x7a, 0xc8, 0x36, 0x6e, 0x7a, 0x75, 0x35, 0x72, 0x7a, 0x23, 0x34,
    0x76, 0x7a, 0xd1, 0x22, 0x82, 0x7e, 0x00, 0x00, 0x78, 0x80, 0x89, 0x32, 0x7c, 0x80, 0x5b, 0x31,
    0x80, 0x80, 0x07, 0x30, 0x6c, 0x82, 0xb0, 0x36, 0x70, 0x82, 0x5d, 0x35, 0x74, 0x82, 0x2f, 0x34,
    0x78, 0x82, 0xdb, 0x32, 0x7c, 0x82, 0xae, 0x31, 0x80, 0x82, 0x5a, 0x30, 0x6c, 0x84, 0xe5, 0x37,
    0x70, 0x84, 0xb8, 0x36, 0x74, 0x84, 0x64, 0x35, 0x78, 0x84, 0x36, 0x34, 0x7c, 0x84, 0xe3, 0x32,
    0x80, 0x84, 0xb5, 0x31, 0x84, 0x84, 0x62, 0x10, 0x6e, 0x86, 0xbf, 0x36, 0x72, 0x86, 0x6c, 0x35,
    0x76, 0x86, 0x3e, 0x34, 0x7a, 0x86, 0xea, 0x32, 0x7e, 0x86, 0xbd, 0x31, 0x82, 0x86, 0x69, 0x30,
    0x6e, 0x88, 0x12, 0x37, 0x72, 0x88, 0xbe, 0x35, 0x76, 0x88, 0x91, 0x34, 0x7a, 0x88, 0x3d, 0x33,
    0x7e, 0x88, 0x0f, 0x32, 0x82, 0x88, 0xbc, 0x30, 0x6e, 0x8a, 0x47, 0x38, 0x72, 0x8a, 0x19, 0x37,
    0x76, 0x8a, 0xc6, 0x35, 0x7a, 0x8a, 0x98, 0x04, 0x6e, 0x8c, 0x9a, 0x08, 0x8c, 0x90, 0x00, 0x00,
    0x82, 0x92, 0x16, 0x32, 0x86, 0x92, 0x0d, 0x31, 0x8a, 0x92, 0x05, 0x30, 0x76, 0x94, 0x3c, 0x36,
    0x7a, 0x94, 0x34, 0x35, 0x7e, 0x94, 0x2c, 0x34, 0x82, 0x94, 0x23, 0x33, 0x86, 0x94, 0x1b, 0x32,
    0x8a, 0x94, 0x13, 0x31, 0x8e, 0x94, 0x30, 0x00, 0x72, 0x96, 0xb3, 0x36, 0x76, 0x96, 0xd0, 0x35,
    0x7a, 0x96, 0xc8, 0x34, 0x7e, 0x96, 0xc0, 0x33, 0x82, 0x96, 0xb7, 0x32, 0x86, 0x96, 0xaf, 0x31,
    0x8a, 0x96, 0xa7, 0x30, 0x72, 0x98, 0x03, 0x37, 0x76, 0x98, 0x21, 0x36, 0x7a, 0x98, 0x19, 0x35,
    0x7e, 0x98, 0x10, 0x34, 0x82, 0x98, 0x08, 0x33, 0x86, 0x98, 0x00, 0x32, 0x8a, 0x98, 0xf8, 0x30,
    0x72, 0x9a, 0x11, 0x38, 0x76, 0x9a, 0x2f, 0x37, 0x7a, 0x9a, 0x26, 0x36, 0x7e, 0x9a, 0x1e, 0x35,
    0x82, 0x9a, 0x16, 0x34, 0x86, 0x9a, 0x0d, 0x33, 0x8a, 0x9a, 0x05, 0x32, 0x8e, 0x9a, 0xfd, 0x30,
    0x74, 0x9c, 0x34, 0x37, 0x78, 0x9c, 0x2b, 0x36, 0x7c, 0x9c, 0x23, 0x35, 0x80, 0x9c, 0x1b, 0x34,
    0x84, 0x9c, 0x13, 0x33, 0x88, 0x9c, 0x30, 0x32, 0x8c, 0x9c, 0x28, 0x31, 0x90, 0x9c, 0x20, 0x20,
    0x74, 0x9e, 0x85, 0x37, 0x78, 0x9e, 0x7c, 0x36, 0x7c, 0x9e, 0x74, 0x35, 0x80, 0x9e, 0x6c, 0x34,
    0x84, 0x9e, 0x63, 0x33, 0x88, 0x9e, 0x81, 0x32, 0x8c, 0x9e, 0x79, 0x31, 0x90, 0x9e, 0x70, 0x30,
    0x74, 0xa0, 0x92, 0x38, 0x78, 0xa0, 0x8a, 0x37, 0x7c, 0xa0, 0x81, 0x36, 0x80, 0xa0, 0x79, 0x35,
    0x84, 0xa0, 0x71, 0x34, 0x88, 0xa0, 0x8f, 0x13, 0x76, 0xa2, 0x8f, 0x37, 0x7a, 0xa2, 0x87, 0x36,
    0x7e, 0xa2, 0xa4, 0x15, 0x86, 0x62, 0xfa, 0x06, 0x7a, 0x64, 0x67, 0x30, 0x7e, 0x64, 0x53, 0x32,
    0x82, 0x64, 0x65, 0x34, 0x86, 0x64, 0x76, 0x26, 0x7c, 0x66, 0x41, 0x32, 0x80, 0x66, 0x52, 0x34,
    0x84, 0x66, 0x64, 0x36, 0x88, 0x66, 0x4f, 0x28, 0x8c, 0x69, 0x20, 0x07, 0x7e, 0x6b, 0x69, 0x30,
    0x82, 0x6b, 0x30, 0x32, 0x86, 0x6b, 0xf6, 0x33, 0x8a, 0x6b, 0xbc, 0x35, 0x80, 0x6d, 0x47, 0x32,
    0x84, 0x6d, 0x0d, 0x34, 0x88, 0x6d, 0xd3, 0x35, 0x8c, 0x6d, 0x9a, 0x37, 0x94, 0x72, 0xb7, 0x07,
    0x82, 0x74, 0xc0, 0x31, 0x86, 0x74, 0x14, 0x33, 0x8a, 0x74, 0x8f, 0x34, 0x8e, 0x74, 0x0a, 0x36,
    0x92, 0x74, 0x85, 0x37, 0x82, 0x76, 0x13, 0x30, 0x86, 0x76, 0x8d, 0x31, 0x8a, 0x76, 0x08, 0x33,
    0x8e, 0x76, 0x5d, 0x34, 0x92, 0x76, 0xd8, 0x35, 0x96, 0x76, 0x53, 0x17, 0x84, 0x78, 0x52, 0x30,
    0x88, 0x78, 0xa7, 0x31, 0x8c, 0x78, 0x22, 0x33, 0x90, 0x78, 0x9d, 0x34, 0x94, 0x78, 0x17, 0x36,
    0x98, 0x78, 0x92, 0x17, 0x90, 0x7d, 0xd9, 0x33, 0x94, 0x7d, 0x07, 0x35, 0x98, 0x7d, 0x36, 0x36,
    0x9c, 0x7d, 0x64, 0x27, 0x88, 0x7f, 0x47, 0x30, 0x8c, 0x7f, 0x75, 0x31, 0x90, 0x7f, 0xa3, 0x32,
    0x94, 0x7f, 0xd1, 0x33, 0x98, 0x7f, 0xff, 0x34, 0x9c, 0x7f, 0x2d, 0x36, 0xa0, 0x7f, 0x5c, 0x07,
    0x8a, 0x81, 0x6d, 0x31, 0x8e, 0x81, 0x9b, 0x32, 0x92, 0x81, 0xa3, 0x33, 0x96, 0x81, 0xd1, 0x34,
    0x9a, 0x81, 0xff, 0x35, 0x9e, 0x81, 0x2d, 0x37, 0xa2, 0x81, 0x5c, 0x08, 0x8a, 0x83, 0x10, 0x30,
    0x8e, 0x83, 0x3f, 0x31, 0x92, 0x83, 0x6d, 0x32, 0x96, 0x83, 0x9b, 0x33, 0x9a, 0x83, 0xc9, 0x34,
    0x9e, 0x83, 0xf7, 0x35, 0xa2, 0x83, 0x25, 0x27, 0x8c, 0x85, 0x36, 0x31, 0x90, 0x85, 0x65, 0x32,
    0x94, 0x85, 0x93, 0x33, 0x98, 0x85, 0xc1, 0x34, 0x9c, 0x85, 0xef, 0x05, 0x8c, 0x87, 0x00, 0x00,
    0xaa, 0x8b, 0xf8, 0x06, 0x9e, 0x8d, 0x71, 0x34, 0xa2, 0x8d, 0x79, 0x35, 0xa6, 0x8d, 0x5c, 0x36,
    0xaa, 0x8d, 0x64, 0x17, 0x90, 0x8f, 0x25, 0x30, 0x94, 0x8f, 0x2d, 0x31, 0x98, 0x8f, 0x10, 0x32,
    0x9c, 0x8f, 0x18, 0x33, 0xa0, 0x8f, 0xfb, 0x33, 0xa4, 0x8f, 0x03, 0x35, 0xa8, 0x8f, 0xe5, 0x35,
    0xac, 0x8f, 0xee, 0x16, 0x92, 0x91, 0x28, 0x31, 0x96, 0x91, 0x0a, 0x32, 0x9a, 0x91, 0x13, 0x33,
    0x9e, 0x91, 0xf5, 0x33, 0xa2, 0x91, 0xfe, 0x34, 0xa6, 0x91, 0xe0, 0x35, 0xaa, 0x91, 0xe8, 0x36,
    0xae, 0x91, 0xcb, 0x17, 0x92, 0x93, 0x1a, 0x30, 0x96, 0x93, 0x23, 0x31, 0x9a, 0x93, 0x05, 0x32,
    0x9e, 0x93, 0x0e, 0x33, 0xa2, 0x93, 0xf0, 0x33, 0xa6, 0x93, 0xf8, 0x34, 0xaa, 0x93, 0xdb, 0x35,
    0xae, 0x93, 0xe3, 0x26, 0x94, 0x95, 0x1e, 0x31, 0x98, 0x95, 0x00, 0x32, 0x9c, 0x95, 0x08, 0x33,
    0xa0, 0x95, 0xeb, 0x33, 0xa4, 0x95, 0xf3, 0x34, 0xa8, 0x95, 0xd5, 0x35, 0xac, 0x95, 0xde, 0x36,
    0xb0, 0x95, 0xc0, 0x27, 0x94, 0x97, 0x10, 0x30, 0x98, 0x97, 0x18, 0x31, 0x9c, 0x97, 0xfb, 0x31,
    0xa0, 0x97, 0x03, 0x33, 0xa4, 0x97, 0xe5, 0x33, 0xa8, 0x97, 0xee, 0x34, 0xac, 0x97, 0xd0, 0x35,
    0xb0, 0x97, 0xd9, 0x36, 0xb4, 0x97, 0xbb, 0x07, 0x96, 0x99, 0x13, 0x31, 0x9a, 0x99, 0xf5, 0x31,
    0x9e, 0x99, 0xfe, 0x32, 0xa2, 0x99, 0xe0, 0x33, 0xa6, 0x99, 0xe8, 0x34, 0xaa, 0x99, 0xcb, 0x35,
    0xae, 0x99, 0xd3, 0x16, 0x96, 0x9b, 0x05, 0x30, 0x9a, 0x9b, 0x0e, 0x31, 0x9e, 0x9b, 0xf0, 0x31,
    0xa2, 0x9b, 0xf8, 0x12, 0x74, 0x64, 0x00, 0x00, 0x66, 0x66, 0xfc, 0x35, 0x6a, 0x66, 0x10, 0x34,
    0x6e, 0x66, 0x24, 0x32, 0x72, 0x66, 0x5e, 0x30, 0x66, 0x68, 0xa5, 0x36, 0x6a, 0x68, 0xdf, 0x34,
    0x6e, 0x68, 0xf4, 0x32, 0x72, 0x68, 0x08, 0x31, 0x78, 0x6b, 0x00, 0x00, 0x66, 0x6d, 0x0b, 0x38,
    0x6a, 0x6d, 0x6b, 0x36, 0x6e, 0x6d, 0xa4, 0x34, 0x72, 0x6d, 0x04, 0x33, 0x76, 0x6d, 0x3e, 0x21,
    0x66, 0x6f, 0x66, 0x38, 0x6a, 0x6f, 0xc5, 0x36, 0x6e, 0x6f, 0xff, 0x34, 0x72, 0x6f, 0x5e, 0x33,
    0x76, 0x6f, 0x98, 0x31, 0x66, 0x71, 0xe6, 0x38, 0x6a, 0x71, 0x20, 0x37, 0x6e, 0x71, 0x7f, 0x25,
    0x7c, 0x74, 0x00, 0x00, 0x68, 0x76, 0xde, 0x37, 0x6c, 0x76, 0x65, 0x36, 0x70, 0x76, 0xec, 0x34,
    0x74, 0x76, 0x72, 0x33, 0x78, 0x76, 0xf9, 0x31, 0x7c, 0x76, 0x80, 0x10, 0x6a, 0x78, 0x99, 0x36,
    0x6e, 0x78, 0x20, 0x35, 0x72, 0x78, 0xa7, 0x33, 0x76, 0x78, 0x2e, 0x32, 0x7a, 0x78, 0xb5, 0x30,
    0x6a, 0x7a, 0x19, 0x37, 0x6e, 0x7a, 0xa0, 0x35, 0x72, 0x7a, 0x27, 0x34, 0x76, 0x7a, 0xae, 0x12,
    0x72, 0x80, 0x32, 0x35, 0x76, 0x80, 0xde, 0x33, 0x7a, 0x80, 0x8a, 0x32, 0x7e, 0x80, 0x36, 0x31,
    0x6c, 0x82, 0x68, 0x36, 0x70, 0x82, 0x14, 0x35, 0x74, 0x82, 0xbf, 0x33, 0x78, 0x82, 0x91, 0x32,
    0x7c, 0x82, 0x3d, 0x31, 0x6c, 0x84, 0xbb, 0x36, 0x70, 0x84, 0x67, 0x35, 0x74, 0x84, 0x12, 0x34,
    0x78, 0x84, 0xbe, 0x32, 0x7c, 0x84, 0x90, 0x31, 0x80, 0x84, 0x3c, 0x30, 0x6c, 0x86, 0xe8, 0x36,
    0x70, 0x86, 0xba, 0x35, 0x74, 0x86, 0x66, 0x34, 0x78, 0x86, 0x11, 0x33, 0x7c, 0x86, 0xbd, 0x31,
    0x80, 0x86, 0x8f, 0x30, 0x6c, 0x88, 0x44, 0x38, 0x70, 0x88, 0xef, 0x36, 0x74, 0x88, 0x9b, 0x35,
    0x78, 0x88, 0x47, 0x34, 0x7c, 0x88, 0x19, 0x33, 0x80, 0x88, 0xc5, 0x31, 0x84, 0x88, 0x70, 0x10,
    0x6c, 0x8a, 0x71, 0x38, 0x70, 0x8a, 0x42, 0x37, 0x74, 0x8a, 0xee, 0x35, 0x78, 0x8a, 0x9a, 0x04,
    0x6c, 0x8c, 0xc4, 0x08, 0x7c, 0x92, 0xd3, 0x32, 0x80, 0x92, 0xcb, 0x31, 0x84, 0x92, 0xc2, 0x30,
    0x6e, 0x94, 0xd5, 0x36, 0x72, 0x94, 0xcd, 0x35, 0x76, 0x94, 0xc4, 0x34, 0x7a, 0x94, 0x96, 0x33,
    0x7e, 0x94, 0x8d, 0x32, 0x82, 0x94, 0x85, 0x31, 0x86, 0x94, 0x7c, 0x30, 0x6e, 0x96, 0xe3, 0x37,
    0x72, 0x96, 0xdb, 0x36, 0x76, 0x96, 0xac, 0x35, 0x7a, 0x96, 0xa4, 0x34, 0x7e, 0x96, 0x9b, 0x33,
    0x82, 0x96, 0x92, 0x32, 0x86, 0x96, 0x8a, 0x31, 0x8a, 0x96, 0x81, 0x10, 0x6e, 0x98, 0x0e, 0x38,
    0x72, 0x98, 0x06, 0x37, 0x76, 0x98, 0xfd, 0x35, 0x7a, 0x98, 0xf5, 0x34, 0x7e, 0x98, 0xec, 0x33,
    0x82, 0x98, 0xe3, 0x32, 0x86, 0x98, 0xdb, 0x31, 0x8a, 0x98, 0xac, 0x20, 0x70, 0x9a, 0x0b, 0x37,
    0x74, 0x9a, 0x02, 0x36, 0x78, 0x9a, 0xfa, 0x34, 0x7c, 0x9a, 0xcb, 0x33, 0x80, 0x9a, 0xc3, 0x32,
    0x84, 0x9a, 0xba, 0x31, 0x88, 0x9a, 0xb2, 0x30, 0x70, 0x9c, 0x36, 0x37, 0x74, 0x9c, 0x2d, 0x36,
    0x78, 0x9c, 0x25, 0x35, 0x7c, 0x9c, 0x1c, 0x34, 0x80, 0x9c, 0x14, 0x33, 0x84, 0x9c, 0x0b, 0x32,
    0x88, 0x9c, 0x03, 0x31, 0x70, 0x9e, 0x87, 0x37, 0x74, 0x9e, 0x7e, 0x36, 0x78, 0x9e, 0x76, 0x35,
    0x7c, 0x9e, 0x6d, 0x34, 0x80, 0x9e, 0x3f, 0x33, 0x84, 0x9e, 0x36, 0x32, 0x88, 0x9e, 0x2e, 0x31,
    0x8c, 0x9e, 0x25, 0x30, 0x70, 0xa0, 0x95, 0x38, 0x74, 0xa0, 0x8c, 0x37, 0x78, 0xa0, 0x84, 0x36,
    0x7c, 0xa0, 0x55, 0x35, 0x80, 0xa0, 0x4d, 0x24, 0x70, 0xa2, 0xc0, 0x38, 0x74, 0xa2, 0xb7, 0x27,
    0x7e, 0x63, 0x25, 0x30, 0x82, 0x63, 0x39, 0x32, 0x86, 0x63, 0x4d, 0x34, 0x8a, 0x63, 0x61, 0x26,
    0x80, 0x65, 0x73, 0x32, 0x84, 0x65, 0x87, 0x34, 0x88, 0x65, 0x9b, 0x36, 0x8c, 0x65, 0xaf, 0x18,
    0x80, 0x67, 0x14, 0x32, 0x84, 0x67, 0x28, 0x34, 0x88, 0x67, 0x3c, 0x36, 0x8c, 0x67, 0x76, 0x28,
    0x90, 0x6a, 0xd4, 0x06, 0x80, 0x6c, 0x1e, 0x30, 0x84, 0x6c, 0xbe, 0x31, 0x88, 0x6c, 0x5f, 0x33,
    0x8c, 0x6c, 0xff, 0x34, 0x90, 0x6c, 0xc5, 0x16, 0x80, 0x6e, 0x0f, 0x30, 0x84, 0x6e, 0xaf, 0x31,
    0x88, 0x6e, 0x50, 0x33, 0x8c, 0x6e, 0xf0, 0x34, 0x90, 0x6e, 0xb7, 0x26, 0x80, 0x70, 0x00, 0x00,
    0x82, 0x75, 0x43, 0x30, 0x86, 0x75, 0xbe, 0x31, 0x8a, 0x75, 0x13, 0x33, 0x8e, 0x75, 0x8d, 0x34,
    0x92, 0x75, 0xe2, 0x35, 0x96, 0x75, 0x5d, 0x07, 0x84, 0x77, 0xaf, 0x31, 0x88, 0x77, 0x2a, 0x33,
    0x8c, 0x77, 0x7f, 0x34, 0x90, 0x77, 0xf9, 0x35, 0x94, 0x77, 0x4e, 0x37, 0x98, 0x77, 0xc9, 0x08,
    0x9c, 0x7d, 0x4a, 0x07, 0x86, 0x7f, 0x54, 0x31, 0x8a, 0x7f, 0x84, 0x32, 0x8e, 0x7f, 0xb3, 0x33,
    0x92, 0x7f, 0xe3, 0x34, 0x96, 0x7f, 0x12, 0x36, 0x9a, 0x7f, 0x41, 0x37, 0x86, 0x81, 0x43, 0x30,
    0x8a, 0x81, 0x72, 0x31, 0x8e, 0x81, 0xa2, 0x32, 0x92, 0x81, 0xd1, 0x33, 0x96, 0x81, 0x00, 0x35,
    0x9a, 0x81, 0x30, 0x36, 0x9e, 0x81, 0x5f, 0x07, 0x88, 0x83, 0x6a, 0x31, 0x8c, 0x83, 0x99, 0x32,
    0x90, 0x83, 0xc9, 0x33, 0x94, 0x83, 0x1e, 0x35, 0x98, 0x83, 0x4d, 0x36, 0x9c, 0x83, 0x7d, 0x37,
    0x88, 0x85, 0x3c, 0x31, 0x8c, 0x85, 0x6b, 0x32, 0x90, 0x85, 0x9b, 0x33, 0x94, 0x85, 0xca, 0x34,
    0x98, 0x85, 0xf9, 0x35, 0x9c, 0x85, 0x29, 0x37, 0xa0, 0x85, 0x58, 0x08, 0x88, 0x87, 0x2a, 0x30,
    0x8c, 0x87, 0x59, 0x31, 0x90, 0x87, 0x89, 0x32, 0x94, 0x87, 0xb8, 0x33, 0x98, 0x87, 0xe8, 0x34,
    0x9c, 0x87, 0x17, 0x36, 0xa0, 0x87, 0x46, 0x27, 0xa6, 0x8f, 0x1b, 0x07, 0x8c, 0x91, 0x51, 0x31,
    0x90, 0x91, 0x35, 0x32, 0x94, 0x91, 0x3e, 0x33, 0x98, 0x91, 0x47, 0x34, 0x9c, 0x91, 0x2a, 0x35,
    0xa0, 0x91, 0x33, 0x36, 0xa4, 0x91, 0x16, 0x37, 0x8c, 0x93, 0x27, 0x31, 0x90, 0x93, 0x0a, 0x32,
    0x94, 0x93, 0x13, 0x33, 0x98, 0x93, 0x1c, 0x34, 0x9c, 0x93, 0xff, 0x34, 0xa0, 0x93, 0x08, 0x36,
    0xa4, 0x93, 0xeb, 0x36, 0xa8, 0x93, 0xf4, 0x07, 0x8c, 0x95, 0x3f, 0x30, 0x90, 0x95, 0x22, 0x31,
    0x94, 0x95, 0x2b, 0x32, 0x98, 0x95, 0x0e, 0x33, 0x9c, 0x95, 0x17, 0x34, 0xa0, 0x95, 0x20, 0x35,
    0xa4, 0x95, 0x03, 0x36, 0xa8, 0x95, 0x0c, 0x17, 0x8e, 0x97, 0x43, 0x31, 0x92, 0x97, 0x26, 0x32,
    0x96, 0x97, 0x2f, 0x33, 0x9a, 0x97, 0x38, 0x34, 0x9e, 0x97, 0x1b, 0x35, 0xa2, 0x97, 0x24, 0x36,
    0xa6, 0x97, 0x07, 0x37, 0xaa, 0x97, 0x10, 0x08, 0x8e, 0x99, 0x18, 0x31, 0x92, 0x99, 0xfb, 0x31,
    0x96, 0x99, 0x04, 0x33, 0x9a, 0x99, 0x0d, 0x34, 0x9e, 0x99, 0xf0, 0x34, 0xa2, 0x99, 0xf9, 0x35,
    0xa6, 0x99, 0xdc, 0x36, 0xaa, 0x99, 0xe5, 0x27, 0x8e, 0x9b, 0x30, 0x30, 0x92, 0x9b, 0x13, 0x31,
    0x96, 0x9b, 0x1c, 0x32, 0x9a, 0x9b, 0xff, 0x32, 0x9e, 0x9b, 0x08, 0x34, 0xa2, 0x9b, 0x11, 0x35,
    0xa6, 0x9b, 0xf4, 0x35, 0xaa, 0x9b, 0xfd, 0x36, 0x90, 0x9d, 0x34, 0x31, 0x94, 0x9d, 0x17, 0x32,
    0x98, 0x9d, 0x20, 0x33, 0x9c, 0x9d, 0x29, 0x34, 0xa0, 0x9d, 0x0c, 0x35, 0x6a, 0x64, 0x16, 0x36,
    0x6e, 0x64, 0x28, 0x34, 0x72, 0x64, 0x60, 0x32, 0x76, 0x64, 0x72, 0x30, 0x6a, 0x66, 0x29, 0x36,
    0x6e, 0x66, 0x3b, 0x34, 0x72, 0x66, 0x73, 0x32, 0x76, 0x66, 0x85, 0x30, 0x6a, 0x68, 0x3b, 0x36,
    0x6e, 0x68, 0x4d, 0x34, 0x72, 0x68, 0x85, 0x32, 0x76, 0x68, 0x97, 0x30, 0x6a, 0x6d, 0x45, 0x36,
    0x6e, 0x6d, 0x7f, 0x34, 0x72, 0x6d, 0xde, 0x32, 0x76, 0x6d, 0x18, 0x31, 0x6a, 0x6f, 0x7a, 0x36,
    0x6e, 0x6f, 0xb3, 0x34, 0x72, 0x6f, 0x13, 0x33, 0x76, 0x6f, 0x4c, 0x31, 0x6a, 0x76, 0x69, 0x36,
    0x6e, 0x76, 0xee, 0x34, 0x72, 0x76, 0x74, 0x33, 0x76, 0x76, 0xd3, 0x31, 0x7a, 0x76, 0x58, 0x30,
    0x6a, 0x78, 0xc1, 0x36, 0x6e, 0x78, 0x47, 0x35, 0x72, 0x78, 0xa6, 0x33, 0x76, 0x78, 0x2b, 0x32,
    0x7a, 0x78, 0x8a, 0x30, 0x6a, 0x7a, 0x1a, 0x37, 0x6e, 0x7a, 0x79, 0x35, 0x72, 0x7a, 0xfe, 0x33,
    0x76, 0x7a, 0x83, 0x32, 0x7a, 0x7a, 0xe2, 0x30, 0x80, 0x7f, 0x00, 0x00, 0x68, 0x81, 0xde, 0x37,
    0x6c, 0x81, 0x89, 0x36, 0x70, 0x81, 0x5a, 0x35, 0x74, 0x81, 0x06, 0x34, 0x78, 0x81, 0xb1, 0x32,
    0x7c, 0x81, 0x5c, 0x31, 0x80, 0x81, 0x2d, 0x00, 0x68, 0x83, 0xe5, 0x37, 0x6c, 0x83, 0xb7, 0x36,
    0x70, 0x83, 0x62, 0x35, 0x74, 0x83, 0x0d, 0x34, 0x78, 0x83, 0xb8, 0x32, 0x7c, 0x83, 0x89, 0x31,
    0x80, 0x83, 0x35, 0x00, 0x68, 0x85, 0x13, 0x38, 0x6c, 0x85, 0xbe, 0x36, 0x70, 0x85, 0x69, 0x35,
    0x74, 0x85, 0x3a, 0x34, 0x78, 0x85, 0xe6, 0x32, 0x7c, 0x85, 0x91, 0x31, 0x80, 0x85, 0x3c, 0x00,
    0x68, 0x87, 0x1a, 0x38, 0x6c, 0x87, 0xeb, 0x36, 0x70, 0x87, 0x96, 0x35, 0x74, 0x87, 0x42, 0x34,
    0x78, 0x87, 0xed, 0x32, 0x7c, 0x87, 0xbe, 0x31, 0x80, 0x87, 0x69, 0x00, 0x68, 0x89, 0x47, 0x38,
    0x6c, 0x89, 0xf3, 0x36, 0x70, 0x89, 0x9e, 0x35, 0x74, 0x89, 0x6f, 0x34, 0x78, 0x89, 0x1a, 0x33,
    0x7c, 0x89, 0xc5, 0x31, 0x80, 0x89, 0x71, 0x10, 0x82, 0x91, 0x00, 0x00, 0x66, 0x93, 0xde, 0x37,
    0x6a, 0x93, 0xd5, 0x36, 0x6e, 0x93, 0xa5, 0x35, 0x72, 0x93, 0x9c, 0x34, 0x76, 0x93, 0x6d, 0x33,
    0x7a, 0x93, 0x64, 0x32, 0x7e, 0x93, 0x34, 0x31, 0x82, 0x93, 0x2b, 0x00, 0x66, 0x95, 0x09, 0x38,
    0x6a, 0x95, 0xda, 0x36, 0x6e, 0x95, 0xd1, 0x35, 0x72, 0x95, 0xa1, 0x34, 0x76, 0x95, 0x98, 0x33,
    0x7a, 0x95, 0x8f, 0x32, 0x7e, 0x95, 0x60, 0x31, 0x82, 0x95, 0x56, 0x00, 0x66, 0x97, 0x34, 0x38,
    0x6a, 0x97, 0x05, 0x37, 0x6e, 0x97, 0xfc, 0x35, 0x72, 0x97, 0xcd, 0x34, 0x76, 0x97, 0xc3, 0x33,
    0x7a, 0x97, 0x94, 0x32, 0x7e, 0x97, 0x8b, 0x31, 0x82, 0x97, 0x5c, 0x10, 0x66, 0x99, 0x3a, 0x38,
    0x6a, 0x99, 0x30, 0x37, 0x6e, 0x99, 0x01, 0x36, 0x72, 0x99, 0xf8, 0x34, 0x76, 0x99, 0xef, 0x33,
    0x7a, 0x99, 0xbf, 0x32, 0x7e, 0x99, 0xb6, 0x31, 0x82, 0x99, 0x87, 0x10, 0x66, 0x9b, 0x65, 0x38,
    0x6a, 0x9b, 0x5c, 0x37, 0x6e, 0x9b, 0x2c, 0x36, 0x72, 0x9b, 0x23, 0x35, 0x76, 0x9b, 0xf4, 0x33,
    0x7a, 0x9b, 0xea, 0x32, 0x7e, 0x9b, 0xbb, 0x31, 0x82, 0x9b, 0xb2, 0x20, 0x66, 0x9d, 0x90, 0x38,
    0x6a, 0x9d, 0x87, 0x37, 0x6e, 0x9d, 0x57, 0x36, 0x72, 0x9d, 0x4e, 0x35, 0x76, 0x9d, 0x1f, 0x34,
    0x7a, 0x9d, 0x16, 0x33, 0x7e, 0x9d, 0xe6, 0x31, 0x82, 0x9d, 0xdd, 0x20, 0x66, 0x9f, 0xbb, 0x38,
    0x6a, 0x9f, 0x8c, 0x37, 0x6e, 0x9f, 0x83, 0x36, 0x72, 0x9f, 0x53, 0x35, 0x76, 0x9f, 0x4a, 0x34,
    0x7a, 0x9f, 0x41, 0x33, 0x7e, 0x9f, 0x12, 0x32, 0x82, 0x9f, 0x08, 0x31, 0x66, 0xa1, 0xe6, 0x38,
    0x6a, 0xa1, 0xb7, 0x37, 0x6e, 0xa1, 0xae, 0x26, 0x82, 0x63, 0xed, 0x31, 0x86, 0x63, 0xb5, 0x33,
    0x8a, 0x63, 0x57, 0x35, 0x8e, 0x63, 0x1f, 0x37, 0x82, 0x65, 0xdb, 0x31, 0x86, 0x65, 0xa3, 0x33,
    0x8a, 0x65, 0x45, 0x35, 0x8e, 0x65, 0x0d, 0x37, 0x92, 0x65, 0xd5, 0x08, 0x82, 0x67, 0xc8, 0x31,
    0x86, 0x67, 0x90, 0x33, 0x8a, 0x67, 0x32, 0x35, 0x8e, 0x67, 0xfa, 0x36, 0x92, 0x67, 0xc2, 0x18,
    0x82, 0x6a, 0x25, 0x30, 0x86, 0x6a, 0xc7, 0x31, 0x8a, 0x6a, 0x69, 0x33, 0x8e, 0x6a, 0x0b, 0x35,
    0x92, 0x6a, 0xd3, 0x16, 0x82, 0x6c, 0x16, 0x30, 0x86, 0x6c, 0xb8, 0x31, 0x8a, 0x6c, 0x5a, 0x33,
    0x8e, 0x6c, 0xfc, 0x34, 0x92, 0x6c, 0xc4, 0x16, 0x82, 0x6e, 0x07, 0x30, 0x86, 0x6e, 0xa9, 0x31,
    0x8a, 0x6e, 0x4b, 0x33, 0x8e, 0x6e, 0xed, 0x34, 0x92, 0x6e, 0xb5, 0x26, 0x82, 0x73, 0x25, 0x30,
    0x86, 0x73, 0xa1, 0x31, 0x8a, 0x73, 0xf7, 0x32, 0x8e, 0x73, 0x73, 0x34, 0x92, 0x73, 0xef, 0x35,
    0x96, 0x73, 0x45, 0x17, 0x82, 0x75, 0x19, 0x30, 0x86, 0x75, 0x95, 0x31, 0x8a, 0x75, 0xeb, 0x32,
    0x8e, 0x75, 0x67, 0x34, 0x92, 0x75, 0xe3, 0x35, 0x96, 0x75, 0x39, 0x17, 0x82, 0x77, 0x0c, 0x30,
    0x86, 0x77, 0x88, 0x31, 0x8a, 0x77, 0xde, 0x32, 0x8e, 0x77, 0x5a, 0x34, 0x92, 0x77, 0xd6, 0x35,
    0x96, 0x77, 0x2c, 0x17, 0x82, 0x79, 0x00, 0x30, 0x86, 0x79, 0x7c, 0x31, 0x8a, 0x79, 0xd2, 0x32,
    0x8e, 0x79, 0x4e, 0x34, 0x92, 0x79, 0xca, 0x35, 0x96, 0x79, 0x20, 0x27, 0x82, 0x7e, 0x25, 0x30,
    0x86, 0x7e, 0x55, 0x31, 0x8a, 0x7e, 0x85, 0x32, 0x8e, 0x7e, 0xb5, 0x33, 0x92, 0x7e, 0xbf, 0x34,
    0x96, 0x7e, 0xef, 0x35, 0x9a, 0x7e, 0x1f, 0x07, 0x84, 0x80, 0x74, 0x31, 0x88, 0x80, 0xa4, 0x32,
    0x8c, 0x80, 0xd4, 0x33, 0x90, 0x80, 0x04, 0x35, 0x94, 0x80, 0x34, 0x36, 0x98, 0x80, 0x64, 0x27,
    0x84, 0x82, 0x6c, 0x31, 0x88, 0x82, 0x9c, 0x32, 0x8c, 0x82, 0xcc, 0x33, 0x90, 0x82, 0xfc, 0x34,
    0x94, 0x82, 0x06, 0x36, 0x98, 0x82, 0x36, 0x37, 0x84, 0x84, 0x65, 0x31, 0x88, 0x84, 0x6f, 0x32,
    0x8c, 0x84, 0x9f, 0x33, 0x90, 0x84, 0xcf, 0x34, 0x94, 0x84, 0xff, 0x35, 0x98, 0x84, 0x2f, 0x37,
    0x9c, 0x84, 0x5f, 0x08, 0x84, 0x86, 0x37, 0x31, 0x88, 0x86, 0x67, 0x32, 0x8c, 0x86, 0x97, 0x33,
    0x90, 0x86, 0xc7, 0x34, 0x94, 0x86, 0xf7, 0x35, 0x98, 0x86, 0x01, 0x37, 0x9c, 0x86, 0x31, 0x18,
    0x84, 0x88, 0x30, 0x31, 0x88, 0x88, 0x60, 0x32, 0x8c, 0x88, 0x90, 0x33, 0x90, 0x88, 0x9a, 0x34,
    0x94, 0x88, 0xca, 0x35, 0x98, 0x88, 0xfa, 0x36, 0x9c, 0x88, 0x2a, 0x28, 0x84, 0x90, 0x09, 0x31,
    0x88, 0x90, 0x13, 0x32, 0x8c, 0x90, 0xf7, 0x32, 0x90, 0x90, 0x01, 0x34, 0x94, 0x90, 0xe5, 0x34,
    0x98, 0x90, 0xef, 0x35, 0x9c, 0x90, 0xd3, 0x36, 0xa0, 0x90, 0xb7, 0x07, 0x84, 0x92, 0x46, 0x30,
    0x88, 0x92, 0x50, 0x31, 0x8c, 0x92, 0x34, 0x32, 0x90, 0x92, 0x3e, 0x33, 0x94, 0x92, 0x22, 0x34,
    0x98, 0x92, 0x2c, 0x35, 0x9c, 0x92, 0x10, 0x36, 0xa0, 0x92, 0xf4, 0x06, 0x84, 0x94, 0x41, 0x30,
    0x88, 0x94, 0x4b, 0x31, 0x8c, 0x94, 0x2f, 0x32, 0x90, 0x94, 0x13, 0x33, 0x94, 0x94, 0x1d, 0x34,
    0x98, 0x94, 0x01, 0x35, 0x9c, 0x94, 0x0b, 0x36, 0xa0, 0x94, 0xef, 0x16, 0x84, 0x96, 0x3c, 0x30,
    0x88, 0x96, 0x20, 0x31, 0x8c, 0x96, 0x2a, 0x32, 0x90, 0x96, 0x0e, 0x33, 0x94, 0x96, 0x18, 0x34,
    0x98, 0x96, 0xfc, 0x34, 0x9c, 0x96, 0x06, 0x36, 0xa0, 0x96, 0xea, 0x16, 0x84, 0x98, 0x37, 0x30,
    0x88, 0x98, 0x1b, 0x31, 0x8c, 0x98, 0x25, 0x32, 0x90, 0x98, 0x09, 0x33, 0x94, 0x98, 0xed, 0x33,
    0x98, 0x98, 0xf7, 0x34, 0x9c, 0x98, 0xdb, 0x35, 0xa0, 0x98, 0xe5, 0x26, 0x84, 0x9a, 0x32, 0x30,
    0x88, 0x9a, 0x16, 0x31, 0x8c, 0x9a, 0xfa, 0x31, 0x90, 0x9a, 0x04, 0x33, 0x94, 0x9a, 0xe8, 0x33,
    0x98, 0x9a, 0xf2, 0x34, 0x9c, 0x9a, 0xd6, 0x35, 0xa0, 0x9a, 0xe0, 0x36, 0x84, 0x9c, 0x07, 0x30,
    0x88, 0x9c, 0x11, 0x31, 0x8c, 0x9c, 0xf5, 0x31, 0x90, 0x9c, 0xff, 0x32, 0x94, 0x9c, 0xe3, 0x33,
    0x98, 0x9c, 0xc7, 0x34, 0x9c, 0x9c, 0xd1, 0x35, 0xa0, 0x9c, 0xb5, 0x36, 0x84, 0x9e, 0x02, 0x30,
    0x88, 0x9e, 0x0c, 0x31, 0x8c, 0x9e, 0xf0, 0x31, 0x90, 0x9e, 0xd4, 0x32, 0x94, 0x9e, 0xde, 0x33,
    0x98, 0x9e, 0xc2, 0x34, 0x9c, 0x9e, 0xcc, 0x35, 0xa0, 0x9e, 0xb0, 0x36, 0xa4, 0x9e, 0xba, 0x07,
    0x70, 0x63, 0xf0, 0x35, 0x74, 0x63, 0x02, 0x34, 0x78, 0x63, 0xee, 0x31, 0x7c, 0x63, 0x00, 0x30,
    0x6e, 0x65, 0x3d, 0x38, 0x72, 0x65, 0x29, 0x36, 0x76, 0x65, 0x3b, 0x34, 0x7a, 0x65, 0x4d, 0x32,
    0x7e, 0x65, 0x5f, 0x00, 0x6e, 0x67, 0x87, 0x36, 0x72, 0x67, 0x99, 0x34, 0x76, 0x67, 0xab, 0x32,
    0x7a, 0x67, 0x97, 0x30, 0x6c, 0x6a, 0xde, 0x37, 0x70, 0x6a, 0x16, 0x36, 0x74, 0x6a, 0x4e, 0x34,
    0x78, 0x6a, 0xac, 0x32, 0x7c, 0x6a, 0xe4, 0x20, 0x6c, 0x6c, 0xed, 0x37, 0x70, 0x6c, 0x25, 0x36,
    0x74, 0x6c, 0x5d, 0x34, 0x78, 0x6c, 0xbb, 0x32, 0x7c, 0x6c, 0xf3, 0x20, 0x6c, 0x6e, 0xfc, 0x37,
    0x70, 0x6e, 0x34, 0x36, 0x74, 0x6e, 0x6c, 0x34, 0x78, 0x6e, 0xca, 0x32, 0x7c, 0x6e, 0x02, 0x21,
    0x6a, 0x73, 0x62, 0x36, 0x6e, 0x73, 0xe6, 0x34, 0x72, 0x73, 0x6a, 0x33, 0x76, 0x73, 0xee, 0x31,
    0x7a, 0x73, 0x72, 0x30, 0x6a, 0x75, 0x6e, 0x36, 0x6e, 0x75, 0xf2, 0x34, 0x72, 0x75, 0x76, 0x33,
    0x76, 0x75, 0xfa, 0x31, 0x7a, 0x75, 0x7e, 0x30, 0x68, 0x77, 0x69, 0x38, 0x6c, 0x77, 0xc7, 0x36,
    0x70, 0x77, 0x4b, 0x35, 0x74, 0x77, 0xcf, 0x33, 0x78, 0x77, 0x53, 0x32, 0x7c, 0x77, 0xd7, 0x20,
    0x68, 0x79, 0x75, 0x38, 0x6c, 0x79, 0xd3, 0x36, 0x70, 0x79, 0x57, 0x35, 0x74, 0x79, 0xdb, 0x33,
    0x78, 0x79, 0x5f, 0x32, 0x7c, 0x79, 0xe3, 0x20, 0x66, 0x7e, 0xae, 0x36, 0x6a, 0x7e, 0x58, 0x35,
    0x6e, 0x7e, 0x28, 0x34, 0x72, 0x7e, 0xd2, 0x32, 0x76, 0x7e, 0xa2, 0x31, 0x7a, 0x7e, 0x4c, 0x30,
    0x66, 0x80, 0x8f, 0x36, 0x6a, 0x80, 0x5f, 0x35, 0x6e, 0x80, 0x09, 0x34, 0x72, 0x80, 0xd9, 0x32,
    0x76, 0x80, 0x83, 0x31, 0x7a, 0x80, 0x53, 0x30, 0x64, 0x82, 0x13, 0x38, 0x68, 0x82, 0xe3, 0x36,
    0x6c, 0x82, 0x8d, 0x35, 0x70, 0x82, 0x5d, 0x34, 0x74, 0x82, 0x07, 0x33, 0x78, 0x82, 0xd7, 0x31,
    0x7c, 0x82, 0x81, 0x10, 0x64, 0x84, 0x1a, 0x38, 0x68, 0x84, 0xc4, 0x36, 0x6c, 0x84, 0x94, 0x35,
    0x70, 0x84, 0x3e, 0x34, 0x74, 0x84, 0x0e, 0x33, 0x78, 0x84, 0xde, 0x31, 0x7c, 0x84, 0x88, 0x10,
    0x64, 0x86, 0x18, 0x37, 0x68, 0x86, 0xe8, 0x35, 0x6c, 0x86, 0x92, 0x34, 0x70, 0x86, 0x62, 0x33,
    0x74, 0x86, 0x0c, 0x32, 0x78, 0x86, 0xdc, 0x30, 0x64, 0x88, 0x1f, 0x37, 0x68, 0x88, 0xc9, 0x35,
    0x6c, 0x88, 0x99, 0x34, 0x70, 0x88, 0x43, 0x33, 0x74, 0x88, 0x13, 0x32, 0x78, 0x88, 0xbd, 0x30,
    0x60, 0x90, 0xde, 0x37, 0x64, 0x90, 0xd4, 0x36, 0x68, 0x90, 0xa4, 0x35, 0x6c, 0x90, 0x9a, 0x34,
    0x70, 0x90, 0x90, 0x33, 0x74, 0x90, 0x86, 0x32, 0x78, 0x90, 0x56, 0x31, 0x7c, 0x90, 0x4c, 0x10,
    0x60, 0x92, 0xe3, 0x37, 0x64, 0x92, 0xb3, 0x36, 0x68, 0x92, 0xa9, 0x35, 0x6c, 0x92, 0x9f, 0x34,
    0x70, 0x92, 0x95, 0x33, 0x74, 0x92, 0x65, 0x32, 0x78, 0x92, 0x5b, 0x31, 0x7c, 0x92, 0x51, 0x00,
    0x60, 0x94, 0x04, 0x37, 0x64, 0x94, 0xfa, 0x35, 0x68, 0x94, 0xca, 0x34, 0x6c, 0x94, 0xc0, 0x33,
    0x70, 0x94, 0xb6, 0x32, 0x74, 0x94, 0xac, 0x31, 0x78, 0x94, 0x7c, 0x30, 0x60, 0x96, 0x09, 0x37,
    0x64, 0x96, 0xff, 0x35, 0x68, 0x96, 0xcf, 0x34, 0x6c, 0x96, 0xc5, 0x33, 0x70, 0x96, 0xbb, 0x32,
    0x74, 0x96, 0x8b, 0x31, 0x78, 0x96, 0x81, 0x30, 0x5e, 0x98, 0x64, 0x38, 0x62, 0x98, 0x34, 0x37,
    0x66, 0x98, 0x2a, 0x36, 0x6a, 0x98, 0x20, 0x35, 0x6e, 0x98, 0x16, 0x34, 0x72, 0x98, 0xe6, 0x32,
    0x76, 0x98, 0xdc, 0x31, 0x7a, 0x98, 0xd2, 0x20, 0x5e, 0x9a, 0x85, 0x37, 0x62, 0x9a, 0x7b, 0x36,
    0x66, 0x9a, 0x4b, 0x35, 0x6a, 0x9a, 0x41, 0x34, 0x6e, 0x9a, 0x37, 0x33, 0x72, 0x9a, 0x07, 0x32,
    0x76, 0x9a, 0xfd, 0x30, 0x5e, 0x9c, 0x8a, 0x37, 0x62, 0x9c, 0x5a, 0x36, 0x66, 0x9c, 0x50, 0x35,
    0x6a, 0x9c, 0x46, 0x34, 0x6e, 0x9c, 0x3c, 0x33, 0x72, 0x9c, 0x0c, 0x32, 0x76, 0x9c, 0x02, 0x31,
    0x5c, 0x9e, 0xe5, 0x38, 0x60, 0x9e, 0xb5, 0x37, 0x64, 0x9e, 0xab, 0x36, 0x68, 0x9e, 0xa1, 0x35,
    0x6c, 0x9e, 0x71, 0x34, 0x70, 0x9e, 0x67, 0x33, 0x74, 0x9e, 0x5d, 0x32, 0x78, 0x9e, 0x53, 0x31,
    0x7c, 0x9e, 0x23, 0x00, 0x84, 0x63, 0xed, 0x31, 0x88, 0x63, 0xdb, 0x33, 0x8c, 0x63, 0xa3, 0x35,
    0x90, 0x63, 0x91, 0x37, 0x84, 0x65, 0xdb, 0x31, 0x88, 0x65, 0xc9, 0x33, 0x8c, 0x65, 0x91, 0x35,
    0x90, 0x65, 0x7f, 0x37, 0x84, 0x67, 0xc8, 0x31, 0x88, 0x67, 0xb6, 0x33, 0x8c, 0x67, 0x7e, 0x35,
    0x90, 0x67, 0x6c, 0x37, 0x94, 0x67, 0x34, 0x09, 0x84, 0x6c, 0xe0, 0x31, 0x88, 0x6c, 0x83, 0x33,
    0x8c, 0x6c, 0x27, 0x35, 0x90, 0x6c, 0xca, 0x36, 0x94, 0x6c, 0x6e, 0x08, 0x84, 0x6e, 0xf7, 0x31,
    0x88, 0x6e, 0x9b, 0x33, 0x8c, 0x6e, 0x3e, 0x35, 0x90, 0x6e, 0xe2, 0x36, 0x94, 0x6e, 0x85, 0x08,
    0x82, 0x74, 0x25, 0x30, 0x86, 0x74, 0xa1, 0x31, 0x8a, 0x74, 0xf7, 0x32, 0x8e, 0x74, 0x73, 0x34,
    0x92, 0x74, 0xef, 0x35, 0x96, 0x74, 0x45, 0x17, 0x82, 0x76, 0x16, 0x30, 0x86, 0x76, 0x92, 0x31,
    0x8a, 0x76, 0xe8, 0x32, 0x8e, 0x76, 0x64, 0x34, 0x92, 0x76, 0xe0, 0x35, 0x96, 0x76, 0x36, 0x17,
    0x82, 0x78, 0x07, 0x30, 0x86, 0x78, 0x83, 0x31, 0x8a, 0x78, 0xd9, 0x32, 0x8e, 0x78, 0x55, 0x34,
    0x92, 0x78, 0xd1, 0x35, 0x96, 0x78, 0x27, 0x17, 0x82, 0x80, 0x4e, 0x31, 0x86, 0x80, 0x7f, 0x32,
    0x8a, 0x80, 0xaf, 0x33, 0x8e, 0x80, 0xba, 0x34, 0x92, 0x80, 0xea, 0x35, 0x96, 0x80, 0x1b, 0x37,
    0x9a, 0x80, 0x4b, 0x08, 0x82, 0x82, 0x47, 0x31, 0x86, 0x82, 0x77, 0x32, 0x8a, 0x82, 0xa8, 0x33,
    0x8e, 0x82, 0xb2, 0x34, 0x92, 0x82, 0xe3, 0x35, 0x96, 0x82, 0x13, 0x37, 0x9a, 0x82, 0x44, 0x08,
    0x82, 0x84, 0x3f, 0x31, 0x86, 0x84, 0x70, 0x32, 0x8a, 0x84, 0xa0, 0x33, 0x8e, 0x84, 0xab, 0x34,
    0x92, 0x84, 0xdc, 0x35, 0x96, 0x84, 0x0c, 0x37, 0x9a, 0x84, 0x3d, 0x08, 0x82, 0x86, 0x38, 0x31,
    0x86, 0x86, 0x69, 0x32, 0x8a, 0x86, 0x99, 0x33, 0x8e, 0x86, 0xa4, 0x34, 0x92, 0x86, 0xd4, 0x35,
    0x96, 0x86, 0x05, 0x37, 0x9a, 0x86, 0x35, 0x18, 0x82, 0x88, 0x31, 0x31, 0x86, 0x88, 0x61, 0x32,
    0x8a, 0x88, 0x92, 0x33, 0x8e, 0x88, 0x9c, 0x34, 0x92, 0x88, 0xcd, 0x35, 0x96, 0x88, 0xfd, 0x36,
    0x9a, 0x88, 0x2e, 0x18, 0x80, 0x90, 0x25, 0x00, 0x80, 0x92, 0x20, 0x30, 0x84, 0x92, 0x2a, 0x31,
    0x88, 0x92, 0x0f, 0x32, 0x8c, 0x92, 0x19, 0x33, 0x90, 0x92, 0x23, 0x34, 0x94, 0x92, 0x08, 0x35,
    0x98, 0x92, 0x12, 0x36, 0x9c, 0x92, 0xf6, 0x26, 0x80, 0x94, 0x1b, 0x30, 0x84, 0x94, 0x25, 0x31,
    0x88, 0x94, 0x0a, 0x32, 0x8c, 0x94, 0x14, 0x33, 0x90, 0x94, 0x1e, 0x34, 0x94, 0x94, 0x03, 0x35,
    0x98, 0x94, 0x0d, 0x36, 0x9c, 0x94, 0xf1, 0x26, 0x80, 0x96, 0x16, 0x30, 0x84, 0x96, 0x21, 0x31,
    0x88, 0x96, 0x05, 0x32, 0x8c, 0x96, 0x0f, 0x33, 0x90, 0x96, 0x19, 0x34, 0x94, 0x96, 0xfe, 0x34,
    0x98, 0x96, 0x08, 0x36, 0x9c, 0x96, 0xec, 0x26, 0x80, 0x98, 0x11, 0x30, 0x84, 0x98, 0x1c, 0x31,
    0x88, 0x98, 0x00, 0x32, 0x8c, 0x98, 0x0a, 0x33, 0x90, 0x98, 0x14, 0x34, 0x94, 0x98, 0xf9, 0x34,
    0x98, 0x98, 0x03, 0x36, 0x9c, 0x98, 0xe7, 0x26, 0x80, 0x9a, 0x0c, 0x30, 0x84, 0x9a, 0x17, 0x31,
    0x88, 0x9a, 0xfb, 0x31, 0x8c, 0x9a, 0x05, 0x33, 0x90, 0x9a, 0x10, 0x34, 0x94, 0x9a, 0xf4, 0x34,
    0x98, 0x9a, 0xfe, 0x35, 0x9c, 0x9a, 0xe2, 0x36, 0x80, 0x9c, 0x07, 0x30, 0x84, 0x9c, 0x12, 0x31,
    0x88, 0x9c, 0xf6, 0x31, 0x8c, 0x9c, 0x00, 0x33, 0x90, 0x9c, 0x0b, 0x34, 0x94, 0x9c, 0xef, 0x34,
    0x98, 0x9c, 0xf9, 0x35, 0x9c, 0x9c, 0xde, 0x36, 0x80, 0x9e, 0x02, 0x30, 0x84, 0x9e, 0x0d, 0x31,
    0x88, 0x9e, 0xf1, 0x31, 0x8c, 0x9e, 0xfb, 0x32, 0x90, 0x9e, 0x06, 0x34, 0x94, 0x9e, 0xea, 0x34,
    0x98, 0x9e, 0xf4, 0x35, 0x9c, 0x9e, 0xd9, 0x36, 0xa0, 0xa0, 0xde, 0x07, 0x72, 0x63, 0xca, 0x35,
    0x76, 0x63, 0xb6, 0x33, 0x7a, 0x63, 0xa2, 0x31, 0x70, 0x65, 0x89, 0x38, 0x74, 0x65, 0x4f, 0x36,
    0x78, 0x65, 0x3b, 0x34, 0x7c, 0x65, 0x27, 0x32, 0x80, 0x65, 0x13, 0x00, 0x70, 0x67, 0xf9, 0x36,
    0x74, 0x67, 0xe5, 0x34, 0x78, 0x67, 0xd1, 0x32, 0x7c, 0x67, 0xbd, 0x30, 0x6e, 0x6a, 0xde, 0x37,
    0x72, 0x6a, 0x16, 0x36, 0x76, 0x6a, 0x28, 0x34, 0x7a, 0x6a, 0x60, 0x32, 0x7e, 0x6a, 0x72, 0x10,
    0x6e, 0x6c, 0xed, 0x37, 0x72, 0x6c, 0x25, 0x36, 0x76, 0x6c, 0x37, 0x34, 0x7a, 0x6c, 0x6f, 0x32,
    0x7e, 0x6c, 0x81, 0x10, 0x6e, 0x6e, 0xa6, 0x36, 0x72, 0x6e, 0xb8, 0x34, 0x76, 0x6e, 0xf0, 0x32,
    0x7a, 0x6e, 0x02, 0x31, 0x6a, 0x73, 0xde, 0x37, 0x6e, 0x73, 0x3c, 0x36, 0x72, 0x73, 0xc0, 0x34,
    0x76, 0x73, 0x1e, 0x33, 0x7a, 0x73, 0xa2, 0x31, 0x7e, 0x73, 0x00, 0x00, 0x6a, 0x75, 0x94, 0x36,
    0x6e, 0x75, 0x18, 0x35, 0x72, 0x75, 0x76, 0x33, 0x76, 0x75, 0xd4, 0x31, 0x7a, 0x75, 0x58, 0x30,
    0x68, 0x77, 0x8f, 0x38, 0x6c, 0x77, 0xed, 0x36, 0x70, 0x77, 0x4b, 0x35, 0x74, 0x77, 0xcf, 0x33,
    0x78, 0x77, 0x2d, 0x32, 0x7c, 0x77, 0xb1, 0x10, 0x68, 0x79, 0x45, 0x37, 0x6c, 0x79, 0xa3, 0x35,
    0x70, 0x79, 0x27, 0x34, 0x74, 0x79, 0x85, 0x32, 0x78, 0x79, 0xe3, 0x30, 0x66, 0x7e, 0x88, 0x36,
    0x6a, 0x7e, 0x32, 0x35, 0x6e, 0x7e, 0xb6, 0x33, 0x72, 0x7e, 0x60, 0x32, 0x76, 0x7e, 0x0a, 0x31,
    0x66, 0x80, 0x69, 0x36, 0x6a, 0x80, 0x13, 0x35, 0x6e, 0x80, 0xbd, 0x33, 0x72, 0x80, 0x67, 0x32,
    0x76, 0x80, 0x11, 0x31, 0x64, 0x82, 0x13, 0x38, 0x68, 0x82, 0xbd, 0x36, 0x6c, 0x82, 0x67, 0x35,
    0x70, 0x82, 0x11, 0x34, 0x74, 0x82, 0xbb, 0x32, 0x78, 0x82, 0x3f, 0x31, 0x64, 0x84, 0x10, 0x37,
    0x68, 0x84, 0xba, 0x35, 0x6c, 0x84, 0x64, 0x34, 0x70, 0x84, 0xe8, 0x32, 0x74, 0x84, 0x92, 0x31,
    0x78, 0x84, 0x3c, 0x30, 0x62, 0x86, 0xba, 0x38, 0x66, 0x86, 0x64, 0x37, 0x6a, 0x86, 0x0e, 0x36,
    0x6e, 0x86, 0x92, 0x34, 0x72, 0x86, 0x3c, 0x33, 0x76, 0x86, 0xe6, 0x31, 0x7a, 0x86, 0x90, 0x10,
    0x62, 0x88, 0xc1, 0x38, 0x66, 0x88, 0x45, 0x37, 0x6a, 0x88, 0xef, 0x35, 0x6e, 0x88, 0x99, 0x34,
    0x72, 0x88, 0x43, 0x33, 0x76, 0x88, 0xed, 0x31, 0x7a, 0x88, 0x71, 0x10, 0x5e, 0x91, 0xb3, 0x36,
    0x62, 0x91, 0xa8, 0x35, 0x66, 0x91, 0x9e, 0x34, 0x6a, 0x91, 0x6e, 0x33, 0x6e, 0x91, 0x63, 0x32,
    0x72, 0x91, 0x59, 0x31, 0x76, 0x91, 0x4f, 0x30, 0x5c, 0x93, 0x0e, 0x38, 0x60, 0x93, 0x04, 0x37,
    0x64, 0x93, 0xd3, 0x35, 0x68, 0x93, 0xc9, 0x34, 0x6c, 0x93, 0xbf, 0x33, 0x70, 0x93, 0xb4, 0x32,
    0x74, 0x93, 0x84, 0x31, 0x78, 0x93, 0x7a, 0x10, 0x5c, 0x95, 0x2f, 0x37, 0x60, 0x95, 0x24, 0x36,
    0x64, 0x95, 0xf4, 0x34, 0x68, 0x95, 0xea, 0x33, 0x6c, 0x95, 0xdf, 0x32, 0x70, 0x95, 0xd5, 0x31,
    0x74, 0x95, 0xa5, 0x30, 0x5a, 0x97, 0x8a, 0x38, 0x5e, 0x97, 0x5a, 0x37, 0x62, 0x97, 0x4f, 0x36,
    0x66, 0x97, 0x45, 0x35, 0x6a, 0x97, 0x15, 0x34, 0x6e, 0x97, 0x0a, 0x33, 0x72, 0x97, 0x00, 0x32,
    0x76, 0x97, 0xf6, 0x30, 0x5a, 0x99, 0x69, 0x38, 0x5e, 0x99, 0x5e, 0x37, 0x62, 0x99, 0x54, 0x36,
    0x66, 0x99, 0x24, 0x35, 0x6a, 0x99, 0x19, 0x34, 0x6e, 0x99, 0x0f, 0x33, 0x72, 0x99, 0xdf, 0x31,
    0x76, 0x99, 0xd4, 0x20, 0x5a, 0x9b, 0x89, 0x37, 0x5e, 0x9b, 0x7f, 0x36, 0x62, 0x9b, 0x75, 0x35,
    0x66, 0x9b, 0x44, 0x34, 0x6a, 0x9b, 0x3a, 0x33, 0x6e, 0x9b, 0x30, 0x32, 0x72, 0x9b, 0x25, 0x31,
    0x58, 0x9d, 0xe5, 0x38, 0x5c, 0x9d, 0xb4, 0x37, 0x60, 0x9d, 0xaa, 0x36, 0x64, 0x9d, 0xa0, 0x35,
    0x68, 0x9d, 0x95, 0x34, 0x6c, 0x9d, 0x65, 0x33, 0x70, 0x9d, 0x5b, 0x32, 0x74, 0x9d, 0x50, 0x31,
    0x78, 0x9d, 0x46, 0x00, 0x78, 0x9f, 0x25, 0x00, 0x88, 0x63, 0x25, 0x00, 0x88, 0x65, 0xdd, 0x31,
    0x8c, 0x65, 0xa7, 0x33, 0x90, 0x65, 0x71, 0x35, 0x94, 0x65, 0x3b, 0x37, 0x86, 0x67, 0x00, 0x30,
    0x8a, 0x67, 0xca, 0x31, 0x8e, 0x67, 0x94, 0x33, 0x92, 0x67, 0x5e, 0x35, 0x96, 0x67, 0x28, 0x17,
    0x86, 0x6b, 0xc9, 0x31, 0x8a, 0x6b, 0x6c, 0x33, 0x8e, 0x6b, 0x10, 0x35, 0x92, 0x6b, 0xb3, 0x36,
    0x96, 0x6b, 0x57, 0x18, 0x86, 0x6d, 0xe0, 0x31, 0x8a, 0x6d, 0x83, 0x33, 0x8e, 0x6d, 0x27, 0x35,
    0x92, 0x6d, 0xca, 0x36, 0x96, 0x6d, 0x6e, 0x18, 0x86, 0x6f, 0xf7, 0x31, 0x8a, 0x6f, 0x9b, 0x33,
    0x8e, 0x6f, 0x3e, 0x35, 0x92, 0x6f, 0xe2, 0x36, 0x96, 0x6f, 0x85, 0x18, 0x84, 0x76, 0xba, 0x31,
    0x88, 0x76, 0x11, 0x33, 0x8c, 0x76, 0x68, 0x34, 0x90, 0x76, 0xbf, 0x35, 0x94, 0x76, 0x17, 0x37,
    0x98, 0x76, 0x6e, 0x08, 0x82, 0x78, 0x2e, 0x30, 0x86, 0x78, 0x85, 0x31, 0x8a, 0x78, 0xdc, 0x32,
    0x8e, 0x78, 0x33, 0x34, 0x92, 0x78, 0xb1, 0x35, 0x96, 0x78, 0x08, 0x27, 0x98, 0x7a, 0xde, 0x07,
    0x80, 0x7f, 0x25, 0x00, 0x80, 0x81, 0x43, 0x30, 0x84, 0x81, 0x75, 0x31, 0x88, 0x81, 0xa7, 0x32,
    0x8c, 0x81, 0xd9, 0x33, 0x90, 0x81, 0x0a, 0x35, 0x94, 0x81, 0x3c, 0x36, 0x98, 0x81, 0x6e, 0x07,
    0x80, 0x83, 0x61, 0x30, 0x84, 0x83, 0x93, 0x31, 0x88, 0x83, 0xc5, 0x32, 0x8c, 0x83, 0xf6, 0x33,
    0x90, 0x83, 0x28, 0x35, 0x94, 0x83, 0x34, 0x36, 0x98, 0x83, 0x66, 0x07, 0x80, 0x85, 0x64, 0x31,
    0x84, 0x85, 0x96, 0x32, 0x88, 0x85, 0xa2, 0x33, 0x8c, 0x85, 0xd4, 0x34, 0x90, 0x85, 0x06, 0x36,
    0x94, 0x85, 0x38, 0x37, 0x98, 0x85, 0x69, 0x08, 0x80, 0x87, 0x5c, 0x31, 0x84, 0x87, 0x8e, 0x32,
    0x88, 0x87, 0xc0, 0x33, 0x8c, 0x87, 0xf2, 0x34, 0x90, 0x87, 0x24, 0x36, 0x94, 0x87, 0x56, 0x37,
    0x98, 0x87, 0x87, 0x08, 0x88, 0x89, 0xde, 0x33, 0x8c, 0x89, 0x10, 0x35, 0x90, 0x89, 0x42, 0x36,
    0x94, 0x89, 0x74, 0x37, 0x98, 0x89, 0xa5, 0x08, 0x98, 0x8b, 0xde, 0x07, 0x7c, 0x90, 0x25, 0x00,
    0x7c, 0x92, 0x46, 0x30, 0x80, 0x92, 0x2b, 0x31, 0x84, 0x92, 0x36, 0x32, 0x88, 0x92, 0x1b, 0x33,
    0x8c, 0x92, 0x26, 0x24, 0x7c, 0x94, 0x26, 0x31, 0x80, 0x94, 0x0b, 0x32, 0x84, 0x94, 0xf0, 0x32,
    0x88, 0x94, 0xfb, 0x33, 0x8c, 0x94, 0xe0, 0x34, 0x90, 0x94, 0xea, 0x35, 0x94, 0x94, 0xcf, 0x36,
    0x98, 0x94, 0xda, 0x07, 0x7c, 0x96, 0x21, 0x31, 0x80, 0x96, 0x2c, 0x32, 0x84, 0x96, 0x11, 0x33,
    0x88, 0x96, 0x1c, 0x34, 0x8c, 0x96, 0x01, 0x35, 0x90, 0x96, 0x0c, 0x36, 0x94, 0x96, 0xf1, 0x36,
    0x98, 0x96, 0xfb, 0x07, 0x7a, 0x98, 0x11, 0x30, 0x7e, 0x98, 0x1c, 0x31, 0x82, 0x98, 0x01, 0x32,
    0x86, 0x98, 0x0c, 0x33, 0x8a, 0x98, 0xf1, 0x33, 0x8e, 0x98, 0xd6, 0x34, 0x92, 0x98, 0xe1, 0x35,
    0x96, 0x98, 0xc6, 0x26, 0x7a, 0x9a, 0x32, 0x30, 0x7e, 0x9a, 0x3d, 0x31, 0x82, 0x9a, 0x22, 0x32,
    0x86, 0x9a, 0x07, 0x33, 0x8a, 0x9a, 0x12, 0x34, 0x8e, 0x9a, 0xf7, 0x34, 0x92, 0x9a, 0x02, 0x36,
    0x96, 0x9a, 0xe7, 0x26, 0x7a, 0x9c, 0x12, 0x31, 0x7e, 0x9c, 0xf7, 0x31, 0x82, 0x9c, 0x02, 0x33,
    0x86, 0x9c, 0xe7, 0x33, 0x8a, 0x9c, 0xf2, 0x34, 0x8e, 0x9c, 0xd7, 0x35, 0x92, 0x9c, 0xbc, 0x36,
    0x96, 0x9c, 0xc7, 0x27, 0x7a, 0x9e, 0x34, 0x31, 0x7e, 0x9e, 0x18, 0x32, 0x82, 0x9e, 0x23, 0x33,
    0x86, 0x9e, 0x08, 0x34, 0x8a, 0x9e, 0xed, 0x34, 0x8e, 0x9e, 0xf8, 0x35, 0x92, 0x9e, 0xdd, 0x36,
    0x96, 0x9e, 0xe8, 0x27, 0x84, 0xa0, 0xb7, 0x33, 0x88, 0xa0, 0x9c, 0x34, 0x8c, 0xa0, 0xa7, 0x35,
    0x90, 0xa0, 0x8c, 0x36, 0x94, 0xa0, 0x70, 0x37, 0x98, 0xa0, 0x7b, 0x08, 0x98, 0xa2, 0xde, 0x07,
    0x76, 0x63, 0xa4, 0x35, 0x7a, 0x63, 0x6a, 0x33, 0x7e, 0x63, 0x30, 0x31, 0x74, 0x65, 0x3d, 0x38,
    0x78, 0x65, 0x03, 0x36, 0x7c, 0x65, 0xc9, 0x33, 0x80, 0x65, 0x69, 0x21, 0x82, 0x67, 0x25, 0x00,
    0x70, 0x6b, 0x39, 0x38, 0x74, 0x6b, 0x49, 0x36, 0x78, 0x6b, 0x59, 0x34, 0x7c, 0x6b, 0x6a, 0x32,
    0x80, 0x6b, 0x7a, 0x00, 0x6e, 0x6d, 0x07, 0x39, 0x72, 0x6d, 0x17, 0x37, 0x76, 0x6d, 0x27, 0x35,
    0x7a, 0x6d, 0x37, 0x33, 0x7e, 0x6d, 0x47, 0x21, 0x80, 0x6f, 0x25, 0x00, 0x6a, 0x74, 0xea, 0x37,
    0x6e, 0x74, 0x6d, 0x36, 0x72, 0x74, 0xca, 0x34, 0x76, 0x74, 0x4d, 0x33, 0x7a, 0x74, 0xd0, 0x31,
    0x7e, 0x74, 0x2c, 0x00, 0x6a, 0x76, 0x79, 0x36, 0x6e, 0x76, 0xd6, 0x34, 0x72, 0x76, 0x59, 0x33,
    0x76, 0x76, 0xdc, 0x31, 0x7a, 0x76, 0x39, 0x30, 0x68, 0x78, 0xd2, 0x36, 0x6c, 0x78, 0x55, 0x35,
    0x70, 0x78, 0xd8, 0x33, 0x74, 0x78, 0x34, 0x32, 0x78, 0x78, 0xb7, 0x30, 0x64, 0x7d, 0xde, 0x07,
    0x64, 0x7f, 0x8f, 0x36, 0x68, 0x7f, 0x38, 0x35, 0x6c, 0x7f, 0xe2, 0x33, 0x70, 0x7f, 0x8b, 0x32,
    0x74, 0x7f, 0x34, 0x31, 0x62, 0x81, 0x13, 0x38, 0x66, 0x81, 0xbc, 0x36, 0x6a, 0x81, 0x66, 0x35,
    0x6e, 0x81, 0x0f, 0x34, 0x72, 0x81, 0xb8, 0x32, 0x76, 0x81, 0x62, 0x31, 0x62, 0x83, 0xc4, 0x36,
    0x66, 0x83, 0x6d, 0x35, 0x6a, 0x83, 0x16, 0x34, 0x6e, 0x83, 0xc0, 0x32, 0x72, 0x83, 0x69, 0x31,
    0x76, 0x83, 0x13, 0x30, 0x60, 0x85, 0x3d, 0x37, 0x64, 0x85, 0xe7, 0x35, 0x68, 0x85, 0x90, 0x34,
    0x6c, 0x85, 0x39, 0x33, 0x70, 0x85, 0xe3, 0x31, 0x74, 0x85, 0x8c, 0x30, 0x6c, 0x87, 0xf5, 0x32,
    0x70, 0x87, 0x9e, 0x31, 0x74, 0x87, 0x47, 0x30, 0x58, 0x8f, 0x09, 0x38, 0x5c, 0x8f, 0xd8, 0x36,
    0x60, 0x8f, 0xa7, 0x35, 0x64, 0x8f, 0x9c, 0x34, 0x68, 0x8f, 0x6b, 0x33, 0x58, 0x91, 0x04, 0x37,
    0x5c, 0x91, 0xd2, 0x35, 0x60, 0x91, 0xa1, 0x34, 0x64, 0x91, 0x96, 0x33, 0x68, 0x91, 0x65, 0x32,
    0x6c, 0x91, 0x5a, 0x31, 0x70, 0x91, 0x29, 0x30, 0x56, 0x93, 0x3a, 0x38, 0x5a, 0x93, 0x09, 0x37,
    0x5e, 0x93, 0xfe, 0x35, 0x62, 0x93, 0xcd, 0x34, 0x66, 0x93, 0x9c, 0x33, 0x6a, 0x93, 0x90, 0x32,
    0x6e, 0x93, 0x5f, 0x31, 0x72, 0x93, 0x54, 0x00, 0x56, 0x95, 0x34, 0x37, 0x5a, 0x95, 0x03, 0x36,
    0x5e, 0x95, 0xf8, 0x34, 0x62, 0x95, 0xc7, 0x33, 0x66, 0x95, 0x96, 0x32, 0x6a, 0x95, 0x8b, 0x31,
    0x6e, 0x95, 0x5a, 0x30, 0x54, 0x97, 0x6b, 0x38, 0x58, 0x97, 0x3a, 0x37, 0x5c, 0x97, 0x2f, 0x36,
    0x60, 0x97, 0xfd, 0x34, 0x64, 0x97, 0xf2, 0x33, 0x68, 0x97, 0xc1, 0x32, 0x6c, 0x97, 0x90, 0x31,
    0x70, 0x97, 0x85, 0x10, 0x54, 0x99, 0x65, 0x37, 0x58, 0x99, 0x34, 0x36, 0x5c, 0x99, 0x29, 0x35,
    0x60, 0x99, 0xf8, 0x33, 0x64, 0x99, 0xed, 0x32, 0x68, 0x99, 0xbb, 0x31, 0x6c, 0x99, 0x8a, 0x30,
    0x52, 0x9b, 0xb7, 0x37, 0x56, 0x9b, 0xac, 0x36, 0x5a, 0x9b, 0x7a, 0x35, 0x5e, 0x9b, 0x6f, 0x34,
    0x62, 0x9b, 0x3e, 0x33, 0x66, 0x9b, 0x0d, 0x32, 0x6a, 0x9b, 0x02, 0x31, 0x66, 0x9d, 0xec, 0x31,
    0x6a, 0x9d, 0xe1, 0x30, 0x8a, 0x63, 0x25, 0x00, 0x8a, 0x65, 0x5f, 0x30, 0x8e, 0x65, 0x29, 0x32,
    0x92, 0x65, 0xf3, 0x33, 0x96, 0x65, 0xbd, 0x35, 0x9a, 0x65, 0xad, 0x07, 0x8a, 0x67, 0xca, 0x31,
    0x8e, 0x67, 0xba, 0x33, 0x92, 0x67, 0x84, 0x35, 0x96, 0x67, 0x4f, 0x37, 0x9a, 0x67, 0x19, 0x09,
    0x88, 0x6d, 0xe0, 0x31, 0x8c, 0x6d, 0x83, 0x33, 0x90, 0x6d, 0x01, 0x35, 0x94, 0x6d, 0xa4, 0x36,
    0x98, 0x6d, 0x22, 0x18, 0x86, 0x6f, 0x54, 0x30, 0x8a, 0x6f, 0xd1, 0x31, 0x8e, 0x6f, 0x4e, 0x33,
    0x92, 0x6f, 0xf2, 0x34, 0x96, 0x6f, 0x6f, 0x36, 0x84, 0x74, 0x25, 0x00, 0x84, 0x76, 0x95, 0x31,
    0x88, 0x76, 0xed, 0x32, 0x8c, 0x76, 0x46, 0x34, 0x90, 0x76, 0x9f, 0x35, 0x94, 0x76, 0xf7, 0x36,
    0x98, 0x76, 0x50, 0x08, 0x82, 0x78, 0x2e, 0x30, 0x86, 0x78, 0x86, 0x31, 0x8a, 0x78, 0xdf, 0x32,
    0x8e, 0x78, 0x37, 0x34, 0x92, 0x78, 0x90, 0x35, 0x96, 0x78, 0x0e, 0x17, 0x8c, 0x7a, 0xdc, 0x33,
    0x90, 0x7a, 0x5b, 0x35, 0x94, 0x7a, 0xb3, 0x36, 0x80, 0x7e, 0x25, 0x00, 0x80, 0x80, 0x6a, 0x30,
    0x84, 0x80, 0x9c, 0x31, 0x88, 0x80, 0xcd, 0x32, 0x8c, 0x80, 0xff, 0x23, 0x80, 0x82, 0x6e, 0x31,
    0x84, 0x82, 0xa0, 0x32, 0x88, 0x82, 0xd2, 0x33, 0x8c, 0x82, 0x29, 0x35, 0x90, 0x82, 0x5b, 0x36,
    0x94, 0x82, 0x8d, 0x17, 0x7e, 0x84, 0x35, 0x30, 0x82, 0x84, 0x67, 0x31, 0x86, 0x84, 0x98, 0x32,
    0x8a, 0x84, 0xca, 0x33, 0x8e, 0x84, 0xfc, 0x34, 0x92, 0x84, 0x2d, 0x36, 0x7e, 0x86, 0x39, 0x31,
    0x82, 0x86, 0x91, 0x32, 0x86, 0x86, 0xc3, 0x33, 0x8a, 0x86, 0xf4, 0x34, 0x8e, 0x86, 0x26, 0x36,
    0x92, 0x86, 0x58, 0x37, 0x7c, 0x88, 0x00, 0x30, 0x80, 0x88, 0x32, 0x31, 0x84, 0x88, 0x63, 0x32,
    0x88, 0x88, 0x95, 0x33, 0x8c, 0x88, 0xc7, 0x34, 0x90, 0x88, 0xf8, 0x35, 0x94, 0x88, 0x2a, 0x17,
    0x8e, 0x8a, 0x8a, 0x36, 0x92, 0x8a, 0xbc, 0x37, 0x78, 0x90, 0x25, 0x00, 0x78, 0x92, 0x46, 0x30,
    0x7c, 0x92, 0x52, 0x31, 0x80, 0x92, 0x37, 0x32, 0x84, 0x92, 0x1d, 0x23, 0x78, 0x94, 0x26, 0x31,
    0x7c, 0x94, 0x32, 0x32, 0x80, 0x94, 0x17, 0x33, 0x84, 0x94, 0xfd, 0x33, 0x88, 0x94, 0x09, 0x35,
    0x8c, 0x94, 0xee, 0x35, 0x90, 0x94, 0xfa, 0x36, 0x94, 0x94, 0xdf, 0x07, 0x76, 0x96, 0x15, 0x30,
    0x7a, 0x96, 0x21, 0x31, 0x7e, 0x96, 0x06, 0x32, 0x82, 0x96, 0x12, 0x33, 0x86, 0x96, 0xf8, 0x33,
    0x8a, 0x96, 0xdd, 0x34, 0x8e, 0x96, 0xe9, 0x35, 0x92, 0x96, 0xce, 0x16, 0x76, 0x98, 0x36, 0x30,
    0x7a, 0x98, 0x42, 0x31, 0x7e, 0x98, 0x27, 0x32, 0x82, 0x98, 0x33, 0x33, 0x86, 0x98, 0x19, 0x34,
    0x8a, 0x98, 0x24, 0x35, 0x8e, 0x98, 0x0a, 0x36, 0x92, 0x98, 0x15, 0x17, 0x76, 0x9a, 0x16, 0x31,
    0x7a, 0x9a, 0x22, 0x32, 0x7e, 0x9a, 0x08, 0x33, 0x82, 0x9a, 0x13, 0x34, 0x86, 0x9a, 0xf9, 0x34,
    0x8a, 0x9a, 0x04, 0x36, 0x8e, 0x9a, 0xea, 0x36, 0x92, 0x9a, 0xf6, 0x17, 0x74, 0x9c, 0x05, 0x30,
    0x78, 0x9c, 0x11, 0x31, 0x7c, 0x9c, 0xf7, 0x31, 0x80, 0x9c, 0x02, 0x33, 0x84, 0x9c, 0xe8, 0x33,
    0x88, 0x9c, 0xf3, 0x34, 0x8c, 0x9c, 0xd9, 0x35, 0x90, 0x9c, 0xe5, 0x26, 0x74, 0x9e, 0xe6, 0x30,
    0x78, 0x9e, 0xf1, 0x31, 0x7c, 0x9e, 0xd7, 0x32, 0x80, 0x9e, 0xe2, 0x33, 0x84, 0x9e, 0xc8, 0x34,
    0x88, 0x9e, 0xd4, 0x35, 0x8c, 0x9e, 0xb9, 0x36, 0x90, 0x9e, 0xc5, 0x27, 0x80, 0xa0, 0x44, 0x33,
    0x84, 0xa0, 0x50, 0x34, 0x88, 0xa0, 0x35, 0x35, 0x8c, 0xa0, 0x1b, 0x36, 0x90, 0xa0, 0x27, 0x27,
    0x8c, 0xa2, 0x62, 0x36, 0x90, 0xa2, 0x48, 0x27, 0x78, 0x62, 0xde, 0x07, 0x78, 0x64, 0xb4, 0x35,
    0x7c, 0x64, 0x9d, 0x33, 0x80, 0x64, 0x61, 0x31, 0x76, 0x66, 0x03, 0x38, 0x7a, 0x66, 0xc6, 0x35,
    0x7e, 0x66, 0xb0, 0x33, 0x82, 0x66, 0x73, 0x21, 0x72, 0x6b, 0x13, 0x38, 0x76, 0x6b, 0xfd, 0x35,
    0x7a, 0x6b, 0xe7, 0x33, 0x7e, 0x6b, 0xd1, 0x31, 0x70, 0x6d, 0xba, 0x38, 0x74, 0x6d, 0xa4, 0x36,
    0x78, 0x6d, 0x8e, 0x34, 0x7c, 0x6d, 0x9f, 0x32, 0x80, 0x6d, 0x89, 0x00, 0x80, 0x6f, 0x25, 0x00,
    0x6c, 0x72, 0xde, 0x07, 0x6c, 0x74, 0x47, 0x36, 0x70, 0x74, 0xa4, 0x34, 0x74, 0x74, 0x01, 0x33,
    0x78, 0x74, 0x83, 0x31, 0x6a, 0x76, 0xc6, 0x36, 0x6e, 0x76, 0x22, 0x35, 0x72, 0x76, 0x7f, 0x33,
    0x76, 0x76, 0xdc, 0x31, 0x7a, 0x76, 0x39, 0x30, 0x68, 0x78, 0x44, 0x37, 0x6c, 0x78, 0xa1, 0x35,
    0x70, 0x78, 0xfe, 0x33, 0x74, 0x78, 0x5b, 0x32, 0x78, 0x78, 0xb7, 0x30, 0x62, 0x7e, 0xe6, 0x37,
    0x66, 0x7e, 0x8f, 0x36, 0x6a, 0x7e, 0x37, 0x35, 0x6e, 0x7e, 0xe0, 0x33, 0x72, 0x7e, 0xaf, 0x32,
    0x76, 0x7e, 0x57, 0x31, 0x7a, 0x7e, 0x00, 0x00, 0x60, 0x80, 0x3b, 0x38, 0x64, 0x80, 0xe3, 0x36,
    0x68, 0x80, 0x8c, 0x35, 0x6c, 0x80, 0x35, 0x34, 0x70, 0x80, 0x03, 0x33, 0x74, 0x80, 0xac, 0x31,
    0x78, 0x80, 0x55, 0x00, 0x5e, 0x82, 0x8f, 0x38, 0x62, 0x82, 0x38, 0x37, 0x66, 0x82, 0xe0, 0x35,
    0x6a, 0x82, 0x89, 0x34, 0x6e, 0x82, 0x58, 0x33, 0x72, 0x82, 0x00, 0x32, 0x76, 0x82, 0xa9, 0x10,
    0x5c, 0x84, 0xe4, 0x38, 0x60, 0x84, 0x8c, 0x37, 0x64, 0x84, 0x35, 0x36, 0x68, 0x84, 0xde, 0x34,
    0x6c, 0x84, 0xac, 0x33, 0x70, 0x84, 0x55, 0x32, 0x74, 0x84, 0xfe, 0x20, 0x6e, 0x86, 0x9e, 0x31,
    0x72, 0x86, 0x47, 0x30, 0x56, 0x8c, 0xde, 0x07, 0x56, 0x8e, 0xd8, 0x36, 0x5a, 0x8e, 0xa7, 0x35,
    0x5e, 0x8e, 0x9c, 0x34, 0x62, 0x8e, 0x6b, 0x33, 0x66, 0x8e, 0x60, 0x22, 0x54, 0x90, 0x04, 0x37,
    0x58, 0x90, 0xf9, 0x35, 0x5c, 0x90, 0xee, 0x34, 0x60, 0x90, 0xbc, 0x33, 0x64, 0x90, 0xb1, 0x32,
    0x68, 0x90, 0x80, 0x31, 0x6c, 0x90, 0x75, 0x30, 0x52, 0x92, 0x3a, 0x38, 0x56, 0x92, 0x09, 0x37,
    0x5a, 0x92, 0xfe, 0x35, 0x5e, 0x92, 0xf3, 0x34, 0x62, 0x92, 0xc2, 0x33, 0x66, 0x92, 0xb7, 0x32,
    0x6a, 0x92, 0x85, 0x31, 0x6e, 0x92, 0x7a, 0x10, 0x50, 0x94, 0x8c, 0x38, 0x54, 0x94, 0x5b, 0x37,
    0x58, 0x94, 0x4f, 0x36, 0x5c, 0x94, 0x1e, 0x35, 0x60, 0x94, 0x13, 0x34, 0x64, 0x94, 0x08, 0x33,
    0x68, 0x94, 0xd7, 0x31, 0x6c, 0x94, 0xcc, 0x20, 0x4e, 0x96, 0xdd, 0x38, 0x52, 0x96, 0xac, 0x37,
    0x56, 0x96, 0xa1, 0x36, 0x5a, 0x96, 0x70, 0x35, 0x5e, 0x96, 0x65, 0x34, 0x62, 0x96, 0x34, 0x33,
    0x66, 0x96, 0x29, 0x32, 0x6a, 0x96, 0x1d, 0x31, 0x4c, 0x98, 0x09, 0x39, 0x50, 0x98, 0xfe, 0x37,
    0x54, 0x98, 0xf3, 0x36, 0x58, 0x98, 0xc1, 0x35, 0x5c, 0x98, 0xb6, 0x34, 0x60, 0x98, 0x85, 0x33,
    0x64, 0x98, 0x7a, 0x32, 0x68, 0x98, 0x49, 0x31, 0x6c, 0x98, 0x3e, 0x00, 0x58, 0x9a, 0x7a, 0x35,
    0x5c, 0x9a, 0x6f, 0x34, 0x60, 0x9a, 0x3e, 0x33, 0x64, 0x9a, 0x33, 0x32, 0x68, 0x9a, 0x28, 0x31,
    0x64, 0x9c, 0xec, 0x31, 0x68, 0x9c, 0xe1, 0x20, 0x8e, 0x66, 0x39, 0x30, 0x92, 0x66, 0x03, 0x32,
    0x96, 0x66, 0xcd, 0x33, 0x9a, 0x66, 0x97, 0x35, 0x9e, 0x66, 0x61, 0x07, 0x8c, 0x68, 0x00, 0x30,
    0x90, 0x68, 0xca, 0x31, 0x94, 0x68, 0x94, 0x33, 0x98, 0x68, 0x5e, 0x35, 0x9c, 0x68, 0x28, 0x17,
    0x8a, 0x6b, 0x25, 0x00, 0x8a, 0x6d, 0xbd, 0x31, 0x8e, 0x6d, 0x17, 0x33, 0x92, 0x6d, 0x97, 0x34,
    0x96, 0x6d, 0xf1, 0x35, 0x9a, 0x6d, 0x71, 0x27, 0x88, 0x6f, 0x88, 0x31, 0x8c, 0x6f, 0xe2, 0x32,
    0x90, 0x6f, 0x61, 0x34, 0x94, 0x6f, 0xbb, 0x35, 0x98, 0x6f, 0x3b, 0x37, 0x8e, 0x71, 0x2c, 0x34,
    0x92, 0x71, 0x86, 0x35, 0x96, 0x71, 0x06, 0x37, 0x9a, 0x71, 0x60, 0x08, 0x9a, 0x73, 0xde, 0x07,
    0x84, 0x74, 0x25, 0x00, 0x84, 0x76, 0x98, 0x31, 0x88, 0x76, 0xcc, 0x32, 0x8c, 0x76, 0x01, 0x34,
    0x90, 0x76, 0x5c, 0x15, 0x82, 0x78, 0x62, 0x31, 0x86, 0x78, 0x97, 0x32, 0x8a, 0x78, 0xf2, 0x33,
    0x8e, 0x78, 0x26, 0x35, 0x92, 0x78, 0x5b, 0x36, 0x96, 0x78, 0xb6, 0x17, 0x86, 0x7a, 0x15, 0x32,
    0x8a, 0x7a, 0x6f, 0x33, 0x8e, 0x7a, 0xa4, 0x34, 0x92, 0x7a, 0xd9, 0x35, 0x96, 0x7a, 0x33, 0x17,
    0x92, 0x7c, 0x4b, 0x37, 0x96, 0x7c, 0xa6, 0x08, 0x7e, 0x7f, 0x25, 0x00, 0x7e, 0x81, 0x50, 0x31,
    0x82, 0x81, 0x5d, 0x32, 0x86, 0x81, 0x69, 0x33, 0x8a, 0x81, 0x76, 0x24, 0x7c, 0x83, 0x21, 0x31,
    0x80, 0x83, 0x2e, 0x32, 0x84, 0x83, 0x3b, 0x33, 0x88, 0x83, 0x48, 0x34, 0x8c, 0x83, 0x7a, 0x35,
    0x90, 0x83, 0x87, 0x36, 0x7a, 0x85, 0x33, 0x30, 0x7e, 0x85, 0x40, 0x31, 0x82, 0x85, 0x4c, 0x32,
    0x86, 0x85, 0x59, 0x33, 0x8a, 0x85, 0x66, 0x34, 0x8e, 0x85, 0x99, 0x35, 0x92, 0x85, 0xa5, 0x16,
    0x78, 0x87, 0x04, 0x30, 0x7c, 0x87, 0x11, 0x31, 0x80, 0x87, 0x44, 0x32, 0x84, 0x87, 0x51, 0x33,
    0x88, 0x87, 0x5d, 0x34, 0x8c, 0x87, 0x6a, 0x35, 0x90, 0x87, 0x77, 0x26, 0x7e, 0x89, 0xd5, 0x32,
    0x82, 0x89, 0xe2, 0x33, 0x86, 0x89, 0xef, 0x34, 0x8a, 0x89, 0xfc, 0x35, 0x8e, 0x89, 0x08, 0x37,
    0x92, 0x89, 0x15, 0x08, 0x88, 0x8b, 0xf3, 0x35, 0x8c, 0x8b, 0x00, 0x37, 0x90, 0x8b, 0x0d, 0x18,
    0x72, 0x92, 0x46, 0x30, 0x76, 0x92, 0x06, 0x31, 0x7a, 0x92, 0xec, 0x11, 0x72, 0x94, 0x27, 0x31,
    0x76, 0x94, 0x0d, 0x32, 0x7a, 0x94, 0xf3, 0x32, 0x7e, 0x94, 0xd9, 0x33, 0x82, 0x94, 0xbf, 0x24,
    0x70, 0x96, 0xfb, 0x30, 0x74, 0x96, 0xe1, 0x31, 0x78, 0x96, 0xc7, 0x32, 0x7c, 0x96, 0xad, 0x33,
    0x80, 0x96, 0x94, 0x34, 0x84, 0x96, 0x7a, 0x35, 0x88, 0x96, 0x60, 0x36, 0x8c, 0x96, 0x20, 0x17,
    0x6e, 0x98, 0x36, 0x30, 0x72, 0x98, 0x1c, 0x31, 0x76, 0x98, 0x02, 0x32, 0x7a, 0x98, 0xe8, 0x32,
    0x7e, 0x98, 0xce, 0x33, 0x82, 0x98, 0x8e, 0x34, 0x86, 0x98, 0x75, 0x35, 0x8a, 0x98, 0x5b, 0x26,
    0x6c, 0x9a, 0x0b, 0x30, 0x70, 0x9a, 0xf1, 0x30, 0x74, 0x9a, 0xd7, 0x31, 0x78, 0x9a, 0xbd, 0x32,
    0x7c, 0x9a, 0xa3, 0x33, 0x80, 0x9a, 0x89, 0x34, 0x84, 0x9a, 0x49, 0x35, 0x88, 0x9a, 0x2f, 0x36,
    0x6c, 0x9c, 0x12, 0x31, 0x70, 0x9c, 0xf8, 0x31, 0x74, 0x9c, 0xb8, 0x32, 0x78, 0x9c, 0x9e, 0x33,
    0x7c, 0x9c, 0x84, 0x34, 0x80, 0x9c, 0x6a, 0x35, 0x84, 0x9c, 0x50, 0x36, 0x88, 0x9c, 0x36, 0x37,
    0x6a, 0x9e, 0xe6, 0x30, 0x6e, 0x9e, 0xcc, 0x31, 0x72, 0x9e, 0xb2, 0x32, 0x76, 0x9e, 0x72, 0x33,
    0x7a, 0x9e, 0x58, 0x34, 0x7e, 0x9e, 0x3e, 0x35, 0x82, 0x9e, 0x24, 0x36, 0x86, 0x9e, 0x0a, 0x37,
    0x8a, 0x9e, 0xf0, 0x07, 0x72, 0xa0, 0x3a, 0x32, 0x76, 0xa0, 0x20, 0x33, 0x7a, 0xa0, 0x06, 0x34,
    0x7e, 0xa0, 0xec, 0x34, 0x82, 0xa0, 0xd2, 0x35, 0x86, 0xa0, 0xb8, 0x36, 0x7c, 0xa2, 0x80, 0x35,
    0x80, 0xa2, 0x40, 0x36, 0x84, 0xa2, 0x26, 0x37, 0x88, 0xa2, 0x0c, 0x18, 0x84, 0xa4, 0xd4, 0x36,
    0x88, 0xa4, 0xba, 0x07, 0x7c, 0x62, 0xde, 0x07, 0x7a, 0x64, 0xf7, 0x37, 0x7e, 0x64, 0x03, 0x36,
    0x82, 0x64, 0x0e, 0x34, 0x86, 0x64, 0xf4, 0x31, 0x8a, 0x64, 0x00, 0x00, 0x80, 0x66, 0x27, 0x34,
    0x84, 0x66, 0x0d, 0x32, 0x88, 0x66, 0x19, 0x00, 0x76, 0x68, 0xde, 0x07, 0x74, 0x6a, 0x13, 0x38,
    0x78, 0x6a, 0x46, 0x36, 0x7c, 0x6a, 0x79, 0x34, 0x80, 0x6a, 0xac, 0x02, 0x72, 0x6c, 0x49, 0x38,
    0x76, 0x6c, 0x7c, 0x36, 0x7a, 0x6c, 0xae, 0x34, 0x7e, 0x6c, 0xe1, 0x32, 0x82, 0x6c, 0x14, 0x21,
    0x70, 0x6e, 0xa4, 0x38, 0x74, 0x6e, 0xd7, 0x36, 0x78, 0x6e, 0xe4, 0x34, 0x7c, 0x6e, 0x17, 0x33,
    0x80, 0x6e, 0x4a, 0x21, 0x6c, 0x73, 0x92, 0x36, 0x70, 0x73, 0xee, 0x34, 0x74, 0x73, 0x6f, 0x33,
    0x78, 0x73, 0xf1, 0x31, 0x7c, 0x73, 0x73, 0x30, 0x6a, 0x75, 0x9f, 0x36, 0x6e, 0x75, 0x20, 0x35,
    0x72, 0x75, 0xa2, 0x33, 0x76, 0x75, 0x24, 0x32, 0x7a, 0x75, 0x7f, 0x30, 0x66, 0x77, 0xc2, 0x38,
    0x6a, 0x77, 0x44, 0x37, 0x6e, 0x77, 0xc5, 0x35, 0x72, 0x77, 0x21, 0x34, 0x76, 0x77, 0xa3, 0x32,
    0x7a, 0x77, 0x24, 0x21, 0x60, 0x7c, 0xc0, 0x37, 0x64, 0x7c, 0x67, 0x36, 0x68, 0x7c, 0x35, 0x35,
    0x6c, 0x7c, 0x02, 0x04, 0x5e, 0x7e, 0xee, 0x37, 0x62, 0x7e, 0x96, 0x36, 0x66, 0x7e, 0x63, 0x35,
    0x6a, 0x7e, 0x0b, 0x34, 0x6e, 0x7e, 0xd8, 0x32, 0x72, 0x7e, 0xa5, 0x31, 0x76, 0x7e, 0x4d, 0x10,
    0x5c, 0x80, 0x1d, 0x38, 0x60, 0x80, 0xc4, 0x36, 0x64, 0x80, 0x92, 0x35, 0x68, 0x80, 0x39, 0x34,
    0x6c, 0x80, 0x06, 0x33, 0x70, 0x80, 0xd4, 0x31, 0x74, 0x80, 0x7b, 0x10, 0x5a, 0x82, 0x4b, 0x38,
    0x5e, 0x82, 0xf3, 0x36, 0x62, 0x82, 0xc0, 0x35, 0x66, 0x82, 0x68, 0x34, 0x6a, 0x82, 0x35, 0x33,
    0x6e, 0x82, 0xdc, 0x31, 0x72, 0x82, 0xaa, 0x10, 0x60, 0x84, 0xe3, 0x34, 0x64, 0x84, 0xb0, 0x33,
    0x68, 0x84, 0x7e, 0x32, 0x6c, 0x84, 0x25, 0x31, 0x6c, 0x86, 0xba, 0x30, 0x52, 0x8a, 0xde, 0x07,
    0x50, 0x8c, 0x0a, 0x38, 0x54, 0x8c, 0xfe, 0x36, 0x58, 0x8c, 0xcc, 0x35, 0x5c, 0x8c, 0xc0, 0x04,
    0x4e, 0x8e, 0x36, 0x38, 0x52, 0x8e, 0x04, 0x37, 0x56, 0x8e, 0xf8, 0x35, 0x5a, 0x8e, 0xec, 0x34,
    0x5e, 0x8e, 0xba, 0x33, 0x62, 0x8e, 0xae, 0x32, 0x66, 0x8e, 0xa2, 0x01, 0x4c, 0x90, 0x62, 0x38,
    0x50, 0x90, 0x30, 0x37, 0x54, 0x90, 0x24, 0x36, 0x58, 0x90, 0x18, 0x35, 0x5c, 0x90, 0xe6, 0x33,
    0x60, 0x90, 0xda, 0x32, 0x64, 0x90, 0xce, 0x31, 0x68, 0x90, 0x9c, 0x20, 0x4a, 0x92, 0x68, 0x38,
    0x4e, 0x92, 0x5c, 0x37, 0x52, 0x92, 0x50, 0x36, 0x56, 0x92, 0x1e, 0x35, 0x5a, 0x92, 0x12, 0x34,
    0x5e, 0x92, 0x06, 0x33, 0x62, 0x92, 0xd4, 0x31, 0x66, 0x92, 0xc8, 0x20, 0x48, 0x94, 0x94, 0x38,
    0x4c, 0x94, 0x88, 0x37, 0x50, 0x94, 0x7c, 0x36, 0x54, 0x94, 0x4a, 0x35, 0x58, 0x94, 0x3e, 0x34,
    0x5c, 0x94, 0x32, 0x33, 0x60, 0x94, 0x00, 0x32, 0x64, 0x94, 0xf4, 0x30, 0x46, 0x96, 0xbf, 0x38,
    0x4a, 0x96, 0xb4, 0x37, 0x4e, 0x96, 0x82, 0x36, 0x52, 0x96, 0x76, 0x35, 0x56, 0x96, 0x6a, 0x34,
    0x5a, 0x96, 0x38, 0x33, 0x5e, 0x96, 0x2c, 0x32, 0x62, 0x96, 0x20, 0x31, 0x50, 0x98, 0xbc, 0x34,
    0x54, 0x98, 0xb0, 0x33, 0x58, 0x98, 0xa4, 0x32, 0x5c, 0x98, 0x72, 0x31, 0x60, 0x98, 0x66, 0x30,
    0x58, 0x9a, 0xf6, 0x32, 0x5c, 0x9a, 0xeb, 0x31, 0x60, 0x9a, 0xdf, 0x20, 0x90, 0x66, 0x94, 0x31,
    0x94, 0x66, 0x15, 0x33, 0x98, 0x66, 0x96, 0x34, 0x9c, 0x66, 0x18, 0x36, 0xa0, 0x66, 0x99, 0x17,
    0x8e, 0x68, 0x81, 0x31, 0x92, 0x68, 0x03, 0x33, 0x96, 0x68, 0x84, 0x34, 0x9a, 0x68, 0x05, 0x36,
    0x9e, 0x68, 0x86, 0x27, 0x9a, 0x6a, 0xb3, 0x36, 0x9e, 0x6a, 0x5b, 0x18, 0x8a, 0x6d, 0x3d, 0x30,
    0x8e, 0x6d, 0xbd, 0x31, 0x92, 0x6d, 0x17, 0x33, 0x96, 0x6d, 0x97, 0x14, 0x88, 0x6f, 0x08, 0x30,
    0x8c, 0x6f, 0x88, 0x31, 0x90, 0x6f, 0xe2, 0x32, 0x94, 0x6f, 0x61, 0x34, 0x98, 0x6f, 0xbb, 0x35,
    0x9c, 0x6f, 0x3b, 0x17, 0x8e, 0x71, 0xac, 0x32, 0x92, 0x71, 0x2c, 0x34, 0x96, 0x71, 0x86, 0x35,
    0x9a, 0x71, 0x06, 0x27, 0x84, 0x74, 0x25, 0x00, 0x84, 0x76, 0x98, 0x31, 0x88, 0x76, 0xf3, 0x32,
    0x8c, 0x76, 0x4e, 0x34, 0x90, 0x76, 0x83, 0x25, 0x82, 0x78, 0x63, 0x31, 0x86, 0x78, 0xbd, 0x32,
    0x8a, 0x78, 0x18, 0x34, 0x8e, 0x78, 0x4d, 0x35, 0x92, 0x78, 0xa8, 0x36, 0x96, 0x78, 0x03, 0x28,
    0x86, 0x7a, 0x3b, 0x32, 0x8a, 0x7a, 0x96, 0x33, 0x8e, 0x7a, 0xcb, 0x34, 0x92, 0x7a, 0x26, 0x36,
    0x96, 0x7a, 0x80, 0x17, 0x90, 0x7c, 0xf0, 0x35, 0x94, 0x7c, 0x4b, 0x17, 0x7c, 0x7f, 0x25, 0x00,
    0x7c, 0x81, 0x50, 0x31, 0x80, 0x81, 0x83, 0x32, 0x84, 0x81, 0xb6, 0x33, 0x7a, 0x83, 0x3b, 0x30,
    0x7e, 0x83, 0x6e, 0x31, 0x82, 0x83, 0xa1, 0x32, 0x86, 0x83, 0xd4, 0x33, 0x8a, 0x83, 0xe1, 0x34,
    0x8e, 0x83, 0x14, 0x36, 0x92, 0x83, 0x47, 0x17, 0x7a, 0x85, 0x8c, 0x31, 0x7e, 0x85, 0x99, 0x32,
    0x82, 0x85, 0xcc, 0x33, 0x86, 0x85, 0xff, 0x34, 0x8a, 0x85, 0x32, 0x36, 0x8e, 0x85, 0x3f, 0x37,
    0x92, 0x85, 0x72, 0x08, 0x78, 0x87, 0x37, 0x31, 0x7c, 0x87, 0x6a, 0x32, 0x80, 0x87, 0x9d, 0x33,
    0x84, 0x87, 0xd0, 0x34, 0x88, 0x87, 0xdd, 0x35, 0x8c, 0x87, 0x10, 0x37, 0x90, 0x87, 0x43, 0x18,
    0x7c, 0x89, 0xd5, 0x32, 0x80, 0x89, 0xe2, 0x33, 0x84, 0x89, 0x15, 0x35, 0x88, 0x89, 0x48, 0x36,
    0x8c, 0x89, 0x7b, 0x37, 0x90, 0x89, 0x88, 0x08, 0x86, 0x8b, 0x19, 0x36, 0x8a, 0x8b, 0x26, 0x37,
    0x8e, 0x8b, 0x59, 0x18, 0x8e, 0x8d, 0xde, 0x07, 0x6e, 0x92, 0x46, 0x30, 0x72, 0x92, 0x2c, 0x31,
    0x76, 0x92, 0x13, 0x22, 0x6c, 0x94, 0x1a, 0x30, 0x70, 0x94, 0x00, 0x31, 0x74, 0x94, 0xe7, 0x31,
    0x78, 0x94, 0xcd, 0x32, 0x7c, 0x94, 0xb4, 0x33, 0x80, 0x94, 0x9b, 0x14, 0x6c, 0x96, 0x21, 0x31,
    0x70, 0x96, 0x07, 0x32, 0x74, 0x96, 0xee, 0x32, 0x78, 0x96, 0xd5, 0x33, 0x7c, 0x96, 0xbb, 0x34,
    0x80, 0x96, 0xa2, 0x35, 0x84, 0x96, 0x88, 0x36, 0x88, 0x96, 0x6f, 0x27, 0x6a, 0x98, 0xf5, 0x30,
    0x6e, 0x98, 0xdb, 0x31, 0x72, 0x98, 0xc2, 0x32, 0x76, 0x98, 0xa9, 0x33, 0x7a, 0x98, 0x8f, 0x34,
    0x7e, 0x98, 0x76, 0x35, 0x82, 0x98, 0x5c, 0x36, 0x86, 0x98, 0x43, 0x27, 0x68, 0x9a, 0x2f, 0x30,
    0x6c, 0x9a, 0x16, 0x31, 0x70, 0x9a, 0xfc, 0x31, 0x74, 0x9a, 0xe3, 0x32, 0x78, 0x9a, 0xc9, 0x33,
    0x7c, 0x9a, 0xb0, 0x34, 0x80, 0x9a, 0x96, 0x35, 0x84, 0x9a, 0x7d, 0x36, 0x66, 0x9c, 0x03, 0x30,
    0x6a, 0x9c, 0xea, 0x30, 0x6e, 0x9c, 0xd0, 0x31, 0x72, 0x9c, 0xb7, 0x32, 0x76, 0x9c, 0x9d, 0x33,
    0x7a, 0x9c, 0x84, 0x34, 0x7e, 0x9c, 0x6a, 0x35, 0x82, 0x9c, 0x51, 0x36, 0x86, 0x9c, 0x38, 0x07,
    0x6a, 0x9e, 0xf1, 0x31, 0x6e, 0x9e, 0xd7, 0x32, 0x72, 0x9e, 0xbe, 0x33, 0x76, 0x9e, 0xa5, 0x34,
    0x7a, 0x9e, 0x8b, 0x35, 0x7e, 0x9e, 0x72, 0x36, 0x82, 0x9e, 0x58, 0x37, 0x70, 0xa0, 0xf8, 0x32,
    0x74, 0xa0, 0xdf, 0x33, 0x78, 0xa0, 0xc5, 0x34, 0x7c, 0xa0, 0xac, 0x35, 0x80, 0xa0, 0x92, 0x36,
    0x84, 0xa0, 0x79, 0x07, 0x78, 0xa2, 0x0d, 0x35, 0x7c, 0xa2, 0xf3, 0x35, 0x80, 0xa2, 0xda, 0x36,
    0x80, 0xa4, 0xe1, 0x27, 0x7e, 0x64, 0xfe, 0x35, 0x82, 0x64, 0xe5, 0x33, 0x86, 0x64, 0xa6, 0x31,
    0x80, 0x66, 0xc4, 0x35, 0x84, 0x66, 0xab, 0x33, 0x88, 0x66, 0x6c, 0x21, 0x76, 0x6a, 0x46, 0x36,
    0x7a, 0x6a, 0x79, 0x34, 0x7e, 0x6a, 0xac, 0x32, 0x74, 0x6c, 0x7c, 0x36, 0x78, 0x6c, 0xae, 0x34,
    0x7c, 0x6c, 0xe1, 0x32, 0x80, 0x6c, 0x14, 0x31, 0x78, 0x6e, 0x57, 0x35, 0x7c, 0x6e, 0x8a, 0x33,
    0x80, 0x6e, 0xbd, 0x31, 0x82, 0x70, 0x25, 0x00, 0x6c, 0x72, 0x91, 0x36, 0x70, 0x72, 0x12, 0x35,
    0x74, 0x72, 0x92, 0x33, 0x78, 0x72, 0x13, 0x12, 0x6a, 0x74, 0xc4, 0x36, 0x6e, 0x74, 0x44, 0x35,
    0x72, 0x74, 0xc5, 0x33, 0x76, 0x74, 0x45, 0x32, 0x7a, 0x74, 0xc6, 0x30, 0x68, 0x76, 0xf6, 0x36,
    0x6c, 0x76, 0x77, 0x35, 0x70, 0x76, 0xf8, 0x33, 0x74, 0x76, 0x78, 0x32, 0x78, 0x76, 0xf9, 0x30,
    0x72, 0x78, 0xab, 0x32, 0x76, 0x78, 0x2b, 0x31, 0x60, 0x7c, 0xb4, 0x36, 0x64, 0x7c, 0x5b, 0x35,
    0x68, 0x7c, 0x28, 0x34, 0x5c, 0x7e, 0x88, 0x38, 0x60, 0x7e, 0x2f, 0x37, 0x64, 0x7e, 0xfc, 0x35,
    0x68, 0x7e, 0xa4, 0x34, 0x6c, 0x7e, 0x4b, 0x33, 0x70, 0x7e, 0xf2, 0x31, 0x74, 0x7e, 0x99, 0x20,
    0x5a, 0x80, 0xb6, 0x38, 0x5e, 0x80, 0x5e, 0x37, 0x62, 0x80, 0x2b, 0x36, 0x66, 0x80, 0xd2, 0x34,
    0x6a, 0x80, 0x79, 0x33, 0x6e, 0x80, 0x21, 0x32, 0x72, 0x80, 0xc8, 0x20, 0x58, 0x82, 0xff, 0x37,
    0x5c, 0x82, 0xa6, 0x36, 0x60, 0x82, 0x4d, 0x35, 0x64, 0x82, 0xf5, 0x33, 0x68, 0x82, 0x9c, 0x32,
    0x6c, 0x82, 0x69, 0x31, 0x70, 0x82, 0x10, 0x20, 0x62, 0x84, 0x23, 0x34, 0x66, 0x84, 0xca, 0x32,
    0x6a, 0x84, 0x98, 0x31, 0x6e, 0x84, 0x3f, 0x30, 0x6c, 0x86, 0x6d, 0x30, 0x50, 0x88, 0xde, 0x07,
    0x4e, 0x8a, 0x0a, 0x38, 0x52, 0x8a, 0xd8, 0x36, 0x56, 0x8a, 0xcb, 0x25, 0x4c, 0x8c, 0x10, 0x38,
    0x50, 0x8c, 0x03, 0x37, 0x54, 0x8c, 0xf7, 0x35, 0x58, 0x8c, 0xc5, 0x34, 0x5c, 0x8c, 0xb8, 0x33,
    0x60, 0x8c, 0xac, 0x02, 0x4a, 0x8e, 0x3c, 0x38, 0x4e, 0x8e, 0x09, 0x37, 0x52, 0x8e, 0xfd, 0x35,
    0x56, 0x8e, 0xf1, 0x34, 0x5a, 0x8e, 0xe4, 0x33, 0x5e, 0x8e, 0xb2, 0x32, 0x62, 0x8e, 0xa6, 0x31,
    0x66, 0x8e, 0x99, 0x20, 0x48, 0x90, 0x41, 0x38, 0x4c, 0x90, 0x35, 0x37, 0x50, 0x90, 0x29, 0x36,
    0x54, 0x90, 0xf6, 0x34, 0x58, 0x90, 0xea, 0x33, 0x5c, 0x90, 0xde, 0x32, 0x60, 0x90, 0xd1, 0x31,
    0x64, 0x90, 0x9f, 0x20, 0x46, 0x92, 0x6d, 0x38, 0x4a, 0x92, 0x61, 0x37, 0x4e, 0x92, 0x2f, 0x36,
    0x52, 0x92, 0x22, 0x35, 0x56, 0x92, 0x16, 0x34, 0x5a, 0x92, 0xe4, 0x32, 0x5e, 0x92, 0xd7, 0x31,
    0x62, 0x92, 0xcb, 0x20, 0x44, 0x94, 0xb3, 0x37, 0x48, 0x94, 0xa7, 0x36, 0x4c, 0x94, 0x75, 0x35,
    0x50, 0x94, 0x68, 0x34, 0x54, 0x94, 0x5c, 0x33, 0x58, 0x94, 0x50, 0x32, 0x5c, 0x94, 0x1d, 0x31,
    0x60, 0x94, 0x11, 0x20, 0x4c, 0x96, 0x07, 0x35, 0x50, 0x96, 0xfb, 0x33, 0x54, 0x96, 0xef, 0x32,
    0x58, 0x96, 0xbc, 0x31, 0x5c, 0x96, 0xb0, 0x30, 0x52, 0x98, 0xda, 0x33, 0x56, 0x98, 0xa8, 0x32,
    0x5a, 0x98, 0x9c, 0x31, 0x5e, 0x98, 0x8f, 0x10, 0x5a, 0x9a, 0x2e, 0x31, 0x96, 0x65, 0x25, 0x00,
    0x94, 0x67, 0x39, 0x30, 0x98, 0x67, 0xba, 0x31, 0x9c, 0x67, 0x3b, 0x33, 0xa0, 0x67, 0x96, 0x34,
    0xa4, 0x67, 0x18, 0x36, 0x92, 0x69, 0x81, 0x31, 0x96, 0x69, 0xdc, 0x32, 0x9a, 0x69, 0x5d, 0x34,
    0x9e, 0x69, 0xde, 0x35, 0xa2, 0x69, 0x5f, 0x37, 0x9e, 0x6b, 0xb3, 0x36, 0xa2, 0x6b, 0x34, 0x18,
    0x8c, 0x6e, 0x13, 0x30, 0x90, 0x6e, 0x48, 0x31, 0x94, 0x6e, 0x7e, 0x32, 0x98, 0x6e, 0xb4, 0x33,
    0x8a, 0x70, 0x36, 0x31, 0x8e, 0x70, 0x6b, 0x32, 0x92, 0x70, 0xa1, 0x33, 0x96, 0x70, 0xfd, 0x34,
    0x9a, 0x70, 0x32, 0x36, 0x9e, 0x70, 0x68, 0x27, 0x94, 0x72, 0x38, 0x35, 0x98, 0x72, 0x6d, 0x36,
    0x9c, 0x72, 0xa3, 0x27, 0x84, 0x76, 0x72, 0x31, 0x88, 0x76, 0x82, 0x32, 0x8c, 0x76, 0xb7, 0x33,
    0x82, 0x78, 0x64, 0x31, 0x86, 0x78, 0x99, 0x32, 0x8a, 0x78, 0xcf, 0x33, 0x8e, 0x78, 0x04, 0x35,
    0x92, 0x78, 0x3a, 0x36, 0x96, 0x78, 0x6f, 0x37, 0x9a, 0x78, 0x7f, 0x08, 0x84, 0x7a, 0xc9, 0x31,
    0x88, 0x7a, 0xff, 0x32, 0x8c, 0x7a, 0x34, 0x34, 0x90, 0x7a, 0x69, 0x35, 0x94, 0x7a, 0x9f, 0x36,
    0x98, 0x7a, 0xae, 0x07, 0x8c, 0x7c, 0xe7, 0x34, 0x90, 0x7c, 0xf6, 0x35, 0x94, 0x7c, 0x2b, 0x27,
    0x94, 0x7e, 0xde, 0x07, 0x7a, 0x7e, 0x25, 0x00, 0x78, 0x80, 0x1d, 0x30, 0x7c, 0x80, 0x2b, 0x31,
    0x80, 0x80, 0x38, 0x12, 0x76, 0x82, 0x15, 0x30, 0x7a, 0x82, 0x22, 0x31, 0x7e, 0x82, 0x30, 0x32,
    0x82, 0x82, 0x3e, 0x33, 0x86, 0x82, 0x4c, 0x24, 0x74, 0x84, 0x0c, 0x30, 0x78, 0x84, 0x1a, 0x31,
    0x7c, 0x84, 0x28, 0x32, 0x80, 0x84, 0x36, 0x33, 0x84, 0x84, 0x44, 0x34, 0x88, 0x84, 0x51, 0x35,
    0x8c, 0x84, 0x5f, 0x36, 0x90, 0x84, 0x6d, 0x07, 0x72, 0x86, 0x04, 0x30, 0x76, 0x86, 0x12, 0x31,
    0x7a, 0x86, 0x20, 0x32, 0x7e, 0x86, 0x2e, 0x33, 0x82, 0x86, 0x3b, 0x34, 0x86, 0x86, 0x49, 0x35,
    0x8a, 0x86, 0x57, 0x36, 0x8e, 0x86, 0x65, 0x07, 0x76, 0x88, 0x65, 0x32, 0x7a, 0x88, 0x72, 0x33,
    0x7e, 0x88, 0x80, 0x34, 0x82, 0x88, 0x8e, 0x35, 0x86, 0x88, 0x9c, 0x36, 0x8a, 0x88, 0xaa, 0x27,
    0x7c, 0x8a, 0x78, 0x34, 0x80, 0x8a, 0x86, 0x35, 0x84, 0x8a, 0x94, 0x36, 0x88, 0x8a, 0xa1, 0x37,
    0x82, 0x8c, 0xcb, 0x35, 0x86, 0x8c, 0xd8, 0x36, 0x88, 0x8e, 0xde, 0x07, 0x68, 0x90, 0x06, 0x31,
    0x6c, 0x90, 0xc7, 0x31, 0x66, 0x92, 0x01, 0x31, 0x6a, 0x92, 0xc2, 0x31, 0x6e, 0x92, 0x82, 0x32,
    0x72, 0x92, 0x69, 0x33, 0x64, 0x94, 0xfb, 0x30, 0x68, 0x94, 0xbc, 0x31, 0x6c, 0x94, 0xa3, 0x32,
    0x70, 0x94, 0x64, 0x33, 0x74, 0x94, 0x25, 0x34, 0x78, 0x94, 0x0b, 0x35, 0x62, 0x96, 0xf6, 0x30,
    0x66, 0x96, 0xb6, 0x31, 0x6a, 0x96, 0x9d, 0x32, 0x6e, 0x96, 0x5e, 0x33, 0x72, 0x96, 0x1f, 0x34,
    0x76, 0x96, 0x06, 0x35, 0x7a, 0x96, 0xc7, 0x35, 0x7e, 0x96, 0x88, 0x36, 0x82, 0x96, 0x6e, 0x07,
    0x60, 0x98, 0xf0, 0x30, 0x64, 0x98, 0xd7, 0x31, 0x68, 0x98, 0x98, 0x32, 0x6c, 0x98, 0x59, 0x33,
    0x70, 0x98, 0x3f, 0x34, 0x74, 0x98, 0x00, 0x35, 0x78, 0x98, 0xc1, 0x35, 0x7c, 0x98, 0xa8, 0x36,
    0x80, 0x98, 0x69, 0x07, 0x5e, 0x9a, 0x10, 0x31, 0x62, 0x9a, 0xd1, 0x31, 0x66, 0x9a, 0x92, 0x32,
    0x6a, 0x9a, 0x79, 0x33, 0x6e, 0x9a, 0x3a, 0x34, 0x72, 0x9a, 0xfb, 0x34, 0x76, 0x9a, 0xe2, 0x35,
    0x7a, 0x9a, 0xa2, 0x36, 0x7e, 0x9a, 0x63, 0x17, 0x5e, 0x9c, 0xbe, 0x30, 0x62, 0x9c, 0xa5, 0x31,
    0x66, 0x9c, 0x66, 0x32, 0x6a, 0x9c, 0x27, 0x33, 0x6e, 0x9c, 0x0e, 0x34, 0x72, 0x9c, 0xce, 0x34,
    0x76, 0x9c, 0x8f, 0x35, 0x7a, 0x9c, 0x76, 0x36, 0x7e, 0x9c, 0x37, 0x07, 0x64, 0x9e, 0x60, 0x32,
    0x68, 0x9e, 0x47, 0x33, 0x6c, 0x9e, 0x08, 0x34, 0x70, 0x9e, 0xc9, 0x34, 0x74, 0x9e, 0xb0, 0x35,
    0x78, 0x9e, 0x71, 0x36, 0x7c, 0x9e, 0x31, 0x07, 0x6a, 0xa0, 0x02, 0x34, 0x6e, 0xa0, 0xc3, 0x34,
    0x72, 0xa0, 0xaa, 0x35, 0x76, 0xa0, 0x6b, 0x36, 0x7a, 0xa0, 0x2c, 0x17, 0x70, 0xa2, 0xa5, 0x35,
    0x74, 0xa2, 0x65, 0x36, 0x78, 0xa2, 0x4c, 0x27, 0x76, 0xa4, 0x47, 0x27, 0x82, 0x62, 0xde, 0x07,
    0x80, 0x64, 0xf0, 0x37, 0x84, 0x64, 0x24, 0x36, 0x88, 0x64, 0x32, 0x34, 0x8c, 0x64, 0x65, 0x32,
    0x90, 0x64, 0x73, 0x10, 0x84, 0x66, 0x2a, 0x35, 0x88, 0x66, 0x5e, 0x33, 0x8c, 0x66, 0x6c, 0x31,
    0x78, 0x6a, 0x60, 0x38, 0x7c, 0x6a, 0x93, 0x36, 0x80, 0x6a, 0xa0, 0x34, 0x84, 0x6a, 0xd2, 0x02,
    0x74, 0x6c, 0x56, 0x39, 0x78, 0x6c, 0x88, 0x37, 0x7c, 0x6c, 0x95, 0x35, 0x80, 0x6c, 0xc8, 0x33,
    0x84, 0x6c, 0xd5, 0x31, 0x88, 0x6c, 0x07, 0x00, 0x7c, 0x6e, 0xbd, 0x34, 0x80, 0x6e, 0xf0, 0x32,
    0x84, 0x6e, 0xfd, 0x20, 0x84, 0x70, 0x25, 0x00, 0x6c, 0x72, 0x39, 0x38, 0x70, 0x72, 0x93, 0x36,
    0x74, 0x72, 0x13, 0x35, 0x78, 0x72, 0x93, 0x23, 0x6a, 0x74, 0xef, 0x36, 0x6e, 0x74, 0x6e, 0x35,
    0x72, 0x74, 0xc8, 0x33, 0x76, 0x74, 0x48, 0x32, 0x7a, 0x74, 0xc7, 0x30, 0x6e, 0x76, 0xa4, 0x35,
    0x72, 0x76, 0x23, 0x34, 0x76, 0x76, 0xa3, 0x32, 0x7a, 0x76, 0xfd, 0x20, 0x7a, 0x78, 0x25, 0x00,
    0x60, 0x78, 0xde, 0x07, 0x5e, 0x7a, 0xe7, 0x37, 0x62, 0x7a, 0x8d, 0x36, 0x66, 0x7a, 0x5a, 0x25,
    0x5c, 0x7c, 0xe3, 0x36, 0x60, 0x7c, 0xb0, 0x35, 0x64, 0x7c, 0x56, 0x34, 0x68, 0x7c, 0x23, 0x33,
    0x6c, 0x7c, 0xef, 0x31, 0x70, 0x7c, 0x95, 0x00, 0x58, 0x7e, 0x6d, 0x38, 0x5c, 0x7e, 0x13, 0x37,
    0x60, 0x7e, 0xe0, 0x35, 0x64, 0x7e, 0xac, 0x34, 0x68, 0x7e, 0x78, 0x33, 0x6c, 0x7e, 0x1f, 0x32,
    0x70, 0x7e, 0xeb, 0x20, 0x56, 0x80, 0x69, 0x37, 0x5a, 0x80, 0x36, 0x36, 0x5e, 0x80, 0xdc, 0x34,
    0x62, 0x80, 0xa8, 0x33, 0x66, 0x80, 0x75, 0x32, 0x6a, 0x80, 0x41, 0x31, 0x5e, 0x82, 0x32, 0x35,
    0x62, 0x82, 0xfe, 0x33, 0x66, 0x82, 0xa5, 0x32, 0x6a, 0x82, 0x71, 0x31, 0x6e, 0x82, 0x3d, 0x00,
    0x68, 0x84, 0x6d, 0x30, 0x4c, 0x85, 0xde, 0x07, 0x4a, 0x87, 0xe4, 0x37, 0x4e, 0x87, 0xd7, 0x36,
    0x52, 0x87, 0xa4, 0x05, 0x48, 0x89, 0x04, 0x37, 0x4c, 0x89, 0xf7, 0x35, 0x50, 0x89, 0xea, 0x34,
    0x54, 0x89, 0xdd, 0x33, 0x58, 0x89, 0xaa, 0x02, 0x44, 0x8b, 0x64, 0x38, 0x48, 0x8b, 0x57, 0x37,
    0x4c, 0x8b, 0x24, 0x36, 0x50, 0x8b, 0x17, 0x35, 0x54, 0x8b, 0x0a, 0x34, 0x58, 0x8b, 0xfd, 0x32,
    0x5c, 0x8b, 0xf0, 0x21, 0x42, 0x8d, 0x44, 0x38, 0x46, 0x8d, 0x37, 0x37, 0x4a, 0x8d, 0x2a, 0x36,
    0x4e, 0x8d, 0x1d, 0x35, 0x52, 0x8d, 0x10, 0x34, 0x56, 0x8d, 0x03, 0x33, 0x5a, 0x8d, 0xd0, 0x31,
    0x5e, 0x8d, 0xc3, 0x20, 0x40, 0x8f, 0x89, 0x37, 0x44, 0x8f, 0x7d, 0x36, 0x48, 0x8f, 0x4a, 0x35,
    0x4c, 0x8f, 0x3d, 0x34, 0x50, 0x8f, 0x30, 0x33, 0x54, 0x8f, 0x23, 0x32, 0x58, 0x8f, 0x16, 0x31,
    0x5c, 0x8f, 0x09, 0x20, 0x40, 0x91, 0xb6, 0x37, 0x44, 0x91, 0xa9, 0x36, 0x48, 0x91, 0x9c, 0x35,
    0x4c, 0x91, 0x90, 0x34, 0x50, 0x91, 0x83, 0x33, 0x54, 0x91, 0x50, 0x32, 0x58, 0x91, 0x43, 0x31,
    0x5c, 0x91, 0x36, 0x00, 0x46, 0x93, 0xa2, 0x35, 0x4a, 0x93, 0x70, 0x34, 0x4e, 0x93, 0x63, 0x33,
    0x52, 0x93, 0x56, 0x32, 0x56, 0x93, 0x49, 0x31, 0x5a, 0x93, 0x3c, 0x00, 0x4c, 0x95, 0x69, 0x33,
    0x50, 0x95, 0x5c, 0x32, 0x54, 0x95, 0x4f, 0x31, 0x58, 0x95, 0x42, 0x00, 0x52, 0x97, 0x2f, 0x31,
    0x56, 0x97, 0x22, 0x00, 0x96, 0x67, 0xba, 0x31, 0x9a, 0x67, 0x3c, 0x33, 0x9e, 0x67, 0xe3, 0x34,
    0xa2, 0x67, 0x65, 0x06, 0x94, 0x69, 0xa8, 0x31, 0x98, 0x69, 0x29, 0x33, 0x9c, 0x69, 0xd1, 0x34,
    0xa0, 0x69, 0x52, 0x36, 0xa4, 0x69, 0xfa, 0x37, 0xa0, 0x6b, 0x26, 0x37, 0xa4, 0x6b, 0xa8, 0x18,
    0x8e, 0x6e, 0x98, 0x31, 0x92, 0x6e, 0xf3, 0x32, 0x96, 0x6e, 0x4e, 0x24, 0x8c, 0x70, 0xaf, 0x31,
    0x90, 0x70, 0x0a, 0x33, 0x94, 0x70, 0x65, 0x34, 0x98, 0x70, 0x9a, 0x35, 0x9c, 0x70, 0xf5, 0x36,
    0xa0, 0x70, 0x50, 0x18, 0x8e, 0x72, 0x14, 0x32, 0x92, 0x72, 0x6f, 0x33, 0x96, 0x72, 0xca, 0x34,
    0x9a, 0x72, 0x25, 0x36, 0x9e, 0x72, 0x5a, 0x17, 0x98, 0x74, 0x17, 0x36, 0x9c, 0x74, 0x72, 0x17,
    0x84, 0x76, 0x72, 0x31, 0x88, 0x76, 0xa8, 0x32, 0x8c, 0x76, 0xde, 0x33, 0x82, 0x78, 0x8a, 0x31,
    0x86, 0x78, 0xc0, 0x32, 0x8a, 0x78, 0xf6, 0x33, 0x8e, 0x78, 0x2b, 0x35, 0x92, 0x78, 0x61, 0x36,
    0x96, 0x78, 0x97, 0x37, 0x84, 0x7a, 0xd8, 0x32, 0x88, 0x7a, 0x0d, 0x34, 0x8c, 0x7a, 0x43, 0x35,
    0x90, 0x7a, 0x79, 0x36, 0x94, 0x7a, 0xae, 0x37, 0x8c, 0x7c, 0xf6, 0x35, 0x90, 0x7c, 0x2b, 0x37,
    0x94, 0x7c, 0x61, 0x18, 0x78, 0x80, 0x2b, 0x31, 0x7c, 0x80, 0x5f, 0x32, 0x76, 0x82, 0x49, 0x31,
    0x7a, 0x82, 0x57, 0x32, 0x7e, 0x82, 0x65, 0x33, 0x82, 0x82, 0x72, 0x34, 0x74, 0x84, 0x41, 0x31,
    0x78, 0x84, 0x4f, 0x32, 0x7c, 0x84, 0x83, 0x33, 0x80, 0x84, 0x90, 0x34, 0x84, 0x84, 0x9e, 0x35,
    0x88, 0x84, 0xac, 0x36, 0x72, 0x86, 0x5f, 0x31, 0x76, 0x86, 0x6d, 0x32, 0x7a, 0x86, 0x7b, 0x33,
    0x7e, 0x86, 0x88, 0x34, 0x82, 0x86, 0x96, 0x35, 0x86, 0x86, 0xa4, 0x36, 0x8a, 0x86, 0xb2, 0x37,
    0x74, 0x88, 0x65, 0x32, 0x78, 0x88, 0x73, 0x33, 0x7c, 0x88, 0x80, 0x34, 0x80, 0x88, 0xb4, 0x35,
    0x84, 0x88, 0xc2, 0x36, 0x88, 0x88, 0xd0, 0x37, 0x7a, 0x8a, 0x9e, 0x34, 0x7e, 0x8a, 0xac, 0x35,
    0x82, 0x8a, 0xba, 0x36, 0x86, 0x8a, 0xc8, 0x37, 0x80, 0x8c, 0xb2, 0x36, 0x84, 0x8c, 0xe6, 0x37,
    0x66, 0x8f, 0x07, 0x31, 0x6a, 0x8f, 0xc8, 0x21, 0x64, 0x91, 0x01, 0x31, 0x68, 0x91, 0xc2, 0x31,
    0x6c, 0x91, 0xaa, 0x32, 0x70, 0x91, 0x6b, 0x23, 0x62, 0x93, 0xfc, 0x30, 0x66, 0x93, 0xe3, 0x31,
    0x6a, 0x93, 0xa4, 0x32, 0x6e, 0x93, 0x65, 0x33, 0x72, 0x93, 0x4c, 0x34, 0x76, 0x93, 0x0e, 0x15,
    0x60, 0x95, 0xf6, 0x30, 0x64, 0x95, 0xdd, 0x31, 0x68, 0x95, 0x9e, 0x32, 0x6c, 0x95, 0x86, 0x33,
    0x70, 0x95, 0x47, 0x34, 0x74, 0x95, 0x2e, 0x35, 0x78, 0x95, 0xef, 0x35, 0x7c, 0x95, 0xb0, 0x16,
    0x5e, 0x97, 0xf0, 0x30, 0x62, 0x97, 0xd8, 0x31, 0x66, 0x97, 0x99, 0x32, 0x6a, 0x97, 0x80, 0x33,
    0x6e, 0x97, 0x41, 0x34, 0x72, 0x97, 0x28, 0x35, 0x76, 0x97, 0xea, 0x35, 0x7a, 0x97, 0xd1, 0x36,
    0x7e, 0x97, 0x92, 0x17, 0x5c, 0x99, 0x11, 0x31, 0x60, 0x99, 0xd2, 0x31, 0x64, 0x99, 0xb9, 0x32,
    0x68, 0x99, 0x7a, 0x33, 0x6c, 0x99, 0x62, 0x34, 0x70, 0x99, 0x23, 0x35, 0x74, 0x99, 0xe4, 0x35,
    0x78, 0x99, 0xcb, 0x36, 0x7c, 0x99, 0x8d, 0x17, 0x5c, 0x9b, 0xe4, 0x30, 0x60, 0x9b, 0xa6, 0x31,
    0x64, 0x9b, 0x67, 0x32, 0x68, 0x9b, 0x4e, 0x33, 0x6c, 0x9b, 0x0f, 0x34, 0x70, 0x9b, 0xf7, 0x34,
    0x74, 0x9b, 0xb8, 0x35, 0x78, 0x9b, 0x9f, 0x36, 0x7c, 0x9b, 0x60, 0x07, 0x62, 0x9d, 0x22, 0x33,
    0x66, 0x9d, 0xe3, 0x33, 0x6a, 0x9d, 0xca, 0x34, 0x6e, 0x9d, 0x8b, 0x35, 0x72, 0x9d, 0x73, 0x36,
    0x76, 0x9d, 0x34, 0x37, 0x7a, 0x9d, 0xf5, 0x07, 0x66, 0x9f, 0xb7, 0x33, 0x6a, 0x9f, 0x9e, 0x34,
    0x6e, 0x9f, 0x5f, 0x35, 0x72, 0x9f, 0x20, 0x36, 0x76, 0x9f, 0x07, 0x27, 0x6c, 0xa1, 0xf4, 0x35,
    0x70, 0xa1, 0xdb, 0x36, 0x74, 0xa1, 0x9c, 0x37, 0x70, 0xa3, 0xaf, 0x36, 0x74, 0xa3, 0x70, 0x17,
    0x74, 0xa5, 0xde, 0x07, 0x82, 0x64, 0x64, 0x38, 0x86, 0x64, 0x71, 0x36, 0x8a, 0x64, 0x7e, 0x34,
    0x8e, 0x64, 0x8c, 0x32, 0x92, 0x64, 0x73, 0x10, 0x86, 0x66, 0x1e, 0x34, 0x8a, 0x66, 0x05, 0x32,
    0x8e, 0x66, 0x13, 0x30, 0x7c, 0x68, 0xde, 0x07, 0x7a, 0x6a, 0x93, 0x36, 0x7e, 0x6a, 0xa0, 0x34,
    0x82, 0x6a, 0xd2, 0x32, 0x76, 0x6c, 0xe2, 0x38, 0x7a, 0x6c, 0x15, 0x37, 0x7e, 0x6c, 0x22, 0x35,
    0x82, 0x6c, 0x55, 0x33, 0x86, 0x6c, 0x61, 0x31, 0x7e, 0x6e, 0x4a, 0x34, 0x82, 0x6e, 0x7d, 0x32,
    0x86, 0x6e, 0x8a, 0x10, 0x70, 0x6f, 0xde, 0x07, 0x6e, 0x71, 0x92, 0x36, 0x72, 0x71, 0x10, 0x35,
    0x76, 0x71, 0x8f, 0x23, 0x6a, 0x73, 0x6f, 0x38, 0x6e, 0x73, 0xee, 0x36, 0x72, 0x73, 0x6c, 0x35,
    0x76, 0x73, 0xea, 0x33, 0x7a, 0x73, 0x43, 0x32, 0x7e, 0x73, 0xc1, 0x20, 0x6e, 0x75, 0xe1, 0x34,
    0x72, 0x75, 0x5f, 0x33, 0x76, 0x75, 0xdd, 0x31, 0x7a, 0x75, 0x5c, 0x30, 0x76, 0x77, 0x13, 0x32,
    0x7a, 0x77, 0x91, 0x10, 0x5e, 0x7a, 0x0d, 0x38, 0x62, 0x7a, 0xb4, 0x36, 0x66, 0x7a, 0x80, 0x25,
    0x5a, 0x7c, 0x64, 0x38, 0x5e, 0x7c, 0x30, 0x37, 0x62, 0x7c, 0xfd, 0x35, 0x66, 0x7c, 0xc9, 0x34,
    0x6a, 0x7c, 0x70, 0x33, 0x6e, 0x7c, 0x3c, 0x22, 0x56, 0x7e, 0xe0, 0x38, 0x5a, 0x7e, 0x87, 0x37,
    0x5e, 0x7e, 0x53, 0x36, 0x62, 0x7e, 0x20, 0x35, 0x66, 0x7e, 0xec, 0x33, 0x6a, 0x7e, 0xb8, 0x32,
    0x6e, 0x7e, 0x85, 0x31, 0x72, 0x7e, 0x2b, 0x00, 0x5c, 0x80, 0x36, 0x36, 0x60, 0x80, 0x02, 0x35,
    0x64, 0x80, 0xa9, 0x33, 0x68, 0x80, 0x75, 0x32, 0x6c, 0x80, 0x41, 0x31, 0x62, 0x82, 0xa4, 0x32,
    0x66, 0x82, 0x4b, 0x31, 0x6a, 0x82, 0x17, 0x30, 0x4c, 0x84, 0xde, 0x07, 0x4a, 0x86, 0xfe, 0x36,
    0x4e, 0x86, 0xf1, 0x35, 0x52, 0x86, 0xe4, 0x04, 0x46, 0x88, 0x37, 0x38, 0x4a, 0x88, 0x2a, 0x37,
    0x4e, 0x88, 0x1d, 0x36, 0x52, 0x88, 0xea, 0x34, 0x56, 0x88, 0xde, 0x23, 0x44, 0x8a, 0x57, 0x37,
    0x48, 0x8a, 0x24, 0x36, 0x4c, 0x8a, 0x17, 0x35, 0x50, 0x8a, 0x0a, 0x34, 0x54, 0x8a, 0xfd, 0x32,
    0x58, 0x8a, 0xf0, 0x31, 0x5c, 0x8a, 0xe3, 0x20, 0x40, 0x8c, 0xaa, 0x37, 0x44, 0x8c, 0x9d, 0x36,
    0x48, 0x8c, 0x90, 0x35, 0x4c, 0x8c, 0x83, 0x34, 0x50, 0x8c, 0x76, 0x33, 0x54, 0x8c, 0x69, 0x32,
    0x58, 0x8c, 0x37, 0x31, 0x5c, 0x8c, 0x2a, 0x30, 0x40, 0x8e, 0xd6, 0x37, 0x44, 0x8e, 0xca, 0x36,
    0x48, 0x8e, 0xbd, 0x35, 0x4c, 0x8e, 0xb0, 0x34, 0x50, 0x8e, 0xa3, 0x33, 0x54, 0x8e, 0x70, 0x32,
    0x58, 0x8e, 0x63, 0x31, 0x5c, 0x8e, 0x56, 0x10, 0x44, 0x90, 0x36, 0x36, 0x48, 0x90, 0x03, 0x35,
    0x4c, 0x90, 0xf6, 0x33, 0x50, 0x90, 0xe9, 0x32, 0x54, 0x90, 0xdc, 0x31, 0x58, 0x90, 0xcf, 0x20,
    0x48, 0x92, 0x6f, 0x34, 0x4c, 0x92, 0x63, 0x33, 0x50, 0x92, 0x56, 0x32, 0x54, 0x92, 0x49, 0x31,
    0x58, 0x92, 0x16, 0x00, 0x4c, 0x94, 0xa9, 0x32, 0x50, 0x94, 0x9c, 0x31, 0x54, 0x94, 0x8f, 0x10,
    0x50, 0x96, 0x08, 0x31, 0x9a, 0x65, 0x25, 0x00, 0x98, 0x67, 0x39, 0x30, 0x9c, 0x67, 0xbb, 0x31,
    0xa0, 0x67, 0x62, 0x33, 0xa4, 0x67, 0xe3, 0x04, 0x96, 0x69, 0x81, 0x31, 0x9a, 0x69, 0x03, 0x33,
    0x9e, 0x69, 0xaa, 0x34, 0xa2, 0x69, 0x2b, 0x36, 0xa6, 0x69, 0xad, 0x37, 0xa2, 0x6b, 0x00, 0x37,
    0xa6, 0x6b, 0x82, 0x18, 0x8e, 0x6e, 0x39, 0x30, 0x92, 0x6e, 0x4a, 0x31, 0x96, 0x6e, 0x80, 0x32,
    0x9a, 0x6e, 0x91, 0x03, 0x8a, 0x70, 0x00, 0x30, 0x8e, 0x70, 0x10, 0x31, 0x92, 0x70, 0x47, 0x32,
    0x96, 0x70, 0x57, 0x33, 0x9a, 0x70, 0x68, 0x34, 0x9e, 0x70, 0x9e, 0x35, 0xa2, 0x70, 0xaf, 0x16,
    0x92, 0x72, 0x1e, 0x33, 0x96, 0x72, 0x54, 0x34, 0x9a, 0x72, 0x65, 0x35, 0x9e, 0x72, 0x75, 0x36,
    0x9a, 0x74, 0x3c, 0x36, 0x9e, 0x74, 0x72, 0x17, 0x84, 0x76, 0x74, 0x31, 0x88, 0x76, 0xaa, 0x32,
    0x8c, 0x76, 0xe1, 0x33, 0x82, 0x78, 0x8c, 0x31, 0x86, 0x78, 0xc2, 0x32, 0x8a, 0x78, 0xf9, 0x33,
    0x8e, 0x78, 0x30, 0x35, 0x92, 0x78, 0x67, 0x36, 0x96, 0x78, 0x9d, 0x37, 0x84, 0x7a, 0xda, 0x32,
    0x88, 0x7a, 0x11, 0x34, 0x8c, 0x7a, 0x48, 0x35, 0x90, 0x7a, 0x7e, 0x36, 0x94, 0x7a, 0xb5, 0x37,
    0x8a, 0x7c, 0x60, 0x35, 0x8e, 0x7c, 0x96, 0x36, 0x92, 0x7c, 0xcd, 0x37, 0x90, 0x7e, 0xe5, 0x37,
    0x78, 0x7d, 0x25, 0x00, 0x76, 0x7f, 0x43, 0x30, 0x7a, 0x7f, 0x2b, 0x31, 0x74, 0x81, 0x3b, 0x30,
    0x78, 0x81, 0x4a, 0x31, 0x7c, 0x81, 0x58, 0x32, 0x80, 0x81, 0x40, 0x33, 0x72, 0x83, 0x1b, 0x31,
    0x76, 0x83, 0x29, 0x32, 0x7a, 0x83, 0x11, 0x33, 0x7e, 0x83, 0x1f, 0x34, 0x82, 0x83, 0x2d, 0x35,
    0x86, 0x83, 0x15, 0x36, 0x70, 0x85, 0x39, 0x31, 0x74, 0x85, 0x47, 0x32, 0x78, 0x85, 0x2f, 0x33,
    0x7c, 0x85, 0x3d, 0x34, 0x80, 0x85, 0x4c, 0x35, 0x84, 0x85, 0x34, 0x36, 0x88, 0x85, 0x42, 0x37,
    0x70, 0x87, 0x0a, 0x31, 0x74, 0x87, 0x18, 0x32, 0x78, 0x87, 0x01, 0x33, 0x7c, 0x87, 0x0f, 0x34,
    0x80, 0x87, 0x1d, 0x35, 0x84, 0x87, 0x05, 0x36, 0x88, 0x87, 0x13, 0x17, 0x76, 0x89, 0x1f, 0x33,
    0x7a, 0x89, 0x2d, 0x34, 0x7e, 0x89, 0x15, 0x35, 0x82, 0x89, 0x23, 0x36, 0x86, 0x89, 0x31, 0x17,
    0x7c, 0x8b, 0xf4, 0x35, 0x80, 0x8b, 0x02, 0x37, 0x84, 0x8b, 0xeb, 0x17, 0x82, 0x8d, 0x09, 0x18,
    0x64, 0x8c, 0x25, 0x00, 0x62, 0x8e, 0x45, 0x30, 0x66, 0x8e, 0x07, 0x21, 0x60, 0x90, 0xda, 0x30,
    0x64, 0x90, 0xc2, 0x31, 0x68, 0x90, 0x84, 0x32, 0x6c, 0x90, 0x45, 0x13, 0x5e, 0x92, 0xfb, 0x30,
    0x62, 0x92, 0xbc, 0x31, 0x66, 0x92, 0xa4, 0x32, 0x6a, 0x92, 0x66, 0x33, 0x6e, 0x92, 0x27, 0x34,
    0x72, 0x92, 0xe9, 0x04, 0x5a, 0x94, 0x0c, 0x30, 0x5e, 0x94, 0xce, 0x30, 0x62, 0x94, 0xb6, 0x31,
    0x66, 0x94, 0x77, 0x32, 0x6a, 0x94, 0x39, 0x33, 0x6e, 0x94, 0xfb, 0x33, 0x72, 0x94, 0xe2, 0x34,
    0x76, 0x94, 0xa4, 0x15, 0x58, 0x96, 0x2d, 0x30, 0x5c, 0x96, 0xee, 0x30, 0x60, 0x96, 0xb0, 0x31,
    0x64, 0x96, 0x98, 0x32, 0x68, 0x96, 0x59, 0x33, 0x6c, 0x96, 0x1b, 0x34, 0x70, 0x96, 0xdd, 0x34,
    0x74, 0x96, 0xc4, 0x35, 0x78, 0x96, 0x86, 0x36, 0x7c, 0x96, 0x48, 0x07, 0x56, 0x98, 0xc2, 0x30,
    0x5a, 0x98, 0xa9, 0x31, 0x5e, 0x98, 0x6b, 0x32, 0x62, 0x98, 0x2d, 0x33, 0x66, 0x98, 0xee, 0x33,
    0x6a, 0x98, 0xd6, 0x34, 0x6e, 0x98, 0x98, 0x35, 0x72, 0x98, 0x5a, 0x36, 0x76, 0x98, 0x41, 0x37,
    0x7a, 0x98, 0x03, 0x08, 0x5a, 0x9a, 0x7d, 0x31, 0x5e, 0x9a, 0x3e, 0x32, 0x62, 0x9a, 0x26, 0x33,
    0x66, 0x9a, 0xe8, 0x33, 0x6a, 0x9a, 0xaa, 0x34, 0x6e, 0x9a, 0x6b, 0x35, 0x72, 0x9a, 0x53, 0x36,
    0x76, 0x9a, 0x15, 0x27, 0x5e, 0x9c, 0xd3, 0x32, 0x62, 0x9c, 0x94, 0x33, 0x66, 0x9c, 0x56, 0x34,
    0x6a, 0x9c, 0x18, 0x35, 0x6e, 0x9c, 0xff, 0x35, 0x72, 0x9c, 0xc1, 0x36, 0x76, 0x9c, 0x83, 0x07,
    0x62, 0x9e, 0x02, 0x34, 0x66, 0x9e, 0xc4, 0x34, 0x6a, 0x9e, 0xac, 0x35, 0x6e, 0x9e, 0x6e, 0x36,
    0x72, 0x9e, 0x2f, 0x27, 0x66, 0xa0, 0x58, 0x35, 0x6a, 0xa0, 0x1a, 0x36, 0x6e, 0xa0, 0xdc, 0x36,
    0x72, 0xa0, 0xc3, 0x07, 0x6a, 0xa2, 0x88, 0x36, 0x6e, 0xa2, 0x70, 0x27, 0x6e, 0xa4, 0xde, 0x07,
    0x84, 0x63, 0x3d, 0x38, 0x88, 0x63, 0x6f, 0x36, 0x8c, 0x63, 0xa1, 0x34, 0x90, 0x63, 0xd3, 0x02,
    0x82, 0x65, 0xa8, 0x36, 0x86, 0x65, 0xda, 0x34, 0x8a, 0x65, 0x0c, 0x33, 0x8e, 0x65, 0x3e, 0x31,
    0x8c, 0x67, 0x29, 0x31, 0x7c, 0x69, 0xbb, 0x36, 0x80, 0x69, 0xeb, 0x34, 0x84, 0x69, 0x41, 0x13,
    0x78, 0x6b, 0x1b, 0x37, 0x7c, 0x6b, 0x71, 0x35, 0x80, 0x6b, 0xc8, 0x33, 0x84, 0x6b, 0x1e, 0x32,
    0x88, 0x6b, 0x74, 0x30, 0x80, 0x6d, 0xa4, 0x32, 0x84, 0x6d, 0xfa, 0x30, 0x86, 0x6f, 0x25, 0x00,
    0x6e, 0x71, 0xed, 0x37, 0x72, 0x71, 0x92, 0x36, 0x76, 0x71, 0x10, 0x35, 0x6a, 0x73, 0x70, 0x38,
    0x6e, 0x73, 0x14, 0x37, 0x72, 0x73, 0x93, 0x35, 0x76, 0x73, 0x11, 0x34, 0x7a, 0x73, 0x90, 0x32,
    0x7e, 0x73, 0x0e, 0x31, 0x6e, 0x75, 0xe1, 0x34, 0x72, 0x75, 0x85, 0x33, 0x76, 0x75, 0x04, 0x32,
    0x7a, 0x75, 0x83, 0x30, 0x76, 0x77, 0x13, 0x32, 0x7a, 0x77, 0x92, 0x10, 0x5e, 0x7a, 0x01, 0x37,
    0x62, 0x7a, 0xa8, 0x35, 0x66, 0x7a, 0x4f, 0x34, 0x6a, 0x7a, 0xf6, 0x02, 0x58, 0x7c, 0x23, 0x39,
    0x5c, 0x7c, 0xca, 0x37, 0x60, 0x7c, 0x71, 0x36, 0x64, 0x7c, 0x18, 0x35, 0x68, 0x7c, 0xbf, 0x33,
    0x6c, 0x7c, 0x66, 0x32, 0x70, 0x7c, 0x0c, 0x31, 0x58, 0x7e, 0x46, 0x38, 0x5c, 0x7e, 0xed, 0x36,
    0x60, 0x7e, 0x94, 0x35, 0x64, 0x7e, 0x3b, 0x34, 0x68, 0x7e, 0xe2, 0x32, 0x6c, 0x7e, 0x89, 0x31,
    0x70, 0x7e, 0x2f, 0x00, 0x5e, 0x80, 0x51, 0x35, 0x62, 0x80, 0xf8, 0x33, 0x66, 0x80, 0x9e, 0x32,
    0x6a, 0x80, 0x45, 0x31, 0x64, 0x82, 0x75, 0x31, 0x68, 0x82, 0x1c, 0x20, 0x68, 0x84, 0x25, 0x00,
    0x4c, 0x82, 0xde, 0x07, 0x4a, 0x84, 0xd7, 0x36, 0x4e, 0x84, 0xca, 0x25, 0x46, 0x86, 0x51, 0x37,
    0x4a, 0x86, 0x1d, 0x36, 0x4e, 0x86, 0x10, 0x35, 0x52, 0x86, 0x02, 0x34, 0x42, 0x88, 0xa5, 0x37,
    0x46, 0x88, 0x97, 0x36, 0x4a, 0x88, 0x64, 0x35, 0x4e, 0x88, 0x56, 0x34, 0x52, 0x88, 0x48, 0x33,
    0x56, 0x88, 0x14, 0x32, 0x3e, 0x8a, 0xf9, 0x37, 0x42, 0x8a, 0xeb, 0x36, 0x46, 0x8a, 0xde, 0x35,
    0x4a, 0x8a, 0xaa, 0x34, 0x4e, 0x8a, 0x9c, 0x33, 0x52, 0x8a, 0x8e, 0x32, 0x56, 0x8a, 0x5b, 0x31,
    0x5a, 0x8a, 0x4d, 0x30, 0x3e, 0x8c, 0x3f, 0x37, 0x42, 0x8c, 0x31, 0x36, 0x46, 0x8c, 0x24, 0x35,
    0x4a, 0x8c, 0xf0, 0x33, 0x4e, 0x8c, 0xe2, 0x32, 0x52, 0x8c, 0xd5, 0x31, 0x56, 0x8c, 0xa1, 0x30,
    0x42, 0x8e, 0x78, 0x35, 0x46, 0x8e, 0x6a, 0x34, 0x4a, 0x8e, 0x36, 0x33, 0x4e, 0x8e, 0x28, 0x32,
    0x52, 0x8e, 0x1b, 0x31, 0x46, 0x90, 0xb0, 0x33, 0x4a, 0x90, 0x7c, 0x32, 0x4e, 0x90, 0x6f, 0x31,
    0x52, 0x90, 0x61, 0x30, 0x4a, 0x92, 0xc3, 0x31, 0x4e, 0x92, 0xb5, 0x30, 0x9c, 0x69, 0x46, 0x31,
    0xa0, 0x69, 0x58, 0x32, 0xa4, 0x69, 0x91, 0x33, 0x9c, 0x6b, 0xa3, 0x31, 0xa0, 0x6b, 0xb5, 0x32,
    0xa4, 0x6b, 0xed, 0x33, 0xa8, 0x6b, 0x00, 0x35, 0xac, 0x6b, 0x12, 0x36, 0xa4, 0x6d, 0xd3, 0x35,
    0xa8, 0x6d, 0xe5, 0x36, 0xac, 0x6d, 0x1d, 0x08, 0xaa, 0x6f, 0xde, 0x07, 0x94, 0x6d, 0x25, 0x00,
    0x92, 0x6f, 0x4c, 0x31, 0x96, 0x6f, 0x81, 0x32, 0x9a, 0x6f, 0xb7, 0x13, 0x8e, 0x71, 0x2e, 0x30,
    0x92, 0x71, 0x63, 0x31, 0x96, 0x71, 0x73, 0x32, 0x9a, 0x71, 0xa8, 0x33, 0x9e, 0x71, 0xde, 0x34,
    0xa2, 0x71, 0x13, 0x06, 0x90, 0x73, 0xa2, 0x31, 0x94, 0x73, 0xd8, 0x32, 0x98, 0x73, 0x0d, 0x34,
    0x9c, 0x73, 0x43, 0x35, 0xa0, 0x73, 0x52, 0x36, 0xa4, 0x73, 0x88, 0x07, 0x98, 0x75, 0xe7, 0x34,
    0x9c, 0x75, 0x1c, 0x36, 0xa0, 0x75, 0x52, 0x17, 0x86, 0x75, 0x25, 0x00, 0x82, 0x77, 0x13, 0x30,
    0x86, 0x77, 0x25, 0x31, 0x8a, 0x77, 0x11, 0x32, 0x8e, 0x77, 0x23, 0x13, 0x7e, 0x79, 0x00, 0x30,
    0x82, 0x79, 0x12, 0x31, 0x86, 0x79, 0xfe, 0x31, 0x8a, 0x79, 0x10, 0x33, 0x8e, 0x79, 0x22, 0x34,
    0x92, 0x79, 0x0e, 0x35, 0x96, 0x79, 0x21, 0x36, 0x84, 0x7b, 0x88, 0x32, 0x88, 0x7b, 0x74, 0x33,
    0x8c, 0x7b, 0x86, 0x34, 0x90, 0x7b, 0x72, 0x35, 0x94, 0x7b, 0x84, 0x26, 0x8a, 0x7d, 0xae, 0x35,
    0x8e, 0x7d, 0xc0, 0x36, 0x92, 0x7d, 0xac, 0x17, 0x8e, 0x7f, 0xd5, 0x36, 0x76, 0x7d, 0x25, 0x00,
    0x74, 0x7f, 0x05, 0x31, 0x78, 0x7f, 0xee, 0x21, 0x70, 0x81, 0x39, 0x30, 0x74, 0x81, 0xfc, 0x30,
    0x78, 0x81, 0xe5, 0x31, 0x7c, 0x81, 0xce, 0x32, 0x6e, 0x83, 0x19, 0x31, 0x72, 0x83, 0xdc, 0x31,
    0x76, 0x83, 0xc5, 0x32, 0x7a, 0x83, 0xae, 0x33, 0x7e, 0x83, 0x71, 0x34, 0x82, 0x83, 0x5a, 0x25,
    0x6a, 0x85, 0xe9, 0x30, 0x6e, 0x85, 0xac, 0x31, 0x72, 0x85, 0x95, 0x32, 0x76, 0x85, 0x7e, 0x33,
    0x7a, 0x85, 0x41, 0x34, 0x7e, 0x85, 0x2a, 0x35, 0x82, 0x85, 0x13, 0x36, 0x86, 0x85, 0xd6, 0x36,
    0x6e, 0x87, 0xc9, 0x31, 0x72, 0x87, 0x8c, 0x32, 0x76, 0x87, 0x75, 0x33, 0x7a, 0x87, 0x5e, 0x34,
    0x7e, 0x87, 0x21, 0x35, 0x82, 0x87, 0x0a, 0x36, 0x86, 0x87, 0xf3, 0x06, 0x72, 0x89, 0x45, 0x33,
    0x76, 0x89, 0x2e, 0x34, 0x7a, 0x89, 0xf1, 0x34, 0x7e, 0x89, 0xda, 0x35, 0x82, 0x89, 0xc3, 0x26,
    0x76, 0x8b, 0xc0, 0x34, 0x7a, 0x8b, 0xa9, 0x35, 0x7e, 0x8b, 0x92, 0x36, 0x82, 0x8b, 0x55, 0x07,
    0x7a, 0x8d, 0x62, 0x36, 0x7e, 0x8d, 0x25, 0x27, 0x7e, 0x8f, 0xde, 0x07, 0x5e, 0x8b, 0x25, 0x00,
    0x5c, 0x8d, 0xe1, 0x30, 0x60, 0x8d, 0xa3, 0x21, 0x58, 0x8f, 0xd9, 0x30, 0x5c, 0x8f, 0x75, 0x31,
    0x60, 0x8f, 0x38, 0x32, 0x64, 0x8f, 0xd4, 0x22, 0x54, 0x91, 0x36, 0x30, 0x58, 0x91, 0xd2, 0x30,
    0x5c, 0x91, 0x94, 0x31, 0x60, 0x91, 0x31, 0x32, 0x64, 0x91, 0xf3, 0x32, 0x68, 0x91, 0x90, 0x23,
    0x50, 0x93, 0x08, 0x30, 0x54, 0x93, 0xca, 0x30, 0x58, 0x93, 0x67, 0x31, 0x5c, 0x93, 0x29, 0x32,
    0x60, 0x93, 0xc5, 0x32, 0x64, 0x93, 0x88, 0x33, 0x68, 0x93, 0x24, 0x34, 0x6c, 0x93, 0xe6, 0x24,
    0x4c, 0x95, 0x00, 0x30, 0x50, 0x95, 0x9c, 0x30, 0x54, 0x95, 0x5f, 0x31, 0x58, 0x95, 0xfb, 0x31,
    0x5c, 0x95, 0xbe, 0x32, 0x60, 0x95, 0x5a, 0x33, 0x64, 0x95, 0x1c, 0x34, 0x68, 0x95, 0xb9, 0x34,
    0x6c, 0x95, 0x7b, 0x35, 0x70, 0x95, 0x17, 0x26, 0x50, 0x97, 0x57, 0x31, 0x54, 0x97, 0xf3, 0x31,
    0x58, 0x97, 0x90, 0x32, 0x5c, 0x97, 0x52, 0x33, 0x60, 0x97, 0xee, 0x33, 0x64, 0x97, 0xb1, 0x34,
    0x68, 0x97, 0x4d, 0x35, 0x6c, 0x97, 0x10, 0x36, 0x70, 0x97, 0xac, 0x26, 0x54, 0x99, 0xfd, 0x32,
    0x58, 0x99, 0xc0, 0x33, 0x5c, 0x99, 0x5c, 0x34, 0x60, 0x99, 0x1e, 0x35, 0x64, 0x99, 0xbb, 0x35,
    0x68, 0x99, 0x7d, 0x36, 0x6c, 0x99, 0x19, 0x37, 0x56, 0x9b, 0x6b, 0x33, 0x5a, 0x9b, 0x2d, 0x34,
    0x5e, 0x9b, 0xc9, 0x34, 0x62, 0x9b, 0x8c, 0x35, 0x66, 0x9b, 0x28, 0x36, 0x6a, 0x9b, 0xea, 0x36,
    0x5a, 0x9d, 0x37, 0x35, 0x5e, 0x9d, 0xf9, 0x35, 0x62, 0x9d, 0x96, 0x36, 0x66, 0x9d, 0x58, 0x37,
    0x6a, 0x9d, 0xf4, 0x07, 0x5c, 0x9f, 0xa4, 0x35, 0x60, 0x9f, 0x67, 0x36, 0x64, 0x9f, 0x03, 0x37,
    0x60, 0xa1, 0x71, 0x37, 0x64, 0xa1, 0x0d, 0x08, 0x62, 0xa3, 0xde, 0x07, 0x8c, 0x62, 0xde, 0x07,
    0x88, 0x64, 0x17, 0x38, 0x8c, 0x64, 0x96, 0x36, 0x90, 0x64, 0xee, 0x34, 0x94, 0x64, 0x6d, 0x23,
    0x8a, 0x66, 0xda, 0x34, 0x8e, 0x66, 0x59, 0x33, 0x92, 0x66, 0xb1, 0x31, 0x96, 0x66, 0x30, 0x30,
    0x92, 0x68, 0x69, 0x30, 0x80, 0x68, 0xde, 0x07, 0x7c, 0x6a, 0x17, 0x38, 0x80, 0x6a, 0xbb, 0x36,
    0x84, 0x6a, 0x38, 0x35, 0x7e, 0x6c, 0x24, 0x35, 0x82, 0x6c, 0xa1, 0x33, 0x86, 0x6c, 0x44, 0x32,
    0x8a, 0x6c, 0xc1, 0x30, 0x84, 0x6e, 0xbc, 0x31, 0x88, 0x6e, 0x39, 0x30, 0x88, 0x70, 0x25, 0x00,
    0x70, 0x70, 0xb7, 0x36, 0x74, 0x70, 0x5b, 0x35, 0x78, 0x70, 0xd8, 0x03, 0x6c, 0x72, 0x14, 0x37,
    0x70, 0x72, 0xb7, 0x35, 0x74, 0x72, 0x34, 0x34, 0x78, 0x72, 0xb1, 0x32, 0x7c, 0x72, 0x55, 0x21,
    0x6e, 0x74, 0x52, 0x35, 0x72, 0x74, 0xcf, 0x33, 0x76, 0x74, 0x4c, 0x32, 0x7a, 0x74, 0xef, 0x30,
    0x74, 0x76, 0x0d, 0x32, 0x78, 0x76, 0x8a, 0x30, 0x5c, 0x78, 0x11, 0x38, 0x60, 0x78, 0x02, 0x37,
    0x64, 0x78, 0xf3, 0x25, 0x56, 0x7a, 0x92, 0x38, 0x5a, 0x7a, 0x83, 0x37, 0x5e, 0x7a, 0x73, 0x36,
    0x62, 0x7a, 0x3e, 0x35, 0x66, 0x7a, 0x2f, 0x34, 0x6a, 0x7a, 0x20, 0x13, 0x56, 0x7c, 0x68, 0x37,
    0x5a, 0x7c, 0x59, 0x36, 0x5e, 0x7c, 0x4a, 0x35, 0x62, 0x7c, 0x15, 0x34, 0x66, 0x7c, 0x06, 0x33,
    0x6a, 0x7c, 0xf7, 0x31, 0x6e, 0x7c, 0xe8, 0x30, 0x5c, 0x7e, 0xd4, 0x33, 0x60, 0x7e, 0xc5, 0x32,
    0x64, 0x7e, 0x90, 0x31, 0x68, 0x7e, 0x80, 0x30, 0x60, 0x80, 0x5d, 0x32, 0x64, 0x80, 0x4e, 0x31,
    0x68, 0x80, 0x3f, 0x00, 0x64, 0x82, 0x25, 0x00, 0x46, 0x82, 0xfe, 0x36, 0x4a, 0x82, 0xf0, 0x35,
    0x40, 0x84, 0x61, 0x38, 0x44, 0x84, 0x53, 0x37, 0x48, 0x84, 0x45, 0x36, 0x4c, 0x84, 0x37, 0x35,
    0x50, 0x84, 0x29, 0x14, 0x3c, 0x86, 0x8e, 0x38, 0x40, 0x86, 0x80, 0x37, 0x44, 0x86, 0x73, 0x36,
    0x48, 0x86, 0x65, 0x35, 0x4c, 0x86, 0x57, 0x34, 0x50, 0x86, 0x49, 0x33, 0x54, 0x86, 0x3b, 0x12,
    0x38, 0x88, 0xd5, 0x37, 0x3c, 0x88, 0xc7, 0x36, 0x40, 0x88, 0xb9, 0x35, 0x44, 0x88, 0xac, 0x34,
    0x48, 0x88, 0x9e, 0x33, 0x4c, 0x88, 0x90, 0x32, 0x50, 0x88, 0xa8, 0x31, 0x54, 0x88, 0x9a, 0x30,
    0x3c, 0x8a, 0xe7, 0x35, 0x40, 0x8a, 0xd9, 0x34, 0x44, 0x8a, 0xcb, 0x33, 0x48, 0x8a, 0xbe, 0x32,
    0x4c, 0x8a, 0xb0, 0x31, 0x50, 0x8a, 0xa2, 0x30, 0x3e, 0x8c, 0x54, 0x35, 0x42, 0x8c, 0x46, 0x34,
    0x46, 0x8c, 0x38, 0x33, 0x4a, 0x8c, 0x2a, 0x32, 0x4e, 0x8c, 0x1c, 0x31, 0x42, 0x8e, 0x7f, 0x32,
    0x46, 0x8e, 0x71, 0x31, 0x4a, 0x8e, 0x63, 0x30, 0x44, 0x90, 0xec, 0x31, 0x48, 0x90, 0xde, 0x20,
    0xa4, 0x68, 0x25, 0x00, 0xa0, 0x6a, 0x20, 0x31, 0xa4, 0x6a, 0x0d, 0x32, 0xa8, 0x6a, 0x20, 0x23,
    0xa0, 0x6c, 0x69, 0x32, 0xa4, 0x6c, 0x56, 0x33, 0xa8, 0x6c, 0x43, 0x34, 0xac, 0x6c, 0x56, 0x35,
    0xb0, 0x6c, 0x43, 0x16, 0xa6, 0x6e, 0x16, 0x35, 0xaa, 0x6e, 0x03, 0x36, 0xae, 0x6e, 0x16, 0x37,
    0xb2, 0x6e, 0x03, 0x18, 0xac, 0x70, 0xc3, 0x37, 0x92, 0x70, 0x12, 0x30, 0x96, 0x70, 0xfd, 0x30,
    0x9a, 0x70, 0x0e, 0x22, 0x8e, 0x72, 0xeb, 0x30, 0x92, 0x72, 0xfb, 0x31, 0x96, 0x72, 0xe6, 0x32,
    0x9a, 0x72, 0xf7, 0x33, 0x9e, 0x72, 0xe2, 0x34, 0xa2, 0x72, 0xf2, 0x05, 0x94, 0x74, 0x97, 0x33,
    0x98, 0x74, 0x81, 0x34, 0x9c, 0x74, 0x92, 0x35, 0xa0, 0x74, 0x7d, 0x36, 0xa4, 0x74, 0x8e, 0x37,
    0xa8, 0x74, 0x78, 0x08, 0x9a, 0x76, 0x43, 0x36, 0x9e, 0x76, 0x2d, 0x37, 0xa2, 0x76, 0x3e, 0x18,
    0x86, 0x75, 0x25, 0x00, 0x82, 0x77, 0xff, 0x30, 0x86, 0x77, 0xc5, 0x31, 0x8a, 0x77, 0xb1, 0x22,
    0x7c, 0x79, 0x00, 0x30, 0x80, 0x79, 0xec, 0x30, 0x84, 0x79, 0xb2, 0x31, 0x88, 0x79, 0x9e, 0x32,
    0x8c, 0x79, 0x8a, 0x33, 0x90, 0x79, 0x76, 0x24, 0x82, 0x7b, 0x02, 0x33, 0x86, 0x7b, 0xee, 0x33,
    0x8a, 0x7b, 0xb4, 0x34, 0x8e, 0x7b, 0xa0, 0x35, 0x92, 0x7b, 0x8c, 0x36, 0x96, 0x7b, 0x78, 0x27,
    0x86, 0x7d, 0xef, 0x34, 0x8a, 0x7d, 0xdb, 0x35, 0x8e, 0x7d, 0xa1, 0x36, 0x92, 0x7d, 0x8d, 0x27,
    0x8a, 0x7f, 0xdd, 0x36, 0x8e, 0x7f, 0xa3, 0x27, 0x74, 0x7d, 0x25, 0x00, 0x70, 0x7f, 0x1b, 0x30,
    0x74, 0x7f, 0xde, 0x30, 0x6c, 0x81, 0x37, 0x30, 0x70, 0x81, 0xfa, 0x30, 0x74, 0x81, 0xbe, 0x31,
    0x78, 0x81, 0x81, 0x22, 0x68, 0x83, 0x2d, 0x30, 0x6c, 0x83, 0xf0, 0x30, 0x70, 0x83, 0xb4, 0x31,
    0x74, 0x83, 0x77, 0x32, 0x78, 0x83, 0x3b, 0x33, 0x7c, 0x83, 0x24, 0x14, 0x68, 0x85, 0x82, 0x31,
    0x6c, 0x85, 0x46, 0x32, 0x70, 0x85, 0x2f, 0x33, 0x74, 0x85, 0xf3, 0x33, 0x78, 0x85, 0xb7, 0x34,
    0x7c, 0x85, 0x7a, 0x35, 0x80, 0x85, 0x3e, 0x06, 0x6a, 0x87, 0x3a, 0x32, 0x6e, 0x87, 0xfe, 0x32,
    0x72, 0x87, 0xc1, 0x33, 0x76, 0x87, 0x85, 0x34, 0x7a, 0x87, 0x49, 0x35, 0x7e, 0x87, 0x0c, 0x36,
    0x82, 0x87, 0xd0, 0x26, 0x6e, 0x89, 0xb7, 0x33, 0x72, 0x89, 0x7b, 0x34, 0x76, 0x89, 0x3e, 0x35,
    0x7a, 0x89, 0x02, 0x36, 0x7e, 0x89, 0xc6, 0x26, 0x72, 0x8b, 0xd0, 0x35, 0x76, 0x8b, 0xba, 0x36,
    0x7a, 0x8b, 0x7e, 0x37, 0x74, 0x8d, 0x88, 0x36, 0x78, 0x8d, 0x4c, 0x27, 0x56, 0x8b, 0xe0, 0x30,
    0x5a, 0x8b, 0x7d, 0x11, 0x52, 0x8d, 0xd8, 0x30, 0x56, 0x8d, 0x75, 0x31, 0x5a, 0x8d, 0x39, 0x32,
    0x5e, 0x8d, 0xd6, 0x02, 0x4e, 0x8f, 0xd0, 0x30, 0x52, 0x8f, 0x94, 0x31, 0x56, 0x8f, 0x31, 0x32,
    0x5a, 0x8f, 0xce, 0x32, 0x5e, 0x8f, 0x91, 0x33, 0x4a, 0x91, 0xc8, 0x30, 0x4e, 0x91, 0x8c, 0x31,
    0x52, 0x91, 0x29, 0x32, 0x56, 0x91, 0xec, 0x32, 0x5a, 0x91, 0x89, 0x33, 0x5e, 0x91, 0x4c, 0x34,
    0x62, 0x91, 0xe9, 0x24, 0x48, 0x93, 0xbf, 0x30, 0x4c, 0x93, 0x5c, 0x31, 0x50, 0x93, 0xfa, 0x31,
    0x54, 0x93, 0xbd, 0x32, 0x58, 0x93, 0x5a, 0x33, 0x5c, 0x93, 0x1d, 0x34, 0x60, 0x93, 0xba, 0x34,
    0x64, 0x93, 0x7d, 0x25, 0x4a, 0x95, 0xa3, 0x31, 0x4e, 0x95, 0x66, 0x32, 0x52, 0x95, 0x03, 0x33,
    0x56, 0x95, 0xc7, 0x33, 0x5a, 0x95, 0x64, 0x34, 0x5e, 0x95, 0x27, 0x35, 0x62, 0x95, 0xc4, 0x35,
    0x66, 0x95, 0x87, 0x36, 0x4c, 0x97, 0xad, 0x32, 0x50, 0x97, 0x70, 0x33, 0x54, 0x97, 0x0d, 0x34,
    0x58, 0x97, 0xd0, 0x34, 0x5c, 0x97, 0x6e, 0x35, 0x60, 0x97, 0x31, 0x36, 0x64, 0x97, 0xce, 0x36,
    0x68, 0x97, 0x6b, 0x17, 0x4e, 0x99, 0xb7, 0x33, 0x52, 0x99, 0x7a, 0x34, 0x56, 0x99, 0x17, 0x35,
    0x5a, 0x99, 0xda, 0x35, 0x5e, 0x99, 0x77, 0x36, 0x62, 0x99, 0x15, 0x37, 0x50, 0x9b, 0xc1, 0x34,
    0x54, 0x9b, 0x84, 0x35, 0x58, 0x9b, 0x21, 0x36, 0x5c, 0x9b, 0xbe, 0x36, 0x60, 0x9b, 0x81, 0x17,
    0x52, 0x9d, 0xca, 0x35, 0x56, 0x9d, 0x8e, 0x36, 0x5a, 0x9d, 0x2b, 0x37, 0x54, 0x9f, 0xd4, 0x36,
    0x58, 0x9f, 0x71, 0x17, 0x56, 0xa1, 0xde, 0x07, 0x92, 0x63, 0xde, 0x07, 0x8a, 0x65, 0xe0, 0x38,
    0x8e, 0x65, 0x82, 0x37, 0x92, 0x65, 0x4a, 0x36, 0x96, 0x65, 0xec, 0x34, 0x90, 0x67, 0x2c, 0x35,
    0x94, 0x67, 0xf4, 0x33, 0x98, 0x67, 0x96, 0x32, 0x9c, 0x67, 0x5e, 0x31, 0xa0, 0x67, 0x00, 0x00,
    0x96, 0x69, 0x9e, 0x31, 0x9a, 0x69, 0x40, 0x00, 0x84, 0x68, 0xde, 0x07, 0x80, 0x6a, 0xbb, 0x36,
    0x84, 0x6a, 0x5f, 0x35, 0x88, 0x6a, 0x29, 0x34, 0x80, 0x6c, 0x24, 0x35, 0x84, 0x6c, 0xc8, 0x33,
    0x88, 0x6c, 0x92, 0x32, 0x8c, 0x6c, 0x5c, 0x31, 0x90, 0x6c, 0x00, 0x30, 0x84, 0x6e, 0x3f, 0x33,
    0x88, 0x6e, 0x09, 0x32, 0x8c, 0x6e, 0xad, 0x20, 0x76, 0x6e, 0xde, 0x07, 0x70, 0x70, 0xae, 0x38,
    0x74, 0x70, 0x2b, 0x37, 0x78, 0x70, 0xcf, 0x25, 0x6a, 0x72, 0x7e, 0x39, 0x6e, 0x72, 0xfc, 0x37,
    0x72, 0x72, 0x79, 0x36, 0x76, 0x72, 0x1c, 0x35, 0x7a, 0x72, 0x99, 0x33, 0x7e, 0x72, 0x3d, 0x12,
    0x70, 0x74, 0xb7, 0x34, 0x74, 0x74, 0x5b, 0x33, 0x78, 0x74, 0xd8, 0x31, 0x7c, 0x74, 0x55, 0x30,
    0x74, 0x76, 0xf6, 0x32, 0x78, 0x76, 0x99, 0x31, 0x7c, 0x76, 0x16, 0x00, 0x78, 0x78, 0x25, 0x00,
    0x5a, 0x77, 0xf6, 0x38, 0x5e, 0x77, 0x9c, 0x37, 0x62, 0x77, 0x41, 0x36, 0x66, 0x77, 0xe7, 0x04,
    0x54, 0x79, 0x8d, 0x38, 0x58, 0x79, 0x59, 0x37, 0x5c, 0x79, 0xff, 0x35, 0x60, 0x79, 0xa4, 0x34,
    0x64, 0x79, 0x4a, 0x33, 0x68, 0x79, 0xef, 0x31, 0x6c, 0x79, 0x95, 0x00, 0x58, 0x7b, 0x09, 0x36,
    0x5c, 0x7b, 0xaf, 0x34, 0x60, 0x7b, 0x54, 0x33, 0x64, 0x7b, 0xfa, 0x31, 0x68, 0x7b, 0xa0, 0x30,
    0x5a, 0x7d, 0x06, 0x35, 0x5e, 0x7d, 0xac, 0x33, 0x62, 0x7d, 0x52, 0x32, 0x66, 0x7d, 0x1d, 0x31,
    0x5e, 0x7f, 0x5c, 0x32, 0x62, 0x7f, 0x28, 0x31, 0x48, 0x7c, 0xde, 0x07, 0x44, 0x7e, 0x25, 0x37,
    0x48, 0x7e, 0x3c, 0x26, 0x3e, 0x80, 0x17, 0x38, 0x42, 0x80, 0x2e, 0x37, 0x46, 0x80, 0x45, 0x36,
    0x4a, 0x80, 0x5c, 0x35, 0x3a, 0x82, 0x38, 0x37, 0x3e, 0x82, 0x75, 0x36, 0x42, 0x82, 0x8c, 0x35,
    0x46, 0x82, 0xa3, 0x34, 0x4a, 0x82, 0xba, 0x33, 0x4e, 0x82, 0xf6, 0x12, 0x38, 0x84, 0x67, 0x37,
    0x3c, 0x84, 0x7e, 0x36, 0x40, 0x84, 0x95, 0x35, 0x44, 0x84, 0xac, 0x34, 0x48, 0x84, 0xe9, 0x33,
    0x4c, 0x84, 0x00, 0x33, 0x50, 0x84, 0x17, 0x22, 0x3a, 0x86, 0xec, 0x35, 0x3e, 0x86, 0x03, 0x35,
    0x42, 0x86, 0x1a, 0x34, 0x46, 0x86, 0x57, 0x33, 0x4a, 0x86, 0x6e, 0x32, 0x4e, 0x86, 0x85, 0x31,
    0x52, 0x86, 0x9c, 0x30, 0x3c, 0x88, 0x71, 0x34, 0x40, 0x88, 0x88, 0x33, 0x44, 0x88, 0xc5, 0x32,
    0x48, 0x88, 0xdc, 0x31, 0x4c, 0x88, 0xf3, 0x30, 0x50, 0x88, 0x0a, 0x00, 0x3e, 0x8a, 0x1b, 0x33,
    0x42, 0x8a, 0x32, 0x32, 0x46, 0x8a, 0x49, 0x31, 0x4a, 0x8a, 0x60, 0x10, 0x40, 0x8c, 0xa0, 0x31,
    0x44, 0x8c, 0xb7, 0x20, 0x42, 0x8e, 0x25, 0x00, 0xa6, 0x68, 0x25, 0x00, 0xa2, 0x6a, 0x12, 0x30,
    0xa6, 0x6a, 0x49, 0x31, 0xaa, 0x6a, 0x80, 0x12, 0x9e, 0x6c, 0x00, 0x30, 0xa2, 0x6c, 0x37, 0x31,
    0xa6, 0x6c, 0x6e, 0x32, 0xaa, 0x6c, 0xa5, 0x33, 0xae, 0x6c, 0xb5, 0x34, 0xa6, 0x6e, 0x55, 0x34,
    0xaa, 0x6e, 0x8c, 0x35, 0xae, 0x6e, 0xc3, 0x36, 0xb2, 0x6e, 0xfa, 0x37, 0xb6, 0x6e, 0x31, 0x19,
    0xac, 0x70, 0x63, 0x36, 0xb0, 0x70, 0x9a, 0x17, 0x98, 0x6e, 0x25, 0x00, 0x94, 0x70, 0x39, 0x30,
    0x98, 0x70, 0x4b, 0x31, 0x9c, 0x70, 0x5c, 0x22, 0x90, 0x72, 0x11, 0x31, 0x94, 0x72, 0x23, 0x32,
    0x98, 0x72, 0x34, 0x33, 0x9c, 0x72, 0x45, 0x34, 0xa0, 0x72, 0x56, 0x35, 0xa4, 0x72, 0x68, 0x06,
    0x96, 0x74, 0xbe, 0x33, 0x9a, 0x74, 0xcf, 0x34, 0x9e, 0x74, 0xe0, 0x35, 0xa2, 0x74, 0xf2, 0x36,
    0xa6, 0x74, 0x03, 0x38, 0xaa, 0x74, 0x14, 0x09, 0x9c, 0x76, 0x6a, 0x36, 0xa0, 0x76, 0x7c, 0x37,
    0xa4, 0x76, 0x8d, 0x18, 0xa0, 0x78, 0xde, 0x07, 0x82, 0x77, 0x39, 0x30, 0x86, 0x77, 0xff, 0x30,
    0x8a, 0x77, 0xeb, 0x21, 0x7c, 0x79, 0x00, 0x30, 0x80, 0x79, 0xec, 0x30, 0x84, 0x79, 0xb2, 0x31,
    0x88, 0x79, 0x9d, 0x32, 0x8c, 0x79, 0x63, 0x33, 0x90, 0x79, 0x4f, 0x24, 0x80, 0x7b, 0xee, 0x31,
    0x84, 0x7b, 0xda, 0x32, 0x88, 0x7b, 0xa0, 0x33, 0x8c, 0x7b, 0x8b, 0x34, 0x90, 0x7b, 0x77, 0x35,
    0x94, 0x7b, 0x3d, 0x36, 0x98, 0x7b, 0x29, 0x07, 0x84, 0x7d, 0xdc, 0x33, 0x88, 0x7d, 0xc8, 0x34,
    0x8c, 0x7d, 0xb4, 0x35, 0x90, 0x7d, 0x79, 0x36, 0x94, 0x7d, 0x65, 0x07, 0x88, 0x7f, 0xf0, 0x35,
    0x8c, 0x7f, 0xb6, 0x36, 0x90, 0x7f, 0xa2, 0x07, 0x8c, 0x81, 0xde, 0x07, 0x6e, 0x7e, 0x19, 0x30,
    0x72, 0x7e, 0xdd, 0x30, 0x76, 0x7e, 0x7b, 0x01, 0x6a, 0x80, 0xd1, 0x30, 0x6e, 0x80, 0x6f, 0x31,
    0x72, 0x80, 0x34, 0x32, 0x76, 0x80, 0xd2, 0x32, 0x64, 0x82, 0x00, 0x30, 0x68, 0x82, 0xc4, 0x30,
    0x6c, 0x82, 0x63, 0x31, 0x70, 0x82, 0x27, 0x32, 0x74, 0x82, 0xc6, 0x32, 0x78, 0x82, 0x8a, 0x33,
    0x7c, 0x82, 0x4f, 0x04, 0x68, 0x84, 0x1b, 0x32, 0x6c, 0x84, 0xb9, 0x32, 0x70, 0x84, 0x7e, 0x33,
    0x74, 0x84, 0x42, 0x34, 0x78, 0x84, 0xe1, 0x34, 0x7c, 0x84, 0xa5, 0x35, 0x6a, 0x86, 0xad, 0x32,
    0x6e, 0x86, 0x71, 0x33, 0x72, 0x86, 0x36, 0x34, 0x76, 0x86, 0xd4, 0x34, 0x7a, 0x86, 0x99, 0x35,
    0x7e, 0x86, 0x37, 0x36, 0x82, 0x86, 0xfc, 0x16, 0x6c, 0x88, 0xdc, 0x33, 0x70, 0x88, 0xa0, 0x34,
    0x74, 0x88, 0x65, 0x35, 0x78, 0x88, 0x03, 0x36, 0x7c, 0x88, 0xc8, 0x36, 0x70, 0x8a, 0xf7, 0x35,
    0x74, 0x8a, 0xbb, 0x36, 0x78, 0x8a, 0x5a, 0x37, 0x72, 0x8c, 0xaf, 0x36, 0x76, 0x8c, 0x4d, 0x17,
    0x74, 0x8e, 0xde, 0x07, 0x54, 0x8a, 0xe0, 0x30, 0x58, 0x8a, 0x7e, 0x11, 0x4e, 0x8c, 0x39, 0x30,
    0x52, 0x8c, 0xd7, 0x30, 0x56, 0x8c, 0x74, 0x31, 0x5a, 0x8c, 0x12, 0x22, 0x4a, 0x8e, 0xcd, 0x30,
    0x4e, 0x8e, 0x6b, 0x31, 0x52, 0x8e, 0x08, 0x32, 0x56, 0x8e, 0xa6, 0x32, 0x5a, 0x8e, 0x69, 0x33,
    0x5e, 0x8e, 0x07, 0x14, 0x44, 0x90, 0x00, 0x30, 0x48, 0x90, 0x9e, 0x30, 0x4c, 0x90, 0x61, 0x31,
    0x50, 0x90, 0xff, 0x31, 0x54, 0x90, 0x9c, 0x32, 0x58, 0x90, 0x3a, 0x33, 0x5c, 0x90, 0xfd, 0x33,
    0x60, 0x90, 0x9b, 0x24, 0x46, 0x92, 0x0a, 0x31, 0x4a, 0x92, 0xa8, 0x31, 0x4e, 0x92, 0x6b, 0x32,
    0x52, 0x92, 0x09, 0x33, 0x56, 0x92, 0xa6, 0x33, 0x5a, 0x92, 0x6a, 0x34, 0x5e, 0x92, 0x08, 0x35,
    0x62, 0x92, 0xa5, 0x35, 0x48, 0x94, 0x14, 0x32, 0x4c, 0x94, 0xd8, 0x32, 0x50, 0x94, 0x76, 0x33,
    0x54, 0x94, 0x13, 0x34, 0x58, 0x94, 0xb1, 0x34, 0x5c, 0x94, 0x74, 0x35, 0x60, 0x94, 0x12, 0x36,
    0x64, 0x94, 0xaf, 0x36, 0x68, 0x94, 0x73, 0x07, 0x4a, 0x96, 0x45, 0x33, 0x4e, 0x96, 0xe2, 0x33,
    0x52, 0x96, 0x80, 0x34, 0x56, 0x96, 0x1d, 0x35, 0x5a, 0x96, 0xe1, 0x35, 0x5e, 0x96, 0x7e, 0x36,
    0x62, 0x96, 0x1c, 0x27, 0x4c, 0x98, 0x4f, 0x34, 0x50, 0x98, 0xec, 0x34, 0x54, 0x98, 0x8a, 0x35,
    0x58, 0x98, 0x4d, 0x36, 0x5c, 0x98, 0xeb, 0x36, 0x60, 0x98, 0x89, 0x07, 0x4e, 0x9a, 0x59, 0x35,
    0x52, 0x9a, 0xf6, 0x35, 0x56, 0x9a, 0xba, 0x36, 0x5a, 0x9a, 0x58, 0x27, 0x50, 0x9c, 0x63, 0x36,
    0x54, 0x9c, 0x01, 0x37, 0x58, 0x9c, 0xc4, 0x07, 0x52, 0x9e, 0x6d, 0x27, 0x94, 0x63, 0xde, 0x07,
    0x8c, 0x65, 0xe0, 0x38, 0x90, 0x65, 0x82, 0x37, 0x94, 0x65, 0x4a, 0x36, 0x98, 0x65, 0xec, 0x34,
    0x92, 0x67, 0x2c, 0x35, 0x96, 0x67, 0xf4, 0x33, 0x9a, 0x67, 0x96, 0x32, 0x9e, 0x67, 0x5e, 0x31,
    0xa2, 0x67, 0x00, 0x00, 0x98, 0x69, 0x9e, 0x31, 0x9c, 0x69, 0x40, 0x00, 0x86, 0x68, 0xde, 0x07,
    0x82, 0x6a, 0x94, 0x36, 0x86, 0x6a, 0x38, 0x35, 0x8a, 0x6a, 0x02, 0x34, 0x82, 0x6c, 0xfd, 0x34,
    0x86, 0x6c, 0xa1, 0x33, 0x8a, 0x6c, 0x45, 0x32, 0x8e, 0x6c, 0x0f, 0x31, 0x86, 0x6e, 0x18, 0x33,
    0x8a, 0x6e, 0xbc, 0x31, 0x8e, 0x6e, 0x60, 0x10, 0x8a, 0x70, 0x25, 0x00, 0x72, 0x6f, 0x2b, 0x37,
    0x76, 0x6f, 0xcd, 0x35, 0x7a, 0x6f, 0x70, 0x04, 0x6c, 0x71, 0xfc, 0x37, 0x70, 0x71, 0x9e, 0x36,
    0x74, 0x71, 0x40, 0x35, 0x78, 0x71, 0xbc, 0x33, 0x7c, 0x71, 0x5f, 0x22, 0x70, 0x73, 0x4f, 0x35,
    0x74, 0x73, 0xcb, 0x33, 0x78, 0x73, 0x6e, 0x32, 0x7c, 0x73, 0x10, 0x31, 0x74, 0x75, 0x7c, 0x32,
    0x78, 0x75, 0x1f, 0x31, 0x62, 0x74, 0xde, 0x07, 0x5c, 0x76, 0x50, 0x37, 0x60, 0x76, 0x40, 0x36,
    0x64, 0x76, 0x0b, 0x25, 0x54, 0x78, 0x44, 0x38, 0x58, 0x78, 0x0f, 0x37, 0x5c, 0x78, 0xff, 0x35,
    0x60, 0x78, 0xca, 0x34, 0x64, 0x78, 0xbb, 0x33, 0x68, 0x78, 0x86, 0x22, 0x58, 0x7a, 0xbe, 0x35,
    0x5c, 0x7a, 0x89, 0x34, 0x60, 0x7a, 0x7a, 0x33, 0x64, 0x7a, 0x45, 0x32, 0x68, 0x7a, 0x35, 0x31,
    0x6c, 0x7a, 0x00, 0x30, 0x5a, 0x7c, 0x95, 0x34, 0x5e, 0x7c, 0x86, 0x33, 0x62, 0x7c, 0x51, 0x32,
    0x66, 0x7c, 0x42, 0x31, 0x6a, 0x7c, 0x0c, 0x00, 0x5e, 0x7e, 0x4e, 0x31, 0x62, 0x7e, 0x19, 0x30,
    0x60, 0x80, 0x25, 0x00, 0x48, 0x7b, 0xde, 0x07, 0x42, 0x7d, 0x34, 0x38, 0x46, 0x7d, 0x26, 0x37,
    0x4a, 0x7d, 0x3d, 0x06, 0x3c, 0x7f, 0x65, 0x38, 0x40, 0x7f, 0x7c, 0x37, 0x44, 0x7f, 0x93, 0x36,
    0x48, 0x7f, 0xaa, 0x35, 0x4c, 0x7f, 0xc2, 0x14, 0x36, 0x81, 0xbb, 0x38, 0x3a, 0x81, 0xad, 0x37,
    0x3e, 0x81, 0xc4, 0x36, 0x42, 0x81, 0xdb, 0x35, 0x46, 0x81, 0xf2, 0x34, 0x4a, 0x81, 0x09, 0x34,
    0x4e, 0x81, 0x20, 0x13, 0x38, 0x83, 0x1a, 0x37, 0x3c, 0x83, 0x31, 0x36, 0x40, 0x83, 0x49, 0x35,
    0x44, 0x83, 0x3a, 0x34, 0x48, 0x83, 0x51, 0x33, 0x4c, 0x83, 0x68, 0x32, 0x50, 0x83, 0x7f, 0x21,
    0x3a, 0x85, 0x79, 0x35, 0x3e, 0x85, 0x90, 0x34, 0x42, 0x85, 0xa7, 0x33, 0x46, 0x85, 0xbf, 0x32,
    0x4a, 0x85, 0xd6, 0x31, 0x4e, 0x85, 0xc7, 0x30, 0x3c, 0x87, 0xd8, 0x33, 0x40, 0x87, 0xef, 0x32,
    0x44, 0x87, 0x06, 0x32, 0x48, 0x87, 0x1d, 0x31, 0x4c, 0x87, 0x35, 0x00, 0x3e, 0x89, 0x5d, 0x32,
    0x42, 0x89, 0x4e, 0x31, 0x46, 0x89, 0x65, 0x10, 0x40, 0x8b, 0xbb, 0x20, 0xa4, 0x6b, 0xf9, 0x30,
    0xa8, 0x6b, 0xe5, 0x31, 0xac, 0x6b, 0xd2, 0x22, 0xa4, 0x6d, 0x43, 0x32, 0xa8, 0x6d, 0x2f, 0x33,
    0xac, 0x6d, 0x1c, 0x34, 0xb0, 0x6d, 0x08, 0x35, 0xb4, 0x6d, 0xf5, 0x05, 0xaa, 0x6f, 0xf0, 0x34,
    0xae, 0x6f, 0xdc, 0x35, 0xb2, 0x6f, 0xc8, 0x36, 0xb6, 0x6f, 0xb5, 0x37, 0xba, 0x6f, 0xa1, 0x08,
    0xb0, 0x71, 0x9c, 0x37, 0xb4, 0x71, 0x89, 0x08, 0x9a, 0x6f, 0x25, 0x00, 0x94, 0x71, 0xf9, 0x30,
    0x98, 0x71, 0xbe, 0x31, 0x9c, 0x71, 0xaa, 0x32, 0x92, 0x73, 0x56, 0x31, 0x96, 0x73, 0x1c, 0x32,
    0x9a, 0x73, 0x07, 0x33, 0x9e, 0x73, 0xcd, 0x33, 0xa2, 0x73, 0xb9, 0x24, 0x98, 0x75, 0x03, 0x34,
    0x9c, 0x75, 0xef, 0x34, 0xa0, 0x75, 0xb4, 0x35, 0xa4, 0x75, 0x7a, 0x36, 0xa8, 0x75, 0x65, 0x27,
    0x9e, 0x77, 0xb0, 0x36, 0xa2, 0x77, 0x9b, 0x17, 0x82, 0x77, 0x3a, 0x30, 0x86, 0x77, 0x00, 0x31,
    0x8a, 0x77, 0xc6, 0x11, 0x7c, 0x79, 0x00, 0x30, 0x80, 0x79, 0xc6, 0x30, 0x84, 0x79, 0xb3, 0x31,
    0x88, 0x79, 0x79, 0x32, 0x8c, 0x79, 0x40, 0x33, 0x90, 0x79, 0x2c, 0x04, 0x80, 0x7b, 0xef, 0x31,
    0x84, 0x7b, 0xb6, 0x32, 0x88, 0x7b, 0x7c, 0x33, 0x8c, 0x7b, 0x69, 0x34, 0x90, 0x7b, 0x2f, 0x35,
    0x94, 0x7b, 0xf5, 0x15, 0x84, 0x7d, 0x57, 0x34, 0x88, 0x7d, 0x43, 0x35, 0x8c, 0x7d, 0x0a, 0x36,
    0x90, 0x7d, 0xd0, 0x36, 0x94, 0x7d, 0xbd, 0x17, 0x86, 0x7f, 0x32, 0x35, 0x8a, 0x7f, 0x1e, 0x36,
    0x8e, 0x7f, 0xe5, 0x36, 0x8a, 0x81, 0x21, 0x37, 0x6c, 0x7e, 0x19, 0x30, 0x70, 0x7e, 0xdd, 0x30,
    0x68, 0x80, 0xd1, 0x30, 0x6c, 0x80, 0x6f, 0x31, 0x70, 0x80, 0x34, 0x32, 0x74, 0x80, 0xf9, 0x22,
    0x62, 0x82, 0x00, 0x30, 0x66, 0x82, 0xc5, 0x30, 0x6a, 0x82, 0x63, 0x31, 0x6e, 0x82, 0x28, 0x32,
    0x72, 0x82, 0xec, 0x32, 0x76, 0x82, 0xb1, 0x33, 0x66, 0x84, 0x1b, 0x32, 0x6a, 0x84, 0xe0, 0x32,
    0x6e, 0x84, 0xa5, 0x33, 0x72, 0x84, 0x43, 0x34, 0x76, 0x84, 0x08, 0x35, 0x7a, 0x84, 0xcc, 0x25,
    0x68, 0x86, 0x4b, 0x33, 0x6c, 0x86, 0x0f, 0x34, 0x70, 0x86, 0xd4, 0x34, 0x74, 0x86, 0x72, 0x35,
    0x78, 0x86, 0x37, 0x36, 0x7c, 0x86, 0xfb, 0x36, 0x6a, 0x88, 0x03, 0x34, 0x6e, 0x88, 0xc7, 0x34,
    0x72, 0x88, 0x66, 0x35, 0x76, 0x88, 0x2a, 0x36, 0x7a, 0x88, 0xef, 0x36, 0x7e, 0x88, 0xb4, 0x07,
    0x6c, 0x8a, 0x32, 0x35, 0x70, 0x8a, 0xf7, 0x35, 0x74, 0x8a, 0xbb, 0x36, 0x78, 0x8a, 0x5a, 0x27,
    0x70, 0x8c, 0x4d, 0x37, 0x74, 0x8c, 0x12, 0x18, 0x50, 0x89, 0xb8, 0x30, 0x54, 0x89, 0x30, 0x31,
    0x4a, 0x8b, 0xad, 0x30, 0x4e, 0x8b, 0x25, 0x31, 0x52, 0x8b, 0xc3, 0x31, 0x56, 0x8b, 0x3a, 0x32,
    0x44, 0x8d, 0xa3, 0x30, 0x48, 0x8d, 0x1b, 0x31, 0x4c, 0x8d, 0xb8, 0x31, 0x50, 0x8d, 0x30, 0x32,
    0x54, 0x8d, 0xcd, 0x32, 0x58, 0x8d, 0x45, 0x33, 0x42, 0x8f, 0x10, 0x31, 0x46, 0x8f, 0xae, 0x31,
    0x4a, 0x8f, 0x25, 0x32, 0x4e, 0x8f, 0xc3, 0x32, 0x52, 0x8f, 0x3a, 0x33, 0x56, 0x8f, 0xd8, 0x33,
    0x5a, 0x8f, 0x50, 0x34, 0x5e, 0x8f, 0xed, 0x04, 0x44, 0x91, 0x1b, 0x32, 0x48, 0x91, 0xb8, 0x32,
    0x4c, 0x91, 0x30, 0x33, 0x50, 0x91, 0xce, 0x33, 0x54, 0x91, 0x45, 0x34, 0x58, 0x91, 0xe3, 0x34,
    0x5c, 0x91, 0x5a, 0x35, 0x60, 0x91, 0xf8, 0x05, 0x44, 0x93, 0x86, 0x32, 0x48, 0x93, 0xfe, 0x32,
    0x4c, 0x93, 0x9c, 0x33, 0x50, 0x93, 0x13, 0x34, 0x54, 0x93, 0xb1, 0x34, 0x58, 0x93, 0x28, 0x35,
    0x5c, 0x93, 0xc6, 0x35, 0x60, 0x93, 0x3e, 0x26, 0x46, 0x95, 0x91, 0x33, 0x4a, 0x95, 0x09, 0x34,
    0x4e, 0x95, 0xa6, 0x34, 0x52, 0x95, 0x1e, 0x35, 0x56, 0x95, 0xbc, 0x35, 0x5a, 0x95, 0x33, 0x36,
    0x5e, 0x95, 0xd1, 0x36, 0x48, 0x97, 0x12, 0x35, 0x4c, 0x97, 0x8a, 0x35, 0x50, 0x97, 0x27, 0x36,
    0x54, 0x97, 0x9f, 0x36, 0x58, 0x97, 0x3c, 0x37, 0x5c, 0x97, 0xb4, 0x07, 0x4a, 0x99, 0x1d, 0x36,
    0x4e, 0x99, 0x94, 0x36, 0x52, 0x99, 0x32, 0x37, 0x56, 0x99, 0xaa, 0x27, 0x4a, 0x9b, 0x62, 0x36,
    0x4e, 0x9b, 0x00, 0x37, 0x52, 0x9b, 0x78, 0x17, 0x4c, 0x9d, 0x6d, 0x27, 0x92, 0x65, 0xe4, 0x36,
    0x96, 0x65, 0xac, 0x35, 0x9a, 0x65, 0x99, 0x24, 0x92, 0x67, 0x4e, 0x35, 0x96, 0x67, 0x16, 0x34,
    0x9a, 0x67, 0x03, 0x33, 0x9e, 0x67, 0xf1, 0x31, 0xa2, 0x67, 0xde, 0x00, 0x98, 0x69, 0x09, 0x32,
    0x9c, 0x69, 0xf7, 0x30, 0x9c, 0x6b, 0x25, 0x00, 0x88, 0x68, 0xde, 0x07, 0x82, 0x6a, 0xcf, 0x37,
    0x86, 0x6a, 0xbd, 0x36, 0x8a, 0x6a, 0xab, 0x35, 0x82, 0x6c, 0x12, 0x36, 0x86, 0x6c, 0x00, 0x35,
    0x8a, 0x6c, 0xed, 0x33, 0x8e, 0x6c, 0xb5, 0x32, 0x92, 0x6c, 0xa3, 0x01, 0x88, 0x6e, 0xe2, 0x31,
    0x8c, 0x6e, 0xd0, 0x30, 0x70, 0x6f, 0xc6, 0x37, 0x74, 0x6f, 0x8f, 0x36, 0x78, 0x6f, 0x32, 0x35,
    0x6e, 0x71, 0x13, 0x37, 0x72, 0x71, 0xdc, 0x35, 0x76, 0x71, 0x7f, 0x34, 0x7a, 0x71, 0x48, 0x33,
    0x7e, 0x71, 0x10, 0x12, 0x70, 0x73, 0x11, 0x36, 0x74, 0x73, 0xda, 0x34, 0x78, 0x73, 0x7d, 0x33,
    0x7c, 0x73, 0x46, 0x32, 0x80, 0x73, 0xe9, 0x30, 0x74, 0x75, 0x65, 0x33, 0x78, 0x75, 0x2e, 0x32,
    0x7c, 0x75, 0xf7, 0x20, 0x5c, 0x75, 0x9f, 0x37, 0x60, 0x75, 0xb5, 0x36, 0x64, 0x75, 0xcb, 0x05,
    0x56, 0x77, 0x87, 0x37, 0x5a, 0x77, 0x9d, 0x36, 0x5e, 0x77, 0xb3, 0x35, 0x62, 0x77, 0xc9, 0x34,
    0x66, 0x77, 0xe0, 0x23, 0x56, 0x79, 0x74, 0x35, 0x5a, 0x79, 0x8a, 0x34, 0x5e, 0x79, 0xa0, 0x33,
    0x62, 0x79, 0xb6, 0x32, 0x66, 0x79, 0xcd, 0x31, 0x6a, 0x79, 0xe3, 0x20, 0x58, 0x7b, 0x4b, 0x34,
    0x5c, 0x7b, 0x61, 0x33, 0x60, 0x7b, 0x77, 0x32, 0x64, 0x7b, 0x8d, 0x31, 0x68, 0x7b, 0xa4, 0x20,
    0x5c, 0x7d, 0x4e, 0x31, 0x60, 0x7d, 0x64, 0x30, 0x5e, 0x7f, 0x25, 0x00, 0x40, 0x7c, 0x10, 0x38,
    0x44, 0x7c, 0x4d, 0x37, 0x48, 0x7c, 0x8a, 0x16, 0x38, 0x7e, 0x8f, 0x38, 0x3c, 0x7e, 0xcc, 0x37,
    0x40, 0x7e, 0x09, 0x37, 0x44, 0x7e, 0x20, 0x36, 0x48, 0x7e, 0x5c, 0x35, 0x36, 0x80, 0x3b, 0x37,
    0x3a, 0x80, 0x77, 0x36, 0x3e, 0x80, 0xb4, 0x35, 0x42, 0x80, 0xcb, 0x34, 0x46, 0x80, 0x08, 0x34,
    0x4a, 0x80, 0x45, 0x33, 0x38, 0x82, 0xbf, 0x35, 0x3c, 0x82, 0xd6, 0x34, 0x40, 0x82, 0x13, 0x34,
    0x44, 0x82, 0x4f, 0x33, 0x48, 0x82, 0x8c, 0x32, 0x4c, 0x82, 0xc9, 0x31, 0x38, 0x84, 0x2e, 0x35,
    0x3c, 0x84, 0x44, 0x34, 0x40, 0x84, 0x81, 0x33, 0x44, 0x84, 0xbe, 0x32, 0x48, 0x84, 0xfb, 0x31,
    0x4c, 0x84, 0x38, 0x31, 0x50, 0x84, 0x75, 0x20, 0x3a, 0x86, 0x8c, 0x33, 0x3e, 0x86, 0xc9, 0x32,
    0x42, 0x86, 0x05, 0x32, 0x46, 0x86, 0x42, 0x31, 0x4a, 0x86, 0x7f, 0x20, 0x3c, 0x88, 0x74, 0x31,
    0x40, 0x88, 0xb1, 0x30, 0xa8, 0x6c, 0x4b, 0x31, 0xac, 0x6c, 0x5c, 0x32, 0xb0, 0x6c, 0x6d, 0x03,
    0xa2, 0x6e, 0x00, 0x30, 0xa6, 0x6e, 0x11, 0x31, 0xaa, 0x6e, 0x23, 0x32, 0xae, 0x6e, 0x34, 0x33,
    0xb2, 0x6e, 0x45, 0x34, 0xb6, 0x6e, 0x56, 0x05, 0xa8, 0x70, 0xad, 0x32, 0xac, 0x70, 0xbe, 0x33,
    0xb0, 0x70, 0xcf, 0x34, 0xb4, 0x70, 0xe0, 0x35, 0xb8, 0x70, 0xf2, 0x36, 0xbc, 0x70, 0x03, 0x08,
    0xae, 0x72, 0x59, 0x35, 0xb2, 0x72, 0x6a, 0x36, 0xb6, 0x72, 0x7c, 0x17, 0x94, 0x72, 0x0d, 0x30,
    0x98, 0x72, 0xf9, 0x30, 0x9c, 0x72, 0xe5, 0x31, 0x94, 0x74, 0x42, 0x32, 0x98, 0x74, 0x08, 0x33,
    0x9c, 0x74, 0xf4, 0x33, 0xa0, 0x74, 0xe0, 0x34, 0xa4, 0x74, 0xa6, 0x05, 0x98, 0x76, 0xdc, 0x33,
    0x9c, 0x76, 0xc8, 0x34, 0xa0, 0x76, 0xb4, 0x35, 0xa4, 0x76, 0x79, 0x36, 0xa8, 0x76, 0x65, 0x17,
    0x9e, 0x78, 0xaf, 0x36, 0xa2, 0x78, 0x9b, 0x37, 0xa6, 0x78, 0x61, 0x08, 0x88, 0x76, 0x25, 0x00,
    0x80, 0x78, 0x0c, 0x30, 0x84, 0x78, 0xad, 0x30, 0x88, 0x78, 0x4e, 0x31, 0x8c, 0x78, 0x15, 0x02,
    0x7e, 0x7a, 0xe5, 0x30, 0x82, 0x7a, 0xac, 0x31, 0x86, 0x7a, 0x4d, 0x32, 0x8a, 0x7a, 0xee, 0x32,
    0x8e, 0x7a, 0x8e, 0x33, 0x82, 0x7c, 0x4e, 0x33, 0x86, 0x7c, 0xee, 0x33, 0x8a, 0x7c, 0xb5, 0x34,
    0x8e, 0x7c, 0x56, 0x35, 0x92, 0x7c, 0xf7, 0x35, 0x84, 0x7e, 0x74, 0x34, 0x88, 0x7e, 0x15, 0x35,
    0x8c, 0x7e, 0xb6, 0x35, 0x90, 0x7e, 0x57, 0x36, 0x94, 0x7e, 0x1e, 0x17, 0x88, 0x80, 0xdd, 0x36,
    0x8c, 0x80, 0x7e, 0x37, 0x8a, 0x82, 0xde, 0x07, 0x6c, 0x7e, 0xb6, 0x30, 0x70, 0x7e, 0x55, 0x31,
    0x66, 0x80, 0xce, 0x30, 0x6a, 0x80, 0x47, 0x31, 0x6e, 0x80, 0xe5, 0x31, 0x72, 0x80, 0x84, 0x32,
    0x76, 0x80, 0x23, 0x03, 0x64, 0x82, 0x5e, 0x31, 0x68, 0x82, 0xfd, 0x31, 0x6c, 0x82, 0x76, 0x32,
    0x70, 0x82, 0x15, 0x33, 0x74, 0x82, 0xb4, 0x33, 0x78, 0x82, 0x53, 0x14, 0x66, 0x84, 0x8e, 0x32,
    0x6a, 0x84, 0x2d, 0x33, 0x6e, 0x84, 0xa6, 0x33, 0x72, 0x84, 0x45, 0x34, 0x76, 0x84, 0xe4, 0x34,
    0x7a, 0x84, 0x83, 0x15, 0x68, 0x86, 0xbe, 0x33, 0x6c, 0x86, 0x5d, 0x34, 0x70, 0x86, 0xd6, 0x34,
    0x74, 0x86, 0x75, 0x35, 0x78, 0x86, 0x14, 0x36, 0x7c, 0x86, 0xb2, 0x26, 0x6a, 0x88, 0xee, 0x34,
    0x6e, 0x88, 0x8d, 0x35, 0x72, 0x88, 0x05, 0x36, 0x76, 0x88, 0xa4, 0x36, 0x7a, 0x88, 0x43, 0x37,
    0x6c, 0x8a, 0x1d, 0x36, 0x70, 0x8a, 0xbc, 0x36, 0x74, 0x8a, 0x35, 0x37, 0x78, 0x8a, 0xd4, 0x07,
    0x6e, 0x8c, 0x4d, 0x37, 0x72, 0x8c, 0xec, 0x17, 0x4e, 0x88, 0x41, 0x30, 0x52, 0x88, 0xba, 0x30,
    0x48, 0x8a, 0x11, 0x30, 0x4c, 0x8a, 0xaf, 0x30, 0x50, 0x8a, 0x4d, 0x31, 0x54, 0x8a, 0xeb, 0x31,
    0x42, 0x8c, 0x06, 0x30, 0x46, 0x8c, 0xa4, 0x30, 0x4a, 0x8c, 0x42, 0x31, 0x4e, 0x8c, 0xe0, 0x31,
    0x52, 0x8c, 0x58, 0x32, 0x56, 0x8c, 0xf6, 0x32, 0x40, 0x8e, 0x99, 0x30, 0x44, 0x8e, 0x11, 0x31,
    0x48, 0x8e, 0xaf, 0x31, 0x4c, 0x8e, 0x4d, 0x32, 0x50, 0x8e, 0xeb, 0x32, 0x54, 0x8e, 0x89, 0x33,
    0x58, 0x8e, 0x01, 0x34, 0x42, 0x90, 0x1a, 0x32, 0x46, 0x90, 0xb8, 0x32, 0x4a, 0x90, 0x30, 0x33,
    0x4e, 0x90, 0xce, 0x33, 0x52, 0x90, 0x6d, 0x34, 0x56, 0x90, 0x0b, 0x35, 0x5a, 0x90, 0xa9, 0x35,
    0x44, 0x92, 0x25, 0x33, 0x48, 0x92, 0xc3, 0x33, 0x4c, 0x92, 0x62, 0x34, 0x50, 0x92, 0x00, 0x35,
    0x54, 0x92, 0x78, 0x35, 0x58, 0x92, 0x16, 0x36, 0x5c, 0x92, 0xb4, 0x36, 0x44, 0x94, 0x91, 0x33,
    0x48, 0x94, 0x2f, 0x34, 0x4c, 0x94, 0xa7, 0x34, 0x50, 0x94, 0x45, 0x35, 0x54, 0x94, 0xe3, 0x35,
    0x58, 0x94, 0x81, 0x36, 0x5c, 0x94, 0x1f, 0x17, 0x46, 0x96, 0x13, 0x35, 0x4a, 0x96, 0xb1, 0x35,
    0x4e, 0x96, 0x4f, 0x36, 0x52, 0x96, 0xc7, 0x36, 0x56, 0x96, 0x65, 0x37, 0x46, 0x98, 0x58, 0x35,
    0x4a, 0x98, 0xf6, 0x35, 0x4e, 0x98, 0x94, 0x36, 0x52, 0x98, 0x32, 0x27, 0x48, 0x9a, 0x89, 0x36,
    0x4c, 0x9a, 0x27, 0x37, 0x4a, 0x9c, 0x0b, 0x18, 0x9a, 0x64, 0xde, 0x07, 0x94, 0x66, 0xf7, 0x37,
    0x98, 0x66, 0xbe, 0x36, 0x9c, 0x66, 0xab, 0x35, 0x94, 0x68, 0x60, 0x36, 0x98, 0x68, 0x27, 0x35,
    0x9c, 0x68, 0x15, 0x34, 0xa0, 0x68, 0xdc, 0x32, 0xa4, 0x68, 0xa3, 0x01, 0x9a, 0x6a, 0x0a, 0x32,
    0x9e, 0x6a, 0xf7, 0x30, 0x9e, 0x6c, 0x25, 0x00, 0x8a, 0x68, 0xde, 0x07, 0x84, 0x6a, 0xa8, 0x37,
    0x88, 0x6a, 0xbb, 0x36, 0x8c, 0x6a, 0xcf, 0x25, 0x82, 0x6c, 0x85, 0x36, 0x86, 0x6c, 0x99, 0x35,
    0x8a, 0x6c, 0xac, 0x34, 0x8e, 0x6c, 0xc0, 0x33, 0x92, 0x6c, 0xd3, 0x02, 0x86, 0x6e, 0x00, 0x34,
    0x8a, 0x6e, 0x13, 0x33, 0x8e, 0x6e, 0x27, 0x32, 0x92, 0x6e, 0x3b, 0x31, 0x96, 0x6e, 0x4e, 0x10,
    0x8a, 0x70, 0x7b, 0x31, 0x8e, 0x70, 0x8e, 0x10, 0x6c, 0x70, 0xec, 0x39, 0x70, 0x70, 0xda, 0x38,
    0x74, 0x70, 0xa3, 0x37, 0x78, 0x70, 0x91, 0x36, 0x7c, 0x70, 0x7f, 0x05, 0x70, 0x72, 0x56, 0x36,
    0x74, 0x72, 0x44, 0x35, 0x78, 0x72, 0x0c, 0x34, 0x7c, 0x72, 0xfb, 0x32, 0x80, 0x72, 0xe9, 0x01,
    0x72, 0x74, 0x08, 0x35, 0x76, 0x74, 0xf7, 0x33, 0x7a, 0x74, 0xbf, 0x32, 0x7e, 0x74, 0xae, 0x31,
    0x82, 0x74, 0x9c, 0x20, 0x76, 0x76, 0x72, 0x31, 0x7a, 0x76, 0x60, 0x30, 0x78, 0x78, 0x25, 0x00,
    0x62, 0x73, 0xde, 0x07, 0x5c, 0x75, 0x04, 0x37, 0x60, 0x75, 0xf4, 0x35, 0x64, 0x75, 0x0b, 0x25,
    0x54, 0x77, 0x60, 0x37, 0x58, 0x77, 0x51, 0x36, 0x5c, 0x77, 0x67, 0x35, 0x60, 0x77, 0x58, 0x34,
    0x64, 0x77, 0x6e, 0x33, 0x68, 0x77, 0x5f, 0x22, 0x56, 0x79, 0xeb, 0x35, 0x5a, 0x79, 0x01, 0x35,
    0x5e, 0x79, 0xf2, 0x33, 0x62, 0x79, 0x08, 0x33, 0x66, 0x79, 0xf9, 0x31, 0x6a, 0x79, 0x10, 0x31,
    0x6e, 0x79, 0x00, 0x00, 0x5a, 0x7b, 0xa3, 0x32, 0x5e, 0x7b, 0x93, 0x31, 0x62, 0x7b, 0xaa, 0x30,
    0x5c, 0x7d, 0x2e, 0x31, 0x60, 0x7d, 0x44, 0x00, 0x48, 0x79, 0xde, 0x07, 0x42, 0x7b, 0x4d, 0x37,
    0x46, 0x7b, 0x63, 0x36, 0x4a, 0x7b, 0x7a, 0x05, 0x3a, 0x7d, 0xcc, 0x37, 0x3e, 0x7d, 0xe3, 0x36,
    0x42, 0x7d, 0xf9, 0x35, 0x46, 0x7d, 0x10, 0x35, 0x4a, 0x7d, 0x27, 0x24, 0x36, 0x7f, 0xfe, 0x37,
    0x3a, 0x7f, 0x14, 0x37, 0x3e, 0x7f, 0x2b, 0x36, 0x42, 0x7f, 0x42, 0x35, 0x46, 0x7f, 0x7f, 0x34,
    0x4a, 0x7f, 0x95, 0x33, 0x4e, 0x7f, 0xac, 0x02, 0x38, 0x81, 0x9a, 0x35, 0x3c, 0x81, 0xb0, 0x34,
    0x40, 0x81, 0xc7, 0x33, 0x44, 0x81, 0xde, 0x32, 0x48, 0x81, 0xf5, 0x31, 0x4c, 0x81, 0x0b, 0x31,
    0x50, 0x81, 0x48, 0x00, 0x3a, 0x83, 0xd2, 0x33, 0x3e, 0x83, 0xe8, 0x32, 0x42, 0x83, 0xff, 0x31,
    0x46, 0x83, 0x16, 0x31, 0x4a, 0x83, 0x53, 0x30, 0x3a, 0x85, 0x40, 0x33, 0x3e, 0x85, 0x57, 0x32,
    0x42, 0x85, 0x6e, 0x31, 0x46, 0x85, 0x85, 0x20, 0x3c, 0x87, 0xb6, 0x30, 0x3c, 0x89, 0x25, 0x00,
    0xb0, 0x6b, 0x25, 0x00, 0xaa, 0x6d, 0x34, 0x30, 0xae, 0x6d, 0xfb, 0x30, 0xb2, 0x6d, 0xc2, 0x21,
    0xa8, 0x6f, 0x0a, 0x31, 0xac, 0x6f, 0xd1, 0x31, 0xb0, 0x6f, 0x99, 0x32, 0xb4, 0x6f, 0x60, 0x33,
    0xb8, 0x6f, 0x27, 0x14, 0xac, 0x71, 0xf8, 0x32, 0xb0, 0x71, 0xbf, 0x33, 0xb4, 0x71, 0x87, 0x34,
    0xb8, 0x71, 0x4e, 0x35, 0xbc, 0x71, 0x15, 0x26, 0xb0, 0x73, 0xe6, 0x34, 0xb4, 0x73, 0xad, 0x35,
    0xb8, 0x73, 0x75, 0x36, 0xbc, 0x73, 0x3c, 0x27, 0xb4, 0x75, 0xd4, 0x36, 0xb8, 0x75, 0x9b, 0x07,
    0x9e, 0x70, 0x25, 0x00, 0x96, 0x72, 0x34, 0x30, 0x9a, 0x72, 0xd3, 0x30, 0x9e, 0x72, 0x99, 0x31,
    0xa2, 0x72, 0x5e, 0x02, 0x94, 0x74, 0x58, 0x31, 0x98, 0x74, 0xf7, 0x31, 0x9c, 0x74, 0xbd, 0x32,
    0xa0, 0x74, 0x82, 0x33, 0xa4, 0x74, 0x22, 0x24, 0x98, 0x76, 0x6b, 0x33, 0x9c, 0x76, 0x31, 0x34,
    0xa0, 0x76, 0xf6, 0x34, 0xa4, 0x76, 0x96, 0x35, 0xa8, 0x76, 0x5c, 0x26, 0x9c, 0x78, 0xa5, 0x35,
    0xa0, 0x78, 0x6a, 0x36, 0xa4, 0x78, 0x0a, 0x37, 0xa8, 0x78, 0xcf, 0x37, 0xac, 0x78, 0x95, 0x28,
    0xa0, 0x7a, 0xde, 0x07, 0x88, 0x76, 0x25, 0x00, 0x7c, 0x78, 0x7c, 0x30, 0x80, 0x78, 0xf7, 0x30,
    0x84, 0x78, 0x4d, 0x31, 0x88, 0x78, 0xc9, 0x31, 0x8c, 0x78, 0x45, 0x02, 0x7e, 0x7a, 0xa4, 0x31,
    0x82, 0x7a, 0x20, 0x32, 0x86, 0x7a, 0x9b, 0x32, 0x8a, 0x7a, 0xf1, 0x32, 0x8e, 0x7a, 0x6d, 0x23,
    0x80, 0x7c, 0x45, 0x33, 0x84, 0x7c, 0x9b, 0x33, 0x88, 0x7c, 0x17, 0x34, 0x8c, 0x7c, 0x93, 0x34,
    0x90, 0x7c, 0x0e, 0x35, 0x94, 0x7c, 0x8a, 0x05, 0x82, 0x7e, 0xc1, 0x34, 0x86, 0x7e, 0x3d, 0x35,
    0x8a, 0x7e, 0xb8, 0x35, 0x8e, 0x7e, 0x0e, 0x36, 0x92, 0x7e, 0x8a, 0x16, 0x84, 0x80, 0x62, 0x36,
    0x88, 0x80, 0xb8, 0x36, 0x8c, 0x80, 0x34, 0x07, 0x86, 0x82, 0xde, 0x07, 0x70, 0x7b, 0x25, 0x00,
    0x6a, 0x7d, 0xb5, 0x30, 0x6e, 0x7d, 0x54, 0x31, 0x72, 0x7d, 0xf3, 0x01, 0x62, 0x7f, 0x08, 0x30,
    0x66, 0x7f, 0xa7, 0x30, 0x6a, 0x7f, 0x45, 0x31, 0x6e, 0x7f, 0xe4, 0x31, 0x72, 0x7f, 0x83, 0x22,
    0x60, 0x81, 0x5d, 0x31, 0x64, 0x81, 0xfc, 0x31, 0x68, 0x81, 0x9a, 0x32, 0x6c, 0x81, 0x39, 0x33,
    0x70, 0x81, 0xd8, 0x33, 0x74, 0x81, 0x50, 0x24, 0x62, 0x83, 0xb4, 0x32, 0x66, 0x83, 0x52, 0x33,
    0x6a, 0x83, 0xf1, 0x33, 0x6e, 0x83, 0x90, 0x34, 0x72, 0x83, 0x2e, 0x35, 0x76, 0x83, 0xcd, 0x25,
    0x64, 0x85, 0x0a, 0x34, 0x68, 0x85, 0xa9, 0x34, 0x6c, 0x85, 0x47, 0x35, 0x70, 0x85, 0xe6, 0x35,
    0x74, 0x85, 0x85, 0x36, 0x78, 0x85, 0x23, 0x27, 0x64, 0x87, 0x9a, 0x34, 0x68, 0x87, 0x39, 0x35,
    0x6c, 0x87, 0xd8, 0x35, 0x70, 0x87, 0x76, 0x36, 0x74, 0x87, 0x15, 0x37, 0x78, 0x87, 0xb4, 0x37,
    0x7c, 0x87, 0x52, 0x08, 0x66, 0x89, 0xf1, 0x35, 0x6a, 0x89, 0x90, 0x36, 0x6e, 0x89, 0x2e, 0x37,
    0x72, 0x89, 0xcd, 0x27, 0x68, 0x8b, 0x47, 0x37, 0x6c, 0x8b, 0xe6, 0x07, 0x50, 0x83, 0x25, 0x00,
    0x48, 0x85, 0x17, 0x30, 0x4c, 0x85, 0x8f, 0x30, 0x50, 0x85, 0x08, 0x11, 0x40, 0x87, 0x2f, 0x30,
    0x44, 0x87, 0x81, 0x30, 0x48, 0x87, 0xfa, 0x30, 0x4c, 0x87, 0x72, 0x31, 0x50, 0x87, 0xeb, 0x21,
    0x3c, 0x89, 0x99, 0x30, 0x40, 0x89, 0xec, 0x30, 0x44, 0x89, 0x64, 0x31, 0x48, 0x89, 0xdd, 0x31,
    0x4c, 0x89, 0x55, 0x32, 0x50, 0x89, 0xa8, 0x32, 0x3c, 0x8b, 0x56, 0x31, 0x40, 0x8b, 0xcf, 0x31,
    0x44, 0x8b, 0x47, 0x32, 0x48, 0x8b, 0xc0, 0x32, 0x4c, 0x8b, 0x13, 0x33, 0x50, 0x8b, 0x8b, 0x33,
    0x54, 0x8b, 0x04, 0x14, 0x3e, 0x8d, 0xd9, 0x32, 0x42, 0x8d, 0x2c, 0x33, 0x46, 0x8d, 0xa5, 0x33,
    0x4a, 0x8d, 0x1d, 0x34, 0x4e, 0x8d, 0x96, 0x34, 0x52, 0x8d, 0x0e, 0x35, 0x56, 0x8d, 0x61, 0x05,
    0x3e, 0x8f, 0x46, 0x33, 0x42, 0x8f, 0xbe, 0x33, 0x46, 0x8f, 0x37, 0x34, 0x4a, 0x8f, 0xaf, 0x34,
    0x4e, 0x8f, 0x02, 0x35, 0x52, 0x8f, 0x7a, 0x35, 0x56, 0x8f, 0xf3, 0x15, 0x3e, 0x91, 0x29, 0x34,
    0x42, 0x91, 0xa1, 0x34, 0x46, 0x91, 0x1a, 0x35, 0x4a, 0x91, 0x92, 0x35, 0x4e, 0x91, 0xe5, 0x35,
    0x52, 0x91, 0x5e, 0x36, 0x56, 0x91, 0xd6, 0x36, 0x40, 0x93, 0xac, 0x35, 0x44, 0x93, 0xfe, 0x35,
    0x48, 0x93, 0x77, 0x36, 0x4c, 0x93, 0xf0, 0x36, 0x50, 0x93, 0x68, 0x27, 0x40, 0x95, 0x69, 0x36,
    0x44, 0x95, 0xe2, 0x36, 0x48, 0x95, 0x5a, 0x37, 0x4c, 0x95, 0xd3, 0x07, 0x40, 0x97, 0xfb, 0x36,
    0x44, 0x97, 0x74, 0x27, 0x40, 0x99, 0xde, 0x07, 0x9a, 0x66, 0xbd, 0x36, 0x9e, 0x66, 0xab, 0x35,
    0xa2, 0x66, 0x72, 0x24, 0x98, 0x68, 0x60, 0x36, 0x9c, 0x68, 0x4e, 0x35, 0xa0, 0x68, 0x16, 0x34,
    0xa4, 0x68, 0x03, 0x33, 0xa8, 0x68, 0xf1, 0x11, 0x9e, 0x6a, 0x30, 0x32, 0xa2, 0x6a, 0x1e, 0x31,
    0xa2, 0x6c, 0x25, 0x00, 0x86, 0x6a, 0xa8, 0x37, 0x8a, 0x6a, 0xbc, 0x36, 0x8e, 0x6a, 0xf6, 0x35,
    0x84, 0x6c, 0x5e, 0x36, 0x88, 0x6c, 0x72, 0x35, 0x8c, 0x6c, 0xac, 0x34, 0x90, 0x6c, 0xc1, 0x33,
    0x94, 0x6c, 0xfb, 0x12, 0x88, 0x6e, 0xb2, 0x33, 0x8c, 0x6e, 0xed, 0x32, 0x90, 0x6e, 0x27, 0x32,
    0x94, 0x6e, 0x3b, 0x31, 0x98, 0x6e, 0x76, 0x20, 0x8c, 0x70, 0x2d, 0x31, 0x90, 0x70, 0x67, 0x10,
    0x72, 0x6e, 0x8e, 0x38, 0x76, 0x6e, 0xa1, 0x37, 0x7a, 0x6e, 0x8f, 0x36, 0x70, 0x70, 0xc9, 0x36,
    0x74, 0x70, 0xb7, 0x35, 0x78, 0x70, 0xa4, 0x34, 0x7c, 0x70, 0xb8, 0x33, 0x80, 0x70, 0xa6, 0x02,
    0x72, 0x72, 0x90, 0x34, 0x76, 0x72, 0xa4, 0x33, 0x7a, 0x72, 0x92, 0x32, 0x7e, 0x72, 0x7f, 0x31,
    0x82, 0x72, 0x93, 0x00, 0x74, 0x74, 0x41, 0x33, 0x78, 0x74, 0x55, 0x32, 0x7c, 0x74, 0x43, 0x31,
    0x80, 0x74, 0x31, 0x00, 0x76, 0x76, 0x2e, 0x31, 0x7a, 0x76, 0x1c, 0x00, 0x64, 0x72, 0xde, 0x07,
    0x54, 0x74, 0x77, 0x39, 0x58, 0x74, 0x8d, 0x38, 0x5c, 0x74, 0xc9, 0x37, 0x60, 0x74, 0xdf, 0x36,
    0x64, 0x74, 0xf5, 0x35, 0x56, 0x76, 0x19, 0x37, 0x5a, 0x76, 0x2f, 0x36, 0x5e, 0x76, 0x45, 0x35,
    0x62, 0x76, 0x5a, 0x34, 0x66, 0x76, 0x96, 0x33, 0x6a, 0x76, 0xac, 0x02, 0x58, 0x78, 0xba, 0x34,
    0x5c, 0x78, 0xd0, 0x33, 0x60, 0x78, 0xe6, 0x32, 0x64, 0x78, 0xfc, 0x31, 0x68, 0x78, 0x12, 0x31,
    0x6c, 0x78, 0x4e, 0x10, 0x5a, 0x7a, 0x5c, 0x32, 0x5e, 0x7a, 0x72, 0x31, 0x62, 0x7a, 0x88, 0x20,
    0x48, 0x77, 0xde, 0x07, 0x3c, 0x79, 0x8a, 0x38, 0x40, 0x79, 0xec, 0x37, 0x44, 0x79, 0x28, 0x37,
    0x48, 0x79, 0x64, 0x16, 0x36, 0x7b, 0x23, 0x38, 0x3a, 0x7b, 0x85, 0x37, 0x3e, 0x7b, 0xc1, 0x36,
    0x42, 0x7b, 0xfd, 0x35, 0x46, 0x7b, 0x39, 0x35, 0x4a, 0x7b, 0x75, 0x04, 0x38, 0x7d, 0xbe, 0x35,
    0x3c, 0x7d, 0xfa, 0x34, 0x40, 0x7d, 0x5c, 0x34, 0x44, 0x7d, 0x98, 0x33, 0x48, 0x7d, 0xd4, 0x32,
    0x38, 0x7f, 0x44, 0x34, 0x3c, 0x7f, 0x80, 0x33, 0x40, 0x7f, 0xbc, 0x32, 0x44, 0x7f, 0x1e, 0x32,
    0x48, 0x7f, 0x5a, 0x31, 0x4c, 0x7f, 0x95, 0x10, 0x38, 0x81, 0x66, 0x33, 0x3c, 0x81, 0xa2, 0x32,
    0x40, 0x81, 0xde, 0x31, 0x44, 0x81, 0x1a, 0x31, 0x48, 0x81, 0x56, 0x10, 0x3a, 0x83, 0xdb, 0x30,
    0x3e, 0x83, 0x3d, 0x30, 0xb2, 0x6d, 0x25, 0x00, 0xa8, 0x6f, 0xa2, 0x30, 0xac, 0x6f, 0x1e, 0x31,
    0xb0, 0x6f, 0xc0, 0x31, 0xb4, 0x6f, 0x3b, 0x22, 0xac, 0x71, 0x90, 0x32, 0xb0, 0x71, 0x0c, 0x33,
    0xb4, 0x71, 0xae, 0x33, 0xb8, 0x71, 0x29, 0x34, 0xb0, 0x73, 0x7e, 0x34, 0xb4, 0x73, 0x20, 0x35,
    0xb8, 0x73, 0x9c, 0x35, 0xbc, 0x73, 0x3d, 0x36, 0xc0, 0x73, 0xb9, 0x06, 0xb4, 0x75, 0x6c, 0x36,
    0xb8, 0x75, 0x0e, 0x37, 0xbc, 0x75, 0x8a, 0x37, 0x92, 0x74, 0x7a, 0x30, 0x96, 0x74, 0xf5, 0x30,
    0x9a, 0x74, 0x6f, 0x31, 0x9e, 0x74, 0xe9, 0x31, 0xa2, 0x74, 0x64, 0x22, 0x96, 0x76, 0x69, 0x32,
    0x9a, 0x76, 0xe3, 0x32, 0x9e, 0x76, 0x5e, 0x33, 0xa2, 0x76, 0xd8, 0x33, 0xa6, 0x76, 0x52, 0x34,
    0x9a, 0x78, 0x7d, 0x34, 0x9e, 0x78, 0xf8, 0x34, 0xa2, 0x78, 0x72, 0x35, 0xa6, 0x78, 0xec, 0x35,
    0xaa, 0x78, 0x67, 0x36, 0xae, 0x78, 0xe1, 0x06, 0x9e, 0x7a, 0x6c, 0x36, 0xa2, 0x7a, 0xe6, 0x36,
    0xa6, 0x7a, 0x61, 0x17, 0xa0, 0x7c, 0xde, 0x07, 0x88, 0x77, 0x25, 0x00, 0x7a, 0x79, 0x00, 0x30,
    0x7e, 0x79, 0x55, 0x30, 0x82, 0x79, 0xd1, 0x30, 0x86, 0x79, 0x26, 0x31, 0x8a, 0x79, 0xa1, 0x11,
    0x7c, 0x7b, 0x7c, 0x31, 0x80, 0x7b, 0xd1, 0x31, 0x84, 0x7b, 0x27, 0x32, 0x88, 0x7b, 0xa2, 0x32,
    0x8c, 0x7b, 0xf7, 0x22, 0x7e, 0x7d, 0xd2, 0x32, 0x82, 0x7d, 0x4d, 0x33, 0x86, 0x7d, 0xa3, 0x33,
    0x8a, 0x7d, 0xf8, 0x33, 0x8e, 0x7d, 0x73, 0x34, 0x80, 0x7f, 0x4e, 0x34, 0x84, 0x7f, 0xa3, 0x34,
    0x88, 0x7f, 0x1f, 0x35, 0x8c, 0x7f, 0x74, 0x35, 0x90, 0x7f, 0xef, 0x35, 0x94, 0x7f, 0x44, 0x16,
    0x82, 0x81, 0xca, 0x35, 0x86, 0x81, 0x1f, 0x36, 0x8a, 0x81, 0x75, 0x36, 0x8e, 0x81, 0xf0, 0x06,
    0x84, 0x83, 0x20, 0x37, 0x88, 0x83, 0x9b, 0x07, 0x6e, 0x7b, 0x25, 0x00, 0x68, 0x7d, 0xb5, 0x30,
    0x6c, 0x7d, 0x54, 0x31, 0x70, 0x7d, 0xf3, 0x01, 0x60, 0x7f, 0x08, 0x30, 0x64, 0x7f, 0xa7, 0x30,
    0x68, 0x7f, 0x46, 0x31, 0x6c, 0x7f, 0x0a, 0x32, 0x70, 0x7f, 0xa9, 0x22, 0x5e, 0x81, 0x5d, 0x31,
    0x62, 0x81, 0xfc, 0x31, 0x66, 0x81, 0x9b, 0x32, 0x6a, 0x81, 0x3a, 0x33, 0x6e, 0x81, 0xd8, 0x33,
    0x72, 0x81, 0x77, 0x24, 0x60, 0x83, 0xb4, 0x32, 0x64, 0x83, 0x53, 0x33, 0x68, 0x83, 0xf2, 0x33,
    0x6c, 0x83, 0x90, 0x34, 0x70, 0x83, 0x2f, 0x35, 0x74, 0x83, 0xce, 0x25, 0x60, 0x85, 0x44, 0x33,
    0x64, 0x85, 0xe3, 0x33, 0x68, 0x85, 0x82, 0x34, 0x6c, 0x85, 0x21, 0x35, 0x70, 0x85, 0xc0, 0x35,
    0x74, 0x85, 0x84, 0x36, 0x78, 0x85, 0x23, 0x07, 0x62, 0x87, 0xc1, 0x34, 0x66, 0x87, 0x60, 0x35,
    0x6a, 0x87, 0xff, 0x35, 0x6e, 0x87, 0x9e, 0x36, 0x72, 0x87, 0x3c, 0x37, 0x76, 0x87, 0xdb, 0x37,
    0x7a, 0x87, 0x7a, 0x08, 0x64, 0x89, 0x8f, 0x36, 0x68, 0x89, 0x2e, 0x37, 0x6c, 0x89, 0xcd, 0x37,
    0x70, 0x89, 0x6c, 0x18, 0x66, 0x8b, 0xe6, 0x37, 0x4e, 0x82, 0x25, 0x00, 0x48, 0x84, 0xb7, 0x30,
    0x4c, 0x84, 0x30, 0x21, 0x40, 0x86, 0x33, 0x30, 0x44, 0x86, 0xac, 0x30, 0x48, 0x86, 0x24, 0x31,
    0x4c, 0x86, 0xc2, 0x31, 0x38, 0x88, 0x00, 0x30, 0x3c, 0x88, 0x78, 0x30, 0x40, 0x88, 0x17, 0x31,
    0x44, 0x88, 0x8f, 0x31, 0x48, 0x88, 0x07, 0x32, 0x4c, 0x88, 0xa6, 0x32, 0x50, 0x88, 0x1e, 0x03,
    0x3a, 0x8a, 0x83, 0x31, 0x3e, 0x8a, 0x21, 0x32, 0x42, 0x8a, 0x9a, 0x32, 0x46, 0x8a, 0x38, 0x33,
    0x4a, 0x8a, 0xb0, 0x33, 0x4e, 0x8a, 0x29, 0x34, 0x3a, 0x8c, 0x8c, 0x32, 0x3e, 0x8c, 0x05, 0x33,
    0x42, 0x8c, 0x7d, 0x33, 0x46, 0x8c, 0x1b, 0x34, 0x4a, 0x8c, 0x94, 0x34, 0x4e, 0x8c, 0x0c, 0x35,
    0x52, 0x8c, 0xaa, 0x05, 0x3a, 0x8e, 0xf9, 0x32, 0x3e, 0x8e, 0x97, 0x33, 0x42, 0x8e, 0x0f, 0x34,
    0x46, 0x8e, 0x88, 0x34, 0x4a, 0x8e, 0x26, 0x35, 0x4e, 0x8e, 0x9e, 0x35, 0x52, 0x8e, 0x3d, 0x16,
    0x3a, 0x90, 0xdc, 0x33, 0x3e, 0x90, 0x7a, 0x34, 0x42, 0x90, 0xf3, 0x34, 0x46, 0x90, 0x91, 0x35,
    0x4a, 0x90, 0x09, 0x36, 0x4e, 0x90, 0x82, 0x36, 0x52, 0x90, 0x20, 0x27, 0x3c, 0x92, 0x85, 0x35,
    0x40, 0x92, 0xfd, 0x35, 0x44, 0x92, 0x9c, 0x36, 0x48, 0x92, 0x14, 0x37, 0x4c, 0x92, 0x8c, 0x37,
    0x50, 0x92, 0x2b, 0x18, 0x3c, 0x94, 0x68, 0x36, 0x40, 0x94, 0xe1, 0x36, 0x44, 0x94, 0x7f, 0x37,
    0x48, 0x94, 0xf7, 0x27, 0x3c, 0x96, 0xfb, 0x36, 0x40, 0x96, 0x73, 0x37, 0x3c, 0x98, 0xde, 0x07,
    0xa2, 0x65, 0xde, 0x07, 0x9c, 0x67, 0xe3, 0x36, 0xa0, 0x67, 0xf7, 0x35, 0xa4, 0x67, 0x0a, 0x25,
    0x9a, 0x69, 0xc0, 0x35, 0x9e, 0x69, 0xd4, 0x34, 0xa2, 0x69, 0xc1, 0x33, 0xa6, 0x69, 0xd4, 0x32,
    0xaa, 0x69, 0xe7, 0x01, 0x9e, 0x6b, 0x14, 0x33, 0xa2, 0x6b, 0x28, 0x32, 0xa6, 0x6b, 0x3b, 0x31,
    0xaa, 0x6b, 0x4e, 0x30, 0xa2, 0x6d, 0x8e, 0x30, 0x84, 0x6b, 0xcf, 0x37, 0x88, 0x6b, 0xe4, 0x36,
    0x8c, 0x6b, 0x1e, 0x36, 0x90, 0x6b, 0x32, 0x35, 0x88, 0x6d, 0x23, 0x35, 0x8c, 0x6d, 0x5e, 0x34,
    0x90, 0x6d, 0x72, 0x33, 0x94, 0x6d, 0xac, 0x32, 0x8a, 0x6f, 0xb1, 0x33, 0x8e, 0x6f, 0xc5, 0x32,
    0x92, 0x6f, 0x00, 0x32, 0x96, 0x6f, 0x14, 0x31, 0x9a, 0x6f, 0x28, 0x10, 0x8e, 0x71, 0x67, 0x30,
    0x7c, 0x6d, 0xde, 0x07, 0x74, 0x6f, 0x30, 0x37, 0x78, 0x6f, 0x43, 0x36, 0x7c, 0x6f, 0x7c, 0x25,
    0x70, 0x71, 0xf9, 0x36, 0x74, 0x71, 0x0c, 0x36, 0x78, 0x71, 0x45, 0x35, 0x7c, 0x71, 0x58, 0x34,
    0x80, 0x71, 0x91, 0x03, 0x72, 0x73, 0xc0, 0x34, 0x76, 0x73, 0xd3, 0x33, 0x7a, 0x73, 0x0c, 0x33,
    0x7e, 0x73, 0x1f, 0x32, 0x82, 0x73, 0x58, 0x01, 0x76, 0x75, 0x71, 0x31, 0x7a, 0x75, 0xaa, 0x30,
    0x64, 0x72, 0xde, 0x07, 0x54, 0x74, 0x96, 0x38, 0x58, 0x74, 0xf7, 0x37, 0x5c, 0x74, 0x58, 0x37,
    0x60, 0x74, 0xb9, 0x36, 0x64, 0x74, 0xf4, 0x25, 0x56, 0x76, 0x5c, 0x36, 0x5a, 0x76, 0xbd, 0x35,
    0x5e, 0x76, 0x1e, 0x35, 0x62, 0x76, 0x7f, 0x34, 0x66, 0x76, 0xba, 0x23, 0x58, 0x78, 0xab, 0x33,
    0x5c, 0x78, 0x0c, 0x33, 0x60, 0x78, 0x6e, 0x32, 0x64, 0x78, 0xcf, 0x31, 0x68, 0x78, 0x0a, 0x21,
    0x5a, 0x7a, 0x98, 0x31, 0x5e, 0x7a, 0xd3, 0x30, 0x62, 0x7a, 0x34, 0x30, 0x5a, 0x7c, 0x25, 0x00,
    0x48, 0x77, 0xde, 0x07, 0x36, 0x79, 0x4d, 0x39, 0x3a, 0x79, 0x89, 0x38, 0x3e, 0x79, 0x9f, 0x37,
    0x42, 0x79, 0xdb, 0x36, 0x46, 0x79, 0xf0, 0x35, 0x36, 0x7b, 0x49, 0x38, 0x3a, 0x7b, 0x5f, 0x37,
    0x3e, 0x7b, 0x9b, 0x36, 0x42, 0x7b, 0xb1, 0x35, 0x46, 0x7b, 0xed, 0x34, 0x4a, 0x7b, 0x03, 0x04,
    0x38, 0x7d, 0x72, 0x35, 0x3c, 0x7d, 0xae, 0x34, 0x40, 0x7d, 0xc3, 0x33, 0x44, 0x7d, 0xff, 0x32,
    0x48, 0x7d, 0x15, 0x32, 0x38, 0x7f, 0xd2, 0x33, 0x3c, 0x7f, 0xe7, 0x32, 0x40, 0x7f, 0x23, 0x32,
    0x44, 0x7f, 0x39, 0x31, 0x48, 0x7f, 0x75, 0x30, 0x38, 0x81, 0xa8, 0x32, 0x3c, 0x81, 0xe4, 0x31,
    0x40, 0x81, 0xfa, 0x30, 0x44, 0x81, 0x36, 0x00, 0x38, 0x83, 0x08, 0x31, 0x3c, 0x83, 0x1e, 0x00,
    0xb4, 0x6d, 0x25, 0x00, 0xaa, 0x6f, 0x7c, 0x30, 0xae, 0x6f, 0x1f, 0x31, 0xb2, 0x6f, 0x9b, 0x31,
    0xb6, 0x6f, 0x17, 0x22, 0xae, 0x71, 0x6c, 0x32, 0xb2, 0x71, 0xe8, 0x32, 0xb6, 0x71, 0x65, 0x33,
    0xba, 0x71, 0xe1, 0x23, 0xb0, 0x73, 0x91, 0x33, 0xb4, 0x73, 0x0d, 0x34, 0xb8, 0x73, 0x89, 0x34,
    0xbc, 0x73, 0x2c, 0x35, 0xc0, 0x73, 0xa8, 0x05, 0xb4, 0x75, 0xd4, 0x35, 0xb8, 0x75, 0x51, 0x36,
    0xbc, 0x75, 0xcd, 0x36, 0xc0, 0x75, 0x49, 0x37, 0xc4, 0x75, 0xec, 0x17, 0xb8, 0x77, 0x9e, 0x37,
    0xbc, 0x77, 0x1a, 0x08, 0x92, 0x74, 0x00, 0x30, 0x96, 0x74, 0x7b, 0x30, 0x9a, 0x74, 0xf6, 0x30,
    0x9e, 0x74, 0x97, 0x31, 0xa2, 0x74, 0x12, 0x12, 0x96, 0x76, 0x15, 0x32, 0x9a, 0x76, 0x90, 0x32,
    0x9e, 0x76, 0x0b, 0x33, 0xa2, 0x76, 0x86, 0x33, 0xa6, 0x76, 0x01, 0x14, 0x9a, 0x78, 0x7d, 0x34,
    0x9e, 0x78, 0xf8, 0x34, 0xa2, 0x78, 0x73, 0x35, 0xa6, 0x78, 0xee, 0x35, 0xaa, 0x78, 0x69, 0x16,
    0x9e, 0x7a, 0x6c, 0x36, 0xa2, 0x7a, 0x0d, 0x37, 0xa6, 0x7a, 0x88, 0x37, 0xa0, 0x7c, 0xde, 0x07,
    0x88, 0x76, 0x25, 0x00, 0x7a, 0x78, 0x00, 0x30, 0x7e, 0x78, 0x55, 0x30, 0x82, 0x78, 0xd1, 0x30,
    0x86, 0x78, 0x26, 0x31, 0x8a, 0x78, 0xa2, 0x01, 0x7c, 0x7a, 0x7d, 0x31, 0x80, 0x7a, 0xd2, 0x31,
    0x84, 0x7a, 0x4e, 0x32, 0x88, 0x7a, 0xa3, 0x32, 0x8c, 0x7a, 0x1f, 0x13, 0x7e, 0x7c, 0xfa, 0x32,
    0x82, 0x7c, 0x4f, 0x33, 0x86, 0x7c, 0xcb, 0x33, 0x8a, 0x7c, 0x20, 0x34, 0x8e, 0x7c, 0x9c, 0x14,
    0x80, 0x7e, 0xa4, 0x34, 0x84, 0x7e, 0x1f, 0x35, 0x88, 0x7e, 0x75, 0x35, 0x8c, 0x7e, 0xf0, 0x35,
    0x90, 0x7e, 0x45, 0x26, 0x82, 0x80, 0x21, 0x36, 0x86, 0x80, 0x9c, 0x36, 0x8a, 0x80, 0xf1, 0x36,
    0x8e, 0x80, 0x6d, 0x17, 0x84, 0x82, 0x9d, 0x37, 0x6e, 0x7a, 0x25, 0x00, 0x66, 0x7c, 0x8c, 0x30,
    0x6a, 0x7c, 0x2b, 0x31, 0x6e, 0x7c, 0xa4, 0x11, 0x5c, 0x7e, 0x79, 0x30, 0x60, 0x7e, 0xf2, 0x30,
    0x64, 0x7e, 0x6b, 0x31, 0x68, 0x7e, 0xe4, 0x31, 0x6c, 0x7e, 0x5d, 0x32, 0x70, 0x7e, 0xd6, 0x02,
    0x5e, 0x80, 0xd1, 0x31, 0x62, 0x80, 0x4a, 0x32, 0x66, 0x80, 0xc3, 0x32, 0x6a, 0x80, 0x3c, 0x33,
    0x6e, 0x80, 0xb5, 0x33, 0x72, 0x80, 0x2e, 0x04, 0x5e, 0x82, 0x87, 0x32, 0x62, 0x82, 0x00, 0x33,
    0x66, 0x82, 0x79, 0x33, 0x6a, 0x82, 0xf2, 0x33, 0x6e, 0x82, 0x6b, 0x34, 0x72, 0x82, 0xe4, 0x14,
    0x60, 0x84, 0x30, 0x34, 0x64, 0x84, 0xa9, 0x34, 0x68, 0x84, 0x22, 0x35, 0x6c, 0x84, 0x9b, 0x35,
    0x70, 0x84, 0x14, 0x36, 0x74, 0x84, 0xb3, 0x06, 0x60, 0x86, 0xe7, 0x34, 0x64, 0x86, 0x60, 0x35,
    0x68, 0x86, 0xd9, 0x35, 0x6c, 0x86, 0x52, 0x36, 0x70, 0x86, 0xcb, 0x36, 0x74, 0x86, 0x6a, 0x27,
    0x62, 0x88, 0x90, 0x36, 0x66, 0x88, 0x09, 0x37, 0x6a, 0x88, 0x82, 0x37, 0x6e, 0x88, 0x21, 0x38,
    0x62, 0x8a, 0x47, 0x37, 0x66, 0x8a, 0xc0, 0x17, 0x4e, 0x81, 0x25, 0x00, 0x44, 0x83, 0x65, 0x30,
    0x48, 0x83, 0xb8, 0x30, 0x4c, 0x83, 0x30, 0x21, 0x38, 0x85, 0x00, 0x30, 0x3c, 0x85, 0x53, 0x30,
    0x40, 0x85, 0xa5, 0x30, 0x44, 0x85, 0x1e, 0x31, 0x48, 0x85, 0x71, 0x31, 0x4c, 0x85, 0xc3, 0x31,
    0x3a, 0x87, 0x5e, 0x31, 0x3e, 0x87, 0xb1, 0x31, 0x42, 0x87, 0x03, 0x32, 0x46, 0x87, 0x7c, 0x32,
    0x4a, 0x87, 0xcf, 0x32, 0x4e, 0x87, 0x21, 0x13, 0x3a, 0x89, 0x42, 0x32, 0x3e, 0x89, 0x95, 0x32,
    0x42, 0x89, 0x0d, 0x33, 0x46, 0x89, 0x60, 0x33, 0x4a, 0x89, 0xb2, 0x33, 0x4e, 0x89, 0x05, 0x24,
    0x3a, 0x8b, 0x26, 0x33, 0x3e, 0x8b, 0x9e, 0x33, 0x42, 0x8b, 0xf1, 0x33, 0x46, 0x8b, 0x44, 0x34,
    0x4a, 0x8b, 0x96, 0x34, 0x4e, 0x8b, 0xe9, 0x24, 0x3a, 0x8d, 0x0a, 0x34, 0x3e, 0x8d, 0x82, 0x34,
    0x42, 0x8d, 0xd5, 0x34, 0x46, 0x8d, 0x27, 0x35, 0x4a, 0x8d, 0x7a, 0x35, 0x4e, 0x8d, 0xf3, 0x35,
    0x3a, 0x8f, 0x13, 0x35, 0x3e, 0x8f, 0x66, 0x35, 0x42, 0x8f, 0xb9, 0x35, 0x46, 0x8f, 0x0b, 0x36,
    0x4a, 0x8f, 0x84, 0x36, 0x4e, 0x8f, 0xd7, 0x36, 0x52, 0x8f, 0x29, 0x07, 0x3a, 0x91, 0xf7, 0x35,
    0x3e, 0x91, 0x4a, 0x36, 0x42, 0x91, 0x9c, 0x36, 0x46, 0x91, 0xef, 0x36, 0x4a, 0x91, 0x68, 0x07,
    0x3a, 0x93, 0xdb, 0x36, 0x3e, 0x93, 0x2e, 0x37, 0x42, 0x93, 0x80, 0x17, 0x3a, 0x95, 0xbf, 0x27,
    0xa4, 0x65, 0xde, 0x07, 0x9a, 0x67, 0xd0, 0x37, 0x9e, 0x67, 0xe3, 0x36, 0xa2, 0x67, 0xf7, 0x35,
    0xa6, 0x67, 0x0a, 0x25, 0x9e, 0x69, 0x4a, 0x35, 0xa2, 0x69, 0x5d, 0x34, 0xa6, 0x69, 0x4b, 0x33,
    0xaa, 0x69, 0x5e, 0x22, 0xa0, 0x6b, 0xd9, 0x33, 0xa4, 0x6b, 0xec, 0x32, 0xa8, 0x6b, 0xd9, 0x31,
    0xac, 0x6b, 0xed, 0x30, 0xb0, 0x6b, 0x00, 0x00, 0xa4, 0x6d, 0x2d, 0x31, 0xa8, 0x6d, 0x40, 0x00,
    0x86, 0x6b, 0xcf, 0x37, 0x8a, 0x6b, 0xe3, 0x36, 0x8e, 0x6b, 0x1d, 0x36, 0x92, 0x6b, 0x31, 0x25,
    0x88, 0x6d, 0x37, 0x36, 0x8c, 0x6d, 0x4b, 0x35, 0x90, 0x6d, 0x85, 0x34, 0x94, 0x6d, 0x99, 0x33,
    0x98, 0x6d, 0xad, 0x02, 0x8c, 0x6f, 0xec, 0x32, 0x90, 0x6f, 0x00, 0x32, 0x94, 0x6f, 0x14, 0x31,
    0x98, 0x6f, 0x28, 0x30, 0x8e, 0x71, 0x53, 0x31, 0x92, 0x71, 0x67, 0x10, 0x74, 0x6e, 0xf6, 0x37,
    0x78, 0x6e, 0x2f, 0x37, 0x7c, 0x6e, 0x69, 0x36, 0x70, 0x70, 0xf9, 0x36, 0x74, 0x70, 0x58, 0x36,
    0x78, 0x70, 0x92, 0x35, 0x7c, 0x70, 0xcb, 0x34, 0x80, 0x70, 0x2a, 0x14, 0x72, 0x72, 0x0b, 0x35,
    0x76, 0x72, 0x44, 0x34, 0x7a, 0x72, 0xa4, 0x33, 0x7e, 0x72, 0xdd, 0x32, 0x82, 0x72, 0x16, 0x12,
    0x74, 0x74, 0x1d, 0x33, 0x78, 0x74, 0x56, 0x32, 0x7c, 0x74, 0xb6, 0x31, 0x80, 0x74, 0xef, 0x30,
    0x84, 0x74, 0x28, 0x10, 0x76, 0x76, 0x2f, 0x31, 0x7a, 0x76, 0x68, 0x10, 0x5c, 0x72, 0x08, 0x37,
    0x60, 0x72, 0x69, 0x36, 0x64, 0x72, 0xf0, 0x25, 0x56, 0x74, 0xa9, 0x36, 0x5a, 0x74, 0x0a, 0x36,
    0x5e, 0x74, 0x91, 0x35, 0x62, 0x74, 0xf2, 0x34, 0x66, 0x74, 0x52, 0x24, 0x58, 0x76, 0x43, 0x34,
    0x5c, 0x76, 0xa4, 0x33, 0x60, 0x76, 0x05, 0x33, 0x64, 0x76, 0x66, 0x32, 0x68, 0x76, 0xed, 0x21,
    0x5a, 0x78, 0x2f, 0x32, 0x5e, 0x78, 0xb6, 0x31, 0x62, 0x78, 0x17, 0x31, 0x66, 0x78, 0x77, 0x30,
    0x5a, 0x7a, 0x07, 0x31, 0x5e, 0x7a, 0x68, 0x20, 0x3e, 0x77, 0x7a, 0x37, 0x42, 0x77, 0xb6, 0x36,
    0x46, 0x77, 0x17, 0x36, 0x38, 0x79, 0xc7, 0x36, 0x3c, 0x79, 0x03, 0x36, 0x40, 0x79, 0x3e, 0x35,
    0x44, 0x79, 0xa0, 0x34, 0x48, 0x79, 0xdb, 0x23, 0x38, 0x7b, 0xdb, 0x34, 0x3c, 0x7b, 0x3c, 0x34,
    0x40, 0x7b, 0x78, 0x33, 0x44, 0x7b, 0xb3, 0x32, 0x48, 0x7b, 0x14, 0x32, 0x38, 0x7d, 0x14, 0x33,
    0x3c, 0x7d, 0x4f, 0x32, 0x40, 0x7d, 0xb1, 0x31, 0x44, 0x7d, 0xec, 0x30, 0x48, 0x7d, 0x28, 0x30,
    0x38, 0x7f, 0x4d, 0x31, 0x3c, 0x7f, 0x89, 0x30, 0xaa, 0x70, 0x00, 0x30, 0xae, 0x70, 0x7b, 0x30,
    0xb2, 0x70, 0xf5, 0x30, 0xb6, 0x70, 0x70, 0x31, 0xba, 0x70, 0xeb, 0x01, 0xae, 0x72, 0xee, 0x31,
    0xb2, 0x72, 0x69, 0x32, 0xb6, 0x72, 0xe3, 0x32, 0xba, 0x72, 0x84, 0x33, 0xbe, 0x72, 0xff, 0x03,
    0xb2, 0x74, 0xdc, 0x33, 0xb6, 0x74, 0x7d, 0x34, 0xba, 0x74, 0xf7, 0x34, 0xbe, 0x74, 0x72, 0x35,
    0xc2, 0x74, 0xed, 0x05, 0xb6, 0x76, 0xf0, 0x35, 0xba, 0x76, 0x6b, 0x36, 0xbe, 0x76, 0xe5, 0x36,
    0xc2, 0x76, 0x60, 0x37, 0xc6, 0x76, 0xdb, 0x07, 0xba, 0x78, 0xde, 0x07, 0x94, 0x74, 0x7b, 0x30,
    0x98, 0x74, 0xf6, 0x30, 0x9c, 0x74, 0x4b, 0x31, 0xa0, 0x74, 0xc6, 0x31, 0xa4, 0x74, 0x40, 0x02,
    0x96, 0x76, 0xc9, 0x31, 0x9a, 0x76, 0x44, 0x32, 0x9e, 0x76, 0xbe, 0x32, 0xa2, 0x76, 0x13, 0x33,
    0xa6, 0x76, 0x8e, 0x23, 0x9a, 0x78, 0x0c, 0x34, 0x9e, 0x78, 0x87, 0x34, 0xa2, 0x78, 0xdc, 0x34,
    0xa6, 0x78, 0x57, 0x35, 0xaa, 0x78, 0xd2, 0x15, 0x9c, 0x7a, 0xad, 0x35, 0xa0, 0x7a, 0x28, 0x36,
    0xa4, 0x7a, 0xa3, 0x36, 0xa8, 0x7a, 0x1e, 0x37, 0xac, 0x7a, 0x72, 0x37, 0x9e, 0x7c, 0xfb, 0x36,
    0xa2, 0x7c, 0x76, 0x27, 0x88, 0x76, 0x25, 0x00, 0x78, 0x78, 0x00, 0x30, 0x7c, 0x78, 0x54, 0x30,
    0x80, 0x78, 0xa9, 0x30, 0x84, 0x78, 0x23, 0x31, 0x88, 0x78, 0x78, 0x21, 0x7a, 0x7a, 0x7d, 0x31,
    0x7e, 0x7a, 0xd1, 0x31, 0x82, 0x7a, 0x26, 0x32, 0x86, 0x7a, 0x7a, 0x32, 0x8a, 0x7a, 0xf4, 0x22,
    0x7c, 0x7c, 0xfa, 0x32, 0x80, 0x7c, 0x4e, 0x33, 0x84, 0x7c, 0xa2, 0x33, 0x88, 0x7c, 0xf7, 0x33,
    0x8c, 0x7c, 0x4b, 0x24, 0x7e, 0x7e, 0xa3, 0x34, 0x82, 0x7e, 0xf7, 0x34, 0x86, 0x7e, 0x4b, 0x35,
    0x8a, 0x7e, 0xc6, 0x35, 0x8e, 0x7e, 0x1a, 0x26, 0x80, 0x80, 0x1f, 0x36, 0x84, 0x80, 0x74, 0x36,
    0x88, 0x80, 0xc8, 0x36, 0x8c, 0x80, 0x1d, 0x37, 0x90, 0x80, 0x97, 0x37, 0x82, 0x82, 0x9c, 0x37,
    0x86, 0x82, 0xf1, 0x17, 0x6c, 0x7a, 0x25, 0x00, 0x60, 0x7c, 0x0c, 0x30, 0x64, 0x7c, 0x60, 0x30,
    0x68, 0x7c, 0xda, 0x30, 0x6c, 0x7c, 0x2e, 0x11, 0x5c, 0x7e, 0x13, 0x31, 0x60, 0x7e, 0x67, 0x31,
    0x64, 0x7e, 0xbb, 0x31, 0x68, 0x7e, 0x35, 0x32, 0x6c, 0x7e, 0x89, 0x22, 0x5c, 0x80, 0x1c, 0x32,
    0x60, 0x80, 0x70, 0x32, 0x64, 0x80, 0xea, 0x32, 0x68, 0x80, 0x3e, 0x33, 0x6c, 0x80, 0x92, 0x33,
    0x5c, 0x82, 0xd3, 0x32, 0x60, 0x82, 0x4d, 0x33, 0x64, 0x82, 0xa1, 0x33, 0x68, 0x82, 0xf5, 0x33,
    0x6c, 0x82, 0x6f, 0x34, 0x70, 0x82, 0xc2, 0x14, 0x5c, 0x84, 0xdc, 0x33, 0x60, 0x84, 0x56, 0x34,
    0x64, 0x84, 0xaa, 0x34, 0x68, 0x84, 0x24, 0x35, 0x6c, 0x84, 0x77, 0x35, 0x70, 0x84, 0xf1, 0x25,
    0x5e, 0x86, 0x87, 0x35, 0x62, 0x86, 0xdb, 0x35, 0x66, 0x86, 0x54, 0x36, 0x6a, 0x86, 0xa8, 0x36,
    0x6e, 0x86, 0xfc, 0x36, 0x72, 0x86, 0x76, 0x27, 0x5e, 0x88, 0x3e, 0x36, 0x62, 0x88, 0xb8, 0x36,
    0x66, 0x88, 0x0b, 0x37, 0x6a, 0x88, 0x5f, 0x17, 0x5e, 0x8a, 0x47, 0x37, 0x62, 0x8a, 0xc0, 0x07,
    0x42, 0x81, 0x8d, 0x30, 0x46, 0x81, 0xe0, 0x30, 0x4a, 0x81, 0x59, 0x11, 0x36, 0x83, 0x00, 0x30,
    0x3a, 0x83, 0x79, 0x30, 0x3e, 0x83, 0xcc, 0x30, 0x42, 0x83, 0x46, 0x31, 0x46, 0x83, 0x99, 0x31,
    0x4a, 0x83, 0x12, 0x12, 0x36, 0x85, 0x0a, 0x31, 0x3a, 0x85, 0x5e, 0x31, 0x3e, 0x85, 0xd7, 0x31,
    0x42, 0x85, 0x50, 0x32, 0x46, 0x85, 0xa3, 0x32, 0x4a, 0x85, 0x1d, 0x23, 0x36, 0x87, 0x15, 0x32,
    0x3a, 0x87, 0x68, 0x32, 0x3e, 0x87, 0xe1, 0x32, 0x42, 0x87, 0x35, 0x33, 0x46, 0x87, 0xae, 0x33,
    0x4a, 0x87, 0x01, 0x24, 0x36, 0x89, 0xf9, 0x32, 0x3a, 0x89, 0x73, 0x33, 0x3e, 0x89, 0xc6, 0x33,
    0x42, 0x89, 0x3f, 0x34, 0x46, 0x89, 0xb8, 0x34, 0x4a, 0x89, 0x0b, 0x25, 0x36, 0x8b, 0x55, 0x34,
    0x3a, 0x8b, 0xce, 0x34, 0x3e, 0x8b, 0x22, 0x35, 0x42, 0x8b, 0x9b, 0x35, 0x46, 0x8b, 0xee, 0x35,
    0x4a, 0x8b, 0x67, 0x36, 0x36, 0x8d, 0x60, 0x35, 0x3a, 0x8d, 0xb3, 0x35, 0x3e, 0x8d, 0x2c, 0x36,
    0x42, 0x8d, 0xa5, 0x36, 0x46, 0x8d, 0xf9, 0x36, 0x4a, 0x8d, 0x72, 0x37, 0x36, 0x8f, 0x6a, 0x36,
    0x3a, 0x8f, 0xbd, 0x36, 0x3e, 0x8f, 0x37, 0x37, 0x42, 0x8f, 0x8a, 0x37, 0x46, 0x8f, 0x03, 0x28,
    0x36, 0x91, 0x4f, 0x37, 0x3a, 0x91, 0xc8, 0x37, 0x3e, 0x91, 0x41, 0x08, 0x34, 0x93, 0xde, 0x07,
    0x9c, 0x68, 0xf7, 0x37, 0xa0, 0x68, 0x0a, 0x37, 0xa4, 0x68, 0x1e, 0x36, 0xa8, 0x68, 0x32, 0x35,
    0xa0, 0x6a, 0x4b, 0x35, 0xa4, 0x6a, 0x5e, 0x34, 0xa8, 0x6a, 0x98, 0x33, 0xac, 0x6a, 0xac, 0x32,
    0xa2, 0x6c, 0xd9, 0x33, 0xa6, 0x6c, 0xed, 0x32, 0xaa, 0x6c, 0x01, 0x32, 0xae, 0x6c, 0x14, 0x31,
    0xb2, 0x6c, 0x4e, 0x10, 0xa6, 0x6e, 0x2d, 0x31, 0xaa, 0x6e, 0x67, 0x10, 0x86, 0x6b, 0xb3, 0x37,
    0x8a, 0x6b, 0x39, 0x37, 0x8e, 0x6b, 0xbf, 0x36, 0x92, 0x6b, 0x1e, 0x36, 0x96, 0x6b, 0xa4, 0x05,
    0x8a, 0x6d, 0xff, 0x34, 0x8e, 0x6d, 0x85, 0x34, 0x92, 0x6d, 0xe5, 0x33, 0x96, 0x6d, 0x6b, 0x33,
    0x8c, 0x6f, 0x3f, 0x33, 0x90, 0x6f, 0xc5, 0x32, 0x94, 0x6f, 0x4b, 0x32, 0x98, 0x6f, 0xab, 0x31,
    0x9c, 0x6f, 0x31, 0x01, 0x8e, 0x71, 0x2e, 0x31, 0x92, 0x71, 0xb4, 0x30, 0x96, 0x71, 0x14, 0x00,
    0x7e, 0x6c, 0xde, 0x07, 0x70, 0x6e, 0xe5, 0x38, 0x74, 0x6e, 0x1e, 0x38, 0x78, 0x6e, 0x57, 0x37,
    0x7c, 0x6e, 0x90, 0x36, 0x72, 0x70, 0xd0, 0x36, 0x76, 0x70, 0x0a, 0x36, 0x7a, 0x70, 0x43, 0x35,
    0x7e, 0x70, 0xa2, 0x34, 0x74, 0x72, 0xbc, 0x34, 0x78, 0x72, 0x1b, 0x34, 0x7c, 0x72, 0x54, 0x33,
    0x80, 0x72, 0x8d, 0x32, 0x76, 0x74, 0x2f, 0x32, 0x7a, 0x74, 0x8e, 0x31, 0x7e, 0x74, 0xc7, 0x30,
    0x82, 0x74, 0x00, 0x30, 0x78, 0x76, 0x40, 0x30, 0x56, 0x72, 0x60, 0x37, 0x5a, 0x72, 0xe6, 0x36,
    0x5e, 0x72, 0x92, 0x36, 0x62, 0x72, 0x19, 0x36, 0x66, 0x72, 0x9f, 0x05, 0x56, 0x74, 0xec, 0x35,
    0x5a, 0x74, 0x73, 0x35, 0x5e, 0x74, 0xf9, 0x34, 0x62, 0x74, 0xa5, 0x34, 0x66, 0x74, 0x2c, 0x24,
    0x58, 0x76, 0x86, 0x33, 0x5c, 0x76, 0x0c, 0x33, 0x60, 0x76, 0xb8, 0x32, 0x64, 0x76, 0x3f, 0x32,
    0x68, 0x76, 0xc5, 0x11, 0x58, 0x78, 0x12, 0x32, 0x5c, 0x78, 0x98, 0x31, 0x60, 0x78, 0x45, 0x31,
    0x64, 0x78, 0xcb, 0x30, 0x68, 0x78, 0x52, 0x30, 0x38, 0x76, 0x8e, 0x38, 0x3c, 0x76, 0xca, 0x37,
    0x40, 0x76, 0x2b, 0x37, 0x44, 0x76, 0x66, 0x36, 0x48, 0x76, 0xa2, 0x15, 0x38, 0x78, 0xc7, 0x36,
    0x3c, 0x78, 0x03, 0x36, 0x40, 0x78, 0x3e, 0x35, 0x44, 0x78, 0x79, 0x34, 0x48, 0x78, 0xb4, 0x23,
    0x38, 0x7a, 0xda, 0x34, 0x3c, 0x7a, 0x15, 0x34, 0x40, 0x7a, 0x51, 0x33, 0x44, 0x7a, 0xb2, 0x32,
    0x48, 0x7a, 0xed, 0x21, 0x38, 0x7c, 0xed, 0x32, 0x3c, 0x7c, 0x28, 0x32, 0x40, 0x7c, 0x89, 0x31,
    0x44, 0x7c, 0xc5, 0x30, 0x48, 0x7c, 0x00, 0x30, 0x38, 0x7e, 0x26, 0x31, 0x3c, 0x7e, 0x61, 0x30,
    0x36, 0x80, 0x25, 0x00, 0xac, 0x72, 0x00, 0x30, 0xb0, 0x72, 0xa1, 0x30, 0xb4, 0x72, 0x1b, 0x31,
    0xb8, 0x72, 0xbc, 0x31, 0xbc, 0x72, 0x37, 0x12, 0xb0, 0x74, 0x3a, 0x32, 0xb4, 0x74, 0xdb, 0x32,
    0xb8, 0x74, 0x55, 0x33, 0xbc, 0x74, 0xf6, 0x33, 0xc0, 0x74, 0x71, 0x14, 0xb4, 0x76, 0x74, 0x34,
    0xb8, 0x76, 0x15, 0x35, 0xbc, 0x76, 0x8f, 0x35, 0xc0, 0x76, 0x30, 0x36, 0xc4, 0x76, 0xd1, 0x16,
    0xb8, 0x78, 0xae, 0x36, 0xbc, 0x78, 0x4f, 0x37, 0xc0, 0x78, 0xef, 0x37, 0xc4, 0x78, 0x6a, 0x38,
    0xc8, 0x78, 0x0b, 0x29, 0xa2, 0x73, 0x25, 0x00, 0x94, 0x75, 0x7a, 0x30, 0x98, 0x75, 0xcf, 0x30,
    0x9c, 0x75, 0x49, 0x31, 0xa0, 0x75, 0xc4, 0x31, 0xa4, 0x75, 0x18, 0x02, 0x96, 0x77, 0xc9, 0x31,
    0x9a, 0x77, 0x43, 0x32, 0x9e, 0x77, 0x97, 0x32, 0xa2, 0x77, 0x12, 0x33, 0xa6, 0x77, 0x8c, 0x13,
    0x9a, 0x79, 0x0c, 0x34, 0x9e, 0x79, 0x60, 0x34, 0xa2, 0x79, 0xdb, 0x34, 0xa6, 0x79, 0x55, 0x35,
    0xaa, 0x79, 0xa9, 0x05, 0x9c, 0x7b, 0xac, 0x35, 0xa0, 0x7b, 0x27, 0x36, 0xa4, 0x7b, 0x7b, 0x36,
    0xa8, 0x7b, 0xf6, 0x36, 0xac, 0x7b, 0x70, 0x17, 0x9e, 0x7d, 0xfb, 0x36, 0xa2, 0x7d, 0x75, 0x37,
    0xa6, 0x7d, 0xef, 0x17, 0x88, 0x77, 0x25, 0x00, 0x7a, 0x79, 0xbf, 0x30, 0x7e, 0x79, 0xee, 0x30,
    0x82, 0x79, 0x1e, 0x31, 0x86, 0x79, 0x4d, 0x31, 0x8a, 0x79, 0x7d, 0x01, 0x7c, 0x7b, 0x1e, 0x32,
    0x80, 0x7b, 0x74, 0x32, 0x84, 0x7b, 0xa3, 0x32, 0x88, 0x7b, 0xd3, 0x32, 0x8c, 0x7b, 0x02, 0x03,
    0x7c, 0x7d, 0x44, 0x33, 0x80, 0x7d, 0x74, 0x33, 0x84, 0x7d, 0xa3, 0x33, 0x88, 0x7d, 0xd3, 0x33,
    0x8c, 0x7d, 0x28, 0x34, 0x7e, 0x7f, 0x9c, 0x34, 0x82, 0x7f, 0xcc, 0x34, 0x86, 0x7f, 0xfb, 0x34,
    0x8a, 0x7f, 0x51, 0x35, 0x8e, 0x7f, 0x80, 0x35, 0x80, 0x81, 0x21, 0x36, 0x84, 0x81, 0x51, 0x36,
    0x88, 0x81, 0x80, 0x36, 0x8c, 0x81, 0xb0, 0x26, 0x80, 0x83, 0x47, 0x37, 0x84, 0x83, 0x77, 0x07,
    0x62, 0x7b, 0x87, 0x30, 0x66, 0x7b, 0xdb, 0x30, 0x6a, 0x7b, 0x54, 0x31, 0x5c, 0x7d, 0x13, 0x31,
    0x60, 0x7d, 0x8c, 0x31, 0x64, 0x7d, 0xe0, 0x31, 0x68, 0x7d, 0x34, 0x32, 0x6c, 0x7d, 0xad, 0x22,
    0x5c, 0x7f, 0x42, 0x32, 0x60, 0x7f, 0x96, 0x32, 0x64, 0x7f, 0x0f, 0x33, 0x68, 0x7f, 0x63, 0x33,
    0x6c, 0x7f, 0xdc, 0x33, 0x5c, 0x81, 0x20, 0x33, 0x60, 0x81, 0x73, 0x33, 0x64, 0x81, 0xed, 0x33,
    0x68, 0x81, 0x40, 0x34, 0x6c, 0x81, 0xba, 0x34, 0x70, 0x81, 0x0d, 0x05, 0x5c, 0x83, 0x4f, 0x34,
    0x60, 0x83, 0xa2, 0x34, 0x64, 0x83, 0x1c, 0x35, 0x68, 0x83, 0x6f, 0x35, 0x6c, 0x83, 0xe9, 0x35,
    0x70, 0x83, 0x3c, 0x16, 0x5e, 0x85, 0xf9, 0x35, 0x62, 0x85, 0x4d, 0x36, 0x66, 0x85, 0xc6, 0x36,
    0x6a, 0x85, 0x1a, 0x37, 0x6e, 0x85, 0x93, 0x37, 0x72, 0x85, 0xe7, 0x07, 0x5e, 0x87, 0x28, 0x37,
    0x62, 0x87, 0x7c, 0x37, 0x66, 0x87, 0xf5, 0x37, 0x6a, 0x87, 0x49, 0x18, 0x4c, 0x7e, 0x25, 0x00,
    0x3e, 0x80, 0x0d, 0x30, 0x42, 0x80, 0x60, 0x30, 0x46, 0x80, 0xb3, 0x30, 0x4a, 0x80, 0x06, 0x21,
    0x36, 0x82, 0x72, 0x30, 0x3a, 0x82, 0xc5, 0x30, 0x3e, 0x82, 0x18, 0x31, 0x42, 0x82, 0x6b, 0x31,
    0x46, 0x82, 0xbe, 0x31, 0x4a, 0x82, 0x11, 0x22, 0x36, 0x84, 0x7d, 0x31, 0x3a, 0x84, 0xd0, 0x31,
    0x3e, 0x84, 0x23, 0x32, 0x42, 0x84, 0x76, 0x32, 0x46, 0x84, 0xc9, 0x32, 0x4a, 0x84, 0xf5, 0x22,
    0x36, 0x86, 0x88, 0x32, 0x3a, 0x86, 0xda, 0x32, 0x3e, 0x86, 0x2d, 0x33, 0x42, 0x86, 0x80, 0x33,
    0x46, 0x86, 0xad, 0x33, 0x4a, 0x86, 0x00, 0x24, 0x36, 0x88, 0xbd, 0x33, 0x3a, 0x88, 0x10, 0x34,
    0x3e, 0x88, 0x63, 0x34, 0x42, 0x88, 0xb6, 0x34, 0x46, 0x88, 0x09, 0x35, 0x4a, 0x88, 0x36, 0x25,
    0x36, 0x8a, 0xc8, 0x34, 0x3a, 0x8a, 0x1b, 0x35, 0x3e, 0x8a, 0x6e, 0x35, 0x42, 0x8a, 0x9b, 0x35,
    0x46, 0x8a, 0xee, 0x35, 0x4a, 0x8a, 0x40, 0x26, 0x34, 0x8c, 0x58, 0x35, 0x38, 0x8c, 0xab, 0x35,
    0x3c, 0x8c, 0xfe, 0x35, 0x40, 0x8c, 0x51, 0x36, 0x44, 0x8c, 0xa4, 0x36, 0x48, 0x8c, 0xf7, 0x36,
    0x4c, 0x8c, 0x49, 0x07, 0x34, 0x8e, 0x63, 0x36, 0x38, 0x8e, 0xb6, 0x36, 0x3c, 0x8e, 0x08, 0x37,
    0x40, 0x8e, 0x5b, 0x27, 0x34, 0x90, 0x6d, 0x37, 0x38, 0x90, 0xc0, 0x07, 0xaa, 0x67, 0xde, 0x07,
    0xa0, 0x69, 0xd0, 0x36, 0xa4, 0x69, 0x7a, 0x36, 0xa8, 0x69, 0x24, 0x36, 0xac, 0x69, 0xce, 0x15,
    0xa4, 0x6b, 0x41, 0x34, 0xa8, 0x6b, 0xeb, 0x33, 0xac, 0x6b, 0x95, 0x33, 0xb0, 0x6b, 0x3f, 0x03,
    0xa6, 0x6d, 0x5e, 0x32, 0xaa, 0x6d, 0x08, 0x32, 0xae, 0x6d, 0xb2, 0x31, 0xb2, 0x6d, 0x5c, 0x21,
    0x88, 0x6b, 0xb3, 0x37, 0x8c, 0x6b, 0x38, 0x37, 0x90, 0x6b, 0xbe, 0x36, 0x94, 0x6b, 0x43, 0x36,
    0x8a, 0x6d, 0xec, 0x35, 0x8e, 0x6d, 0x71, 0x35, 0x92, 0x6d, 0xf7, 0x34, 0x96, 0x6d, 0x7c, 0x34,
    0x9a, 0x6d, 0x02, 0x04, 0x8c, 0x6f, 0xff, 0x33, 0x90, 0x6f, 0x84, 0x33, 0x94, 0x6f, 0x0a, 0x33,
    0x98, 0x6f, 0x90, 0x32, 0x9c, 0x6f, 0x15, 0x02, 0x8e, 0x71, 0x12, 0x32, 0x92, 0x71, 0x97, 0x31,
    0x96, 0x71, 0x1d, 0x31, 0x9a, 0x71, 0xa3, 0x30, 0x9e, 0x71, 0x28, 0x10, 0x90, 0x73, 0x25, 0x00,
    0x80, 0x6c, 0xde, 0x07, 0x72, 0x6e, 0x88, 0x37, 0x76, 0x6e, 0x0d, 0x37, 0x7a, 0x6e, 0x6c, 0x36,
    0x7e, 0x6e, 0xf1, 0x35, 0x74, 0x70, 0x73, 0x35, 0x78, 0x70, 0xf8, 0x34, 0x7c, 0x70, 0x7d, 0x34,
    0x80, 0x70, 0x02, 0x34, 0x74, 0x72, 0x27, 0x34, 0x78, 0x72, 0x86, 0x33, 0x7c, 0x72, 0x0b, 0x33,
    0x80, 0x72, 0x90, 0x32, 0x84, 0x72, 0x15, 0x02, 0x76, 0x74, 0x12, 0x32, 0x7a, 0x74, 0x97, 0x31,
    0x7e, 0x74, 0xf6, 0x30, 0x82, 0x74, 0x7b, 0x30, 0x86, 0x74, 0x00, 0x00, 0x58, 0x71, 0xc8, 0x36,
    0x5c, 0x71, 0x9a, 0x36, 0x60, 0x71, 0x6c, 0x36, 0x64, 0x71, 0x3e, 0x36, 0x58, 0x73, 0x54, 0x35,
    0x5c, 0x73, 0x26, 0x35, 0x60, 0x73, 0xd2, 0x34, 0x64, 0x73, 0xa4, 0x34, 0x68, 0x73, 0x76, 0x04,
    0x58, 0x75, 0x8d, 0x33, 0x5c, 0x75, 0x5f, 0x33, 0x60, 0x75, 0x31, 0x33, 0x64, 0x75, 0x03, 0x33,
    0x68, 0x75, 0xaf, 0x12, 0x5a, 0x77, 0x97, 0x31, 0x5e, 0x77, 0x69, 0x31, 0x62, 0x77, 0x3b, 0x31,
    0x66, 0x77, 0xe7, 0x30, 0x6a, 0x77, 0xb9, 0x00, 0x3a, 0x75, 0x95, 0x38, 0x3e, 0x75, 0xf6, 0x37,
    0x42, 0x75, 0x31, 0x37, 0x46, 0x75, 0x92, 0x36, 0x4a, 0x75, 0xcc, 0x15, 0x3a, 0x77, 0x5c, 0x36,
    0x3e, 0x77, 0xbd, 0x35, 0x42, 0x77, 0xf7, 0x34, 0x46, 0x77, 0x58, 0x34, 0x4a, 0x77, 0xb9, 0x13,
    0x3a, 0x79, 0xab, 0x33, 0x3e, 0x79, 0x0c, 0x33, 0x42, 0x79, 0x46, 0x32, 0x46, 0x79, 0xa7, 0x31,
    0x4a, 0x79, 0xe2, 0x10, 0x3a, 0x7b, 0x71, 0x31, 0x3e, 0x7b, 0xd2, 0x30, 0x42, 0x7b, 0x0d, 0x30,
    0xbc, 0x70, 0x25, 0x00, 0xae, 0x72, 0x00, 0x30, 0xb2, 0x72, 0x7a, 0x30, 0xb6, 0x72, 0xf5, 0x30,
    0xba, 0x72, 0x6f, 0x31, 0xbe, 0x72, 0xea, 0x21, 0xb2, 0x74, 0x15, 0x32, 0xb6, 0x74, 0x90, 0x32,
    0xba, 0x74, 0x0a, 0x33, 0xbe, 0x74, 0x84, 0x33, 0xc2, 0x74, 0xff, 0x23, 0xb6, 0x76, 0x56, 0x34,
    0xba, 0x76, 0xd1, 0x34, 0xbe, 0x76, 0x71, 0x35, 0xc2, 0x76, 0xec, 0x35, 0xc6, 0x76, 0x66, 0x26,
    0xba, 0x78, 0x6c, 0x36, 0xbe, 0x78, 0xe6, 0x36, 0xc2, 0x78, 0x60, 0x37, 0xc6, 0x78, 0xdb, 0x37,
    0xca, 0x78, 0x55, 0x28, 0xbc, 0x7a, 0xde, 0x07, 0x9a, 0x75, 0xac, 0x30, 0x9e, 0x75, 0x4c, 0x31,
    0xa2, 0x75, 0xec, 0x31, 0x96, 0x77, 0x0b, 0x31, 0x9a, 0x77, 0xab, 0x31, 0x9e, 0x77, 0x71, 0x32,
    0xa2, 0x77, 0x10, 0x33, 0xa6, 0x77, 0xb0, 0x23, 0x9a, 0x79, 0xbf, 0x33, 0x9e, 0x79, 0x5f, 0x34,
    0xa2, 0x79, 0xff, 0x34, 0xa6, 0x79, 0x9f, 0x35, 0xaa, 0x79, 0x64, 0x16, 0x9c, 0x7b, 0x86, 0x35,
    0xa0, 0x7b, 0x4c, 0x36, 0xa4, 0x7b, 0xeb, 0x36, 0xa8, 0x7b, 0x8b, 0x37, 0xac, 0x7b, 0x2b, 0x28,
    0x9e, 0x7d, 0xfb, 0x36, 0xa2, 0x7d, 0x9a, 0x37, 0xa6, 0x7d, 0x3a, 0x18, 0x88, 0x77, 0x25, 0x00,
    0x7a, 0x79, 0xee, 0x30, 0x7e, 0x79, 0x1d, 0x31, 0x82, 0x79, 0x4b, 0x31, 0x86, 0x79, 0xa0, 0x31,
    0x7a, 0x7b, 0x14, 0x32, 0x7e, 0x7b, 0x69, 0x32, 0x82, 0x7b, 0x98, 0x32, 0x86, 0x7b, 0xc7, 0x32,
    0x8a, 0x7b, 0xf6, 0x12, 0x7c, 0x7d, 0x92, 0x33, 0x80, 0x7d, 0xc1, 0x33, 0x84, 0x7d, 0x16, 0x34,
    0x88, 0x7d, 0x44, 0x34, 0x8c, 0x7d, 0x73, 0x14, 0x7e, 0x7f, 0x3c, 0x35, 0x82, 0x7f, 0x6b, 0x35,
    0x86, 0x7f, 0x9a, 0x35, 0x8a, 0x7f, 0xef, 0x35, 0x8e, 0x7f, 0x1e, 0x16, 0x7e, 0x81, 0x63, 0x36,
    0x82, 0x81, 0xb8, 0x36, 0x86, 0x81, 0xe6, 0x36, 0x8a, 0x81, 0x15, 0x37, 0x8e, 0x81, 0x44, 0x37,
    0x6c, 0x79, 0x25, 0x00, 0x5a, 0x7b, 0x54, 0x30, 0x5e, 0x7b, 0x81, 0x30, 0x62, 0x7b, 0xd5, 0x30,
    0x66, 0x7b, 0x03, 0x31, 0x6a, 0x7b, 0x57, 0x21, 0x5a, 0x7d, 0x32, 0x31, 0x5e, 0x7d, 0x5f, 0x31,
    0x62, 0x7d, 0xb3, 0x31, 0x66, 0x7d, 0x07, 0x32, 0x6a, 0x7d, 0x35, 0x32, 0x5a, 0x7f, 0x3b, 0x32,
    0x5e, 0x7f, 0x8f, 0x32, 0x62, 0x7f, 0xe3, 0x32, 0x66, 0x7f, 0x11, 0x33, 0x6a, 0x7f, 0x64, 0x33,
    0x6e, 0x7f, 0x92, 0x03, 0x5a, 0x81, 0x6b, 0x33, 0x5e, 0x81, 0x99, 0x33, 0x62, 0x81, 0xed, 0x33,
    0x66, 0x81, 0x40, 0x34, 0x6a, 0x81, 0x6e, 0x34, 0x6e, 0x81, 0xc2, 0x14, 0x5a, 0x83, 0x75, 0x34,
    0x5e, 0x83, 0xc9, 0x34, 0x62, 0x83, 0x1c, 0x35, 0x66, 0x83, 0x4a, 0x35, 0x6a, 0x83, 0x9e, 0x35,
    0x6e, 0x83, 0xcb, 0x25, 0x5a, 0x85, 0xa5, 0x35, 0x5e, 0x85, 0xf8, 0x35, 0x62, 0x85, 0x26, 0x36,
    0x66, 0x85, 0x7a, 0x36, 0x6a, 0x85, 0xa7, 0x36, 0x6e, 0x85, 0xfb, 0x36, 0x5a, 0x87, 0xae, 0x36,
    0x5e, 0x87, 0x02, 0x37, 0x62, 0x87, 0x56, 0x37, 0x5a, 0x89, 0xde, 0x07, 0x36, 0x7f, 0x00, 0x30,
    0x3a, 0x7f, 0x2d, 0x30, 0x3e, 0x7f, 0x80, 0x30, 0x42, 0x7f, 0xae, 0x30, 0x46, 0x7f, 0xdb, 0x30,
    0x4a, 0x7f, 0x08, 0x01, 0x36, 0x81, 0x0b, 0x31, 0x3a, 0x81, 0x38, 0x31, 0x3e, 0x81, 0x66, 0x31,
    0x42, 0x81, 0xb9, 0x31, 0x46, 0x81, 0xe6, 0x31, 0x4a, 0x81, 0x13, 0x02, 0x36, 0x83, 0x42, 0x32,
    0x3a, 0x83, 0x6f, 0x32, 0x3e, 0x83, 0x9c, 0x32, 0x42, 0x83, 0xef, 0x32, 0x46, 0x83, 0x1d, 0x33,
    0x4a, 0x83, 0x4a, 0x03, 0x36, 0x85, 0x27, 0x33, 0x3a, 0x85, 0x7a, 0x33, 0x3e, 0x85, 0xa7, 0x33,
    0x42, 0x85, 0xd5, 0x33, 0x46, 0x85, 0x28, 0x34, 0x4a, 0x85, 0x55, 0x04, 0x34, 0x87, 0x03, 0x34,
    0x38, 0x87, 0x30, 0x34, 0x3c, 0x87, 0x5d, 0x34, 0x40, 0x87, 0xb1, 0x34, 0x44, 0x87, 0xde, 0x34,
    0x48, 0x87, 0x0b, 0x25, 0x34, 0x89, 0x13, 0x35, 0x38, 0x89, 0x67, 0x35, 0x3c, 0x89, 0x94, 0x35,
    0x40, 0x89, 0xc1, 0x35, 0x44, 0x89, 0x14, 0x36, 0x48, 0x89, 0x42, 0x26, 0x34, 0x8b, 0x1f, 0x36,
    0x38, 0x8b, 0x72, 0x36, 0x3c, 0x8b, 0x9f, 0x36, 0x40, 0x8b, 0xcc, 0x36, 0x44, 0x8b, 0xfa, 0x36,
    0x48, 0x8b, 0x4d, 0x27, 0x32, 0x8d, 0xd5, 0x36, 0x36, 0x8d, 0x28, 0x37, 0x3a, 0x8d, 0x55, 0x37,
    0xa2, 0x6a, 0xd0, 0x36, 0xa6, 0x6a, 0x7a, 0x36, 0xaa, 0x6a, 0x25, 0x36, 0xae, 0x6a, 0xcf, 0x25,
    0xa6, 0x6c, 0x40, 0x34, 0xaa, 0x6c, 0xeb, 0x33, 0xae, 0x6c, 0x95, 0x33, 0xb2, 0x6c, 0x40, 0x13,
    0xa8, 0x6e, 0x5c, 0x32, 0xac, 0x6e, 0x07, 0x32, 0xb0, 0x6e, 0xb1, 0x31, 0xb4, 0x6e, 0x5c, 0x21,
    0xaa, 0x70, 0x25, 0x00, 0x8a, 0x6b, 0x60, 0x37, 0x8e, 0x6b, 0xe6, 0x36, 0x92, 0x6b, 0x6b, 0x36,
    0x96, 0x6b, 0xf1, 0x35, 0x8c, 0x6d, 0x73, 0x35, 0x90, 0x6d, 0xf8, 0x34, 0x94, 0x6d, 0x7e, 0x34,
    0x98, 0x6d, 0x03, 0x34, 0x8e, 0x6f, 0x85, 0x33, 0x92, 0x6f, 0x0b, 0x33, 0x96, 0x6f, 0x90, 0x32,
    0x9a, 0x6f, 0x16, 0x32, 0x90, 0x71, 0x98, 0x31, 0x94, 0x71, 0x1d, 0x31, 0x98, 0x71, 0xa3, 0x30,
    0x9c, 0x71, 0x28, 0x30, 0x80, 0x6c, 0xde, 0x07, 0x72, 0x6e, 0xdb, 0x37, 0x76, 0x6e, 0x60, 0x37,
    0x7a, 0x6e, 0xe5, 0x36, 0x7e, 0x6e, 0x6a, 0x36, 0x74, 0x70, 0xec, 0x35, 0x78, 0x70, 0x4b, 0x35,
    0x7c, 0x70, 0xd0, 0x34, 0x80, 0x70, 0x55, 0x34, 0x76, 0x72, 0x84, 0x33, 0x7a, 0x72, 0xe3, 0x32,
    0x7e, 0x72, 0x68, 0x32, 0x82, 0x72, 0xed, 0x21, 0x76, 0x74, 0x12, 0x32, 0x7a, 0x74, 0x97, 0x31,
    0x7e, 0x74, 0xf6, 0x30, 0x82, 0x74, 0x7b, 0x30, 0x86, 0x74, 0x00, 0x00, 0x68, 0x6f, 0xde, 0x07,
    0x58, 0x71, 0xf6, 0x36, 0x5c, 0x71, 0xa2, 0x36, 0x60, 0x71, 0x74, 0x36, 0x64, 0x71, 0x20, 0x36,
    0x68, 0x71, 0xf2, 0x05, 0x58, 0x73, 0x09, 0x35, 0x5c, 0x73, 0xb5, 0x34, 0x60, 0x73, 0x87, 0x34,
    0x64, 0x73, 0x59, 0x34, 0x68, 0x73, 0x05, 0x14, 0x5a, 0x75, 0xc7, 0x32, 0x5e, 0x75, 0x99, 0x32,
    0x62, 0x75, 0x45, 0x32, 0x66, 0x75, 0x17, 0x32, 0x6a, 0x75, 0xc2, 0x01, 0x5a, 0x77, 0xda, 0x30,
    0x5e, 0x77, 0xac, 0x30, 0x62, 0x77, 0x58, 0x30, 0x66, 0x77, 0x2a, 0x30, 0x4c, 0x72, 0xde, 0x07,
    0x3c, 0x74, 0xf6, 0x37, 0x40, 0x74, 0x31, 0x37, 0x44, 0x74, 0x6b, 0x36, 0x48, 0x74, 0xcb, 0x35,
    0x3a, 0x76, 0x83, 0x36, 0x3e, 0x76, 0xbd, 0x35, 0x42, 0x76, 0x1e, 0x35, 0x46, 0x76, 0x58, 0x34,
    0x4a, 0x76, 0x93, 0x13, 0x3a, 0x78, 0xab, 0x33, 0x3e, 0x78, 0xe5, 0x32, 0x42, 0x78, 0x46, 0x32,
    0x46, 0x78, 0x80, 0x31, 0x4a, 0x78, 0xbb, 0x10, 0x38, 0x7a, 0x38, 0x32, 0x3c, 0x7a, 0x98, 0x31,
    0x40, 0x7a, 0xd3, 0x30, 0x44, 0x7a, 0x0d, 0x00, 0xb2, 0x74, 0x13, 0x31, 0xb6, 0x74, 0x68, 0x31,
    0xba, 0x74, 0x96, 0x31, 0xbe, 0x74, 0xc5, 0x31, 0xc2, 0x74, 0x19, 0x12, 0xb4, 0x76, 0xad, 0x32,
    0xb8, 0x76, 0xdb, 0x32, 0xbc, 0x76, 0x0a, 0x33, 0xc0, 0x76, 0x5e, 0x33, 0xc4, 0x76, 0x8c, 0x33,
    0xb8, 0x78, 0xa3, 0x34, 0xbc, 0x78, 0xd1, 0x34, 0xc0, 0x78, 0x00, 0x35, 0xc4, 0x78, 0x54, 0x35,
    0xc8, 0x78, 0x83, 0x35, 0xba, 0x7a, 0x16, 0x36, 0xbe, 0x7a, 0x6b, 0x36, 0xc2, 0x7a, 0x99, 0x36,
    0xc6, 0x7a, 0xc7, 0x36, 0xca, 0x7a, 0x1c, 0x37, 0xce, 0x7a, 0x4a, 0x17, 0x94, 0x76, 0x00, 0x30,
    0x98, 0x76, 0x54, 0x30, 0x9c, 0x76, 0xa8, 0x30, 0xa0, 0x76, 0x21, 0x31, 0xa4, 0x76, 0x75, 0x31,
    0x96, 0x78, 0xa2, 0x31, 0x9a, 0x78, 0xf6, 0x31, 0x9e, 0x78, 0x4a, 0x32, 0xa2, 0x78, 0x9d, 0x32,
    0xa6, 0x78, 0xf1, 0x32, 0xaa, 0x78, 0x6b, 0x03, 0x98, 0x7a, 0x1e, 0x33, 0x9c, 0x7a, 0x72, 0x33,
    0xa0, 0x7a, 0xec, 0x33, 0xa4, 0x7a, 0x3f, 0x34, 0xa8, 0x7a, 0x93, 0x34, 0xac, 0x7a, 0xe7, 0x04,
    0x9a, 0x7c, 0xc0, 0x34, 0x9e, 0x7c, 0x14, 0x35, 0xa2, 0x7c, 0x68, 0x35, 0xa6, 0x7c, 0xbb, 0x35,
    0xaa, 0x7c, 0x35, 0x36, 0xae, 0x7c, 0x89, 0x16, 0x9c, 0x7e, 0x3c, 0x36, 0xa0, 0x7e, 0xb6, 0x36,
    0xa4, 0x7e, 0x0a, 0x37, 0xa8, 0x7e, 0x5d, 0x27, 0x9e, 0x80, 0xde, 0x07, 0x88, 0x77, 0x25, 0x00,
    0x7a, 0x79, 0xee, 0x30, 0x7e, 0x79, 0x1d, 0x31, 0x82, 0x79, 0x4c, 0x31, 0x86, 0x79, 0x7b, 0x31,
    0x7a, 0x7b, 0xf0, 0x31, 0x7e, 0x7b, 0x1f, 0x32, 0x82, 0x7b, 0x74, 0x32, 0x86, 0x7b, 0xa3, 0x32,
    0x8a, 0x7b, 0xd2, 0x12, 0x7c, 0x7d, 0x75, 0x33, 0x80, 0x7d, 0xa4, 0x33, 0x84, 0x7d, 0xd3, 0x33,
    0x88, 0x7d, 0x28, 0x34, 0x8c, 0x7d, 0x57, 0x04, 0x7c, 0x7f, 0xc9, 0x34, 0x80, 0x7f, 0xf8, 0x34,
    0x84, 0x7f, 0x27, 0x35, 0x88, 0x7f, 0x56, 0x35, 0x8c, 0x7f, 0x85, 0x25, 0x7c, 0x81, 0xf1, 0x35,
    0x80, 0x81, 0x20, 0x36, 0x84, 0x81, 0x4f, 0x36, 0x88, 0x81, 0x7e, 0x36, 0x8c, 0x81, 0xad, 0x36,
    0x90, 0x81, 0xdc, 0x06, 0x7e, 0x83, 0x76, 0x37, 0x82, 0x83, 0xa5, 0x17, 0x58, 0x7a, 0x00, 0x30,
    0x5c, 0x7a, 0x54, 0x30, 0x60, 0x7a, 0x82, 0x30, 0x64, 0x7a, 0xd6, 0x30, 0x68, 0x7a, 0x03, 0x31,
    0x58, 0x7c, 0x30, 0x31, 0x5c, 0x7c, 0x5e, 0x31, 0x60, 0x7c, 0xb2, 0x31, 0x64, 0x7c, 0xe0, 0x31,
    0x68, 0x7c, 0x34, 0x32, 0x58, 0x7e, 0x3b, 0x32, 0x5c, 0x7e, 0x8e, 0x32, 0x60, 0x7e, 0xbc, 0x32,
    0x64, 0x7e, 0x10, 0x33, 0x68, 0x7e, 0x64, 0x33, 0x6c, 0x7e, 0x92, 0x03, 0x58, 0x80, 0x6b, 0x33,
    0x5c, 0x80, 0x99, 0x33, 0x60, 0x80, 0xed, 0x33, 0x64, 0x80, 0x40, 0x34, 0x68, 0x80, 0x6e, 0x34,
    0x6c, 0x80, 0xc2, 0x04, 0x58, 0x82, 0x75, 0x34, 0x5c, 0x82, 0xc9, 0x34, 0x60, 0x82, 0x1d, 0x35,
    0x64, 0x82, 0x4b, 0x35, 0x68, 0x82, 0x9e, 0x35, 0x6c, 0x82, 0xcc, 0x15, 0x58, 0x84, 0xa5, 0x35,
    0x5c, 0x84, 0xf9, 0x35, 0x60, 0x84, 0x27, 0x36, 0x64, 0x84, 0x7b, 0x36, 0x68, 0x84, 0xa9, 0x36,
    0x6c, 0x84, 0xfd, 0x16, 0x58, 0x86, 0xd6, 0x36, 0x5c, 0x86, 0x03, 0x37, 0x60, 0x86, 0x57, 0x37,
    0x64, 0x86, 0xab, 0x27, 0x4a, 0x7c, 0x25, 0x00, 0x36, 0x7e, 0xa0, 0x30, 0x3a, 0x7e, 0xcd, 0x30,
    0x3e, 0x7e, 0xfb, 0x30, 0x42, 0x7e, 0x02, 0x31, 0x46, 0x7e, 0x2f, 0x31, 0x34, 0x80, 0xa3, 0x31,
    0x38, 0x80, 0xaa, 0x31, 0x3c, 0x80, 0xd7, 0x31, 0x40, 0x80, 0x05, 0x32, 0x44, 0x80, 0x0c, 0x32,
    0x48, 0x80, 0x39, 0x12, 0x34, 0x82, 0xb4, 0x32, 0x38, 0x82, 0xe2, 0x32, 0x3c, 0x82, 0x0f, 0x33,
    0x40, 0x82, 0x3c, 0x33, 0x44, 0x82, 0x43, 0x33, 0x48, 0x82, 0x70, 0x03, 0x32, 0x84, 0xb7, 0x33,
    0x36, 0x84, 0xe5, 0x33, 0x3a, 0x84, 0xec, 0x33, 0x3e, 0x84, 0x19, 0x34, 0x42, 0x84, 0x46, 0x34,
    0x46, 0x84, 0x4d, 0x24, 0x32, 0x86, 0xef, 0x34, 0x36, 0x86, 0xf6, 0x34, 0x3a, 0x86, 0x23, 0x35,
    0x3e, 0x86, 0x50, 0x35, 0x42, 0x86, 0x57, 0x35, 0x46, 0x86, 0x85, 0x15, 0x30, 0x88, 0xcc, 0x35,
    0x34, 0x88, 0xf9, 0x35, 0x38, 0x88, 0x00, 0x36, 0x3c, 0x88, 0x2d, 0x36, 0x40, 0x88, 0x5a, 0x36,
    0x44, 0x88, 0x62, 0x36, 0x30, 0x8a, 0x03, 0x37, 0x34, 0x8a, 0x0a, 0x37, 0x38, 0x8a, 0x37, 0x37,
    0x3c, 0x8a, 0x65, 0x27, 0xa2, 0x69, 0xe1, 0x38, 0xa6, 0x69, 0x8b, 0x38, 0xaa, 0x69, 0x36, 0x38,
    0xae, 0x69, 0xe0, 0x17, 0xa6, 0x6b, 0x52, 0x36, 0xaa, 0x6b, 0xfd, 0x35, 0xae, 0x6b, 0xcd, 0x35,
    0xb2, 0x6b, 0x78, 0x05, 0xa8, 0x6d, 0x6f, 0x34, 0xac, 0x6d, 0x19, 0x34, 0xb0, 0x6d, 0xea, 0x33,
    0xb4, 0x6d, 0x94, 0x13, 0xac, 0x6f, 0x06, 0x32, 0xb0, 0x6f, 0xb1, 0x31, 0xb4, 0x6f, 0x5b, 0x31,
    0xb8, 0x6f, 0x06, 0x11, 0x8c, 0x6b, 0x8b, 0x38, 0x90, 0x6b, 0x5d, 0x38, 0x94, 0x6b, 0x08, 0x38,
    0x98, 0x6b, 0xb4, 0x17, 0x8e, 0x6d, 0x53, 0x36, 0x92, 0x6d, 0x24, 0x36, 0x96, 0x6d, 0xd0, 0x35,
    0x9a, 0x6d, 0x7b, 0x15, 0x90, 0x6f, 0x40, 0x34, 0x94, 0x6f, 0xeb, 0x33, 0x98, 0x6f, 0x97, 0x33,
    0x9c, 0x6f, 0x42, 0x23, 0x92, 0x71, 0x07, 0x32, 0x96, 0x71, 0xb3, 0x31, 0x9a, 0x71, 0x5e, 0x31,
    0x9e, 0x71, 0x09, 0x21, 0x92, 0x73, 0x25, 0x00, 0x74, 0x6e, 0x60, 0x37, 0x78, 0x6e, 0xe5, 0x36,
    0x7c, 0x6e, 0x43, 0x36, 0x80, 0x6e, 0xc8, 0x25, 0x74, 0x70, 0xed, 0x35, 0x78, 0x70, 0x72, 0x35,
    0x7c, 0x70, 0xf7, 0x34, 0x80, 0x70, 0x56, 0x34, 0x76, 0x72, 0x85, 0x33, 0x7a, 0x72, 0x0a, 0x33,
    0x7e, 0x72, 0x69, 0x32, 0x82, 0x72, 0xed, 0x21, 0x76, 0x74, 0x12, 0x32, 0x7a, 0x74, 0x97, 0x31,
    0x7e, 0x74, 0x1c, 0x31, 0x82, 0x74, 0x7b, 0x30, 0x86, 0x74, 0x00, 0x00, 0x68, 0x6e, 0xde, 0x07,
    0x58, 0x70, 0xf4, 0x36, 0x5c, 0x70, 0xc6, 0x36, 0x60, 0x70, 0x99, 0x36, 0x64, 0x70, 0x6b, 0x36,
    0x68, 0x70, 0x17, 0x06, 0x58, 0x72, 0x53, 0x35, 0x5c, 0x72, 0x26, 0x35, 0x60, 0x72, 0xd2, 0x34,
    0x64, 0x72, 0xa4, 0x34, 0x68, 0x72, 0x77, 0x14, 0x58, 0x74, 0x8c, 0x33, 0x5c, 0x74, 0x5f, 0x33,
    0x60, 0x74, 0x31, 0x33, 0x64, 0x74, 0x04, 0x33, 0x68, 0x74, 0xb0, 0x12, 0x58, 0x76, 0xec, 0x31,
    0x5c, 0x76, 0x98, 0x31, 0x60, 0x76, 0x6a, 0x31, 0x64, 0x76, 0x3d, 0x31, 0x68, 0x76, 0x0f, 0x21,
    0x58, 0x78, 0x25, 0x00, 0x4c, 0x70, 0xde, 0x07, 0x3c, 0x72, 0xc6, 0x36, 0x40, 0x72, 0x98, 0x36,
    0x44, 0x72, 0x6b, 0x36, 0x48, 0x72, 0x17, 0x36, 0x3a, 0x74, 0x52, 0x35, 0x3e, 0x74, 0xff, 0x34,
    0x42, 0x74, 0xd1, 0x34, 0x46, 0x74, 0xa4, 0x34, 0x4a, 0x74, 0x76, 0x14, 0x3a, 0x76, 0x5e, 0x33,
    0x3e, 0x76, 0x30, 0x33, 0x42, 0x76, 0xdd, 0x32, 0x46, 0x76, 0xaf, 0x32, 0x4a, 0x76, 0x82, 0x02,
    0x38, 0x78, 0xc4, 0x31, 0x3c, 0x78, 0x97, 0x31, 0x40, 0x78, 0x69, 0x31, 0x44, 0x78, 0x3c, 0x31,
    0x48, 0x78, 0x0e, 0x21, 0x36, 0x7a, 0x25, 0x00, 0xb2, 0x74, 0x13, 0x31, 0xb6, 0x74, 0x68, 0x31,
    0xba, 0x74, 0x96, 0x31, 0xbe, 0x74, 0xc5, 0x31, 0xc2, 0x74, 0x19, 0x12, 0xb4, 0x76, 0xad, 0x32,
    0xb8, 0x76, 0xdb, 0x32, 0xbc, 0x76, 0x0a, 0x33, 0xc0, 0x76, 0x5e, 0x33, 0xc4, 0x76, 0x8c, 0x33,
    0xb8, 0x78, 0xa3, 0x34, 0xbc, 0x78, 0xd1, 0x34, 0xc0, 0x78, 0x00, 0x35, 0xc4, 0x78, 0x54, 0x35,
    0xc8, 0x78, 0x83, 0x35, 0xba, 0x7a, 0x16, 0x36, 0xbe, 0x7a, 0x6b, 0x36, 0xc2, 0x7a, 0x99, 0x36,
    0xc6, 0x7a, 0xc7, 0x36, 0xca, 0x7a, 0x1c, 0x37, 0xce, 0x7a, 0x4a, 0x17, 0x94, 0x76, 0x00, 0x30,
    0x98, 0x76, 0x54, 0x30, 0x9c, 0x76, 0xa8, 0x30, 0xa0, 0x76, 0x21, 0x31, 0xa4, 0x76, 0x75, 0x31,
    0x96, 0x78, 0xa2, 0x31, 0x9a, 0x78, 0xf6, 0x31, 0x9e, 0x78, 0x4a, 0x32, 0xa2, 0x78, 0x9d, 0x32,
    0xa6, 0x78, 0xf1, 0x32, 0xaa, 0x78, 0x6b, 0x03, 0x98, 0x7a, 0x1e, 0x33, 0x9c, 0x7a, 0x72, 0x33,
    0xa0, 0x7a, 0xec, 0x33, 0xa4, 0x7a, 0x3f, 0x34, 0xa8, 0x7a, 0x93, 0x34, 0xac, 0x7a, 0xe7, 0x04,
    0x9a, 0x7c, 0xc0, 0x34, 0x9e, 0x7c, 0x14, 0x35, 0xa2, 0x7c, 0x68, 0x35, 0xa6, 0x7c, 0xbb, 0x35,
    0xaa, 0x7c, 0x35, 0x36, 0xae, 0x7c, 0x89, 0x16, 0x9c, 0x7e, 0x3c, 0x36, 0xa0, 0x7e, 0xb6, 0x36,
    0xa4, 0x7e, 0x0a, 0x37, 0xa8, 0x7e, 0x5d, 0x27, 0x9e, 0x80, 0xde, 0x07, 0x88, 0x77, 0x25, 0x00,
    0x7a, 0x79, 0xee, 0x30, 0x7e, 0x79, 0x1d, 0x31, 0x82, 0x79, 0x4c, 0x31, 0x86, 0x79, 0x7b, 0x31,
    0x7a, 0x7b, 0xf0, 0x31, 0x7e, 0x7b, 0x1f, 0x32, 0x82, 0x7b, 0x74, 0x32, 0x86, 0x7b, 0xa3, 0x32,
    0x8a, 0x7b, 0xd2, 0x12, 0x7c, 0x7d, 0x75, 0x33, 0x80, 0x7d, 0xa4, 0x33, 0x84, 0x7d, 0xd3, 0x33,
    0x88, 0x7d, 0x28, 0x34, 0x8c, 0x7d, 0x57, 0x04, 0x7c, 0x7f, 0xc9, 0x34, 0x80, 0x7f, 0xf8, 0x34,
    0x84, 0x7f, 0x27, 0x35, 0x88, 0x7f, 0x56, 0x35, 0x8c, 0x7f, 0x85, 0x25, 0x7c, 0x81, 0xf1, 0x35,
    0x80, 0x81, 0x20, 0x36, 0x84, 0x81, 0x4f, 0x36, 0x88, 0x81, 0x7e, 0x36, 0x8c, 0x81, 0xad, 0x36,
    0x90, 0x81, 0xdc, 0x06, 0x7e, 0x83, 0x76, 0x37, 0x82, 0x83, 0xa5, 0x17, 0x58, 0x7a, 0x00, 0x30,
    0x5c, 0x7a, 0x54, 0x30, 0x60, 0x7a, 0x82, 0x30, 0x64, 0x7a, 0xd6, 0x30, 0x68, 0x7a, 0x03, 0x31,
    0x58, 0x7c, 0x30, 0x31, 0x5c, 0x7c, 0x5e, 0x31, 0x60, 0x7c, 0xb2, 0x31, 0x64, 0x7c, 0xe0, 0x31,
    0x68, 0x7c, 0x34, 0x32, 0x58, 0x7e, 0x3b, 0x32, 0x5c, 0x7e, 0x8e, 0x32, 0x60, 0x7e, 0xbc, 0x32,
    0x64, 0x7e, 0x10, 0x33, 0x68, 0x7e, 0x64, 0x33, 0x6c, 0x7e, 0x92, 0x03, 0x58, 0x80, 0x6b, 0x33,
    0x5c, 0x80, 0x99, 0x33, 0x60, 0x80, 0xed, 0x33, 0x64, 0x80, 0x40, 0x34, 0x68, 0x80, 0x6e, 0x34,
    0x6c, 0x80, 0xc2, 0x04, 0x58, 0x82, 0x75, 0x34, 0x5c, 0x82, 0xc9, 0x34, 0x60, 0x82, 0x1d, 0x35,
    0x64, 0x82, 0x4b, 0x35, 0x68, 0x82, 0x9e, 0x35, 0x6c, 0x82, 0xcc, 0x15, 0x58, 0x84, 0xa5, 0x35,
    0x5c, 0x84, 0xf9, 0x35, 0x60, 0x84, 0x27, 0x36, 0x64, 0x84, 0x7b, 0x36, 0x68, 0x84, 0xa9, 0x36,
    0x6c, 0x84, 0xfd, 0x16, 0x58, 0x86, 0xd6, 0x36, 0x5c, 0x86, 0x03, 0x37, 0x60, 0x86, 0x57, 0x37,
    0x64, 0x86, 0xab, 0x27, 0x4a, 0x7c, 0x25, 0x00, 0x36, 0x7e, 0xa0, 0x30, 0x3a, 0x7e, 0xcd, 0x30,
    0x3e, 0x7e, 0xfb, 0x30, 0x42, 0x7e, 0x02, 0x31, 0x46, 0x7e, 0x2f, 0x31, 0x34, 0x80, 0xa3, 0x31,
    0x38, 0x80, 0xaa, 0x31, 0x3c, 0x80, 0xd7, 0x31, 0x40, 0x80, 0x05, 0x32, 0x44, 0x80, 0x0c, 0x32,
    0x48, 0x80, 0x39, 0x12, 0x34, 0x82, 0xb4, 0x32, 0x38, 0x82, 0xe2, 0x32, 0x3c, 0x82, 0x0f, 0x33,
    0x40, 0x82, 0x3c, 0x33, 0x44, 0x82, 0x43, 0x33, 0x48, 0x82, 0x70, 0x03, 0x32, 0x84, 0xb7, 0x33,
    0x36, 0x84, 0xe5, 0x33, 0x3a, 0x84, 0xec, 0x33, 0x3e, 0x84, 0x19, 0x34, 0x42, 0x84, 0x46, 0x34,
    0x46, 0x84, 0x4d, 0x24, 0x32, 0x86, 0xef, 0x34, 0x36, 0x86, 0xf6, 0x34, 0x3a, 0x86, 0x23, 0x35,
    0x3e, 0x86, 0x50, 0x35, 0x42, 0x86, 0x57, 0x35, 0x46, 0x86, 0x85, 0x15, 0x30, 0x88, 0xcc, 0x35,
    0x34, 0x88, 0xf9, 0x35, 0x38, 0x88, 0x00, 0x36, 0x3c, 0x88, 0x2d, 0x36, 0x40, 0x88, 0x5a, 0x36,
    0x44, 0x88, 0x62, 0x36, 0x30, 0x8a, 0x03, 0x37, 0x34, 0x8a, 0x0a, 0x37, 0x38, 0x8a, 0x37, 0x37,
    0x3c, 0x8a, 0x65, 0x27, 0xa2, 0x69, 0xe1, 0x38, 0xa6, 0x69, 0x8b, 0x38, 0xaa, 0x69, 0x36, 0x38,
    0xae, 0x69, 0xe0, 0x17, 0xa6, 0x6b, 0x52, 0x36, 0xaa, 0x6b, 0xfd, 0x35, 0xae, 0x6b, 0xcd, 0x35,
    0xb2, 0x6b, 0x78, 0x05, 0xa8, 0x6d, 0x6f, 0x34, 0xac, 0x6d, 0x19, 0x34, 0xb0, 0x6d, 0xea, 0x33,
    0xb4, 0x6d, 0x94, 0x13, 0xac, 0x6f, 0x06, 0x32, 0xb0, 0x6f, 0xb1, 0x31, 0xb4, 0x6f, 0x5b, 0x31,
    0xb8, 0x6f, 0x06, 0x11, 0x8c, 0x6b, 0x8b, 0x38, 0x90, 0x6b, 0x5d, 0x38, 0x94, 0x6b, 0x08, 0x38,
    0x98, 0x6b, 0xb4, 0x17, 0x8e, 0x6d, 0x53, 0x36, 0x92, 0x6d, 0x24, 0x36, 0x96, 0x6d, 0xd0, 0x35,
    0x9a, 0x6d, 0x7b, 0x15, 0x90, 0x6f, 0x40, 0x34, 0x94, 0x6f, 0xeb, 0x33, 0x98, 0x6f, 0x97, 0x33,
    0x9c, 0x6f, 0x42, 0x23, 0x92, 0x71, 0x07, 0x32, 0x96, 0x71, 0xb3, 0x31, 0x9a, 0x71, 0x5e, 0x31,
    0x9e, 0x71, 0x09, 0x21, 0x92, 0x73, 0x25, 0x00, 0x74, 0x6e, 0x60, 0x37, 0x78, 0x6e, 0xe5, 0x36,
    0x7c, 0x6e, 0x43, 0x36, 0x80, 0x6e, 0xc8, 0x25, 0x74, 0x70, 0xed, 0x35, 0x78, 0x70, 0x72, 0x35,
    0x7c, 0x70, 0xf7, 0x34, 0x80, 0x70, 0x56, 0x34, 0x76, 0x72, 0x85, 0x33, 0x7a, 0x72, 0x0a, 0x33,
    0x7e, 0x72, 0x69, 0x32, 0x82, 0x72, 0xed, 0x21, 0x76, 0x74, 0x12, 0x32, 0x7a, 0x74, 0x97, 0x31,
    0x7e, 0x74, 0x1c, 0x31, 0x82, 0x74, 0x7b, 0x30, 0x86, 0x74, 0x00, 0x00, 0x68, 0x6e, 0xde, 0x07,
    0x58, 0x70, 0xf4, 0x36, 0x5c, 0x70, 0xc6, 0x36, 0x60, 0x70, 0x99, 0x36, 0x64, 0x70, 0x6b, 0x36,
    0x68, 0x70, 0x17, 0x06, 0x58, 0x72, 0x53, 0x35, 0x5c, 0x72, 0x26, 0x35, 0x60, 0x72, 0xd2, 0x34,
    0x64, 0x72, 0xa4, 0x34, 0x68, 0x72, 0x77, 0x14, 0x58, 0x74, 0x8c, 0x33, 0x5c, 0x74, 0x5f, 0x33,
    0x60, 0x74, 0x31, 0x33, 0x64, 0x74, 0x04, 0x33, 0x68, 0x74, 0xb0, 0x12, 0x58, 0x76, 0xec, 0x31,
    0x5c, 0x76, 0x98, 0x31, 0x60, 0x76, 0x6a, 0x31, 0x64, 0x76, 0x3d, 0x31, 0x68, 0x76, 0x0f, 0x21,
    0x58, 0x78, 0x25, 0x00, 0x4c, 0x70, 0xde, 0x07, 0x3c, 0x72, 0xc6, 0x36, 0x40, 0x72, 0x98, 0x36,
    0x44, 0x72, 0x6b, 0x36, 0x48, 0x72, 0x17, 0x36, 0x3a, 0x74, 0x52, 0x35, 0x3e, 0x74, 0xff, 0x34,
    0x42, 0x74, 0xd1, 0x34, 0x46, 0x74, 0xa4, 0x34, 0x4a, 0x74, 0x76, 0x14, 0x3a, 0x76, 0x5e, 0x33,
    0x3e, 0x76, 0x30, 0x33, 0x42, 0x76, 0xdd, 0x32, 0x46, 0x76, 0xaf, 0x32, 0x4a, 0x76, 0x82, 0x02,
    0x38, 0x78, 0xc4, 0x31, 0x3c, 0x78, 0x97, 0x31, 0x40, 0x78, 0x69, 0x31, 0x44, 0x78, 0x3c, 0x31,
    0x48, 0x78, 0x0e, 0x21, 0x36, 0x7a, 0x25, 0x00, 0xb4, 0x75, 0x14, 0x31, 0xb8, 0x75, 0x43, 0x31,
    0xbc, 0x75, 0x71, 0x31, 0xc0, 0x75, 0xa0, 0x31, 0xc4, 0x75, 0xf4, 0x01, 0xb6, 0x77, 0x8f, 0x32,
    0xba, 0x77, 0xbd, 0x32, 0xbe, 0x77, 0x12, 0x33, 0xc2, 0x77, 0x40, 0x33, 0xc6, 0x77, 0x6f, 0x13,
    0xb8, 0x79, 0x03, 0x34, 0xbc, 0x79, 0x32, 0x34, 0xc0, 0x79, 0x60, 0x34, 0xc4, 0x79, 0x8f, 0x34,
    0xc8, 0x79, 0xe3, 0x24, 0xbc, 0x7b, 0xd4, 0x35, 0xc0, 0x7b, 0x03, 0x36, 0xc4, 0x7b, 0x32, 0x36,
    0xc8, 0x7b, 0x60, 0x36, 0xcc, 0x7b, 0x8f, 0x26, 0xbe, 0x7d, 0x4f, 0x37, 0xc2, 0x7d, 0x7e, 0x37,
    0xc6, 0x7d, 0xac, 0x17, 0xa6, 0x75, 0x25, 0x00, 0x96, 0x77, 0xec, 0x30, 0x9a, 0x77, 0x1a, 0x31,
    0x9e, 0x77, 0x48, 0x31, 0xa2, 0x77, 0x76, 0x31, 0xa6, 0x77, 0xa4, 0x21, 0x98, 0x79, 0x69, 0x32,
    0x9c, 0x79, 0x97, 0x32, 0xa0, 0x79, 0xc5, 0x32, 0xa4, 0x79, 0xf3, 0x32, 0xa8, 0x79, 0x20, 0x23,
    0x9a, 0x7b, 0xc0, 0x33, 0x9e, 0x7b, 0xee, 0x33, 0xa2, 0x7b, 0x1b, 0x34, 0xa6, 0x7b, 0x49, 0x34,
    0xaa, 0x7b, 0x77, 0x24, 0x9a, 0x7d, 0x0d, 0x35, 0x9e, 0x7d, 0x3a, 0x35, 0xa2, 0x7d, 0x68, 0x35,
    0xa6, 0x7d, 0x96, 0x35, 0xaa, 0x7d, 0xc4, 0x35, 0xae, 0x7d, 0xf2, 0x05, 0x9c, 0x7f, 0x63, 0x36,
    0xa0, 0x7f, 0x91, 0x36, 0xa4, 0x7f, 0xe5, 0x36, 0xa8, 0x7f, 0x13, 0x37, 0xac, 0x7f, 0x41, 0x37,
    0xb0, 0x7f, 0x6f, 0x17, 0x88, 0x77, 0x25, 0x00, 0x7a, 0x79, 0xef, 0x30, 0x7e, 0x79, 0x1e, 0x31,
    0x82, 0x79, 0x4d, 0x31, 0x86, 0x79, 0x7c, 0x31, 0x7a, 0x7b, 0x1e, 0x32, 0x7e, 0x7b, 0x4d, 0x32,
    0x82, 0x7b, 0xa2, 0x32, 0x86, 0x7b, 0xd1, 0x32, 0x8a, 0x7b, 0x00, 0x03, 0x7a, 0x7d, 0x46, 0x33,
    0x7e, 0x7d, 0x75, 0x33, 0x82, 0x7d, 0xa4, 0x33, 0x86, 0x7d, 0xf9, 0x33, 0x8a, 0x7d, 0x28, 0x14,
    0x7a, 0x7f, 0x9b, 0x34, 0x7e, 0x7f, 0xca, 0x34, 0x82, 0x7f, 0xf9, 0x34, 0x86, 0x7f, 0x28, 0x35,
    0x8a, 0x7f, 0x57, 0x35, 0x7c, 0x81, 0x21, 0x36, 0x80, 0x81, 0x50, 0x36, 0x84, 0x81, 0x7f, 0x36,
    0x88, 0x81, 0xae, 0x36, 0x8c, 0x81, 0xdd, 0x26, 0x7c, 0x83, 0x76, 0x37, 0x80, 0x83, 0xa5, 0x37,
    0x84, 0x83, 0xd4, 0x17, 0x58, 0x7a, 0xc6, 0x30, 0x5c, 0x7a, 0xcd, 0x30, 0x60, 0x7a, 0xfb, 0x30,
    0x64, 0x7a, 0x28, 0x31, 0x68, 0x7a, 0x56, 0x31, 0x58, 0x7c, 0xd0, 0x31, 0x5c, 0x7c, 0xfe, 0x31,
    0x60, 0x7c, 0x2b, 0x32, 0x64, 0x7c, 0x33, 0x32, 0x68, 0x7c, 0x60, 0x32, 0x58, 0x7e, 0x01, 0x33,
    0x5c, 0x7e, 0x2e, 0x33, 0x60, 0x7e, 0x36, 0x33, 0x64, 0x7e, 0x63, 0x33, 0x68, 0x7e, 0x91, 0x33,
    0x58, 0x80, 0x0b, 0x34, 0x5c, 0x80, 0x39, 0x34, 0x60, 0x80, 0x66, 0x34, 0x64, 0x80, 0x94, 0x34,
    0x68, 0x80, 0x9b, 0x34, 0x56, 0x82, 0x0d, 0x35, 0x5a, 0x82, 0x3a, 0x35, 0x5e, 0x82, 0x67, 0x35,
    0x62, 0x82, 0x6f, 0x35, 0x66, 0x82, 0x9c, 0x35, 0x6a, 0x82, 0xca, 0x15, 0x56, 0x84, 0x3d, 0x36,
    0x5a, 0x84, 0x45, 0x36, 0x5e, 0x84, 0x72, 0x36, 0x62, 0x84, 0x9f, 0x36, 0x66, 0x84, 0xcd, 0x36,
    0x6a, 0x84, 0xd4, 0x16, 0x56, 0x86, 0x48, 0x37, 0x5a, 0x86, 0x75, 0x37, 0x5e, 0x86, 0xa2, 0x27,
    0x4a, 0x7a, 0x25, 0x00, 0x36, 0x7c, 0x53, 0x30, 0x3a, 0x7c, 0x81, 0x30, 0x3e, 0x7c, 0xd4, 0x30,
    0x42, 0x7c, 0x02, 0x31, 0x46, 0x7c, 0x55, 0x31, 0x34, 0x7e, 0x31, 0x31, 0x38, 0x7e, 0x5e, 0x31,
    0x3c, 0x7e, 0xb2, 0x31, 0x40, 0x7e, 0xdf, 0x31, 0x44, 0x7e, 0x33, 0x32, 0x48, 0x7e, 0x60, 0x02,
    0x34, 0x80, 0x8f, 0x32, 0x38, 0x80, 0xbc, 0x32, 0x3c, 0x80, 0x10, 0x33, 0x40, 0x80, 0x3d, 0x33,
    0x44, 0x80, 0x91, 0x33, 0x32, 0x82, 0x6c, 0x33, 0x36, 0x82, 0xbf, 0x33, 0x3a, 0x82, 0xed, 0x33,
    0x3e, 0x82, 0x40, 0x34, 0x42, 0x82, 0x6e, 0x34, 0x46, 0x82, 0xc1, 0x14, 0x30, 0x84, 0x74, 0x34,
    0x34, 0x84, 0xc8, 0x34, 0x38, 0x84, 0xf5, 0x34, 0x3c, 0x84, 0x49, 0x35, 0x40, 0x84, 0x76, 0x35,
    0x44, 0x84, 0xca, 0x25, 0x30, 0x86, 0xf8, 0x35, 0x34, 0x86, 0x26, 0x36, 0x38, 0x86, 0x79, 0x36,
    0x3c, 0x86, 0xa7, 0x36, 0x40, 0x86, 0xfa, 0x36, 0x44, 0x86, 0x28, 0x17, 0x2e, 0x88, 0xd5, 0x36,
    0x32, 0x88, 0x03, 0x37, 0x36, 0x88, 0x56, 0x37, 0x3a, 0x88, 0x84, 0x37, 0x3e, 0x88, 0xd7, 0x37,
    0x42, 0x88, 0x05, 0x38, 0x2c, 0x8a, 0xde, 0x07, 0xb2, 0x69, 0xde, 0x07, 0xa8, 0x6b, 0x9e, 0x36,
    0xac, 0x6b, 0x49, 0x36, 0xb0, 0x6b, 0xf4, 0x35, 0xb4, 0x6b, 0xc5, 0x05, 0xaa, 0x6d, 0xb2, 0x34,
    0xae, 0x6d, 0x5d, 0x34, 0xb2, 0x6d, 0x2e, 0x34, 0xb6, 0x6d, 0xd9, 0x13, 0xac, 0x6f, 0xc5, 0x32,
    0xb0, 0x6f, 0x70, 0x32, 0xb4, 0x6f, 0x41, 0x32, 0xb8, 0x6f, 0xec, 0x21, 0xae, 0x71, 0xd9, 0x30,
    0xb2, 0x71, 0x84, 0x30, 0xb6, 0x71, 0x55, 0x30, 0xba, 0x71, 0x00, 0x30, 0x8e, 0x6b, 0x8c, 0x38,
    0x92, 0x6b, 0x37, 0x38, 0x96, 0x6b, 0x08, 0x38, 0x9a, 0x6b, 0xb4, 0x17, 0x90, 0x6d, 0x9e, 0x36,
    0x94, 0x6d, 0x49, 0x36, 0x98, 0x6d, 0x1a, 0x36, 0x9c, 0x6d, 0xc6, 0x15, 0x90, 0x6f, 0xe1, 0x34,
    0x94, 0x6f, 0xb2, 0x34, 0x98, 0x6f, 0x5d, 0x34, 0x9c, 0x6f, 0x2f, 0x34, 0x92, 0x71, 0xc6, 0x32,
    0x96, 0x71, 0x71, 0x32, 0x9a, 0x71, 0x43, 0x32, 0x9e, 0x71, 0xee, 0x31, 0x94, 0x73, 0xd8, 0x30,
    0x98, 0x73, 0x83, 0x30, 0x9c, 0x73, 0x55, 0x30, 0xa0, 0x73, 0x00, 0x30, 0x82, 0x6c, 0xde, 0x07,
    0x76, 0x6e, 0x37, 0x37, 0x7a, 0x6e, 0xbc, 0x36, 0x7e, 0x6e, 0x1b, 0x36, 0x82, 0x6e, 0x9f, 0x15,
    0x76, 0x70, 0x71, 0x35, 0x7a, 0x70, 0xd0, 0x34, 0x7e, 0x70, 0x55, 0x34, 0x82, 0x70, 0xda, 0x23,
    0x76, 0x72, 0xff, 0x33, 0x7a, 0x72, 0x5d, 0x33, 0x7e, 0x72, 0xe2, 0x32, 0x82, 0x72, 0x67, 0x32,
    0x78, 0x74, 0x6f, 0x31, 0x7c, 0x74, 0xf4, 0x30, 0x80, 0x74, 0x53, 0x30, 0x6a, 0x6e, 0xde, 0x07,
    0x5a, 0x70, 0xcd, 0x36, 0x5e, 0x70, 0xa0, 0x36, 0x62, 0x70, 0x72, 0x36, 0x66, 0x70, 0x1e, 0x36,
    0x6a, 0x70, 0xf0, 0x05, 0x5a, 0x72, 0xe0, 0x34, 0x5e, 0x72, 0xb2, 0x34, 0x62, 0x72, 0x5e, 0x34,
    0x66, 0x72, 0x31, 0x34, 0x6a, 0x72, 0x03, 0x04, 0x5a, 0x74, 0xc7, 0x32, 0x5e, 0x74, 0x99, 0x32,
    0x62, 0x74, 0x45, 0x32, 0x66, 0x74, 0x17, 0x32, 0x6a, 0x74, 0xea, 0x01, 0x5a, 0x76, 0xd9, 0x30,
    0x5e, 0x76, 0xab, 0x30, 0x62, 0x76, 0x58, 0x30, 0x66, 0x76, 0x2a, 0x30, 0x4e, 0x6f, 0xde, 0x07,
    0x3e, 0x71, 0x2e, 0x36, 0x42, 0x71, 0x26, 0x36, 0x46, 0x71, 0x1e, 0x36, 0x4a, 0x71, 0x17, 0x36,
    0x3c, 0x73, 0x6e, 0x34, 0x40, 0x73, 0x67, 0x34, 0x44, 0x73, 0x5f, 0x34, 0x48, 0x73, 0x57, 0x34,
    0x4c, 0x73, 0x4f, 0x04, 0x3a, 0x75, 0xcf, 0x32, 0x3e, 0x75, 0xc7, 0x32, 0x42, 0x75, 0xbf, 0x32,
    0x46, 0x75, 0xb8, 0x32, 0x4a, 0x75, 0xb0, 0x22, 0x3a, 0x77, 0x00, 0x31, 0x3e, 0x77, 0xf8, 0x30,
    0x42, 0x77, 0xf0, 0x30, 0x46, 0x77, 0xe9, 0x30, 0x4a, 0x77, 0xe1, 0x10, 0xc4, 0x74, 0x25, 0x00,
    0xb6, 0x76, 0x14, 0x31, 0xba, 0x76, 0x42, 0x31, 0xbe, 0x76, 0x70, 0x31, 0xc2, 0x76, 0x9e, 0x31,
    0xc6, 0x76, 0xcc, 0x11, 0xb8, 0x78, 0x8f, 0x32, 0xbc, 0x78, 0xbd, 0x32, 0xc0, 0x78, 0xeb, 0x32,
    0xc4, 0x78, 0x3f, 0x33, 0xc8, 0x78, 0x6d, 0x23, 0xba, 0x7a, 0x30, 0x34, 0xbe, 0x7a, 0x5e, 0x34,
    0xc2, 0x7a, 0x8c, 0x34, 0xc6, 0x7a, 0xbb, 0x34, 0xca, 0x7a, 0xe9, 0x34, 0xbc, 0x7c, 0x7f, 0x35,
    0xc0, 0x7c, 0xad, 0x35, 0xc4, 0x7c, 0x01, 0x36, 0xc8, 0x7c, 0x30, 0x36, 0xcc, 0x7c, 0x5e, 0x36,
    0xd0, 0x7c, 0x8c, 0x06, 0xbe, 0x7e, 0x20, 0x37, 0xc2, 0x7e, 0x4f, 0x37, 0xc6, 0x7e, 0x7d, 0x37,
    0xca, 0x7e, 0xab, 0x37, 0xce, 0x7e, 0xd9, 0x37, 0xd2, 0x7e, 0x2d, 0x18, 0x96, 0x78, 0xbf, 0x30,
    0x9a, 0x78, 0x13, 0x31, 0x9e, 0x78, 0x40, 0x31, 0xa2, 0x78, 0x6e, 0x31, 0xa6, 0x78, 0x9c, 0x31,
    0x98, 0x7a, 0x62, 0x32, 0x9c, 0x7a, 0x90, 0x32, 0xa0, 0x7a, 0xbe, 0x32, 0xa4, 0x7a, 0x12, 0x33,
    0xa8, 0x7a, 0x3f, 0x33, 0x9a, 0x7c, 0x31, 0x34, 0x9e, 0x7c, 0x5f, 0x34, 0xa2, 0x7c, 0x8d, 0x34,
    0xa6, 0x7c, 0xbb, 0x34, 0xaa, 0x7c, 0xe9, 0x34, 0x9a, 0x7e, 0x7e, 0x35, 0x9e, 0x7e, 0xac, 0x35,
    0xa2, 0x7e, 0xda, 0x35, 0xa6, 0x7e, 0x08, 0x36, 0xaa, 0x7e, 0x5c, 0x36, 0xae, 0x7e, 0x8a, 0x16,
    0x9c, 0x80, 0x21, 0x37, 0xa0, 0x80, 0x4f, 0x37, 0xa4, 0x80, 0x7d, 0x37, 0xa8, 0x80, 0xab, 0x37,
    0xac, 0x80, 0xd9, 0x37, 0xb0, 0x80, 0x2d, 0x18, 0x88, 0x77, 0x25, 0x00, 0x78, 0x79, 0xc0, 0x30,
    0x7c, 0x79, 0xee, 0x30, 0x80, 0x79, 0x1d, 0x31, 0x84, 0x79, 0x4b, 0x31, 0x88, 0x79, 0x7a, 0x01,
    0x78, 0x7b, 0x14, 0x32, 0x7c, 0x7b, 0x69, 0x32, 0x80, 0x7b, 0x98, 0x32, 0x84, 0x7b, 0xc6, 0x32,
    0x88, 0x7b, 0xf5, 0x12, 0x7a, 0x7d, 0xc0, 0x33, 0x7e, 0x7d, 0xee, 0x33, 0x82, 0x7d, 0x43, 0x34,
    0x86, 0x7d, 0x72, 0x34, 0x8a, 0x7d, 0xa0, 0x04, 0x7a, 0x7f, 0x3b, 0x35, 0x7e, 0x7f, 0x69, 0x35,
    0x82, 0x7f, 0x98, 0x35, 0x86, 0x7f, 0xc6, 0x35, 0x8a, 0x7f, 0xf5, 0x15, 0x7a, 0x81, 0x63, 0x36,
    0x7e, 0x81, 0xb8, 0x36, 0x82, 0x81, 0xe6, 0x36, 0x86, 0x81, 0x15, 0x37, 0x8a, 0x81, 0x43, 0x27,
    0x7a, 0x83, 0xde, 0x07, 0x58, 0x78, 0x08, 0x30, 0x5c, 0x78, 0x10, 0x30, 0x60, 0x78, 0x17, 0x30,
    0x64, 0x78, 0x1f, 0x30, 0x68, 0x78, 0x27, 0x20, 0x58, 0x7a, 0x39, 0x31, 0x5c, 0x7a, 0x41, 0x31,
    0x60, 0x7a, 0x49, 0x31, 0x64, 0x7a, 0x50, 0x31, 0x68, 0x7a, 0x58, 0x21, 0x56, 0x7c, 0x60, 0x32,
    0x5a, 0x7c, 0x68, 0x32, 0x5e, 0x7c, 0x70, 0x32, 0x62, 0x7c, 0x78, 0x32, 0x66, 0x7c, 0x80, 0x32,
    0x6a, 0x7c, 0x87, 0x02, 0x56, 0x7e, 0x92, 0x33, 0x5a, 0x7e, 0x99, 0x33, 0x5e, 0x7e, 0xa1, 0x33,
    0x62, 0x7e, 0xa9, 0x33, 0x66, 0x7e, 0xb1, 0x33, 0x6a, 0x7e, 0xb9, 0x03, 0x56, 0x80, 0xef, 0x34,
    0x5a, 0x80, 0xf6, 0x34, 0x5e, 0x80, 0xfe, 0x34, 0x62, 0x80, 0x06, 0x35, 0x66, 0x80, 0x0e, 0x35,
    0x6a, 0x80, 0x16, 0x05, 0x54, 0x82, 0x16, 0x36, 0x58, 0x82, 0x1e, 0x36, 0x5c, 0x82, 0x26, 0x36,
    0x60, 0x82, 0x2d, 0x36, 0x64, 0x82, 0x35, 0x36, 0x68, 0x82, 0x3d, 0x26, 0x54, 0x84, 0x47, 0x37,
    0x58, 0x84, 0x4f, 0x37, 0x5c, 0x84, 0x57, 0x37, 0x60, 0x84, 0x5f, 0x37, 0x64, 0x84, 0x66, 0x37,
    0x68, 0x84, 0x6e, 0x27, 0x36, 0x79, 0x07, 0x30, 0x3a, 0x79, 0x0f, 0x30, 0x3e, 0x79, 0x16, 0x30,
    0x42, 0x79, 0x1e, 0x30, 0x46, 0x79, 0x25, 0x30, 0x34, 0x7b, 0x0b, 0x31, 0x38, 0x7b, 0x12, 0x31,
    0x3c, 0x7b, 0x1a, 0x31, 0x40, 0x7b, 0x21, 0x31, 0x44, 0x7b, 0x28, 0x31, 0x48, 0x7b, 0x30, 0x01,
    0x34, 0x7d, 0x1d, 0x32, 0x38, 0x7d, 0x24, 0x32, 0x3c, 0x7d, 0x2c, 0x32, 0x40, 0x7d, 0x33, 0x32,
    0x44, 0x7d, 0x3b, 0x32, 0x32, 0x7f, 0x26, 0x33, 0x36, 0x7f, 0x2e, 0x33, 0x3a, 0x7f, 0x35, 0x33,
    0x3e, 0x7f, 0x3c, 0x33, 0x42, 0x7f, 0x44, 0x33, 0x46, 0x7f, 0x4b, 0x03, 0x30, 0x81, 0x2a, 0x34,
    0x34, 0x81, 0x31, 0x34, 0x38, 0x81, 0x38, 0x34, 0x3c, 0x81, 0x40, 0x34, 0x40, 0x81, 0x47, 0x34,
    0x44, 0x81, 0x4f, 0x14, 0x2e, 0x83, 0x33, 0x35, 0x32, 0x83, 0x3a, 0x35, 0x36, 0x83, 0x41, 0x35,
    0x3a, 0x83, 0x49, 0x35, 0x3e, 0x83, 0x50, 0x35, 0x42, 0x83, 0x58, 0x25, 0x2e, 0x85, 0x45, 0x36,
    0x32, 0x85, 0x4c, 0x36, 0x36, 0x85, 0x54, 0x36, 0x3a, 0x85, 0x5b, 0x36, 0x3e, 0x85, 0x62, 0x36,
    0x42, 0x85, 0x6a, 0x16, 0x2c, 0x87, 0x4e, 0x37, 0x30, 0x87, 0x55, 0x37, 0x34, 0x87, 0x5d, 0x27,
    0xb6, 0x6a, 0xde, 0x07, 0xaa, 0x6c, 0xa1, 0x36, 0xae, 0x6c, 0x72, 0x36, 0xb2, 0x6c, 0x1e, 0x36,
    0xb6, 0x6c, 0xef, 0x25, 0xac, 0x6e, 0xb4, 0x34, 0xb0, 0x6e, 0x85, 0x34, 0xb4, 0x6e, 0x31, 0x34,
    0xb8, 0x6e, 0x02, 0x34, 0xae, 0x70, 0xc7, 0x32, 0xb2, 0x70, 0x98, 0x32, 0xb6, 0x70, 0x44, 0x32,
    0xba, 0x70, 0xef, 0x31, 0xb0, 0x72, 0xda, 0x30, 0xb4, 0x72, 0x85, 0x30, 0xb8, 0x72, 0x57, 0x30,
    0xbc, 0x72, 0x02, 0x30, 0x90, 0x6d, 0x9f, 0x36, 0x94, 0x6d, 0x72, 0x36, 0x98, 0x6d, 0x1e, 0x36,
    0x9c, 0x6d, 0xf0, 0x35, 0x90, 0x6f, 0xe1, 0x34, 0x94, 0x6f, 0xb3, 0x34, 0x98, 0x6f, 0x86, 0x34,
    0x9c, 0x6f, 0x32, 0x34, 0xa0, 0x6f, 0x04, 0x14, 0x92, 0x71, 0xf3, 0x32, 0x96, 0x71, 0xc5, 0x32,
    0x9a, 0x71, 0x72, 0x32, 0x9e, 0x71, 0x44, 0x32, 0xa2, 0x71, 0x16, 0x12, 0x94, 0x73, 0xd9, 0x30,
    0x98, 0x73, 0xab, 0x30, 0x9c, 0x73, 0x58, 0x30, 0xa0, 0x73, 0x2a, 0x30, 0x76, 0x6c, 0xe2, 0x38,
    0x7a, 0x6c, 0x8d, 0x38, 0x7e, 0x6c, 0x38, 0x38, 0x82, 0x6c, 0x09, 0x28, 0x78, 0x6e, 0x9e, 0x36,
    0x7c, 0x6e, 0x49, 0x36, 0x80, 0x6e, 0xf4, 0x35, 0x84, 0x6e, 0xc5, 0x05, 0x78, 0x70, 0xb2, 0x34,
    0x7c, 0x70, 0x5d, 0x34, 0x80, 0x70, 0x2e, 0x34, 0x84, 0x70, 0xd9, 0x13, 0x78, 0x72, 0xc5, 0x32,
    0x7c, 0x72, 0x70, 0x32, 0x80, 0x72, 0x41, 0x32, 0x84, 0x72, 0xec, 0x21, 0x78, 0x74, 0xd9, 0x30,
    0x7c, 0x74, 0x84, 0x30, 0x80, 0x74, 0x55, 0x30, 0x84, 0x74, 0x00, 0x30, 0x5a, 0x6f, 0xf5, 0x36,
    0x5e, 0x6f, 0xc7, 0x36, 0x62, 0x6f, 0x9a, 0x36, 0x66, 0x6f, 0x6c, 0x36, 0x6a, 0x6f, 0x3e, 0x16,
    0x5a, 0x71, 0x53, 0x35, 0x5e, 0x71, 0xff, 0x34, 0x62, 0x71, 0xd2, 0x34, 0x66, 0x71, 0xa4, 0x34,
    0x6a, 0x71, 0x76, 0x14, 0x5a, 0x73, 0x5f, 0x33, 0x5e, 0x73, 0x31, 0x33, 0x62, 0x73, 0x04, 0x33,
    0x66, 0x73, 0xb0, 0x32, 0x6a, 0x73, 0x82, 0x12, 0x5a, 0x75, 0x97, 0x31, 0x5e, 0x75, 0x69, 0x31,
    0x62, 0x75, 0x3c, 0x31, 0x66, 0x75, 0x0e, 0x31, 0x6a, 0x75, 0xba, 0x10, 0x58, 0x77, 0x25, 0x00,
    0x40, 0x70, 0xc3, 0x36, 0x44, 0x70, 0x6f, 0x36, 0x48, 0x70, 0x42, 0x36, 0x4c, 0x70, 0x14, 0x26,
    0x3e, 0x72, 0xfd, 0x34, 0x42, 0x72, 0xd0, 0x34, 0x46, 0x72, 0xa2, 0x34, 0x4a, 0x72, 0x74, 0x34,
    0x3c, 0x74, 0x5d, 0x33, 0x40, 0x74, 0x30, 0x33, 0x44, 0x74, 0xdc, 0x32, 0x48, 0x74, 0xaf, 0x32,
    0x4c, 0x74, 0x81, 0x02, 0x3a, 0x76, 0x97, 0x31, 0x3e, 0x76, 0x6a, 0x31, 0x42, 0x76, 0x3c, 0x31,
    0x46, 0x76, 0x0f, 0x31, 0x4a, 0x76, 0xbb, 0x10, 0xc4, 0x74, 0x25, 0x00, 0xb6, 0x76, 0x14, 0x31,
    0xba, 0x76, 0x42, 0x31, 0xbe, 0x76, 0x70, 0x31, 0xc2, 0x76, 0x9e, 0x31, 0xc6, 0x76, 0xcc, 0x11,
    0xb8, 0x78, 0x8f, 0x32, 0xbc, 0x78, 0xbd, 0x32, 0xc0, 0x78, 0xeb, 0x32, 0xc4, 0x78, 0x3f, 0x33,
    0xc8, 0x78, 0x6d, 0x23, 0xba, 0x7a, 0x30, 0x34, 0xbe, 0x7a, 0x5e, 0x34, 0xc2, 0x7a, 0x8c, 0x34,
    0xc6, 0x7a, 0xbb, 0x34, 0xca, 0x7a, 0xe9, 0x34, 0xbc, 0x7c, 0x7f, 0x35, 0xc0, 0x7c, 0xad, 0x35,
    0xc4, 0x7c, 0x01, 0x36, 0xc8, 0x7c, 0x30, 0x36, 0xcc, 0x7c, 0x5e, 0x36, 0xd0, 0x7c, 0x8c, 0x06,
    0xbe, 0x7e, 0x20, 0x37, 0xc2, 0x7e, 0x4f, 0x37, 0xc6, 0x7e, 0x7d, 0x37, 0xca, 0x7e, 0xab, 0x37,
    0xce, 0x7e, 0xd9, 0x37, 0xd2, 0x7e, 0x2d, 0x18, 0x96, 0x78, 0xbf, 0x30, 0x9a, 0x78, 0x13, 0x31,
    0x9e, 0x78, 0x40, 0x31, 0xa2, 0x78, 0x6e, 0x31, 0xa6, 0x78, 0x9c, 0x31, 0x98, 0x7a, 0x62, 0x32,
    0x9c, 0x7a, 0x90, 0x32, 0xa0, 0x7a, 0xbe, 0x32, 0xa4, 0x7a, 0x12, 0x33, 0xa8, 0x7a, 0x3f, 0x33,
    0x9a, 0x7c, 0x31, 0x34, 0x9e, 0x7c, 0x5f, 0x34, 0xa2, 0x7c, 0x8d, 0x34, 0xa6, 0x7c, 0xbb, 0x34,
    0xaa, 0x7c, 0xe9, 0x34, 0x9a, 0x7e, 0x7e, 0x35, 0x9e, 0x7e, 0xac, 0x35, 0xa2, 0x7e, 0xda, 0x35,
    0xa6, 0x7e, 0x08, 0x36, 0xaa, 0x7e, 0x5c, 0x36, 0xae, 0x7e, 0x8a, 0x16, 0x9c, 0x80, 0x21, 0x37,
    0xa0, 0x80, 0x4f, 0x37, 0xa4, 0x80, 0x7d, 0x37, 0xa8, 0x80, 0xab, 0x37, 0xac, 0x80, 0xd9, 0x37,
    0xb0, 0x80, 0x2d, 0x18, 0x88, 0x77, 0x25, 0x00, 0x78, 0x79, 0xc0, 0x30, 0x7c, 0x79, 0xee, 0x30,
    0x80, 0x79, 0x1d, 0x31, 0x84, 0x79, 0x4b, 0x31, 0x88, 0x79, 0x7a, 0x01, 0x78, 0x7b, 0x14, 0x32,
    0x7c, 0x7b, 0x69, 0x32, 0x80, 0x7b, 0x98, 0x32, 0x84, 0x7b, 0xc6, 0x32, 0x88, 0x7b, 0xf5, 0x12,
    0x7a, 0x7d, 0xc0, 0x33, 0x7e, 0x7d, 0xee, 0x33, 0x82, 0x7d, 0x43, 0x34, 0x86, 0x7d, 0x72, 0x34,
    0x8a, 0x7d, 0xa0, 0x04, 0x7a, 0x7f, 0x3b, 0x35, 0x7e, 0x7f, 0x69, 0x35, 0x82, 0x7f, 0x98, 0x35,
    0x86, 0x7f, 0xc6, 0x35, 0x8a, 0x7f, 0xf5, 0x15, 0x7a, 0x81, 0x63, 0x36, 0x7e, 0x81, 0xb8, 0x36,
    0x82, 0x81, 0xe6, 0x36, 0x86, 0x81, 0x15, 0x37, 0x8a, 0x81, 0x43, 0x27, 0x7a, 0x83, 0xde, 0x07,
    0x58, 0x78, 0x08, 0x30, 0x5c, 0x78, 0x10, 0x30, 0x60, 0x78, 0x17, 0x30, 0x64, 0x78, 0x1f, 0x30,
    0x68, 0x78, 0x27, 0x20, 0x58, 0x7a, 0x39, 0x31, 0x5c, 0x7a, 0x41, 0x31, 0x60, 0x7a, 0x49, 0x31,
    0x64, 0x7a, 0x50, 0x31, 0x68, 0x7a, 0x58, 0x21, 0x56, 0x7c, 0x60, 0x32, 0x5a, 0x7c, 0x68, 0x32,
    0x5e, 0x7c, 0x70, 0x32, 0x62, 0x7c, 0x78, 0x32, 0x66, 0x7c, 0x80, 0x32, 0x6a, 0x7c, 0x87, 0x02,
    0x56, 0x7e, 0x92, 0x33, 0x5a, 0x7e, 0x99, 0x33, 0x5e, 0x7e, 0xa1, 0x33, 0x62, 0x7e, 0xa9, 0x33,
    0x66, 0x7e, 0xb1, 0x33, 0x6a, 0x7e, 0xb9, 0x03, 0x56, 0x80, 0xef, 0x34, 0x5a, 0x80, 0xf6, 0x34,
    0x5e, 0x80, 0xfe, 0x34, 0x62, 0x80, 0x06, 0x35, 0x66, 0x80, 0x0e, 0x35, 0x6a, 0x80, 0x16, 0x05,
    0x54, 0x82, 0x16, 0x36, 0x58, 0x82, 0x1e, 0x36, 0x5c, 0x82, 0x26, 0x36, 0x60, 0x82, 0x2d, 0x36,
    0x64, 0x82, 0x35, 0x36, 0x68, 0x82, 0x3d, 0x26, 0x54, 0x84, 0x47, 0x37, 0x58, 0x84, 0x4f, 0x37,
    0x5c, 0x84, 0x57, 0x37, 0x60, 0x84, 0x5f, 0x37, 0x64, 0x84, 0x66, 0x37, 0x68, 0x84, 0x6e, 0x27,
    0x36, 0x79, 0x07, 0x30, 0x3a, 0x79, 0x0f, 0x30, 0x3e, 0x79, 0x16, 0x30, 0x42, 0x79, 0x1e, 0x30,
    0x46, 0x79, 0x25, 0x30, 0x34, 0x7b, 0x0b, 0x31, 0x38, 0x7b, 0x12, 0x31, 0x3c, 0x7b, 0x1a, 0x31,
    0x40, 0x7b, 0x21, 0x31, 0x44, 0x7b, 0x28, 0x31, 0x48, 0x7b, 0x30, 0x01, 0x34, 0x7d, 0x1d, 0x32,
    0x38, 0x7d, 0x24, 0x32, 0x3c, 0x7d, 0x2c, 0x32, 0x40, 0x7d, 0x33, 0x32, 0x44, 0x7d, 0x3b, 0x32,
    0x32, 0x7f, 0x26, 0x33, 0x36, 0x7f, 0x2e, 0x33, 0x3a, 0x7f, 0x35, 0x33, 0x3e, 0x7f, 0x3c, 0x33,
    0x42, 0x7f, 0x44, 0x33, 0x46, 0x7f, 0x4b, 0x03, 0x30, 0x81, 0x2a, 0x34, 0x34, 0x81, 0x31, 0x34,
    0x38, 0x81, 0x38, 0x34, 0x3c, 0x81, 0x40, 0x34, 0x40, 0x81, 0x47, 0x34, 0x44, 0x81, 0x4f, 0x14,
    0x2e, 0x83, 0x33, 0x35, 0x32, 0x83, 0x3a, 0x35, 0x36, 0x83, 0x41, 0x35, 0x3a, 0x83, 0x49, 0x35,
    0x3e, 0x83, 0x50, 0x35, 0x42, 0x83, 0x58, 0x25, 0x2e, 0x85, 0x45, 0x36, 0x32, 0x85, 0x4c, 0x36,
    0x36, 0x85, 0x54, 0x36, 0x3a, 0x85, 0x5b, 0x36, 0x3e, 0x85, 0x62, 0x36, 0x42, 0x85, 0x6a, 0x16,
    0x2c, 0x87, 0x4e, 0x37, 0x30, 0x87, 0x55, 0x37, 0x34, 0x87, 0x5d, 0x27, 0xb6, 0x6a, 0xde, 0x07,
    0xaa, 0x6c, 0xa1, 0x36, 0xae, 0x6c, 0x72, 0x36, 0xb2, 0x6c, 0x1e, 0x36, 0xb6, 0x6c, 0xef, 0x25,
    0xac, 0x6e, 0xb4, 0x34, 0xb0, 0x6e, 0x85, 0x34, 0xb4, 0x6e, 0x31, 0x34, 0xb8, 0x6e, 0x02, 0x34,
    0xae, 0x70, 0xc7, 0x32, 0xb2, 0x70, 0x98, 0x32, 0xb6, 0x70, 0x44, 0x32, 0xba, 0x70, 0xef, 0x31,
    0xb0, 0x72, 0xda, 0x30, 0xb4, 0x72, 0x85, 0x30, 0xb8, 0x72, 0x57, 0x30, 0xbc, 0x72, 0x02, 0x30,
    0x90, 0x6d, 0x9f, 0x36, 0x94, 0x6d, 0x72, 0x36, 0x98, 0x6d, 0x1e, 0x36, 0x9c, 0x6d, 0xf0, 0x35,
    0x90, 0x6f, 0xe1, 0x34, 0x94, 0x6f, 0xb3, 0x34, 0x98, 0x6f, 0x86, 0x34, 0x9c, 0x6f, 0x32, 0x34,
    0xa0, 0x6f, 0x04, 0x14, 0x92, 0x71, 0xf3, 0x32, 0x96, 0x71, 0xc5, 0x32, 0x9a, 0x71, 0x72, 0x32,
    0x9e, 0x71, 0x44, 0x32, 0xa2, 0x71, 0x16, 0x12, 0x94, 0x73, 0xd9, 0x30, 0x98, 0x73, 0xab, 0x30,
    0x9c, 0x73, 0x58, 0x30, 0xa0, 0x73, 0x2a, 0x30, 0x76, 0x6c, 0xe2, 0x38, 0x7a, 0x6c, 0x8d, 0x38,
    0x7e, 0x6c, 0x38, 0x38, 0x82, 0x6c, 0x09, 0x28, 0x78, 0x6e, 0x9e, 0x36, 0x7c, 0x6e, 0x49, 0x36,
    0x80, 0x6e, 0xf4, 0x35, 0x84, 0x6e, 0xc5, 0x05, 0x78, 0x70, 0xb2, 0x34, 0x7c, 0x70, 0x5d, 0x34,
    0x80, 0x70, 0x2e, 0x34, 0x84, 0x70, 0xd9, 0x13, 0x78, 0x72, 0xc5, 0x32, 0x7c, 0x72, 0x70, 0x32,
    0x80, 0x72, 0x41, 0x32, 0x84, 0x72, 0xec, 0x21, 0x78, 0x74, 0xd9, 0x30, 0x7c, 0x74, 0x84, 0x30,
    0x80, 0x74, 0x55, 0x30, 0x84, 0x74, 0x00, 0x30, 0x5a, 0x6f, 0xf5, 0x36, 0x5e, 0x6f, 0xc7, 0x36,
    0x62, 0x6f, 0x9a, 0x36, 0x66, 0x6f, 0x6c, 0x36, 0x6a, 0x6f, 0x3e, 0x16, 0x5a, 0x71, 0x53, 0x35,
    0x5e, 0x71, 0xff, 0x34, 0x62, 0x71, 0xd2, 0x34, 0x66, 0x71, 0xa4, 0x34, 0x6a, 0x71, 0x76, 0x14,
    0x5a, 0x73, 0x5f, 0x33, 0x5e, 0x73, 0x31, 0x33, 0x62, 0x73, 0x04, 0x33, 0x66, 0x73, 0xb0, 0x32,
    0x6a, 0x73, 0x82, 0x12, 0x5a, 0x75, 0x97, 0x31, 0x5e, 0x75, 0x69, 0x31, 0x62, 0x75, 0x3c, 0x31,
    0x66, 0x75, 0x0e, 0x31, 0x6a, 0x75, 0xba, 0x10, 0x58, 0x77, 0x25, 0x00, 0x40, 0x70, 0xc3, 0x36,
    0x44, 0x70, 0x6f, 0x36, 0x48, 0x70, 0x42, 0x36, 0x4c, 0x70, 0x14, 0x26, 0x3e, 0x72, 0xfd, 0x34,
    0x42, 0x72, 0xd0, 0x34, 0x46, 0x72, 0xa2, 0x34, 0x4a, 0x72, 0x74, 0x34, 0x3c, 0x74, 0x5d, 0x33,
    0x40, 0x74, 0x30, 0x33, 0x44, 0x74, 0xdc, 0x32, 0x48, 0x74, 0xaf, 0x32, 0x4c, 0x74, 0x81, 0x02,
    0x3a, 0x76, 0x97, 0x31, 0x3e, 0x76, 0x6a, 0x31, 0x42, 0x76, 0x3c, 0x31, 0x46, 0x76, 0x0f, 0x31,
    0x4a, 0x76, 0xbb, 0x10, 0xb4, 0x76, 0x08, 0x30, 0xb8, 0x76, 0x10, 0x30, 0xbc, 0x76, 0x19, 0x30,
    0xc0, 0x76, 0x21, 0x30, 0xc4, 0x76, 0x29, 0x10, 0xb6, 0x78, 0xa3, 0x31, 0xba, 0x78, 0xab, 0x31,
    0xbe, 0x78, 0xb4, 0x31, 0xc2, 0x78, 0xbc, 0x31, 0xc6, 0x78, 0xc4, 0x11, 0xb8, 0x7a, 0x1e, 0x33,
    0xbc, 0x7a, 0x27, 0x33, 0xc0, 0x7a, 0x2f, 0x33, 0xc4, 0x7a, 0x37, 0x33, 0xc8, 0x7a, 0x3f, 0x23,
    0xbc, 0x7c, 0xca, 0x34, 0xc0, 0x7c, 0xd2, 0x34, 0xc4, 0x7c, 0xda, 0x34, 0xc8, 0x7c, 0xe3, 0x34,
    0xcc, 0x7c, 0xeb, 0x14, 0xbe, 0x7e, 0x45, 0x36, 0xc2, 0x7e, 0x4d, 0x36, 0xc6, 0x7e, 0x55, 0x36,
    0xca, 0x7e, 0x5e, 0x36, 0xce, 0x7e, 0x66, 0x26, 0xc0, 0x80, 0xe6, 0x37, 0xc4, 0x80, 0xee, 0x37,
    0xc8, 0x80, 0xf7, 0x37, 0xcc, 0x80, 0xff, 0x37, 0xd0, 0x80, 0x07, 0x38, 0x96, 0x78, 0xbf, 0x30,
    0x9a, 0x78, 0x13, 0x31, 0x9e, 0x78, 0x41, 0x31, 0xa2, 0x78, 0x6f, 0x31, 0xa6, 0x78, 0x9d, 0x21,
    0x98, 0x7a, 0x8e, 0x32, 0x9c, 0x7a, 0xbc, 0x32, 0xa0, 0x7a, 0xea, 0x32, 0xa4, 0x7a, 0x18, 0x33,
    0xa8, 0x7a, 0x6c, 0x23, 0x98, 0x7c, 0xdc, 0x33, 0x9c, 0x7c, 0x30, 0x34, 0xa0, 0x7c, 0x5e, 0x34,
    0xa4, 0x7c, 0x8c, 0x34, 0xa8, 0x7c, 0xba, 0x34, 0x9a, 0x7e, 0x80, 0x35, 0x9e, 0x7e, 0xae, 0x35,
    0xa2, 0x7e, 0x02, 0x36, 0xa6, 0x7e, 0x2f, 0x36, 0xaa, 0x7e, 0x5d, 0x36, 0x9c, 0x80, 0x4f, 0x37,
    0xa0, 0x80, 0x7d, 0x37, 0xa4, 0x80, 0xab, 0x37, 0xa8, 0x80, 0xd9, 0x37, 0xac, 0x80, 0x07, 0x38,
    0x88, 0x77, 0x25, 0x00, 0x78, 0x79, 0xed, 0x30, 0x7c, 0x79, 0x1b, 0x31, 0x80, 0x79, 0x4a, 0x31,
    0x84, 0x79, 0x79, 0x31, 0x88, 0x79, 0xa8, 0x01, 0x78, 0x7b, 0x69, 0x32, 0x7c, 0x7b, 0x97, 0x32,
    0x80, 0x7b, 0xc6, 0x32, 0x84, 0x7b, 0xf5, 0x32, 0x88, 0x7b, 0x24, 0x13, 0x78, 0x7d, 0xbf, 0x33,
    0x7c, 0x7d, 0xed, 0x33, 0x80, 0x7d, 0x1c, 0x34, 0x84, 0x7d, 0x71, 0x34, 0x88, 0x7d, 0xa0, 0x24,
    0x78, 0x7f, 0x3b, 0x35, 0x7c, 0x7f, 0x69, 0x35, 0x80, 0x7f, 0x98, 0x35, 0x84, 0x7f, 0xc7, 0x35,
    0x88, 0x7f, 0xf6, 0x25, 0x78, 0x81, 0x91, 0x36, 0x7c, 0x81, 0xe5, 0x36, 0x80, 0x81, 0x14, 0x37,
    0x84, 0x81, 0x43, 0x37, 0x88, 0x81, 0x72, 0x37, 0x58, 0x78, 0x08, 0x30, 0x5c, 0x78, 0x10, 0x30,
    0x60, 0x78, 0x17, 0x30, 0x64, 0x78, 0x1f, 0x30, 0x68, 0x78, 0x27, 0x20, 0x58, 0x7a, 0x5f, 0x31,
    0x5c, 0x7a, 0x67, 0x31, 0x60, 0x7a, 0x6f, 0x31, 0x64, 0x7a, 0x77, 0x31, 0x68, 0x7a, 0x7f, 0x11,
    0x56, 0x7c, 0xad, 0x32, 0x5a, 0x7c, 0xb5, 0x32, 0x5e, 0x7c, 0xbd, 0x32, 0x62, 0x7c, 0xc5, 0x32,
    0x66, 0x7c, 0xcc, 0x32, 0x56, 0x7e, 0xe5, 0x33, 0x5a, 0x7e, 0xed, 0x33, 0x5e, 0x7e, 0xf4, 0x33,
    0x62, 0x7e, 0xfc, 0x33, 0x66, 0x7e, 0x04, 0x24, 0x54, 0x80, 0x33, 0x35, 0x58, 0x80, 0x3a, 0x35,
    0x5c, 0x80, 0x42, 0x35, 0x60, 0x80, 0x4a, 0x35, 0x64, 0x80, 0x52, 0x35, 0x68, 0x80, 0x5a, 0x05,
    0x54, 0x82, 0x90, 0x36, 0x58, 0x82, 0x98, 0x36, 0x5c, 0x82, 0xa0, 0x36, 0x60, 0x82, 0xa7, 0x36,
    0x64, 0x82, 0xaf, 0x36, 0x68, 0x82, 0xb7, 0x06, 0x52, 0x84, 0xde, 0x07, 0x36, 0x78, 0x00, 0x30,
    0x3a, 0x78, 0x07, 0x30, 0x3e, 0x78, 0x0f, 0x30, 0x42, 0x78, 0x16, 0x30, 0x46, 0x78, 0x1e, 0x30,
    0x4a, 0x78, 0x25, 0x00, 0x36, 0x7a, 0x39, 0x31, 0x3a, 0x7a, 0x40, 0x31, 0x3e, 0x7a, 0x48, 0x31,
    0x42, 0x7a, 0x4f, 0x31, 0x46, 0x7a, 0x56, 0x21, 0x34, 0x7c, 0x69, 0x32, 0x38, 0x7c, 0x70, 0x32,
    0x3c, 0x7c, 0x77, 0x32, 0x40, 0x7c, 0x7f, 0x32, 0x44, 0x7c, 0x86, 0x32, 0x32, 0x7e, 0x98, 0x33,
    0x36, 0x7e, 0xa0, 0x33, 0x3a, 0x7e, 0xa7, 0x33, 0x3e, 0x7e, 0xaf, 0x33, 0x42, 0x7e, 0xb6, 0x33,
    0x30, 0x80, 0xee, 0x34, 0x34, 0x80, 0xf5, 0x34, 0x38, 0x80, 0xfd, 0x34, 0x3c, 0x80, 0x04, 0x35,
    0x40, 0x80, 0x0c, 0x35, 0x44, 0x80, 0x13, 0x05, 0x2e, 0x82, 0x1e, 0x36, 0x32, 0x82, 0x25, 0x36,
    0x36, 0x82, 0x2d, 0x36, 0x3a, 0x82, 0x34, 0x36, 0x3e, 0x82, 0x3b, 0x36, 0x42, 0x82, 0x43, 0x16,
    0x2c, 0x84, 0x4e, 0x37, 0x30, 0x84, 0x55, 0x37, 0x34, 0x84, 0x5c, 0x37, 0x38, 0x84, 0x64, 0x37,
    0x3c, 0x84, 0x6b, 0x37, 0x40, 0x84, 0x72, 0x17, 0xaa, 0x6b, 0xf7, 0x37, 0xae, 0x6b, 0xee, 0x37,
    0xb2, 0x6b, 0xe5, 0x37, 0xb6, 0x6b, 0xdc, 0x27, 0xac, 0x6d, 0x0a, 0x36, 0xb0, 0x6d, 0x01, 0x36,
    0xb4, 0x6d, 0xf8, 0x35, 0xb8, 0x6d, 0xee, 0x25, 0xae, 0x6f, 0x1d, 0x34, 0xb2, 0x6f, 0x13, 0x34,
    0xb6, 0x6f, 0x0a, 0x34, 0xba, 0x6f, 0x01, 0x24, 0xb0, 0x71, 0x09, 0x32, 0xb4, 0x71, 0x00, 0x32,
    0xb8, 0x71, 0xf7, 0x31, 0xbc, 0x71, 0xed, 0x21, 0xb2, 0x73, 0x1c, 0x30, 0xb6, 0x73, 0x13, 0x30,
    0xba, 0x73, 0x09, 0x30, 0xbe, 0x73, 0x00, 0x30, 0x9e, 0x6b, 0xde, 0x07, 0x90, 0x6d, 0x36, 0x36,
    0x94, 0x6d, 0x2e, 0x36, 0x98, 0x6d, 0x26, 0x36, 0x9c, 0x6d, 0x1d, 0x36, 0x92, 0x6f, 0x67, 0x34,
    0x96, 0x6f, 0x5f, 0x34, 0x9a, 0x6f, 0x56, 0x34, 0x9e, 0x6f, 0x4e, 0x34, 0x92, 0x71, 0xce, 0x32,
    0x96, 0x71, 0xc6, 0x32, 0x9a, 0x71, 0xbe, 0x32, 0x9e, 0x71, 0xb6, 0x32, 0xa2, 0x71, 0xad, 0x02,
    0x94, 0x73, 0xff, 0x30, 0x98, 0x73, 0xf7, 0x30, 0x9c, 0x73, 0xef, 0x30, 0xa0, 0x73, 0xe7, 0x30,
    0xa4, 0x73, 0xde, 0x00, 0x78, 0x6c, 0x8d, 0x38, 0x7c, 0x6c, 0x38, 0x38, 0x80, 0x6c, 0x09, 0x38,
    0x84, 0x6c, 0xb4, 0x17, 0x78, 0x6e, 0xa0, 0x36, 0x7c, 0x6e, 0x4b, 0x36, 0x80, 0x6e, 0x1c, 0x36,
    0x84, 0x6e, 0xc7, 0x15, 0x78, 0x70, 0xb3, 0x34, 0x7c, 0x70, 0x5e, 0x34, 0x80, 0x70, 0x2f, 0x34,
    0x84, 0x70, 0xda, 0x23, 0x78, 0x72, 0xc6, 0x32, 0x7c, 0x72, 0x71, 0x32, 0x80, 0x72, 0x42, 0x32,
    0x84, 0x72, 0xed, 0x21, 0x78, 0x74, 0xd9, 0x30, 0x7c, 0x74, 0x84, 0x30, 0x80, 0x74, 0x55, 0x30,
    0x84, 0x74, 0x00, 0x30, 0x6c, 0x6c, 0xde, 0x07, 0x5c, 0x6e, 0xf5, 0x36, 0x60, 0x6e, 0xc6, 0x36,
    0x64, 0x6e, 0x98, 0x36, 0x68, 0x6e, 0x44, 0x36, 0x5c, 0x70, 0x52, 0x35, 0x60, 0x70, 0xfe, 0x34,
    0x64, 0x70, 0xd0, 0x34, 0x68, 0x70, 0xa1, 0x34, 0x5c, 0x72, 0x5e, 0x33, 0x60, 0x72, 0x09, 0x33,
    0x64, 0x72, 0xdb, 0x32, 0x68, 0x72, 0xad, 0x32, 0x5a, 0x74, 0xeb, 0x31, 0x5e, 0x74, 0x97, 0x31,
    0x62, 0x74, 0x69, 0x31, 0x66, 0x74, 0x3b, 0x31, 0x6a, 0x74, 0xe6, 0x10, 0x42, 0x6f, 0xc4, 0x36,
    0x46, 0x6f, 0x70, 0x36, 0x4a, 0x6f, 0x42, 0x36, 0x4e, 0x6f, 0x14, 0x16, 0x40, 0x71, 0xfe, 0x34,
    0x44, 0x71, 0xd0, 0x34, 0x48, 0x71, 0xa2, 0x34, 0x4c, 0x71, 0x4e, 0x24, 0x3e, 0x73, 0x5d, 0x33,
    0x42, 0x73, 0x09, 0x33, 0x46, 0x73, 0xdb, 0x32, 0x4a, 0x73, 0xad, 0x32, 0x3c, 0x75, 0x97, 0x31,
    0x40, 0x75, 0x69, 0x31, 0x44, 0x75, 0x3b, 0x31, 0x48, 0x75, 0xe7, 0x30, 0x4c, 0x75, 0xb9, 0x00,
    0xb4, 0x76, 0x08, 0x30, 0xb8, 0x76, 0x10, 0x30, 0xbc, 0x76, 0x19, 0x30, 0xc0, 0x76, 0x21, 0x30,
    0xc4, 0x76, 0x29, 0x10, 0xb6, 0x78, 0xa3, 0x31, 0xba, 0x78, 0xab, 0x31, 0xbe, 0x78, 0xb4, 0x31,
    0xc2, 0x78, 0xbc, 0x31, 0xc6, 0x78, 0xc4, 0x11, 0xb8, 0x7a, 0x1e, 0x33, 0xbc, 0x7a, 0x27, 0x33,
    0xc0, 0x7a, 0x2f, 0x33, 0xc4, 0x7a, 0x37, 0x33, 0xc8, 0x7a, 0x3f, 0x23, 0xbc, 0x7c, 0xca, 0x34,
    0xc0, 0x7c, 0xd2, 0x34, 0xc4, 0x7c, 0xda, 0x34, 0xc8, 0x7c, 0xe3, 0x34, 0xcc, 0x7c, 0xeb, 0x14,
    0xbe, 0x7e, 0x45, 0x36, 0xc2, 0x7e, 0x4d, 0x36, 0xc6, 0x7e, 0x55, 0x36, 0xca, 0x7e, 0x5e, 0x36,
    0xce, 0x7e, 0x66, 0x26, 0xc0, 0x80, 0xe6, 0x37, 0xc4, 0x80, 0xee, 0x37, 0xc8, 0x80, 0xf7, 0x37,
    0xcc, 0x80, 0xff, 0x37, 0xd0, 0x80, 0x07, 0x38, 0x96, 0x78, 0xbf, 0x30, 0x9a, 0x78, 0x13, 0x31,
    0x9e, 0x78, 0x41, 0x31, 0xa2, 0x78, 0x6f, 0x31, 0xa6, 0x78, 0x9d, 0x21, 0x98, 0x7a, 0x8e, 0x32,
    0x9c, 0x7a, 0xbc, 0x32, 0xa0, 0x7a, 0xea, 0x32, 0xa4, 0x7a, 0x18, 0x33, 0xa8, 0x7a, 0x6c, 0x23,
    0x98, 0x7c, 0xdc, 0x33, 0x9c, 0x7c, 0x30, 0x34, 0xa0, 0x7c, 0x5e, 0x34, 0xa4, 0x7c, 0x8c, 0x34,
    0xa8, 0x7c, 0xba, 0x34, 0x9a, 0x7e, 0x80, 0x35, 0x9e, 0x7e, 0xae, 0x35, 0xa2, 0x7e, 0x02, 0x36,
    0xa6, 0x7e, 0x2f, 0x36, 0xaa, 0x7e, 0x5d, 0x36, 0x9c, 0x80, 0x4f, 0x37, 0xa0, 0x80, 0x7d, 0x37,
    0xa4, 0x80, 0xab, 0x37, 0xa8, 0x80, 0xd9, 0x37, 0xac, 0x80, 0x07, 0x38, 0x88, 0x77, 0x25, 0x00,
    0x78, 0x79, 0xed, 0x30, 0x7c, 0x79, 0x1b, 0x31, 0x80, 0x79, 0x4a, 0x31, 0x84, 0x79, 0x79, 0x31,
    0x88, 0x79, 0xa8, 0x01, 0x78, 0x7b, 0x69, 0x32, 0x7c, 0x7b, 0x97, 0x32, 0x80, 0x7b, 0xc6, 0x32,
    0x84, 0x7b, 0xf5, 0x32, 0x88, 0x7b, 0x24, 0x13, 0x78, 0x7d, 0xbf, 0x33, 0x7c, 0x7d, 0xed, 0x33,
    0x80, 0x7d, 0x1c, 0x34, 0x84, 0x7d, 0x71, 0x34, 0x88, 0x7d, 0xa0, 0x24, 0x78, 0x7f, 0x3b, 0x35,
    0x7c, 0x7f, 0x69, 0x35, 0x80, 0x7f, 0x98, 0x35, 0x84, 0x7f, 0xc7, 0x35, 0x88, 0x7f, 0xf6, 0x25,
    0x78, 0x81, 0x91, 0x36, 0x7c, 0x81, 0xe5, 0x36, 0x80, 0x81, 0x14, 0x37, 0x84, 0x81, 0x43, 0x37,
    0x88, 0x81, 0x72, 0x37, 0x58, 0x78, 0x08, 0x30, 0x5c, 0x78, 0x10, 0x30, 0x60, 0x78, 0x17, 0x30,
    0x64, 0x78, 0x1f, 0x30, 0x68, 0x78, 0x27, 0x20, 0x58, 0x7a, 0x5f, 0x31, 0x5c, 0x7a, 0x67, 0x31,
    0x60, 0x7a, 0x6f, 0x31, 0x64, 0x7a, 0x77, 0x31, 0x68, 0x7a, 0x7f, 0x11, 0x56, 0x7c, 0xad, 0x32,
    0x5a, 0x7c, 0xb5, 0x32, 0x5e, 0x7c, 0xbd, 0x32, 0x62, 0x7c, 0xc5, 0x32, 0x66, 0x7c, 0xcc, 0x32,
    0x56, 0x7e, 0xe5, 0x33, 0x5a, 0x7e, 0xed, 0x33, 0x5e, 0x7e, 0xf4, 0x33, 0x62, 0x7e, 0xfc, 0x33,
    0x66, 0x7e, 0x04, 0x24, 0x54, 0x80, 0x33, 0x35, 0x58, 0x80, 0x3a, 0x35, 0x5c, 0x80, 0x42, 0x35,
    0x60, 0x80, 0x4a, 0x35, 0x64, 0x80, 0x52, 0x35, 0x68, 0x80, 0x5a, 0x05, 0x54, 0x82, 0x90, 0x36,
    0x58, 0x82, 0x98, 0x36, 0x5c, 0x82, 0xa0, 0x36, 0x60, 0x82, 0xa7, 0x36, 0x64, 0x82, 0xaf, 0x36,
    0x68, 0x82, 0xb7, 0x06, 0x52, 0x84, 0xde, 0x07, 0x36, 0x78, 0x00, 0x30, 0x3a, 0x78, 0x07, 0x30,
    0x3e, 0x78, 0x0f, 0x30, 0x42, 0x78, 0x16, 0x30, 0x46, 0x78, 0x1e, 0x30, 0x4a, 0x78, 0x25, 0x00,
    0x36, 0x7a, 0x39, 0x31, 0x3a, 0x7a, 0x40, 0x31, 0x3e, 0x7a, 0x48, 0x31, 0x42, 0x7a, 0x4f, 0x31,
    0x46, 0x7a, 0x56, 0x21, 0x34, 0x7c, 0x69, 0x32, 0x38, 0x7c, 0x70, 0x32, 0x3c, 0x7c, 0x77, 0x32,
    0x40, 0x7c, 0x7f, 0x32, 0x44, 0x7c, 0x86, 0x32, 0x32, 0x7e, 0x98, 0x33, 0x36, 0x7e, 0xa0, 0x33,
    0x3a, 0x7e, 0xa7, 0x33, 0x3e, 0x7e, 0xaf, 0x33, 0x42, 0x7e, 0xb6, 0x33, 0x30, 0x80, 0xee, 0x34,
    0x34, 0x80, 0xf5, 0x34, 0x38, 0x80, 0xfd, 0x34, 0x3c, 0x80, 0x04, 0x35, 0x40, 0x80, 0x0c, 0x35,
    0x44, 0x80, 0x13, 0x05, 0x2e, 0x82, 0x1e, 0x36, 0x32, 0x82, 0x25, 0x36, 0x36, 0x82, 0x2d, 0x36,
    0x3a, 0x82, 0x34, 0x36, 0x3e, 0x82, 0x3b, 0x36, 0x42, 0x82, 0x43, 0x16, 0x2c, 0x84, 0x4e, 0x37,
    0x30, 0x84, 0x55, 0x37, 0x34, 0x84, 0x5c, 0x37, 0x38, 0x84, 0x64, 0x37, 0x3c, 0x84, 0x6b, 0x37,
    0x40, 0x84, 0x72, 0x17, 0xaa, 0x6b, 0xf7, 0x37, 0xae, 0x6b, 0xee, 0x37, 0xb2, 0x6b, 0xe5, 0x37,
    0xb6, 0x6b, 0xdc, 0x27, 0xac, 0x6d, 0x0a, 0x36, 0xb0, 0x6d, 0x01, 0x36, 0xb4, 0x6d, 0xf8, 0x35,
    0xb8, 0x6d, 0xee, 0x25, 0xae, 0x6f, 0x1d, 0x34, 0xb2, 0x6f, 0x13, 0x34, 0xb6, 0x6f, 0x0a, 0x34,
    0xba, 0x6f, 0x01, 0x24, 0xb0, 0x71, 0x09, 0x32, 0xb4, 0x71, 0x00, 0x32, 0xb8, 0x71, 0xf7, 0x31,
    0xbc, 0x71, 0xed, 0x21, 0xb2, 0x73, 0x1c, 0x30, 0xb6, 0x73, 0x13, 0x30, 0xba, 0x73, 0x09, 0x30,
    0xbe, 0x73, 0x00, 0x30, 0x9e, 0x6b, 0xde, 0x07, 0x90, 0x6d, 0x36, 0x36, 0x94, 0x6d, 0x2e, 0x36,
    0x98, 0x6d, 0x26, 0x36, 0x9c, 0x6d, 0x1d, 0x36, 0x92, 0x6f, 0x67, 0x34, 0x96, 0x6f, 0x5f, 0x34,
    0x9a, 0x6f, 0x56, 0x34, 0x9e, 0x6f, 0x4e, 0x34, 0x92, 0x71, 0xce, 0x32, 0x96, 0x71, 0xc6, 0x32,
    0x9a, 0x71, 0xbe, 0x32, 0x9e, 0x71, 0xb6, 0x32, 0xa2, 0x71, 0xad, 0x02, 0x94, 0x73, 0xff, 0x30,
    0x98, 0x73, 0xf7, 0x30, 0x9c, 0x73, 0xef, 0x30, 0xa0, 0x73, 0xe7, 0x30, 0xa4, 0x73, 0xde, 0x00,
    0x78, 0x6c, 0x8d, 0x38, 0x7c, 0x6c, 0x38, 0x38, 0x80, 0x6c, 0x09, 0x38, 0x84, 0x6c, 0xb4, 0x17,
    0x78, 0x6e, 0xa0, 0x36, 0x7c, 0x6e, 0x4b, 0x36, 0x80, 0x6e, 0x1c, 0x36, 0x84, 0x6e, 0xc7, 0x15,
    0x78, 0x70, 0xb3, 0x34, 0x7c, 0x70, 0x5e, 0x34, 0x80, 0x70, 0x2f, 0x34, 0x84, 0x70, 0xda, 0x23,
    0x78, 0x72, 0xc6, 0x32, 0x7c, 0x72, 0x71, 0x32, 0x80, 0x72, 0x42, 0x32, 0x84, 0x72, 0xed, 0x21,
    0x78, 0x74, 0xd9, 0x30, 0x7c, 0x74, 0x84, 0x30, 0x80, 0x74, 0x55, 0x30, 0x84, 0x74, 0x00, 0x30,
    0x6c, 0x6c, 0xde, 0x07, 0x5c, 0x6e, 0xf5, 0x36, 0x60, 0x6e, 0xc6, 0x36, 0x64, 0x6e, 0x98, 0x36,
    0x68, 0x6e, 0x44, 0x36, 0x5c, 0x70, 0x52, 0x35, 0x60, 0x70, 0xfe, 0x34, 0x64, 0x70, 0xd0, 0x34,
    0x68, 0x70, 0xa1, 0x34, 0x5c, 0x72, 0x5e, 0x33, 0x60, 0x72, 0x09, 0x33, 0x64, 0x72, 0xdb, 0x32,
    0x68, 0x72, 0xad, 0x32, 0x5a, 0x74, 0xeb, 0x31, 0x5e, 0x74, 0x97, 0x31, 0x62, 0x74, 0x69, 0x31,
    0x66, 0x74, 0x3b, 0x31, 0x6a, 0x74, 0xe6, 0x10, 0x42, 0x6f, 0xc4, 0x36, 0x46, 0x6f, 0x70, 0x36,
    0x4a, 0x6f, 0x42, 0x36, 0x4e, 0x6f, 0x14, 0x16, 0x40, 0x71, 0xfe, 0x34, 0x44, 0x71, 0xd0, 0x34,
    0x48, 0x71, 0xa2, 0x34, 0x4c, 0x71, 0x4e, 0x24, 0x3e, 0x73, 0x5d, 0x33, 0x42, 0x73, 0x09, 0x33,
    0x46, 0x73, 0xdb, 0x32, 0x4a, 0x73, 0xad, 0x32, 0x3c, 0x75, 0x97, 0x31, 0x40, 0x75, 0x69, 0x31,
    0x44, 0x75, 0x3b, 0x31, 0x48, 0x75, 0xe7, 0x30, 0x4c, 0x75, 0xb9, 0x00, 0xb6, 0x77, 0x00, 0x30,
    0xba, 0x77, 0x08, 0x30, 0xbe, 0x77, 0x10, 0x30, 0xc2, 0x77, 0x17, 0x30, 0xc6, 0x77, 0x1f, 0x30,
    0xb8, 0x79, 0x7c, 0x31, 0xbc, 0x79, 0x84, 0x31, 0xc0, 0x79, 0x8c, 0x31, 0xc4, 0x79, 0x94, 0x31,
    0xc8, 0x79, 0x9b, 0x31, 0xba, 0x7b, 0xd3, 0x32, 0xbe, 0x7b, 0xda, 0x32, 0xc2, 0x7b, 0xe2, 0x32,
    0xc6, 0x7b, 0xea, 0x32, 0xca, 0x7b, 0xf2, 0x32, 0xce, 0x7b, 0xfa, 0x02, 0xbc, 0x7d, 0x4f, 0x34,
    0xc0, 0x7d, 0x57, 0x34, 0xc4, 0x7d, 0x5f, 0x34, 0xc8, 0x7d, 0x66, 0x34, 0xcc, 0x7d, 0x6e, 0x34,
    0xd0, 0x7d, 0x76, 0x04, 0xbe, 0x7f, 0xcb, 0x35, 0xc2, 0x7f, 0xd3, 0x35, 0xc6, 0x7f, 0xdb, 0x35,
    0xca, 0x7f, 0xe3, 0x35, 0xce, 0x7f, 0xeb, 0x35, 0xd2, 0x7f, 0xf2, 0x15, 0xc0, 0x81, 0x22, 0x37,
    0xc4, 0x81, 0x2a, 0x37, 0xc8, 0x81, 0x31, 0x37, 0xcc, 0x81, 0x39, 0x37, 0xd0, 0x81, 0x41, 0x37,
    0xd4, 0x81, 0x49, 0x17, 0x96, 0x77, 0x00, 0x30, 0x9a, 0x77, 0x08, 0x30, 0x9e, 0x77, 0x10, 0x30,
    0xa2, 0x77, 0x17, 0x30, 0xa6, 0x77, 0x1f, 0x30, 0x98, 0x79, 0x84, 0x31, 0x9c, 0x79, 0x8c, 0x31,
    0xa0, 0x79, 0x94, 0x31, 0xa4, 0x79, 0x9c, 0x31, 0xa8, 0x79, 0xa3, 0x21, 0x98, 0x7b, 0xd3, 0x32,
    0x9c, 0x7b, 0xdb, 0x32, 0xa0, 0x7b, 0xe3, 0x32, 0xa4, 0x7b, 0xea, 0x32, 0xa8, 0x7b, 0xf2, 0x32,
    0x9a, 0x7d, 0x57, 0x34, 0x9e, 0x7d, 0x5f, 0x34, 0xa2, 0x7d, 0x67, 0x34, 0xa6, 0x7d, 0x6f, 0x34,
    0xaa, 0x7d, 0x77, 0x34, 0x9a, 0x7f, 0xd2, 0x35, 0x9e, 0x7f, 0xda, 0x35, 0xa2, 0x7f, 0xe2, 0x35,
    0xa6, 0x7f, 0xe9, 0x35, 0xaa, 0x7f, 0xf1, 0x35, 0xae, 0x7f, 0xf9, 0x05, 0x9a, 0x81, 0x21, 0x37,
    0x9e, 0x81, 0x28, 0x37, 0xa2, 0x81, 0x30, 0x37, 0xa6, 0x81, 0x38, 0x37, 0xaa, 0x81, 0x40, 0x37,
    0xae, 0x81, 0x48, 0x27, 0x78, 0x77, 0x08, 0x30, 0x7c, 0x77, 0x10, 0x30, 0x80, 0x77, 0x19, 0x30,
    0x84, 0x77, 0x21, 0x30, 0x88, 0x77, 0x29, 0x10, 0x78, 0x79, 0x85, 0x31, 0x7c, 0x79, 0x8d, 0x31,
    0x80, 0x79, 0x95, 0x31, 0x84, 0x79, 0x9d, 0x31, 0x88, 0x79, 0xa5, 0x11, 0x78, 0x7b, 0xdb, 0x32,
    0x7c, 0x7b, 0xe3, 0x32, 0x80, 0x7b, 0xeb, 0x32, 0x84, 0x7b, 0xf4, 0x32, 0x88, 0x7b, 0xfc, 0x12,
    0x78, 0x7d, 0x57, 0x34, 0x7c, 0x7d, 0x60, 0x34, 0x80, 0x7d, 0x68, 0x34, 0x84, 0x7d, 0x70, 0x34,
    0x88, 0x7d, 0x78, 0x14, 0x78, 0x7f, 0xd4, 0x35, 0x7c, 0x7f, 0xdc, 0x35, 0x80, 0x7f, 0xe4, 0x35,
    0x84, 0x7f, 0xec, 0x35, 0x88, 0x7f, 0xf5, 0x15, 0x78, 0x81, 0x2a, 0x37, 0x7c, 0x81, 0x32, 0x37,
    0x80, 0x81, 0x3a, 0x37, 0x84, 0x81, 0x43, 0x37, 0x88, 0x81, 0x4b, 0x17, 0x58, 0x77, 0x08, 0x30,
    0x5c, 0x77, 0x10, 0x30, 0x60, 0x77, 0x17, 0x30, 0x64, 0x77, 0x1f, 0x30, 0x68, 0x77, 0x27, 0x20,
    0x56, 0x79, 0x7d, 0x31, 0x5a, 0x79, 0x85, 0x31, 0x5e, 0x79, 0x8c, 0x31, 0x62, 0x79, 0x94, 0x31,
    0x66, 0x79, 0x9c, 0x31, 0x56, 0x7b, 0xdc, 0x32, 0x5a, 0x7b, 0xe3, 0x32, 0x5e, 0x7b, 0xeb, 0x32,
    0x62, 0x7b, 0xf3, 0x32, 0x66, 0x7b, 0xfb, 0x22, 0x54, 0x7d, 0x56, 0x34, 0x58, 0x7d, 0x5e, 0x34,
    0x5c, 0x7d, 0x66, 0x34, 0x60, 0x7d, 0x6e, 0x34, 0x64, 0x7d, 0x76, 0x34, 0x52, 0x7f, 0xcc, 0x35,
    0x56, 0x7f, 0xd3, 0x35, 0x5a, 0x7f, 0xdb, 0x35, 0x5e, 0x7f, 0xe3, 0x35, 0x62, 0x7f, 0xeb, 0x35,
    0x66, 0x7f, 0xf2, 0x15, 0x50, 0x81, 0x21, 0x37, 0x54, 0x81, 0x28, 0x37, 0x58, 0x81, 0x30, 0x37,
    0x5c, 0x81, 0x38, 0x37, 0x60, 0x81, 0x40, 0x37, 0x64, 0x81, 0x47, 0x27, 0x38, 0x77, 0x08, 0x30,
    0x3c, 0x77, 0x10, 0x30, 0x40, 0x77, 0x17, 0x30, 0x44, 0x77, 0x1f, 0x30, 0x48, 0x77, 0x27, 0x20,
    0x36, 0x79, 0x85, 0x31, 0x3a, 0x79, 0x8d, 0x31, 0x3e, 0x79, 0x94, 0x31, 0x42, 0x79, 0x9c, 0x31,
    0x46, 0x79, 0xa4, 0x21, 0x32, 0x7b, 0xd2, 0x32, 0x36, 0x7b, 0xda, 0x32, 0x3a, 0x7b, 0xe2, 0x32,
    0x3e, 0x7b, 0xe9, 0x32, 0x42, 0x7b, 0xf1, 0x32, 0x46, 0x7b, 0xf9, 0x02, 0x30, 0x7d, 0x4f, 0x34,
    0x34, 0x7d, 0x57, 0x34, 0x38, 0x7d, 0x5f, 0x34, 0x3c, 0x7d, 0x67, 0x34, 0x40, 0x7d, 0x6e, 0x34,
    0x44, 0x7d, 0x76, 0x04, 0x2e, 0x7f, 0xd2, 0x35, 0x32, 0x7f, 0xda, 0x35, 0x36, 0x7f, 0xe2, 0x35,
    0x3a, 0x7f, 0xe9, 0x35, 0x3e, 0x7f, 0xf1, 0x35, 0x42, 0x7f, 0xf9, 0x05, 0x2c, 0x81, 0x29, 0x37,
    0x30, 0x81, 0x31, 0x37, 0x34, 0x81, 0x39, 0x37, 0x38, 0x81, 0x41, 0x37, 0x3c, 0x81, 0x48, 0x37,
    0x40, 0x81, 0x50, 0x07, 0xae, 0x6c, 0xf6, 0x37, 0xb2, 0x6c, 0xed, 0x37, 0xb6, 0x6c, 0xe5, 0x37,
    0xba, 0x6c, 0xdc, 0x27, 0xb0, 0x6e, 0x2e, 0x36, 0xb4, 0x6e, 0x25, 0x36, 0xb8, 0x6e, 0x1d, 0x36,
    0xbc, 0x6e, 0x14, 0x26, 0xb2, 0x70, 0x66, 0x34, 0xb6, 0x70, 0x5d, 0x34, 0xba, 0x70, 0x55, 0x34,
    0xbe, 0x70, 0x4c, 0x24, 0xb2, 0x72, 0xcf, 0x32, 0xb6, 0x72, 0xc6, 0x32, 0xba, 0x72, 0xbd, 0x32,
    0xbe, 0x72, 0xb5, 0x32, 0xc2, 0x72, 0xac, 0x02, 0xb4, 0x74, 0x07, 0x31, 0xb8, 0x74, 0xfe, 0x30,
    0xbc, 0x74, 0xf5, 0x30, 0xc0, 0x74, 0xed, 0x30, 0xc4, 0x74, 0xe4, 0x00, 0x92, 0x6c, 0xff, 0x37,
    0x96, 0x6c, 0xf7, 0x37, 0x9a, 0x6c, 0xee, 0x37, 0x9e, 0x6c, 0xe6, 0x37, 0xa2, 0x6c, 0xde, 0x07,
    0x94, 0x6e, 0x2f, 0x36, 0x98, 0x6e, 0x27, 0x36, 0x9c, 0x6e, 0x1e, 0x36, 0xa0, 0x6e, 0x16, 0x36,
    0x94, 0x70, 0x6f, 0x34, 0x98, 0x70, 0x67, 0x34, 0x9c, 0x70, 0x5f, 0x34, 0xa0, 0x70, 0x57, 0x34,
    0xa4, 0x70, 0x4e, 0x04, 0x94, 0x72, 0xd0, 0x32, 0x98, 0x72, 0xc7, 0x32, 0x9c, 0x72, 0xbf, 0x32,
    0xa0, 0x72, 0xb7, 0x32, 0xa4, 0x72, 0xaf, 0x12, 0x96, 0x74, 0x00, 0x31, 0x9a, 0x74, 0xf7, 0x30,
    0x9e, 0x74, 0xef, 0x30, 0xa2, 0x74, 0xe7, 0x30, 0xa6, 0x74, 0xdf, 0x00, 0x7a, 0x6c, 0xf5, 0x37,
    0x7e, 0x6c, 0xec, 0x37, 0x82, 0x6c, 0xe3, 0x37, 0x86, 0x6c, 0xd9, 0x17, 0x7a, 0x6e, 0x2e, 0x36,
    0x7e, 0x6e, 0x24, 0x36, 0x82, 0x6e, 0x1b, 0x36, 0x86, 0x6e, 0x12, 0x16, 0x7a, 0x70, 0x66, 0x34,
    0x7e, 0x70, 0x5d, 0x34, 0x82, 0x70, 0x54, 0x34, 0x86, 0x70, 0x4a, 0x14, 0x7a, 0x72, 0xc5, 0x32,
    0x7e, 0x72, 0xbb, 0x32, 0x82, 0x72, 0xb2, 0x32, 0x86, 0x72, 0xa9, 0x12, 0x7a, 0x74, 0xfd, 0x30,
    0x7e, 0x74, 0xf4, 0x30, 0x82, 0x74, 0xeb, 0x30, 0x86, 0x74, 0xe1, 0x10, 0x5e, 0x6c, 0xff, 0x37,
    0x62, 0x6c, 0xf7, 0x37, 0x66, 0x6c, 0xee, 0x37, 0x6a, 0x6c, 0xe6, 0x37, 0x6e, 0x6c, 0xde, 0x07,
    0x5e, 0x6e, 0x2f, 0x36, 0x62, 0x6e, 0x27, 0x36, 0x66, 0x6e, 0x1f, 0x36, 0x6a, 0x6e, 0x17, 0x36,
    0x5c, 0x70, 0x70, 0x34, 0x60, 0x70, 0x68, 0x34, 0x64, 0x70, 0x60, 0x34, 0x68, 0x70, 0x58, 0x34,
    0x6c, 0x70, 0x4f, 0x04, 0x5c, 0x72, 0xc7, 0x32, 0x60, 0x72, 0xbf, 0x32, 0x64, 0x72, 0xb6, 0x32,
    0x68, 0x72, 0xae, 0x32, 0x6c, 0x72, 0xa6, 0x02, 0x5a, 0x74, 0x08, 0x31, 0x5e, 0x74, 0xff, 0x30,
    0x62, 0x74, 0xf7, 0x30, 0x66, 0x74, 0xef, 0x30, 0x6a, 0x74, 0xe7, 0x10, 0x44, 0x6c, 0xff, 0x37,
    0x48, 0x6c, 0xf6, 0x37, 0x4c, 0x6c, 0xed, 0x37, 0x50, 0x6c, 0xe5, 0x37, 0x42, 0x6e, 0x38, 0x36,
    0x46, 0x6e, 0x2f, 0x36, 0x4a, 0x6e, 0x26, 0x36, 0x4e, 0x6e, 0x1e, 0x36, 0x40, 0x70, 0x71, 0x34,
    0x44, 0x70, 0x68, 0x34, 0x48, 0x70, 0x5f, 0x34, 0x4c, 0x70, 0x56, 0x34, 0x3e, 0x72, 0xd0, 0x32,
    0x42, 0x72, 0xc7, 0x32, 0x46, 0x72, 0xbe, 0x32, 0x4a, 0x72, 0xb5, 0x32, 0x4e, 0x72, 0xad, 0x02,
    0x3c, 0x74, 0x09, 0x31, 0x40, 0x74, 0x00, 0x31, 0x44, 0x74, 0xf7, 0x30, 0x48, 0x74, 0xee, 0x30,
    0x4c, 0x74, 0xe6, 0x00, 0xb6, 0x77, 0x00, 0x30, 0xba, 0x77, 0x08, 0x30, 0xbe, 0x77, 0x10, 0x30,
    0xc2, 0x77, 0x17, 0x30, 0xc6, 0x77, 0x1f, 0x30, 0xb8, 0x79, 0x7c, 0x31, 0xbc, 0x79, 0x84, 0x31,
    0xc0, 0x79, 0x8c, 0x31, 0xc4, 0x79, 0x94, 0x31, 0xc8, 0x79, 0x9b, 0x31, 0xba, 0x7b, 0xd3, 0x32,
    0xbe, 0x7b, 0xda, 0x32, 0xc2, 0x7b, 0xe2, 0x32, 0xc6, 0x7b, 0xea, 0x32, 0xca, 0x7b, 0xf2, 0x32,
    0xce, 0x7b, 0xfa, 0x02, 0xbc, 0x7d, 0x4f, 0x34, 0xc0, 0x7d, 0x57, 0x34, 0xc4, 0x7d, 0x5f, 0x34,
    0xc8, 0x7d, 0x66, 0x34, 0xcc, 0x7d, 0x6e, 0x34, 0xd0, 0x7d, 0x76, 0x04, 0xbe, 0x7f, 0xcb, 0x35,
    0xc2, 0x7f, 0xd3, 0x35, 0xc6, 0x7f, 0xdb, 0x35, 0xca, 0x7f, 0xe3, 0x35, 0xce, 0x7f, 0xeb, 0x35,
    0xd2, 0x7f, 0xf2, 0x15, 0xc0, 0x81, 0x22, 0x37, 0xc4, 0x81, 0x2a, 0x37, 0xc8, 0x81, 0x31, 0x37,
    0xcc, 0x81, 0x39, 0x37, 0xd0, 0x81, 0x41, 0x37, 0xd4, 0x81, 0x49, 0x17, 0x96, 0x77, 0x00, 0x30,
    0x9a, 0x77, 0x08, 0x30, 0x9e, 0x77, 0x10, 0x30, 0xa2, 0x77, 0x17, 0x30, 0xa6, 0x77, 0x1f, 0x30,
    0x98, 0x79, 0x84, 0x31, 0x9c, 0x79, 0x8c, 0x31, 0xa0, 0x79, 0x94, 0x31, 0xa4, 0x79, 0x9c, 0x31,
    0xa8, 0x79, 0xa3, 0x21, 0x98, 0x7b, 0xd3, 0x32, 0x9c, 0x7b, 0xdb, 0x32, 0xa0, 0x7b, 0xe3, 0x32,
    0xa4, 0x7b, 0xea, 0x32, 0xa8, 0x7b, 0xf2, 0x32, 0x9a, 0x7d, 0x57, 0x34, 0x9e, 0x7d, 0x5f, 0x34,
    0xa2, 0x7d, 0x67, 0x34, 0xa6, 0x7d, 0x6f, 0x34, 0xaa, 0x7d, 0x77, 0x34, 0x9a, 0x7f, 0xd2, 0x35,
    0x9e, 0x7f, 0xda, 0x35, 0xa2, 0x7f, 0xe2, 0x35, 0xa6, 0x7f, 0xe9, 0x35, 0xaa, 0x7f, 0xf1, 0x35,
    0xae, 0x7f, 0xf9, 0x05, 0x9a, 0x81, 0x21, 0x37, 0x9e, 0x81, 0x28, 0x37, 0xa2, 0x81, 0x30, 0x37,
    0xa6, 0x81, 0x38, 0x37, 0xaa, 0x81, 0x40, 0x37, 0xae, 0x81, 0x48, 0x27, 0x78, 0x77, 0x08, 0x30,
    0x7c, 0x77, 0x10, 0x30, 0x80, 0x77, 0x19, 0x30, 0x84, 0x77, 0x21, 0x30, 0x88, 0x77, 0x29, 0x10,
    0x78, 0x79, 0x85, 0x31, 0x7c, 0x79, 0x8d, 0x31, 0x80, 0x79, 0x95, 0x31, 0x84, 0x79, 0x9d, 0x31,
    0x88, 0x79, 0xa5, 0x11, 0x78, 0x7b, 0xdb, 0x32, 0x7c, 0x7b, 0xe3, 0x32, 0x80, 0x7b, 0xeb, 0x32,
    0x84, 0x7b, 0xf4, 0x32, 0x88, 0x7b, 0xfc, 0x12, 0x78, 0x7d, 0x57, 0x34, 0x7c, 0x7d, 0x60, 0x34,
    0x80, 0x7d, 0x68, 0x34, 0x84, 0x7d, 0x70, 0x34, 0x88, 0x7d, 0x78, 0x14, 0x78, 0x7f, 0xd4, 0x35,
    0x7c, 0x7f, 0xdc, 0x35, 0x80, 0x7f, 0xe4, 0x35, 0x84, 0x7f, 0xec, 0x35, 0x88, 0x7f, 0xf5, 0x15,
    0x78, 0x81, 0x2a, 0x37, 0x7c, 0x81, 0x32, 0x37, 0x80, 0x81, 0x3a, 0x37, 0x84, 0x81, 0x43, 0x37,
    0x88, 0x81, 0x4b, 0x17, 0x58, 0x77, 0x08, 0x30, 0x5c, 0x77, 0x10, 0x30, 0x60, 0x77, 0x17, 0x30,
    0x64, 0x77, 0x1f, 0x30, 0x68, 0x77, 0x27, 0x20, 0x56, 0x79, 0x7d, 0x31, 0x5a, 0x79, 0x85, 0x31,
    0x5e, 0x79, 0x8c, 0x31, 0x62, 0x79, 0x94, 0x31, 0x66, 0x79, 0x9c, 0x31, 0x56, 0x7b, 0xdc, 0x32,
    0x5a, 0x7b, 0xe3, 0x32, 0x5e, 0x7b, 0xeb, 0x32, 0x62, 0x7b, 0xf3, 0x32, 0x66, 0x7b, 0xfb, 0x22,
    0x54, 0x7d, 0x56, 0x34, 0x58, 0x7d, 0x5e, 0x34, 0x5c, 0x7d, 0x66, 0x34, 0x60, 0x7d, 0x6e, 0x34,
    0x64, 0x7d, 0x76, 0x34, 0x52, 0x7f, 0xcc, 0x35, 0x56, 0x7f, 0xd3, 0x35, 0x5a, 0x7f, 0xdb, 0x35,
    0x5e, 0x7f, 0xe3, 0x35, 0x62, 0x7f, 0xeb, 0x35, 0x66, 0x7f, 0xf2, 0x15, 0x50, 0x81, 0x21, 0x37,
    0x54, 0x81, 0x28, 0x37, 0x58, 0x81, 0x30, 0x37, 0x5c, 0x81, 0x38, 0x37, 0x60, 0x81, 0x40, 0x37,
    0x64, 0x81, 0x47, 0x27, 0x38, 0x77, 0x08, 0x30, 0x3c, 0x77, 0x10, 0x30, 0x40, 0x77, 0x17, 0x30,
    0x44, 0x77, 0x1f, 0x30, 0x48, 0x77, 0x27, 0x20, 0x36, 0x79, 0x85, 0x31, 0x3a, 0x79, 0x8d, 0x31,
    0x3e, 0x79, 0x94, 0x31, 0x42, 0x79, 0x9c, 0x31, 0x46, 0x79, 0xa4, 0x21, 0x32, 0x7b, 0xd2, 0x32,
    0x36, 0x7b, 0xda, 0x32, 0x3a, 0x7b, 0xe2, 0x32, 0x3e, 0x7b, 0xe9, 0x32, 0x42, 0x7b, 0xf1, 0x32,
    0x46, 0x7b, 0xf9, 0x02, 0x30, 0x7d, 0x4f, 0x34, 0x34, 0x7d, 0x57, 0x34, 0x38, 0x7d, 0x5f, 0x34,
    0x3c, 0x7d, 0x67, 0x34, 0x40, 0x7d, 0x6e, 0x34, 0x44, 0x7d, 0x76, 0x04, 0x2e, 0x7f, 0xd2, 0x35,
    0x32, 0x7f, 0xda, 0x35, 0x36, 0x7f, 0xe2, 0x35, 0x3a, 0x7f, 0xe9, 0x35, 0x3e, 0x7f, 0xf1, 0x35,
    0x42, 0x7f, 0xf9, 0x05, 0x2c, 0x81, 0x29, 0x37, 0x30, 0x81, 0x31, 0x37, 0x34, 0x81, 0x39, 0x37,
    0x38, 0x81, 0x41, 0x37, 0x3c, 0x81, 0x48, 0x37, 0x40, 0x81, 0x50, 0x07, 0xae, 0x6c, 0xf6, 0x37,
    0xb2, 0x6c, 0xed, 0x37, 0xb6, 0x6c, 0xe5, 0x37, 0xba, 0x6c, 0xdc, 0x27, 0xb0, 0x6e, 0x2e, 0x36,
    0xb4, 0x6e, 0x25, 0x36, 0xb8, 0x6e, 0x1d, 0x36, 0xbc, 0x6e, 0x14, 0x26, 0xb2, 0x70, 0x66, 0x34,
    0xb6, 0x70, 0x5d, 0x34, 0xba, 0x70, 0x55, 0x34, 0xbe, 0x70, 0x4c, 0x24, 0xb2, 0x72, 0xcf, 0x32,
    0xb6, 0x72, 0xc6, 0x32, 0xba, 0x72, 0xbd, 0x32, 0xbe, 0x72, 0xb5, 0x32, 0xc2, 0x72, 0xac, 0x02,
    0xb4, 0x74, 0x07, 0x31, 0xb8, 0x74, 0xfe, 0x30, 0xbc, 0x74, 0xf5, 0x30, 0xc0, 0x74, 0xed, 0x30,
    0xc4, 0x74, 0xe4, 0x00, 0x92, 0x6c, 0xff, 0x37, 0x96, 0x6c, 0xf7, 0x37, 0x9a, 0x6c, 0xee, 0x37,
    0x9e, 0x6c, 0xe6, 0x37, 0xa2, 0x6c, 0xde, 0x07, 0x94, 0x6e, 0x2f, 0x36, 0x98, 0x6e, 0x27, 0x36,
    0x9c, 0x6e, 0x1e, 0x36, 0xa0, 0x6e, 0x16, 0x36, 0x94, 0x70, 0x6f, 0x34, 0x98, 0x70, 0x67, 0x34,
    0x9c, 0x70, 0x5f, 0x34, 0xa0, 0x70, 0x57, 0x34, 0xa4, 0x70, 0x4e, 0x04, 0x94, 0x72, 0xd0, 0x32,
    0x98, 0x72, 0xc7, 0x32, 0x9c, 0x72, 0xbf, 0x32, 0xa0, 0x72, 0xb7, 0x32, 0xa4, 0x72, 0xaf, 0x12,
    0x96, 0x74, 0x00, 0x31, 0x9a, 0x74, 0xf7, 0x30, 0x9e, 0x74, 0xef, 0x30, 0xa2, 0x74, 0xe7, 0x30,
    0xa6, 0x74, 0xdf, 0x00, 0x7a, 0x6c, 0xf5, 0x37, 0x7e, 0x6c, 0xec, 0x37, 0x82, 0x6c, 0xe3, 0x37,
    0x86, 0x6c, 0xd9, 0x17, 0x7a, 0x6e, 0x2e, 0x36, 0x7e, 0x6e, 0x24, 0x36, 0x82, 0x6e, 0x1b, 0x36,
    0x86, 0x6e, 0x12, 0x16, 0x7a, 0x70, 0x66, 0x34, 0x7e, 0x70, 0x5d, 0x34, 0x82, 0x70, 0x54, 0x34,
    0x86, 0x70, 0x4a, 0x14, 0x7a, 0x72, 0xc5, 0x32, 0x7e, 0x72, 0xbb, 0x32, 0x82, 0x72, 0xb2, 0x32,
    0x86, 0x72, 0xa9, 0x12, 0x7a, 0x74, 0xfd, 0x30, 0x7e, 0x74, 0xf4, 0x30, 0x82, 0x74, 0xeb, 0x30,
    0x86, 0x74, 0xe1, 0x10, 0x5e, 0x6c, 0xff, 0x37, 0x62, 0x6c, 0xf7, 0x37, 0x66, 0x6c, 0xee, 0x37,
    0x6a, 0x6c, 0xe6, 0x37, 0x6e, 0x6c, 0xde, 0x07, 0x5e, 0x6e, 0x2f, 0x36, 0x62, 0x6e, 0x27, 0x36,
    0x66, 0x6e, 0x1f, 0x36, 0x6a, 0x6e, 0x17, 0x36, 0x5c, 0x70, 0x70, 0x34, 0x60, 0x70, 0x68, 0x34,
    0x64, 0x70, 0x60, 0x34, 0x68, 0x70, 0x58, 0x34, 0x6c, 0x70, 0x4f, 0x04, 0x5c, 0x72, 0xc7, 0x32,
    0x60, 0x72, 0xbf, 0x32, 0x64, 0x72, 0xb6, 0x32, 0x68, 0x72, 0xae, 0x32, 0x6c, 0x72, 0xa6, 0x02,
    0x5a, 0x74, 0x08, 0x31, 0x5e, 0x74, 0xff, 0x30, 0x62, 0x74, 0xf7, 0x30, 0x66, 0x74, 0xef, 0x30,
    0x6a, 0x74, 0xe7, 0x10, 0x44, 0x6c, 0xff, 0x37, 0x48, 0x6c, 0xf6, 0x37, 0x4c, 0x6c, 0xed, 0x37,
    0x50, 0x6c, 0xe5, 0x37, 0x42, 0x6e, 0x38, 0x36, 0x46, 0x6e, 0x2f, 0x36, 0x4a, 0x6e, 0x26, 0x36,
    0x4e, 0x6e, 0x1e, 0x36, 0x40, 0x70, 0x71, 0x34, 0x44, 0x70, 0x68, 0x34, 0x48, 0x70, 0x5f, 0x34,
    0x4c, 0x70, 0x56, 0x34, 0x3e, 0x72, 0xd0, 0x32, 0x42, 0x72, 0xc7, 0x32, 0x46, 0x72, 0xbe, 0x32,
    0x4a, 0x72, 0xb5, 0x32, 0x4e, 0x72, 0xad, 0x02, 0x3c, 0x74, 0x09, 0x31, 0x40, 0x74, 0x00, 0x31,
    0x44, 0x74, 0xf7, 0x30, 0x48, 0x74, 0xee, 0x30, 0x4c, 0x74, 0xe6, 0x00, 0xb6, 0x77, 0x00, 0x30,
    0xba, 0x77, 0x08, 0x30, 0xbe, 0x77, 0x10, 0x30, 0xc2, 0x77, 0x17, 0x30, 0xc6, 0x77, 0x1f, 0x30,
    0xb8, 0x79, 0x7c, 0x31, 0xbc, 0x79, 0x84, 0x31, 0xc0, 0x79, 0x8c, 0x31, 0xc4, 0x79, 0x94, 0x31,
    0xc8, 0x79, 0x9b, 0x31, 0xba, 0x7b, 0xd3, 0x32, 0xbe, 0x7b, 0xda, 0x32, 0xc2, 0x7b, 0xe2, 0x32,
    0xc6, 0x7b, 0xea, 0x32, 0xca, 0x7b, 0xf2, 0x32, 0xce, 0x7b, 0xfa, 0x02, 0xbc, 0x7d, 0x4f, 0x34,
    0xc0, 0x7d, 0x57, 0x34, 0xc4, 0x7d, 0x5f, 0x34, 0xc8, 0x7d, 0x66, 0x34, 0xcc, 0x7d, 0x6e, 0x34,
    0xd0, 0x7d, 0x76, 0x04, 0xbe, 0x7f, 0xcb, 0x35, 0xc2, 0x7f, 0xd3, 0x35, 0xc6, 0x7f, 0xdb, 0x35,
    0xca, 0x7f, 0xe3, 0x35, 0xce, 0x7f, 0xeb, 0x35, 0xd2, 0x7f, 0xf2, 0x15, 0xc0, 0x81, 0x22, 0x37,
    0xc4, 0x81, 0x2a, 0x37, 0xc8, 0x81, 0x31, 0x37, 0xcc, 0x81, 0x39, 0x37, 0xd0, 0x81, 0x41, 0x37,
    0xd4, 0x81, 0x49, 0x17, 0x96, 0x77, 0x00, 0x30, 0x9a, 0x77, 0x08, 0x30, 0x9e, 0x77, 0x10, 0x30,
    0xa2, 0x77, 0x17, 0x30, 0xa6, 0x77, 0x1f, 0x30, 0x98, 0x79, 0x84, 0x31, 0x9c, 0x79, 0x8c, 0x31,
    0xa0, 0x79, 0x94, 0x31, 0xa4, 0x79, 0x9c, 0x31, 0xa8, 0x79, 0xa3, 0x21, 0x98, 0x7b, 0xd3, 0x32,
    0x9c, 0x7b, 0xdb, 0x32, 0xa0, 0x7b, 0xe3, 0x32, 0xa4, 0x7b, 0xea, 0x32, 0xa8, 0x7b, 0xf2, 0x32,
    0x9a, 0x7d, 0x57, 0x34, 0x9e, 0x7d, 0x5f, 0x34, 0xa2, 0x7d, 0x67, 0x34, 0xa6, 0x7d, 0x6f, 0x34,
    0xaa, 0x7d, 0x77, 0x34, 0x9a, 0x7f, 0xd2, 0x35, 0x9e, 0x7f, 0xda, 0x35, 0xa2, 0x7f, 0xe2, 0x35,
    0xa6, 0x7f, 0xe9, 0x35, 0xaa, 0x7f, 0xf1, 0x35, 0xae, 0x7f, 0xf9, 0x05, 0x9a, 0x81, 0x21, 0x37,
    0x9e, 0x81, 0x28, 0x37, 0xa2, 0x81, 0x30, 0x37, 0xa6, 0x81, 0x38, 0x37, 0xaa, 0x81, 0x40, 0x37,
    0xae, 0x81, 0x48, 0x27, 0x78, 0x77, 0x08, 0x30, 0x7c, 0x77, 0x10, 0x30, 0x80, 0x77, 0x19, 0x30,
    0x84, 0x77, 0x21, 0x30, 0x88, 0x77, 0x29, 0x10, 0x78, 0x79, 0x85, 0x31, 0x7c, 0x79, 0x8d, 0x31,
    0x80, 0x79, 0x95, 0x31, 0x84, 0x79, 0x9d, 0x31, 0x88, 0x79, 0xa5, 0x11, 0x78, 0x7b, 0xdb, 0x32,
    0x7c, 0x7b, 0xe3, 0x32, 0x80, 0x7b, 0xeb, 0x32, 0x84, 0x7b, 0xf4, 0x32, 0x88, 0x7b, 0xfc, 0x12,
    0x78, 0x7d, 0x57, 0x34, 0x7c, 0x7d, 0x60, 0x34, 0x80, 0x7d, 0x68, 0x34, 0x84, 0x7d, 0x70, 0x34,
    0x88, 0x7d, 0x78, 0x14, 0x78, 0x7f, 0xd4, 0x35, 0x7c, 0x7f, 0xdc, 0x35, 0x80, 0x7f, 0xe4, 0x35,
    0x84, 0x7f, 0xec, 0x35, 0x88, 0x7f, 0xf5, 0x15, 0x78, 0x81, 0x2a, 0x37, 0x7c, 0x81, 0x32, 0x37,
    0x80, 0x81, 0x3a, 0x37, 0x84, 0x81, 0x43, 0x37, 0x88, 0x81, 0x4b, 0x17, 0x58, 0x77, 0x08, 0x30,
    0x5c, 0x77, 0x10, 0x30, 0x60, 0x77, 0x17, 0x30, 0x64, 0x77, 0x1f, 0x30, 0x68, 0x77, 0x27, 0x20,
    0x56, 0x79, 0x7d, 0x31, 0x5a, 0x79, 0x85, 0x31, 0x5e, 0x79, 0x8c, 0x31, 0x62, 0x79, 0x94, 0x31,
    0x66, 0x79, 0x9c, 0x31, 0x56, 0x7b, 0xdc, 0x32, 0x5a, 0x7b, 0xe3, 0x32, 0x5e, 0x7b, 0xeb, 0x32,
    0x62, 0x7b, 0xf3, 0x32, 0x66, 0x7b, 0xfb, 0x22, 0x54, 0x7d, 0x56, 0x34, 0x58, 0x7d, 0x5e, 0x34,
    0x5c, 0x7d, 0x66, 0x34, 0x60, 0x7d, 0x6e, 0x34, 0x64, 0x7d, 0x76, 0x34, 0x52, 0x7f, 0xcc, 0x35,
    0x56, 0x7f, 0xd3, 0x35, 0x5a, 0x7f, 0xdb, 0x35, 0x5e, 0x7f, 0xe3, 0x35, 0x62, 0x7f, 0xeb, 0x35,
    0x66, 0x7f, 0xf2, 0x15, 0x50, 0x81, 0x21, 0x37, 0x54, 0x81, 0x28, 0x37, 0x58, 0x81, 0x30, 0x37,
    0x5c, 0x81, 0x38, 0x37, 0x60, 0x81, 0x40, 0x37, 0x64, 0x81, 0x47, 0x27, 0x38, 0x77, 0x08, 0x30,
    0x3c, 0x77, 0x10, 0x30, 0x40, 0x77, 0x17, 0x30, 0x44, 0x77, 0x1f, 0x30, 0x48, 0x77, 0x27, 0x20,
    0x36, 0x79, 0x85, 0x31, 0x3a, 0x79, 0x8d, 0x31, 0x3e, 0x79, 0x94, 0x31, 0x42, 0x79, 0x9c, 0x31,
    0x46, 0x79, 0xa4, 0x21, 0x32, 0x7b, 0xd2, 0x32, 0x36, 0x7b, 0xda, 0x32, 0x3a, 0x7b, 0xe2, 0x32,
    0x3e, 0x7b, 0xe9, 0x32, 0x42, 0x7b, 0xf1, 0x32, 0x46, 0x7b, 0xf9, 0x02, 0x30, 0x7d, 0x4f, 0x34,
    0x34, 0x7d, 0x57, 0x34, 0x38, 0x7d, 0x5f, 0x34, 0x3c, 0x7d, 0x67, 0x34, 0x40, 0x7d, 0x6e, 0x34,
    0x44, 0x7d, 0x76, 0x04, 0x2e, 0x7f, 0xd2, 0x35, 0x32, 0x7f, 0xda, 0x35, 0x36, 0x7f, 0xe2, 0x35,
    0x3a, 0x7f, 0xe9, 0x35, 0x3e, 0x7f, 0xf1, 0x35, 0x42, 0x7f, 0xf9, 0x05, 0x2c, 0x81, 0x29, 0x37,
    0x30, 0x81, 0x31, 0x37, 0x34, 0x81, 0x39, 0x37, 0x38, 0x81, 0x41, 0x37, 0x3c, 0x81, 0x48, 0x37,
    0x40, 0x81, 0x50, 0x07, 0xae, 0x6c, 0xf6, 0x37, 0xb2, 0x6c, 0xed, 0x37, 0xb6, 0x6c, 0xe5, 0x37,
    0xba, 0x6c, 0xdc, 0x27, 0xb0, 0x6e, 0x2e, 0x36, 0xb4, 0x6e, 0x25, 0x36, 0xb8, 0x6e, 0x1d, 0x36,
    0xbc, 0x6e, 0x14, 0x26, 0xb2, 0x70, 0x66, 0x34, 0xb6, 0x70, 0x5d, 0x34, 0xba, 0x70, 0x55, 0x34,
    0xbe, 0x70, 0x4c, 0x24, 0xb2, 0x72, 0xcf, 0x32, 0xb6, 0x72, 0xc6, 0x32, 0xba, 0x72, 0xbd, 0x32,
    0xbe, 0x72, 0xb5, 0x32, 0xc2, 0x72, 0xac, 0x02, 0xb4, 0x74, 0x07, 0x31, 0xb8, 0x74, 0xfe, 0x30,
    0xbc, 0x74, 0xf5, 0x30, 0xc0, 0x74, 0xed, 0x30, 0xc4, 0x74, 0xe4, 0x00, 0x92, 0x6c, 0xff, 0x37,
    0x96, 0x6c, 0xf7, 0x37, 0x9a, 0x6c, 0xee, 0x37, 0x9e, 0x6c, 0xe6, 0x37, 0xa2, 0x6c, 0xde, 0x07,
    0x94, 0x6e, 0x2f, 0x36, 0x98, 0x6e, 0x27, 0x36, 0x9c, 0x6e, 0x1e, 0x36, 0xa0, 0x6e, 0x16, 0x36,
    0x94, 0x70, 0x6f, 0x34, 0x98, 0x70, 0x67, 0x34, 0x9c, 0x70, 0x5f, 0x34, 0xa0, 0x70, 0x57, 0x34,
    0xa4, 0x70, 0x4e, 0x04, 0x94, 0x72, 0xd0, 0x32, 0x98, 0x72, 0xc7, 0x32, 0x9c, 0x72, 0xbf, 0x32,
    0xa0, 0x72, 0xb7, 0x32, 0xa4, 0x72, 0xaf, 0x12, 0x96, 0x74, 0x00, 0x31, 0x9a, 0x74, 0xf7, 0x30,
    0x9e, 0x74, 0xef, 0x30, 0xa2, 0x74, 0xe7, 0x30, 0xa6, 0x74, 0xdf, 0x00, 0x7a, 0x6c, 0xf5, 0x37,
    0x7e, 0x6c, 0xec, 0x37, 0x82, 0x6c, 0xe3, 0x37, 0x86, 0x6c, 0xd9, 0x17, 0x7a, 0x6e, 0x2e, 0x36,
    0x7e, 0x6e, 0x24, 0x36, 0x82, 0x6e, 0x1b, 0x36, 0x86, 0x6e, 0x12, 0x16, 0x7a, 0x70, 0x66, 0x34,
    0x7e, 0x70, 0x5d, 0x34, 0x82, 0x70, 0x54, 0x34, 0x86, 0x70, 0x4a, 0x14, 0x7a, 0x72, 0xc5, 0x32,
    0x7e, 0x72, 0xbb, 0x32, 0x82, 0x72, 0xb2, 0x32, 0x86, 0x72, 0xa9, 0x12, 0x7a, 0x74, 0xfd, 0x30,
    0x7e, 0x74, 0xf4, 0x30, 0x82, 0x74, 0xeb, 0x30, 0x86, 0x74, 0xe1, 0x10, 0x5e, 0x6c, 0xff, 0x37,
    0x62, 0x6c, 0xf7, 0x37, 0x66, 0x6c, 0xee, 0x37, 0x6a, 0x6c, 0xe6, 0x37, 0x6e, 0x6c, 0xde, 0x07,
    0x5e, 0x6e, 0x2f, 0x36, 0x62, 0x6e, 0x27, 0x36, 0x66, 0x6e, 0x1f, 0x36, 0x6a, 0x6e, 0x17, 0x36,
    0x5c, 0x70, 0x70, 0x34, 0x60, 0x70, 0x68, 0x34, 0x64, 0x70, 0x60, 0x34, 0x68, 0x70, 0x58, 0x34,
    0x6c, 0x70, 0x4f, 0x04, 0x5c, 0x72, 0xc7, 0x32, 0x60, 0x72, 0xbf, 0x32, 0x64, 0x72, 0xb6, 0x32,
    0x68, 0x72, 0xae, 0x32, 0x6c, 0x72, 0xa6, 0x02, 0x5a, 0x74, 0x08, 0x31, 0x5e, 0x74, 0xff, 0x30,
    0x62, 0x74, 0xf7, 0x30, 0x66, 0x74, 0xef, 0x30, 0x6a, 0x74, 0xe7, 0x10, 0x44, 0x6c, 0xff, 0x37,
    0x48, 0x6c, 0xf6, 0x37, 0x4c, 0x6c, 0xed, 0x37, 0x50, 0x6c, 0xe5, 0x37, 0x42, 0x6e, 0x38, 0x36,
    0x46, 0x6e, 0x2f, 0x36, 0x4a, 0x6e, 0x26, 0x36, 0x4e, 0x6e, 0x1e, 0x36, 0x40, 0x70, 0x71, 0x34,
    0x44, 0x70, 0x68, 0x34, 0x48, 0x70, 0x5f, 0x34, 0x4c, 0x70, 0x56, 0x34, 0x3e, 0x72, 0xd0, 0x32,
    0x42, 0x72, 0xc7, 0x32, 0x46, 0x72, 0xbe, 0x32, 0x4a, 0x72, 0xb5, 0x32, 0x4e, 0x72, 0xad, 0x02,
    0x3c, 0x74, 0x09, 0x31, 0x40, 0x74, 0x00, 0x31, 0x44, 0x74, 0xf7, 0x30, 0x48, 0x74, 0xee, 0x30,
    0x4c, 0x74, 0xe6, 0x00,
};

#endif
