/* Generated by tools/fmtowns/gen_turn_board_cache.py. Do not edit. */
#ifndef WAIFU_FMTOWNS_TURN_BOARD_CACHE_H
#define WAIFU_FMTOWNS_TURN_BOARD_CACHE_H

#include <stdint.h>

#define WAIFU_FMTOWNS_TURN_BOARD_CACHE_POSES 59
#define WAIFU_FMTOWNS_TURN_BOARD_CACHE_WIDTH 128
#define WAIFU_FMTOWNS_TURN_BOARD_CACHE_HEIGHT 120
#define WAIFU_FMTOWNS_TURN_BOARD_CACHE_SCALE 2
#define WAIFU_FMTOWNS_TURN_BOARD_CACHE_FRAME_BYTES 15360
#define WAIFU_FMTOWNS_TURN_BOARD_CACHE_BYTES 156175

static const uint32_t waifu_fmtowns_turn_board_cache_offsets[60] = {
    0u, 1049u, 1049u, 1049u, 1049u, 1049u,
    1049u, 4538u, 8098u, 8098u, 12029u, 12029u,
    15516u, 19024u, 22654u, 26420u, 29820u, 33210u,
    36547u, 39726u, 43182u, 46214u, 49367u, 52308u,
    55420u, 58279u, 61229u, 64282u, 67105u, 70259u,
    73367u, 76130u, 79228u, 82259u, 85474u, 88572u,
    91908u, 94958u, 98022u, 101445u, 104927u, 108321u,
    111687u, 114987u, 118749u, 122307u, 126035u, 129814u,
    133583u, 137253u, 140979u, 140979u, 144783u, 148550u,
    148550u, 152208u, 152208u, 156175u, 156175u, 156175u,
};

static const uint16_t waifu_fmtowns_turn_board_cache_lengths[59] = {
    1049u, 0u, 0u, 0u, 0u, 0u, 3489u, 3560u,
    0u, 3931u, 0u, 3487u, 3508u, 3630u, 3766u, 3400u,
    3390u, 3337u, 3179u, 3456u, 3032u, 3153u, 2941u, 3112u,
    2859u, 2950u, 3053u, 2823u, 3154u, 3108u, 2763u, 3098u,
    3031u, 3215u, 3098u, 3336u, 3050u, 3064u, 3423u, 3482u,
    3394u, 3366u, 3300u, 3762u, 3558u, 3728u, 3779u, 3769u,
    3670u, 3726u, 0u, 3804u, 3767u, 0u, 3658u, 0u,
    3967u, 0u, 0u,
};

static const uint8_t waifu_fmtowns_turn_board_cache_data[156175] = {
    0x1f, 0xff, 0x01, 0x00, 0xff, 0xff, 0xff, 0xff, 0xff, 0xff, 0xff, 0xff, 0xff, 0xff, 0xff, 0xff,
    0xff, 0xff, 0xff, 0xff, 0xff, 0xff, 0xff, 0xff, 0xff, 0xff, 0xff, 0xff, 0xff, 0xaa, 0xc4, 0x0e,
    0x0f, 0x0f, 0x0f, 0x0f, 0x0e, 0x0e, 0x0f, 0x0f, 0x11, 0x11, 0xc0, 0x01, 0x00, 0x33, 0xf3, 0x64,
    0xf3, 0x16, 0x00, 0x34, 0x11, 0x11, 0xf3, 0x15, 0x00, 0x37, 0x64, 0xf3, 0xc0, 0x2c, 0x00, 0x0f,
    0x7e, 0x00, 0x34, 0x06, 0x68, 0x00, 0xa0, 0x11, 0x11, 0xf3, 0x64, 0x64, 0x64, 0x64, 0xc0, 0xf3,
    0xc0, 0x07, 0x00, 0x02, 0x17, 0x00, 0x57, 0x11, 0x11, 0x11, 0x0f, 0x0e, 0x16, 0x00, 0x15, 0xf3,
    0x17, 0x00, 0x3f, 0x11, 0x0f, 0xf3, 0x7f, 0x00, 0x35, 0x00, 0x50, 0x00, 0x00, 0x07, 0x00, 0x11,
    0xf3, 0xe3, 0x00, 0x03, 0x01, 0x00, 0x10, 0x0f, 0x01, 0x00, 0x01, 0x7f, 0x00, 0x20, 0x0f, 0xc0,
    0x7b, 0x00, 0x04, 0x19, 0x01, 0x04, 0x18, 0x00, 0x4f, 0x11, 0x0e, 0x0e, 0xf3, 0x7f, 0x00, 0x31,
    0x00, 0x7a, 0x00, 0x03, 0x54, 0x01, 0x02, 0xe3, 0x00, 0x04, 0x68, 0x00, 0x01, 0x13, 0x01, 0x0e,
    0x18, 0x00, 0x09, 0x31, 0x00, 0x0f, 0x7f, 0x00, 0x2e, 0x0f, 0x01, 0x00, 0x2d, 0x0f, 0x7f, 0x00,
    0x2b, 0x18, 0xc0, 0x01, 0x00, 0x33, 0xf3, 0x0e, 0x0f, 0xdd, 0x01, 0x49, 0x0f, 0x11, 0x11, 0x0f,
    0x1b, 0x00, 0x09, 0x1a, 0x00, 0x19, 0xf3, 0x1b, 0x00, 0x0f, 0x7f, 0x00, 0x30, 0x16, 0x64, 0xf1,
    0x01, 0x20, 0x0e, 0x0f, 0x5b, 0x02, 0x00, 0x77, 0x01, 0x09, 0x65, 0x00, 0x05, 0x71, 0x01, 0x01,
    0x91, 0x01, 0x0a, 0x37, 0x00, 0x0f, 0x7c, 0x01, 0x27, 0x1e, 0xc0, 0x64, 0x00, 0x01, 0x59, 0x02,
    0x00, 0x6b, 0x00, 0x1a, 0xf3, 0x1b, 0x01, 0x09, 0x1c, 0x00, 0x2a, 0x0f, 0xc0, 0x1d, 0x00, 0x0f,
    0x7f, 0x00, 0x24, 0x02, 0x52, 0x02, 0x13, 0x64, 0x01, 0x00, 0x41, 0xf3, 0x11, 0x0e, 0x0f, 0x5f,
    0x01, 0x01, 0xe8, 0x00, 0x12, 0x0f, 0x1e, 0x00, 0x06, 0x1d, 0x00, 0x01, 0x7f, 0x00, 0x05, 0x77,
    0x02, 0x0b, 0x3b, 0x00, 0x0f, 0x7a, 0x02, 0x62, 0x0f, 0x86, 0x02, 0x2b, 0x02, 0x6e, 0x01, 0x04,
    0xd5, 0x01, 0x07, 0xf9, 0x04, 0x02, 0xe8, 0x04, 0x26, 0x64, 0x0e, 0x1f, 0x00, 0x00, 0x20, 0x00,
    0x0b, 0x72, 0x01, 0x1c, 0xf3, 0x3f, 0x00, 0x0f, 0x73, 0x05, 0x22, 0x03, 0xf8, 0x04, 0x22, 0x0f,
    0x11, 0x63, 0x05, 0x1d, 0xf3, 0xf1, 0x01, 0x0f, 0x20, 0x00, 0x08, 0x05, 0xa0, 0x00, 0x03, 0xa1,
    0x00, 0x0f, 0x73, 0x05, 0x1f, 0x01, 0x3d, 0x00, 0x03, 0xed, 0x02, 0x03, 0x5b, 0x00, 0x01, 0xce,
    0x01, 0x08, 0x80, 0x00, 0x03, 0x97, 0x05, 0x00, 0x99, 0x05, 0x0e, 0x21, 0x00, 0x0b, 0x43, 0x00,
    0x0f, 0x7f, 0x00, 0x1d, 0x03, 0x3a, 0x01, 0x00, 0x48, 0x05, 0x12, 0x0e, 0x5b, 0x00, 0x0d, 0x71,
    0x03, 0x0f, 0x22, 0x00, 0x0e, 0x03, 0x0a, 0x06, 0x02, 0x32, 0x03, 0x0f, 0x71, 0x06, 0x1b, 0x02,
    0x5b, 0x00, 0x02, 0xc2, 0x01, 0x1d, 0xc0, 0x01, 0x00, 0x0f, 0x23, 0x00, 0x21, 0x1f, 0xf3, 0xf2,
    0x05, 0x16, 0x02, 0x49, 0x04, 0x14, 0x11, 0xbf, 0x01, 0x00, 0xc2, 0x02, 0x02, 0x57, 0x02, 0x05,
    0x01, 0x00, 0x01, 0xe5, 0x05, 0x03, 0x5c, 0x00, 0x01, 0x26, 0x00, 0x0e, 0x24, 0x00, 0x05, 0x14,
    0x04, 0x05, 0xa8, 0x02, 0x0f, 0x81, 0x00, 0x12, 0x01, 0x30, 0x00, 0x01, 0x7d, 0x00, 0x05, 0x3f,
    0x02, 0x0e, 0xdc, 0x00, 0x1d, 0xf3, 0x25, 0x00, 0x1e, 0xf3, 0x25, 0x00, 0x1e, 0x11, 0x4a, 0x00,
    0x0f, 0xf7, 0x03, 0x5c, 0x0f, 0x09, 0x04, 0x1e, 0x0d, 0xc6, 0x00, 0x25, 0x64, 0x64, 0x6b, 0x03,
    0x01, 0xc4, 0x00, 0x12, 0x0e, 0xd3, 0x00, 0x1e, 0xc0, 0x27, 0x00, 0x1e, 0x0f, 0x27, 0x00, 0x0f,
    0x4e, 0x00, 0x02, 0x0f, 0x7f, 0x00, 0x19, 0x66, 0x64, 0xf3, 0xf3, 0x64, 0xf3, 0x0e, 0x0c, 0x04,
    0x00, 0xe1, 0x06, 0x01, 0xf0, 0x03, 0x1e, 0xc0, 0x28, 0x00, 0x00, 0x34, 0x02, 0x0b, 0xf4, 0x03,
    0x06, 0x99, 0x09, 0x05, 0x98, 0x04, 0x0e, 0x81, 0x00, 0x0c, 0x7f, 0x00, 0x0c, 0x34, 0x00, 0x18,
    0x0e, 0xcb, 0x04, 0x03, 0x64, 0x06, 0x0f, 0x29, 0x00, 0x01, 0x1e, 0xf3, 0x29, 0x00, 0x03, 0xa5,
    0x07, 0x0c, 0x29, 0x00, 0x0f, 0x7f, 0x00, 0x0a, 0x14, 0x64, 0xc3, 0x02, 0x0b, 0xe9, 0x03, 0x14,
    0x0e, 0xea, 0x04, 0x00, 0x56, 0x02, 0x0e, 0x2a, 0x00, 0x06, 0x12, 0x05, 0x02, 0x73, 0x04, 0x01,
    0xf8, 0x02, 0x24, 0x11, 0x0e, 0x83, 0x01, 0x04, 0x29, 0x00, 0x1f, 0x64, 0x92, 0x07, 0x08, 0x15,
    0x64, 0xa5, 0x01, 0x06, 0x4d, 0x09, 0x09, 0x56, 0x00, 0x02, 0x6d, 0x04, 0x00, 0x58, 0x00, 0x05,
    0x68, 0x04, 0x03, 0xe1, 0x06, 0x07, 0x71, 0x04, 0x0b, 0x2b, 0x00, 0x2e, 0xf3, 0x64, 0x55, 0x00,
    0x0f, 0x81, 0x00, 0x03, 0x04, 0x27, 0x00, 0x0e, 0xf5, 0x07, 0x02, 0x53, 0x01, 0x03, 0xc9, 0x04,
    0x00, 0xd6, 0x00, 0x1f, 0x0e, 0x2c, 0x00, 0x02, 0x05, 0x7f, 0x00, 0x04, 0xff, 0x0a, 0x06, 0x8c,
    0x08, 0x0d, 0x57, 0x00, 0x0f, 0x7c, 0x01, 0x04, 0x00, 0x48, 0x02, 0x0e, 0x7f, 0x00, 0x02, 0x80,
    0x01, 0x13, 0x11, 0x7c, 0x01, 0x00, 0xd7, 0x0a, 0x0e, 0x2c, 0x00, 0x09, 0x13, 0x06, 0x17, 0x0f,
    0xab, 0x00, 0x1e, 0x0e, 0x59, 0x00, 0x0e, 0x05, 0x02, 0x03, 0xf9, 0x02, 0x0d, 0xa7, 0x00, 0x1a,
    0xf3, 0xfd, 0x00, 0x13, 0x11, 0x05, 0x03, 0x1f, 0xf3, 0x2d, 0x00, 0x08, 0x09, 0xac, 0x00, 0x05,
    0x2d, 0x00, 0x1e, 0xc0, 0x2e, 0x00, 0x1e, 0xff, 0x78, 0x03, 0x0d, 0x2f, 0x03, 0x01, 0xc6, 0x03,
    0x03, 0xd0, 0x00, 0x07, 0x5c, 0x03, 0x1f, 0xc0, 0x2f, 0x00, 0x03, 0x0f, 0x2e, 0x00, 0x04, 0x0f,
    0x5d, 0x00, 0x05, 0x0a, 0xf4, 0x04, 0x08, 0xd1, 0x02, 0x13, 0xf3, 0xaf, 0x02, 0x08, 0x50, 0x00,
    0x16, 0x11, 0xda, 0x03, 0x16, 0x0f, 0xcc, 0x02, 0x0b, 0x2f, 0x00, 0x24, 0x0f, 0x11, 0xfa, 0x03,
    0x0e, 0x2f, 0x00, 0x0e, 0x5f, 0x00, 0x05, 0xf9, 0x02, 0x29, 0x64, 0x64, 0xa6, 0x02, 0x04, 0xac,
    0x02, 0x12, 0xf3, 0x46, 0x00, 0x02, 0xf5, 0x09, 0x06, 0xd8, 0x04, 0x2f, 0x0f, 0xf3, 0x31, 0x00,
    0x04, 0x0f, 0x30, 0x00, 0x1d, 0x1e, 0xc0, 0x73, 0x05, 0x0a, 0x64, 0x06, 0x12, 0x11, 0xc2, 0x06,
    0x09, 0x56, 0x05, 0x0e, 0x57, 0x05, 0x0f, 0x31, 0x00, 0x27, 0x2e, 0xc0, 0xf3, 0x7f, 0x00, 0x07,
    0xbf, 0x06, 0x02, 0xbf, 0x07, 0x0a, 0xd5, 0x05, 0x00, 0x50, 0x00, 0x0f, 0x32, 0x00, 0x38, 0x3f,
    0xf3, 0xff, 0x64, 0x01, 0x00, 0x6b, 0x31, 0xff, 0xff, 0x65, 0x01, 0x00, 0x12, 0x64, 0x07, 0x00,
    0x13, 0xc0, 0x07, 0x00, 0x03, 0x0f, 0x00, 0x09, 0x0c, 0x00, 0x08, 0x15, 0x00, 0x06, 0x0f, 0x00,
    0x2f, 0xc0, 0x64, 0x32, 0x00, 0x29, 0x4f, 0xff, 0xff, 0xff, 0x93, 0x9b, 0x00, 0x05, 0x0f, 0x19,
    0x00, 0x51, 0x41, 0xff, 0xff, 0xff, 0xa2, 0x01, 0x00, 0x2e, 0xc0, 0x64, 0x07, 0x00, 0x0f, 0x19,
    0x00, 0x24, 0x13, 0x64, 0x20, 0x00, 0x1f, 0xa2, 0x19, 0x00, 0x10, 0x10, 0xff, 0x81, 0x00, 0x0f,
    0x1d, 0x02, 0x05, 0x0f, 0x19, 0x00, 0x05, 0x0f, 0x31, 0x00, 0x37, 0x2f, 0xff, 0xff, 0x01, 0x01,
    0x27, 0x0f, 0x00, 0x01, 0x1e, 0x0f, 0xff, 0x00, 0x04, 0x04, 0x81, 0x00, 0x0f, 0x01, 0x00, 0x60,
    0x0f, 0x56, 0x22, 0xff, 0xff, 0xff, 0xff, 0xff, 0xff, 0xff, 0xff, 0xff, 0xff, 0xff, 0xff, 0xff,
    0xff, 0xff, 0x7a, 0x50, 0xff, 0xff, 0xff, 0xff, 0xff, 0x27, 0x19, 0x0e, 0x0c, 0x0c, 0x0c, 0x0c,
    0x0c, 0x0c, 0x0c, 0x0c, 0x0c, 0x0c, 0x0c, 0x0c, 0x0c, 0x0c, 0xa5, 0x19, 0x02, 0xf1, 0xfc, 0xaa,
    0x19, 0x03, 0x01, 0x01, 0x01, 0xae, 0x19, 0x01, 0x1e, 0xb0, 0x19, 0x02, 0xcf, 0x33, 0xb9, 0x19,
    0x01, 0x33, 0xbb, 0x19, 0x02, 0x33, 0xfc, 0xc0, 0x19, 0x07, 0x01, 0x01, 0x01, 0x1f, 0x1e, 0xfc,
    0xcf, 0xce, 0x19, 0x0f, 0xa4, 0x33, 0x33, 0xfd, 0xfc, 0xfc, 0xfc, 0xfc, 0xfd, 0xfd, 0xfc, 0xfc,
    0xe2, 0xe2, 0x0c, 0x23, 0x1a, 0x02, 0x0c, 0xf0, 0x28, 0x1a, 0x03, 0x01, 0x01, 0x01, 0x2e, 0x1a,
    0x06, 0x1e, 0xfd, 0x6a, 0xa4, 0xa4, 0xa4, 0x35, 0x1a, 0x07, 0x33, 0xa4, 0xa4, 0xa4, 0xa4, 0xa4,
    0xcf, 0x3f, 0x1a, 0x01, 0x01, 0x41, 0x1a, 0x06, 0x1f, 0x1e, 0x1e, 0x1e, 0x1f, 0x75, 0x4a, 0x1a,
    0x02, 0xa4, 0x97, 0x4d, 0x1a, 0x01, 0xa4, 0x51, 0x1a, 0x02, 0x97, 0x6b, 0x56, 0x1a, 0x01, 0x01,
    0x58, 0x1a, 0x03, 0x1f, 0x1e, 0x1e, 0x5c, 0x1a, 0x02, 0x1e, 0xe2, 0xa2, 0x1a, 0x02, 0x0c, 0xfc,
    0xa5, 0x1a, 0x03, 0x1e, 0x01, 0x01, 0xaa, 0x1a, 0x01, 0x1e, 0xae, 0x1a, 0x02, 0xfc, 0xcf, 0xb1,
    0x1a, 0x01, 0xa4, 0xb3, 0x1a, 0x01, 0x33, 0xbb, 0x1a, 0x01, 0xfc, 0xc4, 0x1a, 0x05, 0x01, 0x01,
    0xcf, 0x33, 0xa4, 0xcb, 0x1a, 0x01, 0xa4, 0xd2, 0x1a, 0x02, 0x33, 0xfc, 0xd8, 0x1a, 0x01, 0x1f,
    0xdc, 0x1a, 0x01, 0x01, 0xde, 0x1a, 0x01, 0xfd, 0x21, 0x1b, 0x0d, 0x0c, 0xfc, 0xe2, 0xfc, 0xfc,
    0xfc, 0xfc, 0xfc, 0xfc, 0xfd, 0xfd, 0xfc, 0xfc, 0x2f, 0x1b, 0x05, 0x33, 0x97, 0x97, 0xa4, 0xa4,
    0x3a, 0x1b, 0x03, 0x33, 0xfc, 0x1f, 0x3e, 0x1b, 0x01, 0x1e, 0x42, 0x1b, 0x01, 0x01, 0x44, 0x1b,
    0x01, 0x01, 0x46, 0x1b, 0x03, 0xfc, 0x33, 0xa4, 0x4c, 0x1b, 0x01, 0xa4, 0x52, 0x1b, 0x04, 0x33,
    0xfc, 0x1e, 0x1e, 0x58, 0x1b, 0x02, 0x1e, 0x1e, 0x5b, 0x1b, 0x01, 0x01, 0x5d, 0x1b, 0x01, 0x01,
    0x5f, 0x1b, 0x01, 0xfc, 0xa0, 0x1b, 0x01, 0x0c, 0xa2, 0x1b, 0x0c, 0x33, 0x33, 0x33, 0x33, 0x33,
    0x33, 0x33, 0x33, 0x33, 0x33, 0x97, 0x33, 0xaf, 0x1b, 0x18, 0xfc, 0xfc, 0xfc, 0xfc, 0xfc, 0xfc,
    0xfd, 0xfd, 0xfc, 0xfc, 0xe2, 0xfc, 0x33, 0x33, 0x33, 0x33, 0x33, 0x33, 0x33, 0x33, 0x33, 0x33,
    0x33, 0x33, 0xc8, 0x1b, 0x0a, 0xfc, 0xfc, 0xfc, 0xfc, 0xfc, 0xfc, 0xfc, 0xfd, 0xfd, 0xfc, 0xe1,
    0x1b, 0x01, 0x0c, 0x1f, 0x1c, 0x02, 0x3f, 0xa4, 0x25, 0x1c, 0x04, 0xa4, 0xa4, 0xa4, 0xa4, 0x2c,
    0x1c, 0x02, 0x33, 0xfd, 0x35, 0x1c, 0x01, 0x1e, 0x39, 0x1c, 0x06, 0x1e, 0x33, 0x33, 0x33, 0x33,
    0x33, 0x46, 0x1c, 0x03, 0xa4, 0xfd, 0x01, 0x4d, 0x1c, 0x01, 0x01, 0x4f, 0x1c, 0x03, 0x1f, 0x1e,
    0x1e, 0x53, 0x1c, 0x02, 0x1e, 0xfc, 0x5f, 0x1c, 0x02, 0xa4, 0x33, 0x62, 0x1c, 0x01, 0x3f, 0x9e,
    0x1c, 0x01, 0x33, 0xa1, 0x1c, 0x03, 0xa4, 0xa4, 0xa4, 0xa5, 0x1c, 0x01, 0xa4, 0xac, 0x1c, 0x01,
    0xcf, 0xb0, 0x1c, 0x01, 0x01, 0xb7, 0x1c, 0x02, 0x1e, 0x01, 0xba, 0x1c, 0x01, 0x33, 0xc7, 0x1c,
    0x01, 0xfc, 0xcd, 0x1c, 0x03, 0x01, 0x01, 0x1e, 0xd2, 0x1c, 0x04, 0x1e, 0x1f, 0x01, 0x33, 0xdb,
    0x1c, 0x02, 0xa4, 0xa4, 0xdf, 0x1c, 0x01, 0xa4, 0xe3, 0x1c, 0x01, 0x3f, 0x1c, 0x1d, 0x04, 0x0c,
    0x33, 0x33, 0x33, 0x24, 0x1d, 0x08, 0x33, 0x33, 0x33, 0x33, 0x33, 0x33, 0x33, 0xfc, 0x33, 0x1d,
    0x04, 0x1e, 0x1e, 0x1e, 0x01, 0x38, 0x1d, 0x02, 0x01, 0xfc, 0x47, 0x1d, 0x01, 0x33, 0x4b, 0x1d,
    0x01, 0x01, 0x50, 0x1d, 0x01, 0x1e, 0x59, 0x1d, 0x03, 0xa4, 0xa4, 0xa4, 0x64, 0x1d, 0x01, 0x33,
    0x9b, 0x1d, 0x03, 0x0c, 0x9b, 0xa4, 0xa2, 0x1d, 0x09, 0xa4, 0xa4, 0xa4, 0xa4, 0xa4, 0xa4, 0xa4,
    0xa4, 0x33, 0xae, 0x1d, 0x02, 0x1e, 0x1e, 0xb1, 0x1d, 0x01, 0x1e, 0xb4, 0x1d, 0x01, 0x01, 0xb6,
    0x1d, 0x01, 0x01, 0xbe, 0x1d, 0x01, 0xa4, 0xc0, 0x1d, 0x08, 0xa4, 0x97, 0x97, 0x97, 0x97, 0x97,
    0xa4, 0x33, 0xd6, 0x1d, 0x01, 0xfc, 0xd9, 0x1d, 0x0c, 0xa4, 0xa4, 0xa4, 0xa4, 0x97, 0x97, 0x97,
    0x97, 0xa4, 0xa4, 0xa4, 0xa4, 0x1a, 0x1e, 0x10, 0x0c, 0x0c, 0xfc, 0xfd, 0xfc, 0xe2, 0xfc, 0xfc,
    0xfc, 0xfc, 0xfd, 0xfd, 0xfc, 0xfc, 0xfc, 0xe2, 0x2b, 0x1e, 0x04, 0x0c, 0x0c, 0x0c, 0x0c, 0x55,
    0x1e, 0x02, 0x0c, 0x0c, 0x58, 0x1e, 0x0e, 0x33, 0x33, 0x33, 0x33, 0x33, 0x33, 0x33, 0x33, 0x33,
    0x33, 0x33, 0x33, 0x33, 0x33, 0x99, 0x1e, 0x02, 0xfc, 0xf0, 0xa1, 0x1e, 0x01, 0x01, 0xa3, 0x1e,
    0x04, 0x01, 0x01, 0x1e, 0x1e, 0xa8, 0x1e, 0x02, 0x1e, 0x33, 0xb6, 0x1e, 0x07, 0xa4, 0x33, 0xa4,
    0x01, 0x01, 0x1e, 0x1e, 0xc0, 0x1e, 0x01, 0x01, 0xc2, 0x1e, 0x02, 0x01, 0x01, 0xc5, 0x1e, 0x03,
    0x1e, 0x1e, 0x1e, 0xd6, 0x1e, 0x02, 0x33, 0x33, 0xd9, 0x1e, 0x02, 0x01, 0x1e, 0xdc, 0x1e, 0x01,
    0x1e, 0xe0, 0x1e, 0x08, 0x01, 0x01, 0x01, 0x01, 0x1f, 0x1e, 0x1e, 0xe2, 0x18, 0x1f, 0x01, 0xfd,
    0x20, 0x1f, 0x01, 0x01, 0x22, 0x1f, 0x05, 0x01, 0x1f, 0x1e, 0x1e, 0x1e, 0x28, 0x1f, 0x03, 0xe2,
    0x33, 0x33, 0x2c, 0x1f, 0x02, 0x33, 0x33, 0x37, 0x1f, 0x01, 0x33, 0x42, 0x1f, 0x02, 0x01, 0x1e,
    0x4c, 0x1f, 0x01, 0x33, 0x56, 0x1f, 0x02, 0xa4, 0xa4, 0x59, 0x1f, 0x01, 0x01, 0x60, 0x1f, 0x01,
    0x01, 0x63, 0x1f, 0x01, 0x01, 0x66, 0x1f, 0x01, 0x1e, 0x68, 0x1f, 0x01, 0xe2, 0x96, 0x1f, 0x02,
    0x0c, 0xf0, 0x9d, 0x1f, 0x01, 0x01, 0xa0, 0x1f, 0x01, 0x1f, 0xa5, 0x1f, 0x03, 0x1e, 0x1f, 0xe2,
    0xae, 0x1f, 0x06, 0xa4, 0xa4, 0xa4, 0x97, 0xa4, 0x33, 0xb7, 0x1f, 0x01, 0x33, 0xbc, 0x1f, 0x01,
    0x01, 0xc3, 0x1f, 0x01, 0x1e, 0xc7, 0x1f, 0x01, 0x1e, 0xc9, 0x1f, 0x01, 0xa4, 0xcc, 0x1f, 0x08,
    0x33, 0x33, 0x33, 0xa4, 0xa4, 0xa4, 0xa4, 0xa4, 0xd9, 0x1f, 0x01, 0xfc, 0xe3, 0x1f, 0x03, 0x1e,
    0x1e, 0x1e, 0xe8, 0x1f, 0x03, 0x1e, 0xfd, 0x0c, 0x15, 0x20, 0x02, 0x0c, 0xf0, 0x1b, 0x20, 0x02,
    0x01, 0x01, 0x24, 0x20, 0x01, 0x01, 0x27, 0x20, 0x01, 0xce, 0x2a, 0x20, 0x01, 0xa4, 0x2d, 0x20,
    0x01, 0xa4, 0x3d, 0x20, 0x02, 0x01, 0x01, 0x40, 0x20, 0x02, 0x1f, 0x1e, 0x46, 0x20, 0x03, 0x1f,
    0x1f, 0xfd, 0x4c, 0x20, 0x03, 0xa4, 0xa4, 0xa4, 0x50, 0x20, 0x08, 0xa4, 0xa4, 0xa4, 0xa4, 0xa4,
    0xa4, 0xa4, 0xa4, 0x59, 0x20, 0x01, 0x33, 0x62, 0x20, 0x01, 0x1f, 0x64, 0x20, 0x01, 0x1e, 0x67,
    0x20, 0x01, 0x1e, 0x69, 0x20, 0x03, 0x01, 0xfd, 0x0c, 0x97, 0x20, 0x03, 0x1e, 0x01, 0x01, 0xa2,
    0x20, 0x01, 0x01, 0xa4, 0x20, 0x01, 0x01, 0xa6, 0x20, 0x01, 0x33, 0xb7, 0x20, 0x01, 0x33, 0xbd,
    0x20, 0x03, 0x01, 0x1e, 0x1e, 0xc5, 0x20, 0x04, 0x01, 0x01, 0x01, 0xfc, 0xcc, 0x20, 0x03, 0xa4,
    0x33, 0x33, 0xda, 0x20, 0x01, 0xcf, 0xe1, 0x20, 0x01, 0x1f, 0xe6, 0x20, 0x01, 0x1e, 0xe8, 0x20,
    0x01, 0x1f, 0xeb, 0x20, 0x02, 0xfc, 0x0c, 0x14, 0x21, 0x01, 0x1e, 0x16, 0x21, 0x01, 0x01, 0x26,
    0x21, 0x06, 0x97, 0x97, 0x97, 0xa4, 0xa4, 0xa4, 0x30, 0x21, 0x07, 0x33, 0x33, 0x33, 0x33, 0x33,
    0x33, 0x33, 0x39, 0x21, 0x01, 0x1e, 0x3d, 0x21, 0x01, 0x1e, 0x41, 0x21, 0x01, 0x1e, 0x43, 0x21,
    0x01, 0x1e, 0x47, 0x21, 0x01, 0x01, 0x49, 0x21, 0x04, 0x33, 0x33, 0x33, 0x33, 0x51, 0x21, 0x09,
    0x33, 0x33, 0x33, 0x33, 0x33, 0x33, 0x33, 0x33, 0x33, 0x5b, 0x21, 0x01, 0xfc, 0x5f, 0x21, 0x01,
    0x01, 0x61, 0x21, 0x01, 0x1e, 0x64, 0x21, 0x02, 0x1e, 0x1e, 0x67, 0x21, 0x07, 0x1e, 0x01, 0x01,
    0x01, 0x01, 0xfc, 0x0c, 0x92, 0x21, 0x01, 0xd1, 0x96, 0x21, 0x02, 0x1e, 0x1e, 0x99, 0x21, 0x01,
    0x1e, 0x9d, 0x21, 0x1b, 0x01, 0xfc, 0xfd, 0xfd, 0xfd, 0xfc, 0xfc, 0xfc, 0x33, 0x33, 0x33, 0x33,
    0x33, 0x33, 0x33, 0x33, 0x33, 0x33, 0x33, 0x33, 0x33, 0x33, 0x33, 0x33, 0x33, 0xa4, 0xe2, 0xbd,
    0x21, 0x01, 0x1e, 0xbf, 0x21, 0x01, 0x1e, 0xc3, 0x21, 0x01, 0x01, 0xc6, 0x21, 0x01, 0x01, 0xc9,
    0x21, 0x03, 0x97, 0xa4, 0xa4, 0xcd, 0x21, 0x03, 0xa4, 0xa4, 0xa4, 0xd1, 0x21, 0x04, 0x33, 0x33,
    0x33, 0x33, 0xdb, 0x21, 0x02, 0x33, 0x1e, 0xde, 0x21, 0x01, 0x01, 0xe1, 0x21, 0x04, 0x1e, 0x1e,
    0x1e, 0x1e, 0xe6, 0x21, 0x01, 0x1e, 0xe8, 0x21, 0x02, 0x1e, 0x01, 0xec, 0x21, 0x03, 0x01, 0xfc,
    0xf0, 0x11, 0x22, 0x3c, 0x33, 0x33, 0x33, 0x33, 0x33, 0x33, 0x33, 0x33, 0x33, 0x33, 0x33, 0x33,
    0x33, 0x33, 0x33, 0x33, 0x33, 0x33, 0x33, 0xfc, 0xfc, 0xfd, 0xfc, 0xfc, 0xe2, 0xfc, 0xfc, 0xfc,
    0xfc, 0xfc, 0xfc, 0xfd, 0xfd, 0xfd, 0xfc, 0xfc, 0xfc, 0xfc, 0xe2, 0xfc, 0xfc, 0xe2, 0xfc, 0xe2,
    0xfc, 0xfc, 0xfc, 0xfc, 0xfc, 0xfd, 0xfd, 0xfd, 0xfc, 0xfc, 0xfc, 0xfc, 0x33, 0x33, 0x33, 0x33,
    0x64, 0x22, 0x0a, 0xfc, 0xfc, 0xfc, 0xfc, 0xfc, 0xfd, 0xfd, 0xfd, 0xfc, 0xfc, 0x6f, 0x22, 0x01,
    0x0c, 0xa0, 0x22, 0x02, 0xa4, 0xa4, 0xa4, 0x22, 0x01, 0x01, 0xb4, 0x22, 0x03, 0x1e, 0x1e, 0xe2,
    0xc7, 0x22, 0x03, 0xa4, 0xa4, 0xcf, 0xcb, 0x22, 0x01, 0x01, 0xce, 0x22, 0x01, 0x1e, 0xd4, 0x22,
    0x01, 0x01, 0xdb, 0x22, 0x03, 0x1e, 0xfc, 0x33, 0xee, 0x22, 0x04, 0xa4, 0x97, 0x3f, 0x0c, 0x23,
    0x23, 0x02, 0x01, 0x01, 0x2c, 0x23, 0x01, 0x01, 0x30, 0x23, 0x01, 0x1e, 0x33, 0x23, 0x04, 0x1e,
    0x1e, 0x1e, 0xd1, 0x46, 0x23, 0x04, 0xa4, 0x33, 0x33, 0x6b, 0x4d, 0x23, 0x01, 0x1e, 0x53, 0x23,
    0x01, 0x01, 0x5a, 0x23, 0x01, 0x1e, 0x5c, 0x23, 0x03, 0x1e, 0xd1, 0x33, 0x6e, 0x23, 0x05, 0x33,
    0x33, 0x97, 0x3f, 0x0c, 0x8d, 0x23, 0x02, 0x0c, 0xa4, 0x92, 0x23, 0x04, 0x33, 0x33, 0x33, 0x33,
    0x9f, 0x23, 0x01, 0xa4, 0xa1, 0x23, 0x01, 0x33, 0xad, 0x23, 0x01, 0x01, 0xaf, 0x23, 0x01, 0x1e,
    0xb1, 0x23, 0x01, 0x1e, 0xb3, 0x23, 0x01, 0x1e, 0xb5, 0x23, 0x02, 0x1e, 0x33, 0xbb, 0x23, 0x01,
    0x33, 0xc6, 0x23, 0x02, 0x33, 0xa4, 0xc9, 0x23, 0x03, 0x33, 0xfc, 0x01, 0xd3, 0x23, 0x01, 0x01,
    0xd6, 0x23, 0x01, 0x01, 0xdb, 0x23, 0x04, 0x1e, 0x1e, 0xe2, 0xcf, 0xe4, 0x23, 0x01, 0x33, 0xf1,
    0x23, 0x03, 0x33, 0x3f, 0x0c, 0x0b, 0x24, 0x02, 0x0c, 0x33, 0x11, 0x24, 0x01, 0xa4, 0x13, 0x24,
    0x03, 0xa4, 0x33, 0x33, 0x1b, 0x24, 0x04, 0x33, 0x33, 0x33, 0x33, 0x2c, 0x24, 0x01, 0x01, 0x2e,
    0x24, 0x02, 0x1e, 0x1e, 0x35, 0x24, 0x01, 0xfc, 0x38, 0x24, 0x04, 0x33, 0x33, 0x33, 0x97, 0x3e,
    0x24, 0x06, 0x33, 0x33, 0x33, 0x33, 0x33, 0x33, 0x46, 0x24, 0x05, 0xa4, 0xa4, 0xa4, 0x33, 0xfc,
    0x52, 0x24, 0x01, 0x01, 0x55, 0x24, 0x03, 0x01, 0x1e, 0x1e, 0x5c, 0x24, 0x01, 0x1e, 0x5e, 0x24,
    0x03, 0xce, 0xcf, 0x33, 0x67, 0x24, 0x06, 0x33, 0x33, 0x33, 0x33, 0x33, 0x33, 0x6e, 0x24, 0x01,
    0xa4, 0x72, 0x24, 0x03, 0x33, 0x3f, 0x3f, 0x8a, 0x24, 0x02, 0x0c, 0xa4, 0x8f, 0x24, 0x02, 0xa4,
    0xa4, 0x93, 0x24, 0x02, 0xa4, 0xa4, 0x96, 0x24, 0x03, 0xa4, 0xa4, 0xa4, 0x9d, 0x24, 0x04, 0xa4,
    0xa4, 0xa4, 0xfc, 0xa8, 0x24, 0x01, 0x01, 0xab, 0x24, 0x03, 0x01, 0x1e, 0x1e, 0xb2, 0x24, 0x05,
    0x1e, 0x1e, 0x01, 0x75, 0xa4, 0xb9, 0x24, 0x0d, 0xa4, 0xa4, 0xa4, 0xa4, 0x33, 0x33, 0x97, 0x97,
    0xa4, 0x97, 0x97, 0x97, 0xa4, 0xc9, 0x24, 0x02, 0x33, 0xcf, 0xce, 0x24, 0x01, 0x01, 0xd1, 0x24,
    0x03, 0x01, 0x01, 0x01, 0xd5, 0x24, 0x02, 0x01, 0x1f, 0xdd, 0x24, 0x03, 0x1e, 0xe2, 0xfc, 0xe1,
    0x24, 0x02, 0x97, 0x33, 0xe4, 0x24, 0x01, 0x33, 0xe8, 0x24, 0x06, 0xa4, 0xa4, 0xa4, 0xa4, 0xa4,
    0xa4, 0xf1, 0x24, 0x05, 0xa4, 0x33, 0x33, 0x3f, 0x3f, 0x09, 0x25, 0x01, 0x0c, 0x0e, 0x25, 0x01,
    0xa4, 0x10, 0x25, 0x01, 0x97, 0x12, 0x25, 0x01, 0xa4, 0x1f, 0x25, 0x01, 0x33, 0x29, 0x25, 0x01,
    0x01, 0x2b, 0x25, 0x02, 0x1e, 0x1e, 0x2e, 0x25, 0x01, 0x1e, 0x30, 0x25, 0x01, 0x1e, 0x32, 0x25,
    0x01, 0x1e, 0x34, 0x25, 0x02, 0x1f, 0xce, 0x3b, 0x25, 0x0b, 0xa4, 0xa4, 0xa4, 0xa4, 0xa4, 0xa4,
    0xa4, 0xa4, 0xa4, 0xa4, 0xa4, 0x49, 0x25, 0x02, 0x33, 0xcf, 0x51, 0x25, 0x02, 0x01, 0x01, 0x54,
    0x25, 0x04, 0x01, 0x1f, 0x1f, 0x1e, 0x5b, 0x25, 0x0a, 0x1e, 0x1e, 0x1f, 0x01, 0x6a, 0xce, 0xa4,
    0xa4, 0xa4, 0xa4, 0x66, 0x25, 0x03, 0xa4, 0xa4, 0x97, 0x74, 0x25, 0x03, 0x33, 0x3f, 0x3f, 0x88,
    0x25, 0x01, 0x0c, 0x8d, 0x25, 0x05, 0xa4, 0xa4, 0x97, 0x97, 0xa4, 0x9e, 0x25, 0x01, 0x33, 0xa5,
    0x25, 0x01, 0x01, 0xa9, 0x25, 0x01, 0x01, 0xaf, 0x25, 0x02, 0x1e, 0x1e, 0xb2, 0x25, 0x04, 0x1e,
    0x1f, 0xfd, 0x33, 0xb8, 0x25, 0x01, 0xa4, 0xba, 0x25, 0x04, 0x97, 0x97, 0x33, 0xa4, 0xca, 0x25,
    0x02, 0xcf, 0xfc, 0xd4, 0x25, 0x03, 0x01, 0x01, 0x1e, 0xdb, 0x25, 0x01, 0x1e, 0xdd, 0x25, 0x01,
    0x1e, 0xdf, 0x25, 0x03, 0xce, 0xce, 0xce, 0xe6, 0x25, 0x06, 0xa4, 0xa4, 0x97, 0x97, 0xa4, 0x33,
    0xee, 0x25, 0x01, 0x33, 0xf2, 0x25, 0x07, 0x33, 0x33, 0x33, 0x33, 0x3f, 0x3f, 0x0c, 0x06, 0x26,
    0x02, 0x0c, 0x33, 0x0d, 0x26, 0x03, 0xa4, 0x97, 0xa4, 0x1d, 0x26, 0x02, 0x33, 0xfc, 0x24, 0x26,
    0x02, 0x01, 0x01, 0x2c, 0x26, 0x03, 0x1e, 0x1e, 0x1e, 0x30, 0x26, 0x02, 0x1e, 0x01, 0x34, 0x26,
    0x02, 0xce, 0x33, 0x38, 0x26, 0x02, 0xa4, 0xa4, 0x3b, 0x26, 0x01, 0x97, 0x4a, 0x26, 0x02, 0xcf,
    0xfc, 0x50, 0x26, 0x02, 0x01, 0x01, 0x55, 0x26, 0x01, 0x1f, 0x5e, 0x26, 0x01, 0x1f, 0x60, 0x26,
    0x03, 0xfd, 0xce, 0x33, 0x65, 0x26, 0x06, 0xa4, 0xa4, 0xa4, 0xa4, 0xa4, 0xa4, 0x6c, 0x26, 0x01,
    0xa4, 0x74, 0x26, 0x06, 0xa4, 0xa4, 0xa4, 0x3f, 0x3f, 0x0c, 0x85, 0x26, 0x03, 0x0c, 0x97, 0xa4,
    0x8a, 0x26, 0x02, 0xa4, 0xa4, 0x8d, 0x26, 0x01, 0x97, 0x90, 0x26, 0x01, 0x33, 0x9d, 0x26, 0x01,
    0xfc, 0xa0, 0x26, 0x02, 0x1e, 0x1f, 0xa3, 0x26, 0x01, 0x01, 0xa5, 0x26, 0x01, 0x1e, 0xac, 0x26,
    0x01, 0x1e, 0xb3, 0x26, 0x02, 0x01, 0xcf, 0xbc, 0x26, 0x01, 0x33, 0xca, 0x26, 0x02, 0xcf, 0xcf,
    0xcf, 0x26, 0x03, 0x1e, 0x01, 0x01, 0xd3, 0x26, 0x01, 0x01, 0xd8, 0x26, 0x01, 0x1e, 0xda, 0x26,
    0x03, 0x1e, 0x1e, 0x1e, 0xe1, 0x26, 0x03, 0xcf, 0xcf, 0x33, 0xe5, 0x26, 0x06, 0xa4, 0xa4, 0x33,
    0x33, 0xa4, 0x33, 0xf8, 0x26, 0x03, 0x3f, 0x3f, 0x0c, 0x04, 0x27, 0x05, 0x0c, 0x33, 0x33, 0x33,
    0x33, 0x0c, 0x27, 0x01, 0xa4, 0x0f, 0x27, 0x03, 0x97, 0x97, 0x33, 0x13, 0x27, 0x02, 0x33, 0x33,
    0x19, 0x27, 0x06, 0x33, 0x33, 0x33, 0xcf, 0x1e, 0x1e, 0x21, 0x27, 0x01, 0x01, 0x31, 0x27, 0x01,
    0x01, 0x33, 0x27, 0x02, 0xfc, 0xfc, 0x36, 0x27, 0x01, 0x33, 0x39, 0x27, 0x03, 0x33, 0x33, 0xa4,
    0x3f, 0x27, 0x0d, 0x33, 0x33, 0x33, 0x33, 0x33, 0x33, 0x33, 0x33, 0x33, 0x33, 0x33, 0xfc, 0xcf,
    0x4f, 0x27, 0x01, 0x1f, 0x52, 0x27, 0x02, 0x01, 0x1e, 0x59, 0x27, 0x01, 0x1e, 0x5c, 0x27, 0x02,
    0x1e, 0x01, 0x60, 0x27, 0x09, 0x01, 0xfc, 0xcf, 0xcf, 0x33, 0x33, 0x33, 0x97, 0xa4, 0x6b, 0x27,
    0x01, 0xa4, 0x6e, 0x27, 0x0e, 0x33, 0x33, 0x33, 0x33, 0x33, 0x33, 0x33, 0x33, 0x33, 0x33, 0x33,
    0x0c, 0x0c, 0x3f, 0x83, 0x27, 0x08, 0x0c, 0x97, 0x97, 0x97, 0x97, 0x33, 0x33, 0x33, 0x8e, 0x27,
    0x08, 0xa4, 0xa4, 0xa4, 0xa4, 0xa4, 0xa4, 0xa4, 0xa4, 0x9a, 0x27, 0x03, 0x33, 0x33, 0xe2, 0x9e,
    0x27, 0x01, 0x1e, 0xa2, 0x27, 0x01, 0x1e, 0xa4, 0x27, 0x01, 0x1e, 0xa6, 0x27, 0x02, 0x1e, 0x1e,
    0xb3, 0x27, 0x02, 0x6b, 0x97, 0xb9, 0x27, 0x02, 0xa4, 0xa4, 0xbd, 0x27, 0x10, 0x33, 0x33, 0xa4,
    0xa4, 0xa4, 0xa4, 0xa4, 0xa4, 0xa4, 0xa4, 0xa4, 0xa4, 0xa4, 0x6b, 0xcf, 0xe2, 0xce, 0x27, 0x01,
    0x1f, 0xd2, 0x27, 0x01, 0x1e, 0xd6, 0x27, 0x01, 0x1e, 0xd8, 0x27, 0x01, 0x1e, 0xda, 0x27, 0x01,
    0x1e, 0xe2, 0x27, 0x07, 0xcf, 0xcf, 0x33, 0xa4, 0xa4, 0xa4, 0x97, 0xef, 0x27, 0x0e, 0xa4, 0xa4,
    0xa4, 0xa4, 0xa4, 0xa4, 0xa4, 0xa4, 0xa4, 0xa4, 0xa4, 0x9b, 0x3f, 0x3f, 0x02, 0x28, 0x07, 0x0c,
    0xa5, 0xa5, 0xa5, 0xa5, 0xa4, 0xa4, 0x0a, 0x28, 0x05, 0xa4, 0xa4, 0xa4, 0xa4, 0xa4, 0x1a, 0x28,
    0x01, 0x33, 0x1c, 0x28, 0x0d, 0xe2, 0xe2, 0xfc, 0xfc, 0xfc, 0xfc, 0xfc, 0xe2, 0xfc, 0xfc, 0xfc,
    0xfc, 0xfc, 0x32, 0x28, 0x03, 0x1e, 0xcf, 0x33, 0x3d, 0x28, 0x04, 0xa4, 0xa4, 0xa4, 0xa4, 0x45,
    0x28, 0x04, 0x33, 0x33, 0x33, 0x33, 0x4a, 0x28, 0x05, 0x33, 0xd1, 0xe2, 0x1f, 0x1e, 0x51, 0x28,
    0x01, 0x1e, 0x56, 0x28, 0x01, 0x1e, 0x62, 0x28, 0x05, 0xfc, 0xd1, 0xcf, 0x33, 0xa4, 0x69, 0x28,
    0x01, 0xa4, 0x6b, 0x28, 0x02, 0x33, 0x33, 0x7b, 0x28, 0x04, 0x3f, 0x3f, 0x3f, 0x0c, 0x81, 0x28,
    0x10, 0x0c, 0x3f, 0x3f, 0x53, 0x53, 0x53, 0x53, 0x53, 0x53, 0xa4, 0xbc, 0xbc, 0xbc, 0xbc, 0xa5,
    0xa5, 0x92, 0x28, 0x06, 0xa5, 0xa5, 0xa5, 0xa5, 0xa5, 0xa5, 0x99, 0x28, 0x0d, 0xa4, 0xa5, 0x74,
    0x6a, 0x6a, 0x6b, 0x6b, 0x75, 0x75, 0x6b, 0x6b, 0x6b, 0x6b, 0xa7, 0x28, 0x02, 0x01, 0x01, 0xab,
    0x28, 0x02, 0x01, 0x01, 0xb0, 0x28, 0x01, 0x1e, 0xb2, 0x28, 0x02, 0xfc, 0xd1, 0xb9, 0x28, 0x10,
    0x33, 0x33, 0x33, 0x33, 0x33, 0x33, 0x33, 0x33, 0x33, 0x33, 0x33, 0x33, 0x33, 0x33, 0x33, 0xa4,
    0xca, 0x28, 0x04, 0x33, 0xd1, 0xce, 0x1e, 0xd0, 0x28, 0x02, 0x1f, 0x1e, 0xd3, 0x28, 0x01, 0x1e,
    0xda, 0x28, 0x01, 0x01, 0xde, 0x28, 0x01, 0x01, 0xe3, 0x28, 0x03, 0xcf, 0xcf, 0xd1, 0xec, 0x28,
    0x01, 0xa4, 0xf0, 0x28, 0x04, 0x33, 0x33, 0x33, 0x33, 0xf6, 0x28, 0x01, 0x33, 0xfc, 0x28, 0x04,
    0x3f, 0x3f, 0x3f, 0x0c, 0x01, 0x29, 0x0a, 0x9b, 0x9b, 0x9b, 0xf7, 0xf7, 0xf7, 0xf7, 0xf7, 0xf7,
    0xa4, 0x0c, 0x29, 0x03, 0xf7, 0xf7, 0xf7, 0x13, 0x29, 0x06, 0xa4, 0xa4, 0xa4, 0xa4, 0xf7, 0xa4,
    0x1a, 0x29, 0x07, 0xf7, 0xf7, 0xf7, 0xf7, 0xf7, 0xf7, 0xf7, 0x22, 0x29, 0x0e, 0x18, 0x18, 0x18,
    0x18, 0x01, 0x01, 0xa4, 0x01, 0x01, 0x01, 0x01, 0x01, 0x01, 0xa4, 0x31, 0x29, 0x01, 0x01, 0x33,
    0x29, 0x05, 0x01, 0x01, 0x01, 0x01, 0x01, 0x40, 0x29, 0x30, 0x48, 0x48, 0x48, 0x48, 0x6b, 0x6b,
    0x6b, 0x6b, 0x9e, 0x9e, 0x75, 0x6b, 0x6b, 0x6b, 0x6b, 0x75, 0x6b, 0x75, 0x6b, 0x6b, 0x6b, 0x6b,
    0x6b, 0x6b, 0x97, 0x97, 0x97, 0x97, 0x97, 0x97, 0x97, 0x97, 0x97, 0x97, 0x97, 0x97, 0x97, 0x97,
    0x97, 0xa4, 0xa4, 0xa4, 0xa4, 0xa4, 0xa4, 0xa4, 0xa4, 0xa4, 0x71, 0x29, 0x01, 0xa4, 0x76, 0x29,
    0x0a, 0xa4, 0xa4, 0xa4, 0xa4, 0xa4, 0xa4, 0x48, 0x9b, 0x9b, 0x9b, 0x82, 0x29, 0x29, 0x9a, 0x9a,
    0x9a, 0xc7, 0xc7, 0xc7, 0xc6, 0xc7, 0xc7, 0x01, 0xc7, 0xc7, 0xc7, 0x62, 0xc7, 0xc7, 0xa5, 0xc7,
    0xc7, 0xc7, 0x62, 0xf7, 0xf6, 0xa5, 0x01, 0xf6, 0xf6, 0xf6, 0xf6, 0xf6, 0xf6, 0xa5, 0xa4, 0xf7,
    0xf6, 0xf6, 0x01, 0x01, 0x01, 0x01, 0xa5, 0xac, 0x29, 0x17, 0xa4, 0xa5, 0xf6, 0xa5, 0x01, 0xf6,
    0xf6, 0xf6, 0xa5, 0xf6, 0xf6, 0xf6, 0xf6, 0x01, 0x53, 0xf7, 0xf6, 0x19, 0x19, 0x19, 0xa5, 0xa5,
    0x01, 0xc7, 0x29, 0x05, 0xa5, 0xa4, 0x01, 0x19, 0x19, 0xd1, 0x29, 0x02, 0xa5, 0x01, 0xd4, 0x29,
    0x02, 0xa5, 0x01, 0xd8, 0x29, 0x06, 0x01, 0x01, 0xa5, 0x01, 0x01, 0xa4, 0xdf, 0x29, 0x0d, 0x01,
    0x49, 0x49, 0x49, 0x49, 0xa5, 0xa5, 0xa5, 0xa5, 0xa5, 0xa5, 0xa5, 0xa5, 0xed, 0x29, 0x06, 0xa4,
    0xa5, 0xa5, 0xa5, 0xa5, 0xa5, 0xf4, 0x29, 0x0b, 0xa4, 0xa5, 0x96, 0x96, 0x96, 0x96, 0x33, 0x97,
    0x96, 0x96, 0x9a, 0x02, 0x2a, 0x09, 0x6c, 0x9b, 0x9b, 0xc6, 0xc6, 0xc6, 0xc6, 0xc6, 0xc6, 0x0c,
    0x2a, 0x03, 0xc6, 0xc6, 0xc6, 0x13, 0x2a, 0x07, 0xa4, 0xa4, 0xa4, 0xa4, 0xc6, 0xc6, 0xa4, 0x1b,
    0x2a, 0x07, 0x31, 0xc6, 0xc6, 0xc6, 0xc6, 0xc6, 0xa4, 0x23, 0x2a, 0x06, 0xc6, 0xc6, 0xc6, 0xc6,
    0xc6, 0xa4, 0x2a, 0x2a, 0x06, 0xc6, 0xc6, 0xc6, 0xc6, 0xf7, 0xa4, 0x31, 0x2a, 0x08, 0xf7, 0xf7,
    0xc6, 0x31, 0xc6, 0xc6, 0xf7, 0xf7, 0x3a, 0x2a, 0x09, 0xf7, 0xf7, 0xf7, 0xf7, 0xf7, 0xf7, 0xa4,
    0xf7, 0xf7, 0x47, 0x2a, 0x05, 0xa4, 0xa4, 0xa4, 0xf7, 0xf7, 0x4d, 0x2a, 0x01, 0xf7, 0x50, 0x2a,
    0x0b, 0xa4, 0xa4, 0xa4, 0xa4, 0xf7, 0xf7, 0xf7, 0xf7, 0xf7, 0xf7, 0xa4, 0x5c, 0x2a, 0x10, 0x18,
    0x18, 0x18, 0x18, 0x01, 0x01, 0x01, 0xa4, 0x18, 0x01, 0xf6, 0x01, 0x01, 0x01, 0x01, 0xa4, 0x6d,
    0x2a, 0x04, 0x01, 0x01, 0x01, 0x01, 0x74, 0x2a, 0x01, 0xa4, 0x79, 0x2a, 0x06, 0x48, 0x48, 0x48,
    0x48, 0x6b, 0x9b, 0x82, 0x2a, 0x03, 0x5d, 0x5d, 0x5d, 0x88, 0x2a, 0x02, 0x62, 0xc6, 0x8b, 0x2a,
    0x02, 0x62, 0xc6, 0x8f, 0x2a, 0x02, 0x62, 0xc6, 0x92, 0x2a, 0x02, 0x62, 0xc6, 0x96, 0x2a, 0x02,
    0x62, 0xc6, 0x99, 0x2a, 0x02, 0x62, 0xc6, 0xa1, 0x2a, 0x01, 0x62, 0xa6, 0x2a, 0x03, 0xc6, 0xc6,
    0xa4, 0xaa, 0x2a, 0x04, 0x62, 0x62, 0x62, 0x62, 0xaf, 0x2a, 0x03, 0x62, 0xa4, 0xc6, 0xb4, 0x2a,
    0x04, 0x62, 0x62, 0x62, 0x62, 0xb9, 0x2a, 0x03, 0xc6, 0x62, 0xc6, 0xc0, 0x2a, 0x03, 0x62, 0x62,
    0xc6, 0xc7, 0x2a, 0x03, 0x62, 0xa4, 0xc6, 0xd0, 0x2a, 0x02, 0x62, 0xc6, 0xd3, 0x2a, 0x0f, 0xf7,
    0x31, 0x31, 0x31, 0x62, 0xc6, 0x31, 0x53, 0x31, 0x31, 0x31, 0x62, 0xc6, 0xc6, 0xa4, 0xe3, 0x2a,
    0x10, 0x31, 0x31, 0xc6, 0xc6, 0xc6, 0xc6, 0x62, 0x62, 0x62, 0xa4, 0x31, 0x31, 0x31, 0x31, 0x31,
    0x31, 0xf4, 0x2a, 0x0b, 0xc6, 0xde, 0xde, 0xde, 0xde, 0xc7, 0xa5, 0x01, 0x62, 0x5d, 0x5d, 0x03,
    0x2b, 0x19, 0x5d, 0x3f, 0x3f, 0x3f, 0x3f, 0x3f, 0x3f, 0x3f, 0x3f, 0x3f, 0x3f, 0x3f, 0x3f, 0x3f,
    0x3a, 0x3a, 0x3a, 0x3a, 0x33, 0x33, 0x33, 0x33, 0x62, 0x62, 0x62, 0x1d, 0x2b, 0x0c, 0x62, 0x62,
    0x62, 0x62, 0x62, 0xa4, 0x62, 0x62, 0x62, 0x62, 0x62, 0x62, 0x2a, 0x2b, 0x06, 0x62, 0x62, 0x62,
    0x62, 0x62, 0x62, 0x31, 0x2b, 0x03, 0xa4, 0x62, 0x62, 0x35, 0x2b, 0x0b, 0x62, 0x62, 0x62, 0x62,
    0xa4, 0x62, 0x62, 0x62, 0x62, 0x62, 0x62, 0x41, 0x2b, 0x08, 0x62, 0x62, 0x62, 0x62, 0xa4, 0xa4,
    0xa4, 0xa4, 0x4a, 0x2b, 0x05, 0x62, 0xa4, 0xa4, 0xc6, 0xa4, 0x53, 0x2b, 0x04, 0x62, 0x62, 0x62,
    0x62, 0x58, 0x2b, 0x06, 0xa4, 0x62, 0x62, 0x62, 0x62, 0x62, 0x5f, 0x2b, 0x06, 0xa4, 0x62, 0x62,
    0x62, 0x62, 0x62, 0x66, 0x2b, 0x04, 0x62, 0x62, 0x62, 0x62, 0x6b, 0x2b, 0x08, 0xa4, 0x53, 0x53,
    0x53, 0x53, 0x53, 0x53, 0x53, 0x74, 0x2b, 0x08, 0xa4, 0x53, 0x53, 0x53, 0xa4, 0xa4, 0xa4, 0xa4,
    0x7d, 0x2b, 0x01, 0x3f, 0x83, 0x2b, 0x39, 0x5d, 0x5d, 0x5d, 0x5d, 0x5d, 0x5d, 0x3f, 0x9b, 0x5d,
    0x5d, 0x5d, 0x5d, 0x5d, 0x3f, 0x9b, 0x5d, 0x5d, 0x5d, 0x5d, 0x5d, 0x3f, 0x9b, 0x5d, 0x5d, 0x5d,
    0x5d, 0x5d, 0x5d, 0x5d, 0x5d, 0x5d, 0x3f, 0x9b, 0x5d, 0x5d, 0x5d, 0x5d, 0x5d, 0x3f, 0x9b, 0x5d,
    0x5d, 0x5d, 0x5d, 0x5d, 0x3f, 0x9b, 0x5d, 0x58, 0x58, 0x58, 0x58, 0x51, 0x51, 0x51, 0x33, 0xc6,
    0xc0, 0x2b, 0x03, 0x62, 0x62, 0xc6, 0xc7, 0x2b, 0x03, 0x62, 0xa4, 0xc6, 0xd0, 0x2b, 0x02, 0x62,
    0xc6, 0xd3, 0x2b, 0x01, 0xc6, 0xd7, 0x2b, 0x02, 0x62, 0xc6, 0xda, 0x2b, 0x01, 0x62, 0xde, 0x2b,
    0x05, 0xc6, 0xc6, 0xc6, 0xa4, 0xa4, 0xe4, 0x2b, 0x07, 0xc6, 0xc6, 0xc6, 0x62, 0x62, 0x62, 0x62,
    0xf2, 0x2b, 0x03, 0x62, 0x62, 0xc6, 0xf9, 0x2b, 0x02, 0x62, 0xc6, 0xfc, 0x2b, 0x02, 0x5d, 0x5d,
    0x04, 0x2c, 0x4e, 0x5d, 0x5d, 0x5d, 0x5d, 0x5d, 0x5d, 0x5d, 0x5d, 0x5d, 0x5d, 0x5d, 0x5d, 0x5d,
    0x5d, 0x5d, 0x5d, 0x5d, 0x5d, 0x5d, 0x5d, 0x5d, 0x5d, 0x5d, 0x5d, 0x5d, 0x5d, 0x5d, 0x5d, 0x5d,
    0x5d, 0x5d, 0x5d, 0x5d, 0x5d, 0x5d, 0x5d, 0x5d, 0x5d, 0x5d, 0x5d, 0x5d, 0x5d, 0x5d, 0x5d, 0x5d,
    0x5d, 0x5d, 0x5d, 0x5d, 0x5d, 0x5d, 0x5d, 0x5d, 0x5d, 0x5d, 0x5d, 0x5d, 0x5d, 0x5d, 0x5d, 0x5d,
    0x5d, 0x5d, 0x5d, 0x5d, 0x5d, 0x5d, 0x5d, 0x5d, 0x5d, 0x58, 0x58, 0x58, 0x58, 0x51, 0x51, 0x51,
    0x51, 0x57, 0x2c, 0x01, 0x62, 0x5e, 0x2c, 0x02, 0x62, 0xc6, 0x69, 0x2c, 0x02, 0x62, 0xc6, 0x72,
    0x2c, 0x02, 0x62, 0xc6, 0x76, 0x2c, 0x07, 0xc6, 0xc6, 0xc6, 0xc6, 0x62, 0x62, 0x5d, 0xe2, 0x2c,
    0x19, 0x05, 0x05, 0x05, 0x05, 0x0c, 0x0c, 0x0c, 0x0c, 0x5d, 0x5d, 0x5d, 0x5d, 0x5d, 0x5d, 0x5d,
    0x5d, 0x3f, 0x9b, 0x5d, 0x5d, 0x5d, 0x5d, 0x5d, 0x5d, 0x5d, 0x27, 0x19, 0x02, 0x0c, 0x0c, 0x32,
    0x19, 0x03, 0xfc, 0x0c, 0x0c, 0xa6, 0x19, 0x02, 0x0c, 0xfc, 0xad, 0x19, 0x02, 0x01, 0x1e, 0xb0,
    0x19, 0x02, 0x1e, 0xfc, 0xba, 0x19, 0x05, 0xa4, 0x33, 0x33, 0xcf, 0x01, 0xc2, 0x19, 0x01, 0x01,
    0xc4, 0x19, 0x0c, 0xfc, 0xfc, 0xfc, 0x33, 0x33, 0x33, 0x33, 0x33, 0x33, 0x33, 0x33, 0x33, 0xd6,
    0x19, 0x07, 0x0c, 0x0c, 0x0c, 0x0c, 0x0c, 0x0c, 0x0c, 0x25, 0x1a, 0x02, 0xf0, 0xfc, 0x29, 0x1a,
    0x01, 0x01, 0x2d, 0x1a, 0x01, 0x1e, 0x2f, 0x1a, 0x01, 0x01, 0x34, 0x1a, 0x01, 0xa4, 0x36, 0x1a,
    0x02, 0xa4, 0xa4, 0x3b, 0x1a, 0x03, 0xa4, 0x6b, 0xfc, 0x40, 0x1a, 0x01, 0x01, 0x42, 0x1a, 0x01,
    0x01, 0x44, 0x1a, 0x01, 0x1e, 0x47, 0x1a, 0x01, 0x75, 0x49, 0x1a, 0x04, 0xa4, 0xa4, 0x97, 0x33,
    0x4e, 0x1a, 0x04, 0xa4, 0xa4, 0xa4, 0xa4, 0x53, 0x1a, 0x02, 0xcf, 0x01, 0x57, 0x1a, 0x06, 0x01,
    0x01, 0x01, 0x01, 0x1e, 0x1e, 0x5e, 0x1a, 0x02, 0xf0, 0x0c, 0xa3, 0x1a, 0x02, 0x0c, 0xfc, 0xb0,
    0x1a, 0x02, 0x33, 0x33, 0xbb, 0x1a, 0x02, 0x33, 0xcf, 0xc0, 0x1a, 0x01, 0x1e, 0xc3, 0x1a, 0x01,
    0x1e, 0xc5, 0x1a, 0x03, 0x01, 0x01, 0xfc, 0xc9, 0x1a, 0x01, 0xa4, 0xcb, 0x1a, 0x01, 0x97, 0xd3,
    0x1a, 0x02, 0x33, 0xfc, 0xd9, 0x1a, 0x02, 0x1e, 0x1e, 0xdc, 0x1a, 0x05, 0x1e, 0x1f, 0x01, 0xf1,
    0x0c, 0x22, 0x1b, 0x01, 0x0c, 0x24, 0x1b, 0x08, 0x0c, 0x0c, 0x0c, 0x0c, 0x0c, 0x0c, 0x0c, 0x0c,
    0x32, 0x1b, 0x0c, 0x33, 0x33, 0x33, 0x33, 0x33, 0x33, 0x33, 0x33, 0x33, 0x97, 0xe2, 0x1e, 0x3f,
    0x1b, 0x09, 0x1e, 0x1e, 0x1e, 0x1e, 0x01, 0x01, 0x01, 0x01, 0xfc, 0x49, 0x1b, 0x02, 0xa4, 0xa4,
    0x4c, 0x1b, 0x01, 0x97, 0x53, 0x1b, 0x01, 0x33, 0x55, 0x1b, 0x04, 0x1e, 0x1e, 0x01, 0x1e, 0x5a,
    0x1b, 0x04, 0x1e, 0x1e, 0x1f, 0x01, 0x5f, 0x1b, 0x02, 0x01, 0xf1, 0xa1, 0x1b, 0x02, 0x0c, 0x3f,
    0xad, 0x1b, 0x01, 0x33, 0xb5, 0x1b, 0x01, 0x01, 0xb7, 0x1b, 0x03, 0x01, 0x01, 0x1e, 0xbb, 0x1b,
    0x17, 0xd1, 0x3f, 0x3f, 0x3f, 0x3f, 0x3f, 0x3f, 0x3f, 0x3f, 0x3f, 0x3f, 0x3f, 0x0c, 0xcf, 0xcf,
    0xcf, 0xfc, 0xfc, 0xfc, 0xfc, 0xfd, 0xfd, 0xfc, 0xdb, 0x1b, 0x07, 0xfc, 0xfc, 0xfd, 0xfd, 0xfd,
    0xfc, 0xfc, 0x20, 0x1c, 0x02, 0x97, 0xa4, 0x24, 0x1c, 0x01, 0xa4, 0x27, 0x1c, 0x03, 0xa4, 0x97,
    0x33, 0x2c, 0x1c, 0x01, 0x33, 0x2e, 0x1c, 0x01, 0x01, 0x33, 0x1c, 0x01, 0x01, 0x35, 0x1c, 0x01,
    0x01, 0x37, 0x1c, 0x01, 0x1e, 0x3a, 0x1c, 0x01, 0xe2, 0x3c, 0x1c, 0x03, 0x33, 0x33, 0x33, 0x45,
    0x1c, 0x03, 0xa4, 0x97, 0x33, 0x4e, 0x1c, 0x01, 0x01, 0x50, 0x1c, 0x01, 0x1f, 0x52, 0x1c, 0x02,
    0x1e, 0x1e, 0x55, 0x1c, 0x01, 0x33, 0x5f, 0x1c, 0x02, 0xa4, 0x33, 0x9e, 0x1c, 0x02, 0x0c, 0x33,
    0xa1, 0x1c, 0x02, 0xa4, 0xa4, 0xa4, 0x1c, 0x01, 0x33, 0xac, 0x1c, 0x01, 0x33, 0xb3, 0x1c, 0x03,
    0x1f, 0x1e, 0x1e, 0xb7, 0x1c, 0x02, 0x1e, 0x1f, 0xba, 0x1c, 0x02, 0xfd, 0xa4, 0xbe, 0x1c, 0x03,
    0xa4, 0xa4, 0xa4, 0xc2, 0x1c, 0x02, 0x33, 0x33, 0xc6, 0x1c, 0x01, 0x33, 0xcc, 0x1c, 0x02, 0x01,
    0x01, 0xcf, 0x1c, 0x01, 0x1f, 0xd1, 0x1c, 0x01, 0x1e, 0xd5, 0x1c, 0x01, 0x33, 0xdb, 0x1c, 0x01,
    0xa4, 0xdf, 0x1c, 0x03, 0xa4, 0x33, 0xa4, 0xe3, 0x1c, 0x01, 0xa4, 0x1d, 0x1d, 0x02, 0x0c, 0x0c,
    0x21, 0x1d, 0x0a, 0x33, 0x33, 0x33, 0x33, 0x33, 0x33, 0x33, 0x33, 0x33, 0x33, 0x2c, 0x1d, 0x01,
    0xcf, 0x30, 0x1d, 0x02, 0x01, 0x1e, 0x33, 0x1d, 0x02, 0x1e, 0x1e, 0x36, 0x1d, 0x03, 0x01, 0x01,
    0x01, 0x3a, 0x1d, 0x01, 0x33, 0x3d, 0x1d, 0x03, 0xa4, 0x33, 0xa4, 0x4b, 0x1d, 0x03, 0x01, 0x01,
    0x1f, 0x50, 0x1d, 0x02, 0x1e, 0x1e, 0x53, 0x1d, 0x04, 0x1f, 0x01, 0x01, 0x33, 0x59, 0x1d, 0x02,
    0xa4, 0xa4, 0x5c, 0x1d, 0x02, 0xa4, 0x33, 0x5f, 0x1d, 0x03, 0xa4, 0xa4, 0xa4, 0x64, 0x1d, 0x01,
    0xa4, 0x9c, 0x1d, 0x0a, 0x0c, 0x33, 0x33, 0x33, 0x33, 0x33, 0x33, 0x33, 0x33, 0x33, 0xab, 0x1d,
    0x02, 0xd1, 0x1f, 0xaf, 0x1d, 0x01, 0x1e, 0xb3, 0x1d, 0x01, 0x1e, 0xb5, 0x1d, 0x01, 0x01, 0xb7,
    0x1d, 0x09, 0x01, 0x01, 0xfc, 0x97, 0xa4, 0x33, 0x33, 0x97, 0xa4, 0xc1, 0x1d, 0x05, 0x33, 0x33,
    0x33, 0x33, 0x33, 0xc8, 0x1d, 0x01, 0x1e, 0xcc, 0x1d, 0x01, 0x1e, 0xce, 0x1d, 0x03, 0x1e, 0x1e,
    0x1e, 0xd2, 0x1d, 0x01, 0x01, 0xd4, 0x1d, 0x05, 0x01, 0x01, 0xcf, 0xa4, 0xa4, 0xdc, 0x1d, 0x05,
    0xa4, 0x33, 0x33, 0x33, 0x33, 0x1b, 0x1e, 0x03, 0xf1, 0x01, 0x1f, 0x1f, 0x1e, 0x01, 0x1e, 0x23,
    0x1e, 0x01, 0x01, 0x25, 0x1e, 0x01, 0x01, 0x28, 0x1e, 0x11, 0x1e, 0x1e, 0xe2, 0x3f, 0x3f, 0x3f,
    0x3f, 0x33, 0x33, 0x33, 0x33, 0x33, 0x33, 0x33, 0x33, 0x33, 0x33, 0x4c, 0x1e, 0x0b, 0xfc, 0xfc,
    0xfc, 0xfc, 0xfc, 0xfd, 0xfd, 0xfd, 0xfc, 0xf0, 0xf0, 0x58, 0x1e, 0x09, 0xa4, 0xa4, 0xa4, 0xa4,
    0xa4, 0x33, 0x33, 0x33, 0x33, 0x9a, 0x1e, 0x01, 0xf0, 0xa1, 0x1e, 0x01, 0x01, 0xa4, 0x1e, 0x01,
    0x01, 0xa8, 0x1e, 0x02, 0x1e, 0xe2, 0xb5, 0x1e, 0x03, 0xa4, 0x33, 0xa4, 0xb9, 0x1e, 0x04, 0x01,
    0x01, 0x1e, 0x1e, 0xc3, 0x1e, 0x01, 0x01, 0xc6, 0x1e, 0x01, 0x1e, 0xdf, 0x1e, 0x08, 0xfc, 0xfc,
    0xfc, 0xfd, 0xfd, 0xfd, 0xfc, 0xfc, 0x1e, 0x1f, 0x01, 0x01, 0x20, 0x1f, 0x04, 0x01, 0x01, 0x1f,
    0x1f, 0x25, 0x1f, 0x02, 0x1e, 0x1e, 0x28, 0x1f, 0x0b, 0x1f, 0x97, 0x33, 0xa4, 0xa4, 0x97, 0xa4,
    0x33, 0x33, 0x33, 0x33, 0x34, 0x1f, 0x04, 0x33, 0x33, 0x33, 0x33, 0x3f, 0x1f, 0x01, 0x01, 0x42,
    0x1f, 0x01, 0x1f, 0x44, 0x1f, 0x01, 0x1e, 0x48, 0x1f, 0x01, 0x33, 0x55, 0x1f, 0x02, 0xa4, 0x97,
    0x58, 0x1f, 0x01, 0xfd, 0x97, 0x1f, 0x01, 0xf0, 0x9b, 0x1f, 0x01, 0x01, 0x9d, 0x1f, 0x04, 0x01,
    0x1f, 0x1f, 0x1f, 0xa3, 0x1f, 0x01, 0x1e, 0xa5, 0x1f, 0x03, 0x1f, 0x1f, 0x1f, 0xab, 0x1f, 0x03,
    0xa4, 0xa4, 0xa4, 0xb1, 0x1f, 0x01, 0x33, 0xb3, 0x1f, 0x01, 0x33, 0xb7, 0x1f, 0x02, 0x33, 0xfc,
    0xbc, 0x1f, 0x01, 0x01, 0xc1, 0x1f, 0x01, 0x01, 0xc7, 0x1f, 0x02, 0x1e, 0x97, 0xcc, 0x1f, 0x03,
    0x97, 0x97, 0x97, 0xd0, 0x1f, 0x03, 0x33, 0x33, 0x33, 0xd4, 0x1f, 0x05, 0x33, 0x33, 0x33, 0x33,
    0x33, 0x15, 0x20, 0x04, 0x0c, 0xf0, 0x1e, 0x01, 0x1b, 0x20, 0x0d, 0x1e, 0x01, 0x1e, 0x1e, 0x1e,
    0x1e, 0x1e, 0x1f, 0x1f, 0x01, 0x01, 0x01, 0xce, 0x2b, 0x20, 0x03, 0xa4, 0xa4, 0xa4, 0x37, 0x20,
    0x01, 0x33, 0x3d, 0x20, 0x02, 0x01, 0x01, 0x40, 0x20, 0x02, 0x1f, 0x1e, 0x43, 0x20, 0x01, 0x1e,
    0x45, 0x20, 0x01, 0x1e, 0x47, 0x20, 0x02, 0x1f, 0x33, 0x4b, 0x20, 0x03, 0xa4, 0xa4, 0xa4, 0x50,
    0x20, 0x08, 0xa4, 0xa4, 0xa4, 0xa4, 0xa4, 0xa4, 0xa4, 0xa4, 0x59, 0x20, 0x01, 0xfc, 0x6a, 0x20,
    0x01, 0xfd, 0x97, 0x20, 0x03, 0x1e, 0x1f, 0x1e, 0x9b, 0x20, 0x07, 0x1e, 0x1e, 0x1e, 0x1e, 0x1f,
    0x01, 0x01, 0xa3, 0x20, 0x03, 0x01, 0x01, 0xfc, 0xa8, 0x20, 0x02, 0xa4, 0xa4, 0xad, 0x20, 0x01,
    0x33, 0xb7, 0x20, 0x01, 0xfc, 0xbb, 0x20, 0x05, 0x01, 0x01, 0x01, 0x1e, 0x1e, 0xc4, 0x20, 0x05,
    0x1e, 0x01, 0x01, 0x01, 0x33, 0xcd, 0x20, 0x02, 0x97, 0x33, 0xd9, 0x20, 0x01, 0x33, 0xeb, 0x20,
    0x01, 0xfd, 0x12, 0x21, 0x10, 0x0c, 0x0c, 0xee, 0xee, 0xf0, 0xf0, 0xfc, 0xe2, 0xe2, 0xfc, 0xe2,
    0xfc, 0xfc, 0xfd, 0xfd, 0xfd, 0x24, 0x21, 0x08, 0xfc, 0x33, 0xa4, 0xa4, 0xa4, 0xa4, 0xa4, 0xa4,
    0x2d, 0x21, 0x03, 0x33, 0x33, 0x33, 0x33, 0x21, 0x02, 0xa4, 0xa4, 0x37, 0x21, 0x03, 0xfc, 0x1e,
    0x01, 0x3c, 0x21, 0x02, 0x1e, 0x1e, 0x3f, 0x21, 0x02, 0x1e, 0x1e, 0x43, 0x21, 0x02, 0x1f, 0x01,
    0x46, 0x21, 0x01, 0x01, 0x48, 0x21, 0x03, 0xfc, 0x33, 0x33, 0x4c, 0x21, 0x04, 0x33, 0x33, 0x33,
    0x33, 0x5a, 0x21, 0x01, 0xfc, 0x5e, 0x21, 0x02, 0x01, 0x01, 0x61, 0x21, 0x01, 0x1e, 0x68, 0x21,
    0x02, 0x01, 0x01, 0x6b, 0x21, 0x02, 0x01, 0x0c, 0x91, 0x21, 0x01, 0x0c, 0x93, 0x21, 0x10, 0xd1,
    0xcf, 0xcf, 0xd1, 0xcf, 0xcf, 0xcf, 0xcf, 0xcf, 0xcf, 0xce, 0x33, 0x33, 0x33, 0x33, 0x33, 0xa4,
    0x21, 0x09, 0x0c, 0x0c, 0x0c, 0x0c, 0x0c, 0x0c, 0x0c, 0x0c, 0x0c, 0xb6, 0x21, 0x01, 0x97, 0xb8,
    0x21, 0x01, 0x1e, 0xba, 0x21, 0x01, 0x1e, 0xbc, 0x21, 0x04, 0x1e, 0x1e, 0x1e, 0x1e, 0xc1, 0x21,
    0x02, 0x01, 0x01, 0xc4, 0x21, 0x02, 0x01, 0x01, 0xc8, 0x21, 0x04, 0xcf, 0xa4, 0xa4, 0xa4, 0xcd,
    0x21, 0x08, 0xa4, 0xa4, 0xa4, 0xa4, 0x97, 0x97, 0x97, 0x33, 0xd8, 0x21, 0x04, 0x33, 0x33, 0x33,
    0xfc, 0xed, 0x21, 0x01, 0x0c, 0x10, 0x22, 0x01, 0x3f, 0x22, 0x22, 0x02, 0x33, 0xcf, 0x26, 0x22,
    0x02, 0x1f, 0x1e, 0x29, 0x22, 0x01, 0x1e, 0x2f, 0x22, 0x01, 0x01, 0x31, 0x22, 0x02, 0x01, 0x01,
    0x35, 0x22, 0x17, 0x1e, 0xf0, 0xee, 0xf0, 0xf0, 0xee, 0xf0, 0xee, 0xf0, 0xf0, 0xf0, 0xf0, 0xfc,
    0xfd, 0xfd, 0xfd, 0xfc, 0xfc, 0xfc, 0xfc, 0x33, 0x33, 0x33, 0x4d, 0x22, 0x17, 0x33, 0x33, 0x33,
    0x33, 0x33, 0x33, 0x33, 0x33, 0x33, 0x33, 0x33, 0x33, 0x33, 0x33, 0xe2, 0xe2, 0xfc, 0xfc, 0xfc,
    0xfc, 0xe2, 0xe2, 0xfc, 0x6e, 0x22, 0x01, 0x0c, 0x8e, 0x22, 0x01, 0x0c, 0x9e, 0x22, 0x08, 0xa4,
    0x33, 0x33, 0x33, 0xce, 0xfc, 0x01, 0x1e, 0xac, 0x22, 0x01, 0x01, 0xb0, 0x22, 0x01, 0x01, 0xb3,
    0x22, 0x04, 0x1e, 0x1e, 0xe2, 0x33, 0xc8, 0x22, 0x01, 0xcf, 0xca, 0x22, 0x02, 0x01, 0x01, 0xce,
    0x22, 0x01, 0x1e, 0xd2, 0x22, 0x0a, 0xf0, 0xf0, 0xf0, 0xf1, 0xfd, 0xfd, 0xfc, 0xfc, 0xfc, 0xfc,
    0xdd, 0x22, 0x13, 0x33, 0x33, 0x33, 0xcf, 0xcf, 0xcf, 0xcf, 0xcf, 0xcf, 0xcf, 0xce, 0xce, 0xce,
    0xce, 0xcf, 0xcf, 0xcf, 0x33, 0x0c, 0x0d, 0x23, 0x05, 0x0c, 0x97, 0xa4, 0xa4, 0xa4, 0x15, 0x23,
    0x01, 0x33, 0x1d, 0x23, 0x06, 0x33, 0xa4, 0x33, 0x33, 0x6a, 0xfc, 0x2b, 0x23, 0x02, 0x01, 0x01,
    0x2e, 0x23, 0x02, 0x01, 0x01, 0x31, 0x23, 0x03, 0x1e, 0x1e, 0x1e, 0x35, 0x23, 0x01, 0xcf, 0x48,
    0x23, 0x01, 0xcf, 0x4a, 0x23, 0x01, 0x01, 0x56, 0x23, 0x01, 0x01, 0x5a, 0x23, 0x03, 0x1e, 0xe2,
    0xcf, 0x66, 0x23, 0x0b, 0x3f, 0x3f, 0x3f, 0x3f, 0x62, 0x33, 0x33, 0x33, 0x33, 0x33, 0x0c, 0x8b,
    0x23, 0x04, 0x0c, 0x3f, 0x3f, 0xa4, 0x93, 0x23, 0x05, 0x33, 0x97, 0x97, 0xa4, 0xa4, 0x99, 0x23,
    0x03, 0xa4, 0xa4, 0xa4, 0x9f, 0x23, 0x04, 0xa4, 0xcf, 0xfc, 0x01, 0xa5, 0x23, 0x01, 0x01, 0xa8,
    0x23, 0x03, 0x01, 0x01, 0x01, 0xac, 0x23, 0x02, 0x01, 0x1f, 0xb0, 0x23, 0x02, 0x1e, 0x1e, 0xb3,
    0x23, 0x03, 0x1e, 0xe2, 0xd1, 0xc4, 0x23, 0x06, 0xa4, 0x33, 0x97, 0xa4, 0xce, 0xfc, 0xd2, 0x23,
    0x01, 0x01, 0xd5, 0x23, 0x02, 0x01, 0x01, 0xd9, 0x23, 0x05, 0x1e, 0x1e, 0x1e, 0xcf, 0x33, 0xf0,
    0x23, 0x02, 0x33, 0x0c, 0x0a, 0x24, 0x02, 0x0c, 0x33, 0x0e, 0x24, 0x04, 0xa4, 0xa4, 0x33, 0xa4,
    0x13, 0x24, 0x01, 0xa4, 0x16, 0x24, 0x04, 0x33, 0x33, 0x33, 0x33, 0x1b, 0x24, 0x06, 0x33, 0x33,
    0x33, 0x33, 0xcf, 0xcf, 0x26, 0x24, 0x03, 0x01, 0x01, 0x01, 0x2a, 0x24, 0x03, 0x01, 0x1f, 0x01,
    0x2f, 0x24, 0x01, 0x1e, 0x31, 0x24, 0x06, 0x1e, 0x1e, 0x1f, 0xfc, 0x33, 0x33, 0x44, 0x24, 0x06,
    0xa4, 0xa4, 0xa4, 0xa4, 0x6a, 0xfc, 0x51, 0x24, 0x01, 0x01, 0x54, 0x24, 0x02, 0x01, 0x1e, 0x58,
    0x24, 0x01, 0x1e, 0x5c, 0x24, 0x02, 0xe2, 0xd1, 0x6e, 0x24, 0x02, 0xa4, 0xa4, 0x71, 0x24, 0x02,
    0x33, 0x0c, 0x8a, 0x24, 0x01, 0x33, 0x8e, 0x24, 0x01, 0xa4, 0x95, 0x24, 0x01, 0xa4, 0x9d, 0x24,
    0x03, 0xa4, 0xa4, 0x6b, 0xa5, 0x24, 0x01, 0x01, 0xa8, 0x24, 0x03, 0x01, 0x1f, 0x1f, 0xad, 0x24,
    0x01, 0x1e, 0xb1, 0x24, 0x05, 0x1f, 0x01, 0xfc, 0xce, 0xa4, 0xbc, 0x24, 0x01, 0xa4, 0xc1, 0x24,
    0x01, 0x33, 0xc8, 0x24, 0x02, 0xcf, 0xfc, 0xce, 0x24, 0x01, 0x01, 0xd0, 0x24, 0x01, 0x01, 0xd3,
    0x24, 0x02, 0x01, 0x01, 0xd6, 0x24, 0x02, 0x1e, 0x1e, 0xdc, 0x24, 0x07, 0x1e, 0xcf, 0x33, 0x33,
    0x33, 0x33, 0x33, 0xe4, 0x24, 0x01, 0x33, 0xef, 0x24, 0x02, 0xa4, 0xa4, 0xf3, 0x24, 0x01, 0x0c,
    0x07, 0x25, 0x03, 0x0c, 0x3f, 0x33, 0x0e, 0x25, 0x05, 0xa4, 0xa4, 0x33, 0xa4, 0xa4, 0x1e, 0x25,
    0x02, 0xcf, 0xfc, 0x24, 0x25, 0x02, 0x01, 0x01, 0x27, 0x25, 0x06, 0x01, 0x01, 0x1f, 0x1f, 0x1e,
    0x1e, 0x30, 0x25, 0x02, 0x1e, 0x1e, 0x33, 0x25, 0x02, 0xd1, 0xd1, 0x3d, 0x25, 0x01, 0xa4, 0x41,
    0x25, 0x01, 0xa4, 0x48, 0x25, 0x02, 0xcf, 0xfc, 0x55, 0x25, 0x01, 0x1e, 0x58, 0x25, 0x01, 0x1e,
    0x5c, 0x25, 0x04, 0x1e, 0xfd, 0xce, 0xa4, 0x61, 0x25, 0x04, 0x97, 0x97, 0x97, 0x97, 0x68, 0x25,
    0x01, 0x33, 0x71, 0x25, 0x04, 0x33, 0x33, 0x3f, 0x0c, 0x86, 0x25, 0x03, 0x0c, 0x0c, 0x3f, 0x8a,
    0x25, 0x01, 0xa4, 0x8d, 0x25, 0x01, 0xa4, 0x8f, 0x25, 0x02, 0x97, 0x97, 0x9d, 0x25, 0x02, 0xcf,
    0xfc, 0xa0, 0x25, 0x01, 0x1e, 0xa5, 0x25, 0x01, 0x01, 0xa7, 0x25, 0x03, 0x1e, 0x1e, 0x1e, 0xab,
    0x25, 0x01, 0x1e, 0xae, 0x25, 0x07, 0x1e, 0x1e, 0x1f, 0x01, 0xfc, 0xd1, 0x33, 0xb7, 0x25, 0x01,
    0xa4, 0xb9, 0x25, 0x02, 0x97, 0x97, 0xc8, 0x25, 0x02, 0xcf, 0xcf, 0xd0, 0x25, 0x02, 0x01, 0x01,
    0xd4, 0x25, 0x03, 0x01, 0x1f, 0x1e, 0xdd, 0x25, 0x02, 0x1e, 0x75, 0xe2, 0x25, 0x04, 0xa4, 0xa4,
    0xa4, 0xa4, 0xe7, 0x25, 0x03, 0x33, 0x97, 0x97, 0xeb, 0x25, 0x01, 0x33, 0xed, 0x25, 0x02, 0x33,
    0x33, 0xf0, 0x25, 0x01, 0x33, 0xf2, 0x25, 0x04, 0x33, 0x33, 0x0c, 0x0c, 0x06, 0x26, 0x01, 0x33,
    0x0e, 0x26, 0x01, 0x33, 0x10, 0x26, 0x01, 0xa4, 0x13, 0x26, 0x01, 0x33, 0x15, 0x26, 0x05, 0x33,
    0x33, 0x33, 0x33, 0x33, 0x1b, 0x26, 0x04, 0x33, 0xcf, 0xfc, 0x1e, 0x20, 0x26, 0x01, 0x01, 0x24,
    0x26, 0x04, 0x1e, 0x1e, 0x1e, 0x1f, 0x29, 0x26, 0x03, 0x1e, 0x1e, 0x1e, 0x2e, 0x26, 0x06, 0x1f,
    0x01, 0x1f, 0x01, 0xce, 0xce, 0x37, 0x26, 0x01, 0xa4, 0x39, 0x26, 0x01, 0x97, 0x3b, 0x26, 0x02,
    0x33, 0xa4, 0x48, 0x26, 0x02, 0xcf, 0xcf, 0x4e, 0x26, 0x02, 0x01, 0x01, 0x51, 0x26, 0x04, 0x01,
    0x01, 0x1e, 0x1e, 0x5a, 0x26, 0x07, 0x1e, 0x1e, 0x1e, 0x01, 0xe2, 0xce, 0x33, 0x65, 0x26, 0x08,
    0xa4, 0xa4, 0xa4, 0xa4, 0xa4, 0xa4, 0xa4, 0xa4, 0x6e, 0x26, 0x02, 0xa4, 0xa4, 0x71, 0x26, 0x01,
    0xa4, 0x74, 0x26, 0x03, 0x97, 0x9b, 0x9b, 0x83, 0x26, 0x02, 0x0c, 0x0c, 0x86, 0x26, 0x02, 0x97,
    0xa4, 0x8a, 0x26, 0x02, 0xa4, 0xa4, 0x8d, 0x26, 0x01, 0xa4, 0x90, 0x26, 0x01, 0x33, 0x96, 0x26,
    0x07, 0xa4, 0xa4, 0xa4, 0xa4, 0x33, 0xcf, 0xd1, 0x9e, 0x26, 0x01, 0x01, 0xa0, 0x26, 0x04, 0x1e,
    0x01, 0x1e, 0x1e, 0xa6, 0x26, 0x01, 0x1e, 0xa8, 0x26, 0x02, 0x1e, 0x1e, 0xac, 0x26, 0x08, 0x1f,
    0x01, 0x01, 0x01, 0x01, 0xfd, 0xce, 0xce, 0xc8, 0x26, 0x02, 0xcf, 0xcf, 0xce, 0x26, 0x01, 0x01,
    0xd0, 0x26, 0x04, 0x01, 0x01, 0x1e, 0x1f, 0xd7, 0x26, 0x01, 0x1e, 0xd9, 0x26, 0x01, 0x1e, 0xdb,
    0x26, 0x06, 0x1e, 0x1f, 0x01, 0xfd, 0xce, 0xce, 0xe3, 0x26, 0x02, 0xa4, 0xa4, 0xe7, 0x26, 0x03,
    0x33, 0x33, 0xa4, 0xf5, 0x26, 0x03, 0xa4, 0x3f, 0x3f, 0x04, 0x27, 0x07, 0x96, 0xa5, 0xa5, 0xa4,
    0xa4, 0xa4, 0xa4, 0x0f, 0x27, 0x03, 0x97, 0x97, 0x33, 0x13, 0x27, 0x02, 0x33, 0x33, 0x16, 0x27,
    0x06, 0x33, 0x33, 0x33, 0x33, 0xd1, 0xd1, 0x1d, 0x27, 0x04, 0x1e, 0x1e, 0x1e, 0x1e, 0x22, 0x27,
    0x06, 0x1e, 0x1e, 0x1e, 0x1e, 0x1e, 0x1e, 0x29, 0x27, 0x0b, 0x1e, 0x01, 0x01, 0x01, 0x01, 0x01,
    0x01, 0x01, 0xfd, 0xcf, 0x33, 0x35, 0x27, 0x01, 0x33, 0x37, 0x27, 0x01, 0x33, 0x3b, 0x27, 0x01,
    0x33, 0x48, 0x27, 0x02, 0xcf, 0xcf, 0x4b, 0x27, 0x01, 0x1e, 0x4d, 0x27, 0x01, 0x01, 0x4f, 0x27,
    0x01, 0x01, 0x51, 0x27, 0x02, 0x1e, 0x1f, 0x58, 0x27, 0x02, 0x1e, 0x1e, 0x5b, 0x27, 0x03, 0x01,
    0x1f, 0x01, 0x5f, 0x27, 0x03, 0xce, 0xce, 0x33, 0x63, 0x27, 0x04, 0xa4, 0xa4, 0x33, 0x33, 0x68,
    0x27, 0x01, 0xa4, 0x76, 0x27, 0x03, 0x33, 0x3f, 0x3f, 0x83, 0x27, 0x0c, 0x0c, 0x60, 0x33, 0x60,
    0x60, 0x60, 0x33, 0x8f, 0xbc, 0xa5, 0xa5, 0xa5, 0x90, 0x27, 0x16, 0xa5, 0xa5, 0xa4, 0xa4, 0xa4,
    0xa4, 0x48, 0x48, 0x6b, 0x75, 0xfc, 0xfc, 0x1e, 0x1e, 0xfc, 0xfc, 0xfc, 0xfc, 0xe2, 0xe2, 0xe2,
    0xe2, 0xa7, 0x27, 0x12, 0x1e, 0x01, 0x01, 0x01, 0x01, 0x01, 0x01, 0x01, 0x01, 0xfc, 0x6b, 0xcf,
    0xa4, 0xa4, 0xa4, 0xa4, 0xa4, 0xa4, 0xbf, 0x27, 0x02, 0x33, 0x33, 0xc4, 0x27, 0x01, 0x33, 0xc8,
    0x27, 0x03, 0xcf, 0xcf, 0x1e, 0xcc, 0x27, 0x03, 0x1f, 0x1e, 0x01, 0xd0, 0x27, 0x02, 0x1e, 0x1e,
    0xd5, 0x27, 0x01, 0x1e, 0xda, 0x27, 0x02, 0x1f, 0x01, 0xde, 0x27, 0x04, 0x01, 0xfd, 0xcf, 0xcf,
    0xe8, 0x27, 0x01, 0x33, 0xf7, 0x27, 0x03, 0x33, 0x3f, 0x3f, 0x03, 0x28, 0x07, 0x9a, 0x9a, 0xc7,
    0xc7, 0xf7, 0xf7, 0x53, 0x0b, 0x28, 0x02, 0xf7, 0xf7, 0x11, 0x28, 0x18, 0x53, 0x53, 0x53, 0x53,
    0xbc, 0xa4, 0xa5, 0xa5, 0xbc, 0x96, 0x96, 0x96, 0x96, 0x96, 0x33, 0x97, 0x97, 0x97, 0x97, 0xfc,
    0xfd, 0xfd, 0xfd, 0xfd, 0x2a, 0x28, 0x0b, 0x01, 0x01, 0x01, 0xfd, 0xfc, 0xfc, 0xfc, 0xfc, 0xfc,
    0x33, 0x33, 0x41, 0x28, 0x01, 0xa4, 0x45, 0x28, 0x01, 0x33, 0x47, 0x28, 0x09, 0x33, 0xe2, 0xd1,
    0xfd, 0x1e, 0x1e, 0x01, 0x1e, 0x1e, 0x51, 0x28, 0x01, 0x1e, 0x56, 0x28, 0x01, 0x1e, 0x59, 0x28,
    0x02, 0x01, 0x01, 0x5d, 0x28, 0x02, 0x01, 0x01, 0x60, 0x28, 0x04, 0xcf, 0xcf, 0x33, 0x33, 0x66,
    0x28, 0x01, 0x97, 0x69, 0x28, 0x01, 0xa4, 0x6b, 0x28, 0x02, 0x33, 0x33, 0x78, 0x28, 0x03, 0x33,
    0x3f, 0x3f, 0x84, 0x28, 0x15, 0x6c, 0x31, 0x53, 0x53, 0x31, 0x31, 0xa4, 0xde, 0xde, 0xde, 0xde,
    0xc7, 0xa5, 0x62, 0xf6, 0xf6, 0xf6, 0xf6, 0xa5, 0xf6, 0xa4, 0x9a, 0x28, 0x06, 0xf6, 0x01, 0x01,
    0xa5, 0xa5, 0xf7, 0xa1, 0x28, 0x12, 0xf7, 0xf7, 0x18, 0x18, 0x01, 0x6a, 0xce, 0x6b, 0x6b, 0x6b,
    0x6b, 0x6b, 0x6b, 0x6b, 0x23, 0xd1, 0xcf, 0x33, 0xb9, 0x28, 0x03, 0x33, 0x33, 0x33, 0xc4, 0x28,
    0x09, 0x33, 0x33, 0x33, 0x97, 0x75, 0xd1, 0xfc, 0x1e, 0x01, 0xce, 0x28, 0x01, 0x1e, 0xd1, 0x28,
    0x02, 0x1e, 0x1e, 0xd8, 0x28, 0x02, 0x01, 0x01, 0xdc, 0x28, 0x02, 0x01, 0x01, 0xe0, 0x28, 0x03,
    0xfc, 0x6b, 0xcf, 0xe4, 0x28, 0x02, 0xa4, 0xa4, 0xe7, 0x28, 0x01, 0xa4, 0xea, 0x28, 0x01, 0x33,
    0xec, 0x28, 0x01, 0xa4, 0xf0, 0x28, 0x04, 0x33, 0x33, 0x33, 0x33, 0xf6, 0x28, 0x01, 0x33, 0xf9,
    0x28, 0x03, 0x33, 0x3f, 0x3f, 0x04, 0x29, 0x07, 0x6c, 0x6c, 0x31, 0x31, 0x31, 0x31, 0x62, 0x0c,
    0x29, 0x03, 0x31, 0x31, 0x31, 0x11, 0x29, 0x0e, 0xa4, 0xa4, 0x62, 0x62, 0x62, 0x62, 0xf7, 0x62,
    0xc6, 0x31, 0x31, 0x31, 0x31, 0x31, 0x20, 0x29, 0x01, 0x53, 0x22, 0x29, 0x06, 0xef, 0xef, 0xef,
    0x18, 0x01, 0xa5, 0x29, 0x29, 0x0b, 0xf6, 0xf6, 0xf6, 0xf6, 0x19, 0xa5, 0xa4, 0x18, 0x19, 0x18,
    0x19, 0x36, 0x29, 0x08, 0xa5, 0x01, 0x01, 0x01, 0x01, 0x01, 0x01, 0xa4, 0x3f, 0x29, 0x14, 0x01,
    0x48, 0x48, 0x48, 0x48, 0x6b, 0x6b, 0x6b, 0x6b, 0xeb, 0xf5, 0x1e, 0x01, 0xfc, 0xfc, 0xfc, 0xe2,
    0xfc, 0xe2, 0xfc, 0x56, 0x29, 0x11, 0x01, 0x01, 0xfd, 0xfd, 0xfc, 0xfc, 0xfc, 0xfc, 0xfc, 0xfc,
    0xfc, 0x33, 0x33, 0x33, 0x33, 0x33, 0x33, 0x6e, 0x29, 0x08, 0x33, 0x33, 0x97, 0x33, 0x97, 0xa4,
    0x97, 0xa4, 0x7a, 0x29, 0x03, 0x33, 0x3f, 0xd3, 0x85, 0x29, 0x05, 0x5d, 0x58, 0x58, 0x51, 0x51,
    0x8b, 0x29, 0x01, 0xc6, 0x91, 0x29, 0x02, 0xc6, 0x62, 0x97, 0x29, 0x11, 0xf7, 0x31, 0x62, 0xc6,
    0xf7, 0xf7, 0x53, 0x53, 0x31, 0x53, 0xa4, 0xc6, 0x31, 0x31, 0x31, 0xc6, 0xa4, 0xa9, 0x29, 0x08,
    0xf7, 0x53, 0x53, 0x53, 0x53, 0x53, 0xa4, 0xf7, 0xb3, 0x29, 0x05, 0xf7, 0xa4, 0x53, 0x53, 0xf7,
    0xb9, 0x29, 0x01, 0xf7, 0xbb, 0x29, 0x06, 0xef, 0xef, 0xbc, 0x18, 0x19, 0xa5, 0xc3, 0x29, 0x06,
    0x01, 0xa5, 0x01, 0x01, 0xec, 0x18, 0xca, 0x29, 0x02, 0x19, 0x19, 0xcf, 0x29, 0x03, 0xa5, 0x01,
    0xa4, 0xd3, 0x29, 0x11, 0x49, 0x49, 0x6a, 0x6b, 0x6b, 0x6a, 0x6a, 0xcf, 0x97, 0x97, 0x97, 0x97,
    0x97, 0xdf, 0xdf, 0xec, 0xec, 0xf0, 0x29, 0x04, 0xa4, 0xa4, 0xa4, 0xa4, 0xf6, 0x29, 0x02, 0x33,
    0x33, 0xfb, 0x29, 0x03, 0x0c, 0x0c, 0x0c, 0x05, 0x2a, 0x13, 0x5d, 0x5d, 0x5d, 0x5d, 0x5d, 0x5d,
    0x9b, 0x5d, 0x5d, 0x5d, 0x9b, 0x9e, 0x9e, 0x97, 0x33, 0x62, 0x62, 0x62, 0xc6, 0x19, 0x2a, 0x02,
    0x62, 0xc6, 0x21, 0x2a, 0x02, 0xa4, 0xc6, 0x25, 0x2a, 0x03, 0xc6, 0xc6, 0x62, 0x29, 0x2a, 0x01,
    0xc6, 0x2e, 0x2a, 0x01, 0x31, 0x31, 0x2a, 0x02, 0x31, 0x31, 0x37, 0x2a, 0x01, 0xf7, 0x39, 0x2a,
    0x01, 0xf7, 0x3e, 0x2a, 0x02, 0xf7, 0xf7, 0x41, 0x2a, 0x01, 0x53, 0x43, 0x2a, 0x03, 0xf7, 0xf7,
    0xa4, 0x47, 0x2a, 0x14, 0xbc, 0x53, 0xa4, 0xf7, 0x53, 0xa4, 0xf7, 0xf7, 0xa4, 0xa4, 0xbc, 0xbc,
    0xa5, 0xf6, 0xf6, 0xf6, 0xf6, 0x53, 0xf7, 0xa4, 0x5c, 0x2a, 0x07, 0x18, 0x50, 0x50, 0x73, 0x6a,
    0xa5, 0xa5, 0x64, 0x2a, 0x10, 0xbc, 0xa5, 0xa5, 0xa5, 0xa5, 0xa5, 0x96, 0x33, 0x97, 0x96, 0x96,
    0x96, 0x96, 0x97, 0xa4, 0xa4, 0x75, 0x2a, 0x09, 0xa4, 0xa4, 0xa4, 0xa4, 0x48, 0x48, 0x48, 0xd3,
    0xf0, 0x85, 0x2a, 0x1a, 0x5d, 0x5d, 0x5d, 0x5d, 0x5d, 0x5d, 0x3f, 0x9b, 0x5d, 0x5d, 0x5d, 0x5d,
    0x5d, 0x3f, 0x9b, 0x5d, 0x5d, 0x5d, 0x5d, 0x5d, 0x3f, 0x9b, 0x58, 0x58, 0x51, 0x51, 0xa1, 0x2a,
    0x02, 0xc6, 0xc6, 0xa6, 0x2a, 0x08, 0xc6, 0xc6, 0xa4, 0xc6, 0x62, 0x62, 0x62, 0x62, 0xaf, 0x2a,
    0x03, 0xc6, 0xa4, 0xc6, 0xb4, 0x2a, 0x03, 0x62, 0xa4, 0xa4, 0xb8, 0x2a, 0x02, 0x62, 0xc6, 0xbe,
    0x2a, 0x01, 0x62, 0xc0, 0x2a, 0x01, 0x62, 0xc3, 0x2a, 0x06, 0x31, 0x31, 0x62, 0xc6, 0x62, 0xc6,
    0xcc, 0x2a, 0x0a, 0x31, 0x31, 0x62, 0xc6, 0x53, 0xf7, 0xc6, 0xf7, 0x53, 0x53, 0xda, 0x2a, 0x23,
    0xef, 0xef, 0xf6, 0xf6, 0xa5, 0x01, 0xa4, 0x18, 0x01, 0xf6, 0xf6, 0x01, 0x01, 0x01, 0xa4, 0xa4,
    0xa4, 0xa4, 0xec, 0xbf, 0x9c, 0x9c, 0x69, 0x69, 0x60, 0x33, 0xa4, 0xbc, 0xbc, 0xbc, 0xbc, 0x96,
    0x96, 0x96, 0x33, 0x11, 0x2b, 0x1d, 0x05, 0x05, 0x05, 0x05, 0x0c, 0x0c, 0x0c, 0x0c, 0x5d, 0x5d,
    0x5d, 0x5d, 0x5d, 0x5d, 0x5d, 0x5d, 0x5d, 0x9b, 0x5d, 0x5d, 0x5d, 0x5d, 0x5d, 0x5d, 0x3f, 0x58,
    0x58, 0x51, 0x51, 0x30, 0x2b, 0x02, 0x62, 0xc6, 0x37, 0x2b, 0x01, 0xc6, 0x39, 0x2b, 0x01, 0xc6,
    0x3e, 0x2b, 0x05, 0x62, 0xc6, 0xa4, 0x62, 0x62, 0x45, 0x2b, 0x01, 0xa4, 0x47, 0x2b, 0x01, 0xc6,
    0x49, 0x2b, 0x0a, 0xa4, 0x62, 0xa4, 0xc6, 0xc6, 0xa4, 0xa4, 0x62, 0x62, 0x62, 0x56, 0x2b, 0x01,
    0x31, 0x59, 0x2b, 0x05, 0x31, 0x31, 0x31, 0xc6, 0xc6, 0x5f, 0x2b, 0x15, 0xa4, 0x62, 0x31, 0xc6,
    0xc6, 0x62, 0x62, 0x31, 0x31, 0x62, 0xc6, 0xbc, 0x18, 0xf6, 0xf6, 0xf6, 0xf6, 0xf6, 0x53, 0xf7,
    0xa4, 0x75, 0x2b, 0x08, 0xf7, 0xbf, 0xbf, 0x6b, 0x6b, 0x9e, 0x9e, 0x33, 0xb3, 0x2b, 0x07, 0x05,
    0x05, 0x05, 0x05, 0x0c, 0x09, 0x09, 0xbb, 0x2b, 0x01, 0x51, 0xc0, 0x2b, 0x01, 0x62, 0xc4, 0x2b,
    0x02, 0x62, 0xc6, 0xc7, 0x2b, 0x02, 0x62, 0xc6, 0xce, 0x2b, 0x03, 0x62, 0xc6, 0x62, 0xd2, 0x2b,
    0x03, 0xc6, 0x62, 0x62, 0xde, 0x2b, 0x05, 0xc6, 0xf7, 0xa4, 0xc6, 0x62, 0xe4, 0x2b, 0x04, 0xc6,
    0xf7, 0xf7, 0x53, 0xe9, 0x2b, 0x02, 0xa4, 0x53, 0xec, 0x2b, 0x10, 0xc6, 0x62, 0x62, 0x31, 0x31,
    0x62, 0xc6, 0xbc, 0x18, 0xc7, 0xc7, 0xc7, 0xc7, 0xc7, 0x62, 0xc6, 0x47, 0x2c, 0x0b, 0x05, 0x05,
    0x0c, 0x09, 0x58, 0x58, 0x58, 0x33, 0x97, 0x51, 0x51, 0x58, 0x2c, 0x01, 0xc6, 0x5b, 0x2c, 0x03,
    0xc6, 0xc6, 0x62, 0x5f, 0x2c, 0x01, 0xc6, 0x61, 0x2c, 0x04, 0xc6, 0xc6, 0x62, 0x62, 0x67, 0x2c,
    0x04, 0x62, 0xc6, 0x62, 0xc6, 0x6f, 0x2c, 0x07, 0x31, 0x62, 0xc6, 0x53, 0xf7, 0x31, 0xc6, 0x77,
    0x2c, 0x05, 0xa4, 0xa4, 0xa4, 0xa4, 0x53, 0xd3, 0x2c, 0x1b, 0x05, 0x05, 0x0c, 0x0c, 0x5d, 0x5d,
    0x5d, 0x5d, 0x5d, 0x5d, 0x3f, 0x9b, 0x5d, 0x5d, 0x5d, 0x58, 0x58, 0x58, 0x58, 0x51, 0x33, 0x97,
    0x51, 0xc6, 0xc6, 0x62, 0x62, 0xf0, 0x2c, 0x04, 0x62, 0xc6, 0x62, 0xc6, 0xf8, 0x2c, 0x04, 0x31,
    0x62, 0xc6, 0x6c, 0x60, 0x2d, 0x1b, 0x05, 0x05, 0x0c, 0x0c, 0x5d, 0x5d, 0x5d, 0x3f, 0x9b, 0x5d,
    0x5d, 0x5d, 0x5d, 0x5d, 0x5d, 0x5d, 0x3f, 0x9b, 0x5d, 0x5d, 0x9b, 0x9b, 0x3f, 0x3f, 0x5d, 0x3f,
    0x9b, 0xed, 0x2d, 0x0e, 0x05, 0x05, 0x0c, 0x0c, 0x5d, 0x5d, 0x5d, 0x5d, 0x5d, 0x5d, 0x3f, 0x9b,
    0x5d, 0x5d, 0x29, 0x19, 0x02, 0x0c, 0x0c, 0x2c, 0x19, 0x04, 0x0c, 0x0c, 0x0c, 0x0c, 0x32, 0x19,
    0x07, 0xfc, 0x0c, 0x0c, 0x0c, 0x0c, 0x0c, 0x0c, 0xa7, 0x19, 0x03, 0x0c, 0xf0, 0xfc, 0xac, 0x19,
    0x05, 0x01, 0x01, 0x1e, 0x1f, 0x1f, 0xb2, 0x19, 0x03, 0xcf, 0xd1, 0xd1, 0xbb, 0x19, 0x01, 0x33,
    0xbe, 0x19, 0x06, 0xce, 0xfc, 0xf0, 0xf0, 0xfc, 0xfd, 0xcb, 0x19, 0x0b, 0x0c, 0x0c, 0x0c, 0x0c,
    0x0c, 0x0c, 0x0c, 0x0c, 0x0c, 0x0c, 0x0c, 0x26, 0x1a, 0x02, 0x0c, 0xf0, 0x29, 0x1a, 0x04, 0x01,
    0x01, 0x1f, 0x1e, 0x2e, 0x1a, 0x07, 0x1e, 0x1e, 0x1f, 0xd1, 0xd1, 0x33, 0xa4, 0x37, 0x1a, 0x09,
    0xa4, 0xa4, 0x33, 0x33, 0x97, 0xa4, 0x33, 0xcf, 0x01, 0x41, 0x1a, 0x02, 0x01, 0x01, 0x45, 0x1a,
    0x1b, 0x1f, 0x1f, 0x1e, 0x6b, 0xd1, 0x33, 0x0c, 0x0c, 0x3f, 0x3f, 0x3f, 0x3f, 0x3f, 0x9b, 0x3f,
    0xfd, 0xfc, 0xfc, 0xfc, 0xfc, 0xfd, 0xfd, 0xfc, 0xfc, 0xee, 0xf0, 0x0c, 0xa4, 0x1a, 0x03, 0x0c,
    0xee, 0xfc, 0xa8, 0x1a, 0x01, 0x1e, 0xaa, 0x1a, 0x08, 0xe2, 0xfc, 0xfc, 0xfd, 0xfc, 0xfc, 0xfd,
    0xfc, 0xb3, 0x1a, 0x01, 0x33, 0xbd, 0x1a, 0x02, 0xcf, 0xcf, 0xc1, 0x1a, 0x03, 0x1e, 0x1e, 0x1e,
    0xc5, 0x1a, 0x07, 0x1e, 0x1f, 0x1e, 0xd1, 0xcf, 0xa4, 0x33, 0xd3, 0x1a, 0x04, 0x33, 0x33, 0xfc,
    0x01, 0xd8, 0x1a, 0x01, 0x01, 0xdb, 0x1a, 0x03, 0x1e, 0x1f, 0x1f, 0xdf, 0x1a, 0x04, 0x01, 0xfc,
    0xf0, 0x0c, 0x23, 0x1b, 0x0e, 0x0c, 0x0c, 0x3f, 0x3f, 0x3f, 0x3f, 0x3f, 0x3f, 0x3f, 0x33, 0x33,
    0x33, 0x33, 0x33, 0x32, 0x1b, 0x04, 0x33, 0x33, 0x33, 0x33, 0x3b, 0x1b, 0x01, 0x97, 0x3d, 0x1b,
    0x01, 0xe2, 0x40, 0x1b, 0x02, 0x01, 0x1e, 0x43, 0x1b, 0x07, 0x1e, 0x1e, 0x1f, 0x1f, 0x01, 0xce,
    0x33, 0x4b, 0x1b, 0x03, 0xa4, 0x97, 0xa4, 0x54, 0x1b, 0x04, 0x6b, 0x6b, 0x1e, 0x01, 0x59, 0x1b,
    0x05, 0x1e, 0x1e, 0x1f, 0x1f, 0x1e, 0x5f, 0x1b, 0x04, 0x1f, 0x1f, 0xf0, 0x9a, 0xa3, 0x1b, 0x01,
    0x33, 0xa6, 0x1b, 0x03, 0xa4, 0xa4, 0x33, 0xac, 0x1b, 0x02, 0xa4, 0x33, 0xaf, 0x1b, 0x01, 0xcf,
    0xb6, 0x1b, 0x01, 0x01, 0xbb, 0x1b, 0x10, 0x1e, 0x0c, 0x3f, 0xf0, 0xf0, 0xf0, 0xf0, 0x0c, 0x0c,
    0x0c, 0x0c, 0x0c, 0x0c, 0x33, 0x33, 0x33, 0xcd, 0x1b, 0x17, 0x33, 0x33, 0x33, 0x33, 0x33, 0x33,
    0x33, 0x33, 0x33, 0xfc, 0xfc, 0xfc, 0xfc, 0xfc, 0x01, 0x1e, 0x1f, 0x1f, 0x1f, 0x1e, 0x01, 0xf1,
    0x0c, 0x20, 0x1c, 0x02, 0x0c, 0x97, 0x24, 0x1c, 0x01, 0xa4, 0x28, 0x1c, 0x02, 0x33, 0x33, 0x2c,
    0x1c, 0x03, 0x33, 0x33, 0xce, 0x36, 0x1c, 0x03, 0x01, 0x1e, 0x1e, 0x3b, 0x1c, 0x02, 0xe2, 0xcf,
    0x45, 0x1c, 0x02, 0xa4, 0x33, 0x48, 0x1c, 0x1c, 0xce, 0xcf, 0xcf, 0xcf, 0xcf, 0xcf, 0xcf, 0xfd,
    0xfd, 0xfc, 0xfc, 0xfc, 0xfc, 0x33, 0xd1, 0xd1, 0xcf, 0xcf, 0xd1, 0xcf, 0xd1, 0xcf, 0xcf, 0xcf,
    0xce, 0xce, 0xce, 0x9a, 0xa0, 0x1c, 0x02, 0x3f, 0xa4, 0xa4, 0x1c, 0x01, 0x33, 0xa6, 0x1c, 0x01,
    0x33, 0xac, 0x1c, 0x02, 0x33, 0xfc, 0xb2, 0x1c, 0x04, 0x01, 0x01, 0x1e, 0x1e, 0xb7, 0x1c, 0x01,
    0x1e, 0xb9, 0x1c, 0x01, 0x01, 0xbb, 0x1c, 0x01, 0x6a, 0xbe, 0x1c, 0x02, 0xa4, 0xa4, 0xc4, 0x1c,
    0x06, 0x33, 0x33, 0x33, 0x33, 0xcf, 0x01, 0xcd, 0x1c, 0x0a, 0x01, 0x01, 0x01, 0x1f, 0x01, 0x1e,
    0x1e, 0x1e, 0xcf, 0x33, 0xdb, 0x1c, 0x05, 0x33, 0x33, 0x33, 0x33, 0x33, 0xe1, 0x1c, 0x04, 0x6b,
    0xcf, 0x6b, 0x0c, 0x1e, 0x1d, 0x02, 0x0c, 0xfc, 0x21, 0x1d, 0x02, 0x33, 0x33, 0x24, 0x1d, 0x05,
    0x33, 0x33, 0x33, 0x33, 0x33, 0x2b, 0x1d, 0x02, 0x33, 0x33, 0x2e, 0x1d, 0x04, 0x1e, 0x01, 0x01,
    0x1e, 0x34, 0x1d, 0x04, 0x1e, 0x1e, 0x1e, 0x01, 0x3d, 0x1d, 0x02, 0xa4, 0x97, 0x48, 0x1d, 0x01,
    0xfc, 0x4c, 0x1d, 0x05, 0x01, 0x01, 0x1f, 0x1f, 0x1e, 0x54, 0x1d, 0x02, 0x1e, 0x1f, 0x57, 0x1d,
    0x01, 0x33, 0x5b, 0x1d, 0x03, 0xa4, 0xa4, 0x33, 0x5f, 0x1d, 0x03, 0xa4, 0xa4, 0xa4, 0x64, 0x1d,
    0x02, 0x01, 0x0c, 0x9d, 0x1d, 0x0f, 0x0c, 0xfc, 0xfc, 0xfc, 0xfc, 0xfc, 0xfc, 0xfc, 0xfd, 0xce,
    0xce, 0xcf, 0xcf, 0xcf, 0x33, 0xae, 0x1d, 0x09, 0x01, 0x1e, 0xe2, 0xfc, 0xfc, 0xe2, 0xfc, 0xfc,
    0xfd, 0xb8, 0x1d, 0x01, 0x01, 0xba, 0x1d, 0x05, 0xfc, 0xa4, 0x33, 0x97, 0x33, 0xc0, 0x1d, 0x01,
    0x33, 0xca, 0x1d, 0x01, 0x1e, 0xcd, 0x1d, 0x01, 0x1e, 0xd1, 0x1d, 0x04, 0x1e, 0x1e, 0x01, 0x01,
    0xd6, 0x1d, 0x01, 0x33, 0xd9, 0x1d, 0x05, 0xa4, 0xa4, 0xa4, 0xa4, 0x33, 0xe3, 0x1d, 0x03, 0xa4,
    0xa4, 0x96, 0x1b, 0x1e, 0x03, 0xf1, 0x01, 0x1e, 0x1f, 0x1e, 0x01, 0x01, 0x22, 0x1e, 0x01, 0x01,
    0x24, 0x1e, 0x02, 0x01, 0x1e, 0x27, 0x1e, 0x01, 0x1e, 0x29, 0x1e, 0x01, 0x1e, 0x39, 0x1e, 0x04,
    0x33, 0x33, 0x33, 0x33, 0x44, 0x1e, 0x09, 0x33, 0x33, 0x97, 0x33, 0xe2, 0xfc, 0xfc, 0xfc, 0x1e,
    0x4e, 0x1e, 0x01, 0x1e, 0x50, 0x1e, 0x03, 0x1e, 0x01, 0x01, 0x54, 0x1e, 0x02, 0x01, 0x01, 0x57,
    0x1e, 0x03, 0x33, 0xa4, 0xa4, 0x5b, 0x1e, 0x01, 0x97, 0x5d, 0x1e, 0x04, 0x33, 0x33, 0x33, 0x33,
    0x64, 0x1e, 0x01, 0xa4, 0x9e, 0x1e, 0x01, 0x01, 0xa0, 0x1e, 0x06, 0x01, 0x1f, 0x1f, 0x1f, 0x1e,
    0x1e, 0xa7, 0x1e, 0x04, 0x1e, 0x1f, 0x75, 0xa4, 0xad, 0x1e, 0x02, 0x33, 0x33, 0xb5, 0x1e, 0x04,
    0xa4, 0x33, 0x97, 0x33, 0xba, 0x1e, 0x02, 0x01, 0x1e, 0xc0, 0x1e, 0x01, 0x01, 0xc2, 0x1e, 0x01,
    0x01, 0xc7, 0x1e, 0x01, 0xfc, 0xcb, 0x1e, 0x1d, 0x33, 0x33, 0x33, 0x33, 0x33, 0x33, 0xce, 0xce,
    0xcf, 0xcf, 0xcf, 0xcf, 0xa4, 0x6b, 0x6a, 0xd1, 0x6b, 0xe2, 0xcf, 0xcf, 0x33, 0x33, 0x33, 0x33,
    0x33, 0x33, 0x33, 0x33, 0x0c, 0x17, 0x1f, 0x02, 0x0c, 0xfc, 0x1a, 0x1f, 0x03, 0x1e, 0x01, 0x01,
    0x1e, 0x1f, 0x05, 0x1f, 0x1e, 0x1f, 0x1e, 0x1e, 0x24, 0x1f, 0x01, 0x1e, 0x26, 0x1f, 0x04, 0x1f,
    0xe2, 0xce, 0xa4, 0x2b, 0x1f, 0x0b, 0xa4, 0xa4, 0xa4, 0xa4, 0x33, 0x97, 0x97, 0x33, 0xa4, 0x33,
    0x33, 0x37, 0x1f, 0x02, 0x33, 0xfc, 0x41, 0x1f, 0x03, 0x01, 0x1e, 0x1e, 0x47, 0x1f, 0x01, 0xe2,
    0x55, 0x1f, 0x14, 0xa4, 0x33, 0x6b, 0xfd, 0xfc, 0xfc, 0xfc, 0xfc, 0xfc, 0xfc, 0x6b, 0x6b, 0xce,
    0xfd, 0xce, 0xcf, 0xcf, 0xcf, 0xe2, 0x0c, 0x95, 0x1f, 0x03, 0x0c, 0x0c, 0x01, 0x9b, 0x1f, 0x0d,
    0x1f, 0x1e, 0x01, 0x1e, 0x1e, 0x1e, 0x1e, 0x1f, 0x01, 0x1f, 0x01, 0xfd, 0xce, 0xad, 0x1f, 0x01,
    0xa4, 0xbd, 0x1f, 0x02, 0x01, 0x01, 0xc0, 0x1f, 0x02, 0x1f, 0x1f, 0xc3, 0x1f, 0x01, 0x1e, 0xc6,
    0x1f, 0x04, 0x1e, 0xe2, 0x97, 0x33, 0xcb, 0x1f, 0x04, 0x33, 0xa4, 0xa4, 0xa4, 0xd0, 0x1f, 0x03,
    0x33, 0x33, 0x33, 0xd4, 0x1f, 0x03, 0x33, 0x97, 0x33, 0xd8, 0x1f, 0x01, 0xfc, 0xdb, 0x1f, 0x01,
    0x1e, 0xe0, 0x1f, 0x02, 0x01, 0x01, 0xe3, 0x1f, 0x07, 0xcf, 0xcf, 0xfc, 0xe2, 0xe2, 0xe2, 0x0c,
    0x14, 0x20, 0x0d, 0x0c, 0x33, 0xcf, 0xd1, 0xce, 0xcf, 0xcf, 0xd1, 0xfc, 0xe2, 0xfc, 0xfc, 0x01,
    0x22, 0x20, 0x06, 0x01, 0x01, 0x01, 0xfc, 0xcf, 0xa4, 0x29, 0x20, 0x02, 0xa4, 0xa4, 0x2c, 0x20,
    0x01, 0x33, 0x37, 0x20, 0x01, 0xfc, 0x3b, 0x20, 0x01, 0x01, 0x3e, 0x20, 0x02, 0x1e, 0x1e, 0x44,
    0x20, 0x04, 0x1f, 0x01, 0xe2, 0xce, 0x4d, 0x20, 0x02, 0x97, 0x33, 0x55, 0x20, 0x01, 0xa4, 0x57,
    0x20, 0x02, 0x33, 0xcf, 0x60, 0x20, 0x01, 0x01, 0x63, 0x20, 0x01, 0x1e, 0x65, 0x20, 0x02, 0x1e,
    0x1e, 0x69, 0x20, 0x02, 0xf0, 0xf1, 0x92, 0x20, 0x11, 0x3f, 0x3f, 0x33, 0xcf, 0xcf, 0xcf, 0xd1,
    0xd1, 0xcf, 0xcf, 0xcf, 0xcf, 0xcf, 0xce, 0xce, 0xce, 0xcf, 0xa7, 0x20, 0x03, 0x33, 0x97, 0xa4,
    0xac, 0x20, 0x02, 0xa4, 0x97, 0xaf, 0x20, 0x01, 0x33, 0xb5, 0x20, 0x02, 0x33, 0xcf, 0xba, 0x20,
    0x02, 0x01, 0x01, 0xbd, 0x20, 0x01, 0x1e, 0xc2, 0x20, 0x01, 0x1e, 0xc4, 0x20, 0x01, 0x1e, 0xc6,
    0x20, 0x02, 0xfd, 0xcf, 0xc9, 0x20, 0x05, 0xa4, 0xa4, 0xa4, 0xa4, 0xa4, 0xcf, 0x20, 0x05, 0xa4,
    0xa4, 0xa4, 0xa4, 0xa4, 0xd6, 0x20, 0x04, 0x33, 0x33, 0xcf, 0xfc, 0xe0, 0x20, 0x01, 0x01, 0xe2,
    0x20, 0x01, 0x1e, 0xe4, 0x20, 0x02, 0x1e, 0x1e, 0xe9, 0x20, 0x03, 0xfd, 0xf0, 0xf1, 0x11, 0x21,
    0x01, 0x0c, 0x13, 0x21, 0x1f, 0x0c, 0x3f, 0x0c, 0x3f, 0x3f, 0x33, 0x33, 0x33, 0x33, 0x33, 0x33,
    0x33, 0x97, 0x33, 0x33, 0x01, 0x01, 0xfc, 0xcf, 0xcf, 0xcf, 0xcf, 0xcf, 0xcf, 0xcf, 0xcf, 0x33,
    0x33, 0x33, 0x33, 0x33, 0x34, 0x21, 0x06, 0x97, 0xd1, 0xd1, 0x01, 0x1e, 0x01, 0x3b, 0x21, 0x01,
    0x1e, 0x3d, 0x21, 0x02, 0x1e, 0x1e, 0x42, 0x21, 0x01, 0x01, 0x45, 0x21, 0x0b, 0x01, 0xcf, 0xcf,
    0x33, 0x97, 0x97, 0xa4, 0x33, 0x33, 0x33, 0x33, 0x58, 0x21, 0x02, 0xcf, 0xcf, 0x5f, 0x21, 0x03,
    0x01, 0x01, 0x1e, 0x63, 0x21, 0x02, 0x1e, 0x1e, 0x66, 0x21, 0x01, 0x1e, 0x68, 0x21, 0x04, 0x1f,
    0x01, 0xf1, 0xf0, 0x8f, 0x21, 0x03, 0x0c, 0x3f, 0x33, 0x93, 0x21, 0x02, 0xa4, 0xa4, 0x96, 0x21,
    0x01, 0x33, 0x9d, 0x21, 0x02, 0xa4, 0xa4, 0xa1, 0x21, 0x15, 0x33, 0xce, 0xfc, 0xf0, 0xf0, 0xf0,
    0xf0, 0xf0, 0xf0, 0xf0, 0xf1, 0xf1, 0xfd, 0xfd, 0xfc, 0xfc, 0xfc, 0xfc, 0xe2, 0x33, 0x33, 0xb7,
    0x21, 0x04, 0xe2, 0xfc, 0xfc, 0xe2, 0xc0, 0x21, 0x01, 0x01, 0xc3, 0x21, 0x01, 0x01, 0xc6, 0x21,
    0x06, 0xfc, 0xfc, 0x33, 0x33, 0x33, 0x33, 0xd0, 0x21, 0x04, 0xa4, 0xa4, 0xa4, 0xa4, 0xd8, 0x21,
    0x03, 0xfc, 0xfc, 0xfc, 0xdd, 0x21, 0x01, 0x1e, 0xdf, 0x21, 0x01, 0x01, 0xe1, 0x21, 0x01, 0x1e,
    0xe3, 0x21, 0x01, 0x1e, 0xe5, 0x21, 0x01, 0x1e, 0xe7, 0x21, 0x06, 0x1e, 0x1e, 0x01, 0xfd, 0xf1,
    0xf1, 0x0e, 0x22, 0x02, 0x3f, 0x3f, 0x16, 0x22, 0x03, 0xa4, 0xa4, 0x33, 0x1a, 0x22, 0x01, 0x33,
    0x1c, 0x22, 0x02, 0x33, 0x33, 0x20, 0x22, 0x03, 0x33, 0xcf, 0xfc, 0x26, 0x22, 0x02, 0x1e, 0x1e,
    0x2a, 0x22, 0x03, 0x01, 0x01, 0x01, 0x2f, 0x22, 0x03, 0x01, 0x01, 0x1e, 0x33, 0x22, 0x0e, 0xcf,
    0xcf, 0xd1, 0x3f, 0x3f, 0x3f, 0x3f, 0x3f, 0x3f, 0x3f, 0x3f, 0x3f, 0x0c, 0x0c, 0x44, 0x22, 0x01,
    0xfc, 0x46, 0x22, 0x0a, 0x33, 0x33, 0x33, 0x33, 0x33, 0x33, 0xa4, 0xa4, 0x33, 0x33, 0x58, 0x22,
    0x06, 0xcf, 0xcf, 0xcf, 0x1e, 0x1e, 0x01, 0x63, 0x22, 0x05, 0x1e, 0x1e, 0x1e, 0x1e, 0x1e, 0x69,
    0x22, 0x01, 0x1f, 0x6b, 0x22, 0x03, 0xfd, 0xf0, 0xf0, 0x8c, 0x22, 0x08, 0x0c, 0x3f, 0x33, 0x33,
    0xa4, 0x33, 0x33, 0xa4, 0x9d, 0x22, 0x01, 0xa4, 0xa0, 0x22, 0x03, 0xfc, 0xfc, 0x01, 0xa5, 0x22,
    0x01, 0x1e, 0xa7, 0x22, 0x03, 0x01, 0x01, 0x01, 0xac, 0x22, 0x04, 0x01, 0x01, 0x1f, 0x1f, 0xb1,
    0x22, 0x05, 0x1e, 0xfc, 0xd1, 0xd1, 0x33, 0xc5, 0x22, 0x11, 0xcf, 0xcf, 0xce, 0xfc, 0xfc, 0xfd,
    0xfc, 0xfc, 0xcf, 0xcf, 0xcf, 0x6b, 0x6b, 0x9b, 0x3f, 0x3f, 0x0c, 0xd7, 0x22, 0x01, 0x33, 0xd9,
    0x22, 0x0d, 0xfc, 0xe2, 0xfc, 0xfc, 0xfc, 0xfc, 0xe2, 0x1e, 0x1e, 0x1e, 0x1e, 0x1e, 0x1e, 0xe7,
    0x22, 0x01, 0x1f, 0xeb, 0x22, 0x04, 0x01, 0xf0, 0xf0, 0x0c, 0x0a, 0x23, 0x08, 0x0c, 0x3f, 0x3f,
    0x33, 0xa4, 0xa4, 0xa4, 0xa4, 0x15, 0x23, 0x01, 0x33, 0x1d, 0x23, 0x05, 0x33, 0xcf, 0xcf, 0xcf,
    0x01, 0x25, 0x23, 0x10, 0x01, 0x01, 0x01, 0x01, 0x1e, 0x1e, 0x01, 0x1f, 0x1f, 0x1e, 0x1e, 0x1e,
    0xe2, 0xe2, 0xe2, 0xe2, 0x45, 0x23, 0x03, 0xcf, 0xcf, 0xcf, 0x4f, 0x23, 0x1d, 0x01, 0x01, 0xfc,
    0xfc, 0xfd, 0xfd, 0xfd, 0xcf, 0xcf, 0xfc, 0x1e, 0x1e, 0xfc, 0xcf, 0xcf, 0xd1, 0xd1, 0xd1, 0xd1,
    0xd1, 0xd1, 0xcf, 0xcf, 0xf0, 0xf1, 0xf1, 0xf1, 0xad, 0xfc, 0x6d, 0x23, 0x03, 0x0c, 0x0c, 0x0c,
    0x89, 0x23, 0x04, 0x0c, 0x3f, 0x33, 0x33, 0x8e, 0x23, 0x02, 0x33, 0x33, 0x94, 0x23, 0x04, 0xa4,
    0xa4, 0xa4, 0xa4, 0x99, 0x23, 0x03, 0xa4, 0xa4, 0xa4, 0x9d, 0x23, 0x03, 0xcf, 0xcf, 0xcf, 0xa2,
    0x23, 0x02, 0x01, 0x01, 0xa6, 0x23, 0x07, 0x1e, 0x1e, 0x1f, 0x01, 0x1f, 0x1f, 0x1e, 0xae, 0x23,
    0x01, 0x1e, 0xb0, 0x23, 0x05, 0x1f, 0x75, 0xd1, 0x75, 0x97, 0xb6, 0x23, 0x03, 0xa4, 0x33, 0x33,
    0xc1, 0x23, 0x02, 0x33, 0x33, 0xc4, 0x23, 0x05, 0x97, 0xfc, 0x6b, 0xcf, 0x01, 0xce, 0x23, 0x08,
    0x01, 0x01, 0x01, 0x01, 0x01, 0x01, 0x01, 0x1e, 0xd8, 0x23, 0x19, 0xfc, 0xd1, 0xfc, 0xe2, 0x33,
    0x33, 0xd1, 0xcf, 0xcf, 0xcf, 0xcf, 0xcf, 0xcf, 0xcf, 0xce, 0xce, 0xce, 0xcf, 0xcf, 0xcf, 0xcf,
    0x3f, 0x3f, 0x3f, 0x0c, 0x07, 0x24, 0x04, 0x0c, 0x3f, 0x3f, 0x33, 0x0e, 0x24, 0x01, 0xa4, 0x10,
    0x24, 0x03, 0x97, 0x97, 0x33, 0x1b, 0x24, 0x04, 0x33, 0xcf, 0xcf, 0xcf, 0x21, 0x24, 0x01, 0x01,
    0x23, 0x24, 0x01, 0x01, 0x25, 0x24, 0x07, 0x1e, 0x1e, 0x1f, 0x1f, 0x01, 0x1e, 0x1e, 0x2d, 0x24,
    0x08, 0x1f, 0x1f, 0x1f, 0xe2, 0xcf, 0xcf, 0xce, 0x33, 0x38, 0x24, 0x02, 0x33, 0x33, 0x3d, 0x24,
    0x01, 0x33, 0x44, 0x24, 0x05, 0x97, 0x6b, 0xcf, 0xcf, 0x01, 0x4e, 0x24, 0x03, 0x01, 0x01, 0x01,
    0x52, 0x24, 0x02, 0x01, 0x01, 0x55, 0x24, 0x02, 0x1e, 0x1e, 0x59, 0x24, 0x04, 0xd1, 0xd1, 0xd1,
    0x33, 0x63, 0x24, 0x0f, 0x33, 0x33, 0x33, 0x33, 0xce, 0xcf, 0xcf, 0xcf, 0xcf, 0xcf, 0x3f, 0x3f,
    0x3f, 0x3f, 0x0c, 0x86, 0x24, 0x04, 0x0c, 0x0c, 0x3f, 0x3f, 0x8e, 0x24, 0x06, 0xa4, 0xa4, 0xa4,
    0xa4, 0xa4, 0xa4, 0x96, 0x24, 0x02, 0x33, 0x33, 0x9a, 0x24, 0x05, 0x33, 0xcf, 0xcf, 0xd1, 0xce,
    0xa2, 0x24, 0x08, 0x01, 0x1e, 0x1e, 0x1f, 0x1e, 0x1e, 0x1e, 0x1e, 0xac, 0x24, 0x01, 0x1e, 0xae,
    0x24, 0x09, 0x1f, 0xe2, 0xd1, 0xce, 0xce, 0x97, 0xa4, 0xa4, 0xa4, 0xb9, 0x24, 0x01, 0xa4, 0xbc,
    0x24, 0x05, 0xa4, 0x97, 0x97, 0x97, 0x33, 0xc3, 0x24, 0x05, 0x33, 0xfc, 0xcf, 0xcf, 0xcf, 0xcd,
    0x24, 0x03, 0x01, 0x01, 0x01, 0xd1, 0x24, 0x02, 0x1f, 0x01, 0xd5, 0x24, 0x01, 0x1e, 0xd9, 0x24,
    0x04, 0xd1, 0xd1, 0xd1, 0xcf, 0xec, 0x24, 0x07, 0x33, 0x33, 0x33, 0x9b, 0x9b, 0x9b, 0x0c, 0x06,
    0x25, 0x09, 0x9a, 0x96, 0xa4, 0xa4, 0xec, 0x33, 0x33, 0x33, 0x33, 0x17, 0x25, 0x07, 0xa4, 0xa4,
    0x33, 0xd1, 0xd1, 0xce, 0xcf, 0x21, 0x25, 0x02, 0x1e, 0x1e, 0x24, 0x25, 0x02, 0x1f, 0x01, 0x27,
    0x25, 0x01, 0x1e, 0x29, 0x25, 0x0d, 0x1e, 0x1e, 0x1e, 0x1f, 0x1f, 0x01, 0xd1, 0xcf, 0xcf, 0xd1,
    0xa4, 0x33, 0x33, 0x3d, 0x25, 0x05, 0xa4, 0xa4, 0xa4, 0xa4, 0xa4, 0x43, 0x25, 0x05, 0x97, 0x6b,
    0x6b, 0xcf, 0xcf, 0x4e, 0x25, 0x03, 0x01, 0x01, 0x01, 0x52, 0x25, 0x03, 0x01, 0x01, 0x1f, 0x56,
    0x25, 0x08, 0x1e, 0x1e, 0x1e, 0xd1, 0xd1, 0xd1, 0xd1, 0x33, 0x61, 0x25, 0x04, 0x33, 0x33, 0x33,
    0x33, 0x6f, 0x25, 0x04, 0x3f, 0x3f, 0x0c, 0x0c, 0x86, 0x25, 0x02, 0x0c, 0x60, 0x89, 0x25, 0x02,
    0x53, 0xf7, 0x8c, 0x25, 0x0a, 0xa5, 0x01, 0xa5, 0x97, 0x97, 0xec, 0x33, 0x33, 0x33, 0x33, 0x98,
    0x25, 0x05, 0xd1, 0xd1, 0xcf, 0xcf, 0xcf, 0x9e, 0x25, 0x02, 0x1e, 0x1e, 0xa1, 0x25, 0x02, 0x1e,
    0x1e, 0xa4, 0x25, 0x01, 0x1e, 0xa6, 0x25, 0x0d, 0x01, 0x1e, 0x1e, 0x1e, 0x1f, 0x01, 0x1f, 0x1f,
    0xcf, 0xd1, 0xce, 0xce, 0x33, 0xb7, 0x25, 0x05, 0xa4, 0xa4, 0x33, 0xa4, 0xa4, 0xc3, 0x25, 0x05,
    0x33, 0xcf, 0xcf, 0xcf, 0xcf, 0xcc, 0x25, 0x08, 0x01, 0x01, 0x01, 0x01, 0x01, 0x01, 0x1f, 0x01,
    0xd9, 0x25, 0x06, 0xe2, 0xd1, 0xe2, 0xe2, 0xcf, 0xa4, 0xe2, 0x25, 0x04, 0xa4, 0xa4, 0xa4, 0xa4,
    0xe7, 0x25, 0x03, 0x33, 0x33, 0x33, 0xed, 0x25, 0x01, 0x33, 0xef, 0x25, 0x05, 0x33, 0x0c, 0x3f,
    0x3f, 0x3f, 0x06, 0x26, 0x05, 0x3f, 0x62, 0x62, 0x62, 0x53, 0x0c, 0x26, 0x02, 0xa4, 0xa4, 0x0f,
    0x26, 0x0c, 0x53, 0xf7, 0xa4, 0xa5, 0x96, 0xa5, 0x97, 0x97, 0xdf, 0x97, 0xdf, 0x33, 0x1c, 0x26,
    0x03, 0xfc, 0x1e, 0x1e, 0x20, 0x26, 0x01, 0x01, 0x24, 0x26, 0x07, 0x1e, 0x1e, 0x1f, 0x1f, 0x1f,
    0x01, 0x01, 0x2d, 0x26, 0x08, 0xfc, 0xce, 0xce, 0xfd, 0xce, 0x33, 0x33, 0x33, 0x37, 0x26, 0x04,
    0xa4, 0xa4, 0x33, 0xa4, 0x43, 0x26, 0x05, 0xcf, 0xcf, 0xcf, 0xcf, 0xcf, 0x4b, 0x26, 0x02, 0x01,
    0x01, 0x4f, 0x26, 0x04, 0x01, 0x1f, 0x1e, 0x1e, 0x59, 0x26, 0x09, 0xe2, 0xcf, 0xcf, 0x75, 0x6a,
    0x33, 0xa4, 0x33, 0x33, 0x68, 0x26, 0x04, 0xa4, 0xa4, 0xa4, 0xa4, 0x6d, 0x26, 0x08, 0xa4, 0xa4,
    0xa4, 0x3f, 0x9b, 0x3f, 0x3f, 0x0c, 0x83, 0x26, 0x07, 0x0c, 0x0c, 0x0c, 0x0c, 0x62, 0x62, 0xa4,
    0x8c, 0x26, 0x08, 0xa4, 0x62, 0x62, 0x62, 0x53, 0xa4, 0x53, 0xa4, 0x95, 0x26, 0x01, 0x53, 0x97,
    0x26, 0x09, 0x18, 0xf7, 0x18, 0x96, 0x6a, 0xd1, 0x6b, 0x6a, 0x23, 0xa1, 0x26, 0x05, 0xfc, 0xe2,
    0xe2, 0x01, 0x1f, 0xa7, 0x26, 0x01, 0x1e, 0xac, 0x26, 0x06, 0xfd, 0xce, 0xce, 0xce, 0xcf, 0x33,
    0xb3, 0x26, 0x02, 0xa4, 0xa4, 0xc3, 0x26, 0x05, 0xcf, 0xcf, 0xcf, 0xcf, 0xcf, 0xc9, 0x26, 0x01,
    0x01, 0xce, 0x26, 0x04, 0x1f, 0x1e, 0x1e, 0x1f, 0xd7, 0x26, 0x01, 0x1e, 0xd9, 0x26, 0x06, 0xe2,
    0xd1, 0xcf, 0xce, 0xce, 0x33, 0xe1, 0x26, 0x06, 0xa4, 0xa4, 0x97, 0x97, 0xa4, 0xa4, 0xed, 0x26,
    0x03, 0x33, 0x33, 0x33, 0xf1, 0x26, 0x05, 0x3f, 0x3f, 0x3f, 0x3f, 0x9b, 0x04, 0x27, 0x08, 0x9a,
    0x9a, 0x9a, 0x9b, 0xc6, 0xc6, 0xc6, 0x62, 0x0d, 0x27, 0x09, 0x62, 0x62, 0x97, 0x33, 0x33, 0x51,
    0x51, 0x51, 0x51, 0x17, 0x27, 0x0f, 0x53, 0x53, 0x60, 0x82, 0x75, 0xcf, 0xcf, 0x9c, 0x73, 0x74,
    0x6a, 0x74, 0xd1, 0x6b, 0x23, 0x27, 0x27, 0x0b, 0xf5, 0xfc, 0xfc, 0xfd, 0x1f, 0xce, 0xce, 0xcf,
    0xcf, 0xcf, 0x33, 0x34, 0x27, 0x01, 0x33, 0x36, 0x27, 0x01, 0xa4, 0x38, 0x27, 0x01, 0x33, 0x3b,
    0x27, 0x01, 0x33, 0x42, 0x27, 0x07, 0x33, 0xcf, 0xcf, 0xcf, 0xcf, 0xce, 0x01, 0x4b, 0x27, 0x06,
    0x1f, 0x1e, 0x1f, 0x1e, 0x1e, 0x1f, 0x55, 0x27, 0x01, 0x1e, 0x57, 0x27, 0x08, 0x1f, 0x01, 0x01,
    0xcf, 0xce, 0xce, 0xce, 0xce, 0x65, 0x27, 0x01, 0x33, 0x67, 0x27, 0x04, 0x97, 0x33, 0x33, 0x33,
    0x6c, 0x27, 0x01, 0x33, 0x6f, 0x27, 0x01, 0xa4, 0x71, 0x27, 0x06, 0x33, 0x3f, 0x3f, 0x3f, 0x3f,
    0x0c, 0x84, 0x27, 0x11, 0x6c, 0x3f, 0x6c, 0x6c, 0x6c, 0x3f, 0x83, 0x86, 0x96, 0xc7, 0xc7, 0x62,
    0xc7, 0xa5, 0xc6, 0xc6, 0xc6, 0x96, 0x27, 0x18, 0xec, 0x8e, 0xad, 0xb3, 0xad, 0xad, 0xad, 0xad,
    0x97, 0x60, 0x60, 0x97, 0x33, 0x60, 0x97, 0x8f, 0x6a, 0x6a, 0x6b, 0x6a, 0x6a, 0x22, 0x6b, 0x23,
    0xaf, 0x27, 0x01, 0xfc, 0xb1, 0x27, 0x02, 0x97, 0x33, 0xb9, 0x27, 0x06, 0xa4, 0xa4, 0xa4, 0xa4,
    0x33, 0x97, 0xc2, 0x27, 0x06, 0xcf, 0xd1, 0xe2, 0xd1, 0xce, 0xcf, 0xcb, 0x27, 0x05, 0x1e, 0x1f,
    0x1e, 0x1e, 0x1e, 0xd3, 0x27, 0x01, 0x1e, 0xd5, 0x27, 0x0d, 0x1e, 0x01, 0x01, 0x1f, 0x01, 0xce,
    0xce, 0xce, 0xce, 0x6b, 0x97, 0x33, 0xa4, 0xe6, 0x27, 0x05, 0xa4, 0xa4, 0xa4, 0xa4, 0xa4, 0xec,
    0x27, 0x03, 0xa4, 0x33, 0x33, 0xf2, 0x27, 0x06, 0x3f, 0x3f, 0x3f, 0x3f, 0x3f, 0x0c, 0x05, 0x28,
    0x11, 0x5d, 0x5d, 0x6c, 0x6c, 0x6c, 0x9b, 0x6c, 0x6c, 0x9b, 0x9b, 0x3f, 0x3f, 0x6c, 0x69, 0x60,
    0x31, 0xde, 0x17, 0x28, 0x08, 0xc7, 0xc7, 0xde, 0xc7, 0xc7, 0xc7, 0xc7, 0x01, 0x20, 0x28, 0x1a,
    0xc6, 0xc6, 0xc6, 0xc6, 0xcf, 0x9d, 0x9d, 0x9d, 0x6a, 0xcf, 0xcf, 0x9c, 0x73, 0x96, 0x96, 0x96,
    0x97, 0x97, 0xdf, 0xfc, 0x09, 0x33, 0x33, 0x33, 0x33, 0x33, 0x3d, 0x28, 0x03, 0xa4, 0xa4, 0xa4,
    0x42, 0x28, 0x07, 0xd1, 0xd1, 0xce, 0xcf, 0xfc, 0xcf, 0x1e, 0x4a, 0x28, 0x06, 0x1f, 0x1e, 0x1e,
    0x1e, 0x1e, 0x1e, 0x54, 0x28, 0x10, 0x1f, 0x01, 0x01, 0x01, 0x01, 0x01, 0xce, 0xce, 0xce, 0xcf,
    0xcf, 0x6b, 0xa4, 0x33, 0xa4, 0x33, 0x66, 0x28, 0x01, 0x33, 0x6e, 0x28, 0x02, 0xa4, 0xa4, 0x72,
    0x28, 0x07, 0x33, 0x3f, 0x3f, 0x3f, 0x3f, 0x3f, 0x0c, 0x85, 0x28, 0x19, 0x5d, 0x3f, 0x3f, 0x5d,
    0x5d, 0x3f, 0x5d, 0x5d, 0x5d, 0x5d, 0x5d, 0x3f, 0x5d, 0x6c, 0x6c, 0x6c, 0x6c, 0x3f, 0x6c, 0x9b,
    0x9e, 0x60, 0xc6, 0xc6, 0x62, 0x9f, 0x28, 0x0f, 0x31, 0xc6, 0xf7, 0x53, 0xde, 0xbc, 0xc7, 0xc7,
    0x53, 0xf6, 0x01, 0xa5, 0xf7, 0xf7, 0xf7, 0xaf, 0x28, 0x0a, 0xec, 0x53, 0x53, 0xa4, 0xbc, 0xa5,
    0xa5, 0xa5, 0xa5, 0xa4, 0xba, 0x28, 0x03, 0xa4, 0xec, 0xfc, 0xc2, 0x28, 0x06, 0xe2, 0xe2, 0xcf,
    0xcf, 0xcf, 0x6b, 0xca, 0x28, 0x02, 0x1e, 0x1e, 0xd0, 0x28, 0x01, 0x1e, 0xd4, 0x28, 0x0e, 0x01,
    0x01, 0x01, 0x01, 0x01, 0x01, 0xfd, 0xce, 0xcf, 0xcf, 0xcf, 0xcf, 0x33, 0xa4, 0xe4, 0x28, 0x02,
    0xa4, 0xa4, 0xe7, 0x28, 0x01, 0xa4, 0xea, 0x28, 0x01, 0x33, 0xf3, 0x28, 0x07, 0x3f, 0x3f, 0x3f,
    0x3f, 0x3f, 0x3f, 0x0c, 0x06, 0x29, 0x36, 0x5d, 0x5d, 0x5d, 0x5d, 0x5d, 0x9b, 0x5d, 0x5d, 0x5d,
    0x9b, 0x9b, 0x3f, 0x3f, 0x5d, 0x5d, 0x5d, 0x5d, 0x9b, 0x5d, 0x5d, 0x5d, 0x5d, 0x5d, 0x5d, 0x5d,
    0x69, 0x33, 0xc6, 0x31, 0x31, 0xf7, 0xc6, 0xc6, 0x62, 0x62, 0xf7, 0x53, 0x31, 0x31, 0xde, 0x62,
    0xc6, 0xde, 0xef, 0xbc, 0x18, 0xf6, 0x01, 0xa4, 0xa4, 0xf6, 0xa5, 0x01, 0x19, 0x3d, 0x29, 0x02,
    0xa5, 0x01, 0x40, 0x29, 0x01, 0xa4, 0x42, 0x29, 0x06, 0x48, 0x48, 0x97, 0x97, 0x97, 0x97, 0x49,
    0x29, 0x01, 0x1e, 0x4b, 0x29, 0x16, 0x1f, 0xfc, 0xfc, 0xfc, 0xfc, 0xfc, 0xfc, 0xfd, 0x01, 0x01,
    0x01, 0x01, 0x01, 0x01, 0x01, 0xfc, 0xcf, 0xcf, 0xfc, 0xfc, 0xfc, 0xfc, 0x62, 0x29, 0x01, 0x33,
    0x6e, 0x29, 0x05, 0x33, 0x33, 0x33, 0x33, 0x33, 0x74, 0x29, 0x07, 0x0c, 0x3f, 0x3f, 0x3f, 0x3f,
    0x3f, 0x0c, 0x86, 0x29, 0x20, 0x05, 0x05, 0x0c, 0x0c, 0x5d, 0x5d, 0x5d, 0x5d, 0x5d, 0x5d, 0x5d,
    0x9b, 0x5d, 0x5d, 0x5d, 0x5d, 0x5d, 0x9b, 0x5d, 0x5d, 0x5d, 0x9b, 0x9b, 0x3f, 0x3f, 0x5d, 0x3f,
    0x9b, 0x5d, 0x5d, 0x58, 0x51, 0xa7, 0x29, 0x08, 0x62, 0xc6, 0x53, 0x31, 0x31, 0x31, 0x31, 0x62,
    0xb0, 0x29, 0x03, 0x53, 0x53, 0x53, 0xb4, 0x29, 0x04, 0xc6, 0x62, 0x62, 0xc6, 0xb9, 0x29, 0x1c,
    0x53, 0xf7, 0xef, 0x18, 0xa4, 0xa4, 0xf6, 0xa5, 0x19, 0x19, 0x01, 0xa5, 0x01, 0x01, 0x48, 0x18,
    0x49, 0x49, 0x96, 0x96, 0x96, 0x96, 0xce, 0x6a, 0x6a, 0x6a, 0x22, 0x23, 0xd6, 0x29, 0x0c, 0x01,
    0x01, 0x01, 0x01, 0xfc, 0x33, 0x33, 0x33, 0x97, 0x97, 0x97, 0x97, 0xe3, 0x29, 0x03, 0xa4, 0x33,
    0x33, 0xf0, 0x29, 0x0b, 0xa4, 0xa4, 0xa4, 0xa4, 0x33, 0x3f, 0x3f, 0x3f, 0x0c, 0x0c, 0x0c, 0x10,
    0x2a, 0x1c, 0x05, 0x05, 0x0c, 0x0c, 0x5d, 0x5d, 0x5d, 0x9b, 0x5d, 0x5d, 0x5d, 0x5d, 0x5d, 0x5d,
    0x5d, 0x5d, 0x5d, 0x9b, 0x5d, 0x5d, 0x5d, 0x9b, 0x9b, 0x3f, 0x3f, 0x5d, 0x58, 0x51, 0x2f, 0x2a,
    0x02, 0x62, 0xc6, 0x32, 0x2a, 0x02, 0x62, 0xc6, 0x36, 0x2a, 0x0a, 0xc6, 0xa4, 0x53, 0x53, 0xf7,
    0x31, 0x31, 0x31, 0xc6, 0xf7, 0x41, 0x2a, 0x01, 0x53, 0x43, 0x2a, 0x02, 0xf7, 0xf7, 0x46, 0x2a,
    0x03, 0xf7, 0xef, 0x53, 0x4a, 0x2a, 0x06, 0x01, 0xa5, 0xa5, 0xf6, 0xf7, 0xa4, 0x51, 0x2a, 0x10,
    0x50, 0x73, 0x96, 0x96, 0x96, 0x6a, 0x74, 0xd1, 0x6b, 0x6b, 0xa4, 0xa4, 0xec, 0xec, 0xcf, 0xcf,
    0x64, 0x2a, 0x02, 0xa4, 0xa4, 0x67, 0x2a, 0x01, 0x33, 0x6a, 0x2a, 0x08, 0x33, 0x33, 0x33, 0x33,
    0x33, 0x33, 0x33, 0x33, 0x75, 0x2a, 0x07, 0x3f, 0x3f, 0x3f, 0x3f, 0x9b, 0x9b, 0x9b, 0x9b, 0x2a,
    0x18, 0x05, 0x05, 0x0c, 0x0c, 0x5d, 0x5d, 0x9b, 0x5d, 0x5d, 0x5d, 0x5d, 0x5d, 0x5d, 0x3f, 0x5d,
    0x5d, 0x5d, 0x5d, 0x5d, 0x5d, 0x9b, 0x9e, 0x51, 0x51, 0xb5, 0x2a, 0x05, 0xc6, 0xc6, 0x62, 0x62,
    0xc6, 0xbd, 0x2a, 0x04, 0xc6, 0xa4, 0x62, 0x62, 0xc3, 0x2a, 0x0a, 0x31, 0x31, 0x62, 0xf7, 0x31,
    0x62, 0xc6, 0xc6, 0xc6, 0x53, 0xce, 0x2a, 0x04, 0x53, 0xf7, 0xef, 0x53, 0xd3, 0x2a, 0x0d, 0x01,
    0xa5, 0xa4, 0xf7, 0xa4, 0x48, 0x9c, 0x8f, 0x8f, 0x96, 0xa5, 0xa5, 0xa5, 0xe1, 0x2a, 0x13, 0xbc,
    0xa5, 0xa5, 0xa5, 0xa5, 0xa5, 0x01, 0xa4, 0xa4, 0xa4, 0x97, 0xdf, 0xec, 0xcf, 0xcf, 0x3a, 0x3a,
    0x33, 0x33, 0xf5, 0x2a, 0x08, 0x33, 0x3f, 0x3f, 0x3f, 0x0c, 0x0c, 0x0c, 0x0c, 0x2a, 0x2b, 0x10,
    0x05, 0x05, 0x0c, 0x0c, 0x5d, 0x5d, 0x5d, 0x5d, 0x5d, 0x5d, 0x5d, 0x5d, 0x5d, 0x9e, 0x51, 0x51,
    0x40, 0x2b, 0x03, 0xc6, 0x62, 0x62, 0x44, 0x2b, 0x01, 0xc6, 0x46, 0x2b, 0x01, 0xa4, 0x48, 0x2b,
    0x01, 0xa4, 0x4a, 0x2b, 0x02, 0x62, 0x62, 0x4d, 0x2b, 0x09, 0x31, 0x53, 0xf7, 0x31, 0xc6, 0xc6,
    0x62, 0x31, 0x31, 0x57, 0x2b, 0x05, 0xbc, 0x01, 0xf6, 0x53, 0xf6, 0x5e, 0x2b, 0x06, 0xa4, 0xec,
    0xcf, 0x60, 0x97, 0x97, 0x66, 0x2b, 0x02, 0x53, 0x53, 0x69, 0x2b, 0x08, 0xa4, 0xbc, 0xbc, 0xa5,
    0xa5, 0x01, 0x01, 0xa5, 0x72, 0x2b, 0x0b, 0x97, 0x97, 0xa4, 0xa4, 0xd3, 0xd3, 0xf0, 0xf0, 0x05,
    0x05, 0x0c, 0xb8, 0x2b, 0x09, 0x05, 0x05, 0x0c, 0x0c, 0x5d, 0x5d, 0x58, 0x51, 0x51, 0xc4, 0x2b,
    0x02, 0x62, 0xc6, 0xc8, 0x2b, 0x03, 0x62, 0xc6, 0x62, 0xce, 0x2b, 0x04, 0x62, 0xc6, 0x31, 0xa4,
    0xd3, 0x2b, 0x01, 0xa4, 0xd5, 0x2b, 0x18, 0x31, 0x31, 0xbc, 0x01, 0xc7, 0x62, 0x31, 0x31, 0xde,
    0xde, 0xf6, 0xa5, 0xc7, 0x62, 0xc6, 0xc6, 0xbf, 0xbf, 0x9c, 0x33, 0x97, 0x60, 0x97, 0xa4, 0xef,
    0x2b, 0x02, 0x53, 0x53, 0xf2, 0x2b, 0x0a, 0xa4, 0xbc, 0xbc, 0x01, 0xa5, 0x9a, 0x9a, 0x9a, 0x3f,
    0x9b, 0x44, 0x2c, 0x07, 0x05, 0x0c, 0x5d, 0x3a, 0x9e, 0x51, 0x51, 0x4e, 0x2c, 0x02, 0xa4, 0xa4,
    0x55, 0x2c, 0x03, 0x62, 0xc6, 0x53, 0x59, 0x2c, 0x09, 0x62, 0x31, 0xf7, 0xf7, 0x53, 0xa4, 0x62,
    0x62, 0xa4, 0x63, 0x2c, 0x19, 0xbc, 0xbc, 0xc7, 0xc7, 0xa5, 0x01, 0xc6, 0xc6, 0x8e, 0x8e, 0xad,
    0x58, 0x60, 0x33, 0x97, 0x60, 0x53, 0x53, 0xa4, 0xa4, 0x33, 0x3f, 0x3f, 0x9b, 0x6c, 0xca, 0x2c,
    0x0d, 0x05, 0x0c, 0x5d, 0x5d, 0x5d, 0x3f, 0x9b, 0x5d, 0x5d, 0x58, 0x9e, 0x33, 0x51, 0xd8, 0x2c,
    0x02, 0x62, 0xc6, 0xdd, 0x2c, 0x02, 0x62, 0xc6, 0xe1, 0x2c, 0x0a, 0x62, 0xc6, 0x31, 0x31, 0xc6,
    0x62, 0x53, 0xf7, 0x31, 0xa4, 0xec, 0x2c, 0x05, 0xa5, 0xa5, 0xc7, 0xc6, 0xa4, 0xf2, 0x2c, 0x0a,
    0x8e, 0xad, 0xad, 0x58, 0x51, 0x51, 0x6c, 0x3f, 0x9b, 0x6c, 0x50, 0x2d, 0x14, 0x05, 0x0c, 0x5d,
    0x5d, 0x5d, 0x9b, 0x5d, 0x5d, 0x5d, 0x5d, 0x5d, 0x5d, 0x5d, 0x9b, 0x9b, 0x3f, 0x58, 0x3a, 0x97,
    0x51, 0x67, 0x2d, 0x0d, 0x53, 0xf7, 0x31, 0x62, 0xc6, 0x62, 0x31, 0x31, 0x31, 0xbc, 0x01, 0xc7,
    0x62, 0x76, 0x2d, 0x05, 0xa4, 0xa4, 0x5d, 0x3f, 0x9b, 0xd6, 0x2d, 0x25, 0x05, 0x05, 0x0c, 0x5d,
    0x5d, 0x5d, 0x5d, 0x5d, 0x5d, 0x5d, 0x5d, 0x3f, 0x9b, 0x5d, 0x9b, 0x3f, 0x3f, 0x5d, 0x5d, 0x5d,
    0x3f, 0x9b, 0x5d, 0x69, 0x69, 0x60, 0x60, 0xc6, 0xc6, 0x62, 0xc6, 0x31, 0x31, 0x3f, 0x9b, 0x5d,
    0x5d, 0x5d, 0x2e, 0x1a, 0x05, 0x0c, 0x0c, 0x5d, 0x9b, 0x5d, 0x5d, 0x5d, 0x5d, 0x5d, 0x5d, 0x5d,
    0x3f, 0x9b, 0x9b, 0x3f, 0x5d, 0x5d, 0x5d, 0x5d, 0x5d, 0x3f, 0x9b, 0x6c, 0x6c, 0x6c, 0xe3, 0x2e,
    0x13, 0x05, 0x0c, 0x0c, 0x5d, 0x5d, 0x3f, 0x9b, 0x5d, 0x5d, 0x5d, 0x5d, 0x5d, 0x5d, 0x9b, 0x9b,
    0x3f, 0x5d, 0x5d, 0x5d, 0x69, 0x2f, 0x0d, 0x05, 0x0c, 0x0c, 0x5d, 0x5d, 0x5d, 0x5d, 0x3f, 0x9b,
    0x5d, 0x5d, 0x5d, 0x5d, 0xef, 0x2f, 0x06, 0x05, 0x0c, 0x0c, 0x5d, 0x5d, 0x5d, 0xae, 0x18, 0x03,
    0x0c, 0x0c, 0x0c, 0x2b, 0x19, 0x0c, 0x0c, 0x0c, 0xf0, 0xf0, 0xf0, 0xfc, 0xfc, 0xfd, 0xfd, 0xfc,
    0xfc, 0xe2, 0x39, 0x19, 0x06, 0x0c, 0x0c, 0x0c, 0x0c, 0x0c, 0x0c, 0xa9, 0x19, 0x02, 0x0c, 0xfc,
    0xae, 0x19, 0x05, 0x01, 0x01, 0x01, 0x1e, 0x1e, 0xb5, 0x19, 0x04, 0xd1, 0x33, 0x33, 0x33, 0xbe,
    0x19, 0x07, 0xa4, 0x97, 0x0c, 0xf1, 0xfc, 0xfc, 0xfc, 0xcb, 0x19, 0x01, 0x0c, 0x28, 0x1a, 0x04,
    0xfc, 0x1e, 0x1e, 0x01, 0x2d, 0x1a, 0x01, 0x1e, 0x2f, 0x1a, 0x06, 0x1e, 0x1e, 0x1e, 0x1f, 0xfd,
    0xcf, 0x37, 0x1a, 0x01, 0xa4, 0x39, 0x1a, 0x03, 0x33, 0x33, 0x33, 0x3f, 0x1a, 0x01, 0x6a, 0x47,
    0x1a, 0x01, 0x1e, 0x4a, 0x1a, 0x0a, 0xe2, 0x0c, 0x3f, 0x3f, 0x3f, 0x3f, 0x3f, 0x3f, 0x0c, 0x0c,
    0x59, 0x1a, 0x04, 0x0c, 0x0c, 0x0c, 0x0c, 0xa6, 0x1a, 0x05, 0x0c, 0xfc, 0xcf, 0xee, 0x0c, 0xb0,
    0x1a, 0x01, 0xfd, 0xb2, 0x1a, 0x02, 0xfc, 0x33, 0xb7, 0x1a, 0x03, 0xa4, 0x33, 0x33, 0xc2, 0x1a,
    0x01, 0x01, 0xc4, 0x1a, 0x01, 0x1e, 0xc8, 0x1a, 0x03, 0x1e, 0x01, 0xce, 0xcd, 0x1a, 0x04, 0xa4,
    0xa4, 0x33, 0x33, 0xd3, 0x1a, 0x05, 0x33, 0x33, 0x33, 0xce, 0x01, 0xdc, 0x1a, 0x01, 0x01, 0xde,
    0x1a, 0x01, 0x01, 0xe0, 0x1a, 0x02, 0xfc, 0xfc, 0x24, 0x1b, 0x03, 0x0c, 0x33, 0x3f, 0x31, 0x1b,
    0x05, 0x33, 0x33, 0x3f, 0x3f, 0x3f, 0x3c, 0x1b, 0x04, 0x33, 0x33, 0xcf, 0x1e, 0x43, 0x1b, 0x01,
    0x1e, 0x45, 0x1b, 0x03, 0x1e, 0x1e, 0x01, 0x49, 0x1b, 0x02, 0xfd, 0x33, 0x4c, 0x1b, 0x01, 0xa4,
    0x4e, 0x1b, 0x01, 0xa4, 0x54, 0x1b, 0x03, 0xa4, 0xa4, 0xcf, 0x5d, 0x1b, 0x03, 0x1e, 0x1e, 0x1e,
    0x61, 0x1b, 0x03, 0x1e, 0x74, 0x0c, 0xa4, 0x1b, 0x01, 0x3f, 0xa6, 0x1b, 0x03, 0xa4, 0xa4, 0x33,
    0xab, 0x1b, 0x01, 0x33, 0xad, 0x1b, 0x02, 0x33, 0x33, 0xb0, 0x1b, 0x03, 0xcf, 0xcf, 0x01, 0xb7,
    0x1b, 0x04, 0x01, 0x01, 0x01, 0x01, 0xbc, 0x1b, 0x06, 0xfc, 0x33, 0xcf, 0xf0, 0xf0, 0xfc, 0xc7,
    0x1b, 0x06, 0xfc, 0xfc, 0xe2, 0x33, 0x33, 0x33, 0xce, 0x1b, 0x03, 0xa4, 0xa4, 0x33, 0xd6, 0x1b,
    0x01, 0xcf, 0xda, 0x1b, 0x03, 0x01, 0x01, 0x1e, 0xe1, 0x1b, 0x03, 0x01, 0x1f, 0xfd, 0x21, 0x1c,
    0x03, 0x0c, 0x3f, 0x3f, 0x25, 0x1c, 0x03, 0xa4, 0xa4, 0xa4, 0x2f, 0x1c, 0x01, 0xfc, 0x34, 0x1c,
    0x01, 0x01, 0x37, 0x1c, 0x03, 0x1f, 0x1e, 0x1e, 0x3c, 0x1c, 0x02, 0xfc, 0xd1, 0x4a, 0x1c, 0x05,
    0x3f, 0x3f, 0x3f, 0x33, 0x33, 0x52, 0x1c, 0x03, 0x33, 0x33, 0x33, 0x56, 0x1c, 0x01, 0xd1, 0x5a,
    0x1c, 0x02, 0x1e, 0x1e, 0x5e, 0x1c, 0x01, 0x1e, 0x60, 0x1c, 0x01, 0x01, 0x63, 0x1c, 0x02, 0x6a,
    0x0c, 0x9f, 0x1c, 0x05, 0x0c, 0x0c, 0x97, 0x33, 0x97, 0xa6, 0x1c, 0x03, 0x97, 0xa4, 0x33, 0xad,
    0x1c, 0x02, 0x33, 0xfc, 0xb4, 0x1c, 0x01, 0x1f, 0xb7, 0x1c, 0x06, 0x1e, 0x1e, 0x1e, 0x01, 0xfd,
    0xce, 0xc1, 0x1c, 0x01, 0xa4, 0xc4, 0x1c, 0x01, 0x33, 0xc7, 0x1c, 0x01, 0x33, 0xc9, 0x1c, 0x02,
    0xfd, 0x01, 0xd0, 0x1c, 0x01, 0x01, 0xd2, 0x1c, 0x01, 0x01, 0xd4, 0x1c, 0x01, 0x1e, 0xd6, 0x1c,
    0x05, 0xfc, 0x3f, 0x33, 0x33, 0x33, 0xdd, 0x1c, 0x05, 0xfc, 0xfc, 0xfd, 0xfd, 0x01, 0xe4, 0x1c,
    0x01, 0xfc, 0x1f, 0x1d, 0x0d, 0x01, 0xcf, 0xd1, 0xcf, 0xfc, 0xfc, 0xfc, 0xfd, 0xfd, 0xfc, 0x33,
    0x33, 0x33, 0x2d, 0x1d, 0x01, 0xfc, 0x2f, 0x1d, 0x01, 0x01, 0x31, 0x1d, 0x01, 0x1e, 0x35, 0x1d,
    0x03, 0x1e, 0x1e, 0x01, 0x39, 0x1d, 0x03, 0x01, 0xfc, 0xcf, 0x40, 0x1d, 0x01, 0xa4, 0x48, 0x1d,
    0x01, 0x33, 0x50, 0x1d, 0x01, 0x01, 0x56, 0x1d, 0x02, 0xfc, 0x33, 0x61, 0x1d, 0x04, 0x3f, 0x3f,
    0x33, 0x96, 0x9d, 0x1d, 0x01, 0xf0, 0xa3, 0x1d, 0x02, 0x01, 0x01, 0xa6, 0x1d, 0x05, 0x01, 0x01,
    0x1e, 0x1e, 0x1e, 0xac, 0x1d, 0x07, 0xd1, 0xcf, 0xce, 0xd1, 0x33, 0x33, 0x33, 0xb7, 0x1d, 0x01,
    0xfd, 0xc8, 0x1d, 0x01, 0xfc, 0xca, 0x1d, 0x01, 0x1e, 0xcd, 0x1d, 0x03, 0x01, 0x1e, 0x1f, 0xd3,
    0x1d, 0x04, 0x1e, 0x1e, 0x1f, 0xfc, 0xd8, 0x1d, 0x01, 0xa4, 0xda, 0x1d, 0x04, 0x33, 0x33, 0xa4,
    0x33, 0xe4, 0x1d, 0x02, 0xa4, 0xa5, 0x1b, 0x1e, 0x01, 0x0c, 0x1f, 0x1e, 0x02, 0x01, 0x01, 0x23,
    0x1e, 0x02, 0x1f, 0x1e, 0x26, 0x1e, 0x01, 0x1e, 0x28, 0x1e, 0x03, 0x1e, 0x1e, 0xe2, 0x2d, 0x1e,
    0x01, 0x33, 0x39, 0x1e, 0x04, 0x33, 0xcf, 0xcf, 0xcf, 0x42, 0x1e, 0x02, 0x33, 0x33, 0x48, 0x1e,
    0x02, 0x1e, 0x1e, 0x4c, 0x1e, 0x02, 0x1e, 0x1e, 0x4f, 0x1e, 0x01, 0x1e, 0x51, 0x1e, 0x03, 0x1e,
    0x1e, 0x1f, 0x56, 0x1e, 0x01, 0x01, 0x59, 0x1e, 0x01, 0xa4, 0x5b, 0x1e, 0x02, 0x97, 0xa4, 0x5e,
    0x1e, 0x03, 0xa4, 0xa4, 0xa4, 0x62, 0x1e, 0x03, 0x33, 0x33, 0xa4, 0x9b, 0x1e, 0x01, 0x1e, 0x9e,
    0x1e, 0x03, 0x01, 0x1e, 0x1f, 0xa4, 0x1e, 0x07, 0x1e, 0x1e, 0x01, 0x01, 0x01, 0xa4, 0xa4, 0xad,
    0x1e, 0x03, 0x33, 0x33, 0xa4, 0xb1, 0x1e, 0x01, 0x33, 0xb7, 0x1e, 0x01, 0x97, 0xb9, 0x1e, 0x03,
    0x01, 0x01, 0x1e, 0xc2, 0x1e, 0x01, 0x01, 0xc5, 0x1e, 0x01, 0x1e, 0xc8, 0x1e, 0x03, 0x33, 0x33,
    0x33, 0xcc, 0x1e, 0x06, 0x33, 0xfc, 0xfc, 0xfc, 0xfc, 0x01, 0xd3, 0x1e, 0x02, 0x01, 0x01, 0xd7,
    0x1e, 0x03, 0x97, 0xa4, 0xa4, 0xdb, 0x1e, 0x02, 0xa4, 0x33, 0xe6, 0x1e, 0x01, 0x33, 0x18, 0x1f,
    0x01, 0x1e, 0x1a, 0x1f, 0x0d, 0x1e, 0x1f, 0x1f, 0x1e, 0x1e, 0x1e, 0x1e, 0x1e, 0x01, 0x1f, 0x01,
    0x1e, 0x01, 0x2b, 0x1f, 0x03, 0xa4, 0x33, 0xa4, 0x30, 0x1f, 0x02, 0xa4, 0xa4, 0x33, 0x1f, 0x01,
    0xa4, 0x35, 0x1f, 0x02, 0xa4, 0x33, 0x3e, 0x1f, 0x01, 0x01, 0x40, 0x1f, 0x02, 0x01, 0x1e, 0x52,
    0x1f, 0x0c, 0x33, 0x33, 0x33, 0x33, 0x33, 0xfc, 0x33, 0x33, 0x33, 0x33, 0x97, 0x97, 0x5f, 0x1f,
    0x02, 0xa4, 0xa4, 0x62, 0x1f, 0x01, 0x33, 0x67, 0x1f, 0x01, 0x0c, 0x95, 0x1f, 0x08, 0x0c, 0x0c,
    0xf1, 0xf0, 0xfc, 0xfc, 0xe2, 0xe2, 0x9f, 0x1f, 0x06, 0x01, 0x01, 0x01, 0x01, 0x01, 0x01, 0xa7,
    0x1f, 0x02, 0xa4, 0xa4, 0xab, 0x1f, 0x02, 0x97, 0xa4, 0xb7, 0x1f, 0x01, 0xcf, 0xbc, 0x1f, 0x01,
    0x01, 0xc6, 0x1f, 0x01, 0x1e, 0xc8, 0x1f, 0x01, 0x33, 0xca, 0x1f, 0x01, 0x33, 0xd4, 0x1f, 0x01,
    0xa4, 0xd8, 0x1f, 0x01, 0x01, 0xdb, 0x1f, 0x0b, 0x1e, 0xfc, 0xfc, 0xfc, 0xfc, 0xfc, 0xcf, 0xce,
    0xa4, 0xa4, 0x33, 0xe8, 0x1f, 0x01, 0x0c, 0x1c, 0x20, 0x0a, 0x33, 0x33, 0x33, 0x33, 0xfd, 0xfc,
    0xfc, 0xfc, 0xf0, 0x33, 0x27, 0x20, 0x01, 0xa4, 0x29, 0x20, 0x02, 0xa4, 0xa4, 0x2c, 0x20, 0x05,
    0x33, 0xa4, 0x33, 0x33, 0x33, 0x36, 0x20, 0x01, 0xcf, 0x38, 0x20, 0x06, 0x1e, 0x01, 0x01, 0x01,
    0x01, 0x1f, 0x43, 0x20, 0x01, 0x1e, 0x4b, 0x20, 0x01, 0xa4, 0x4d, 0x20, 0x01, 0x33, 0x4f, 0x20,
    0x01, 0x33, 0x51, 0x20, 0x01, 0x33, 0x55, 0x20, 0x01, 0xa4, 0x58, 0x20, 0x01, 0x01, 0x60, 0x20,
    0x01, 0x01, 0x66, 0x20, 0x03, 0xfc, 0xe2, 0xfc, 0x92, 0x20, 0x02, 0x33, 0x3f, 0xa3, 0x20, 0x01,
    0xfc, 0xa5, 0x20, 0x03, 0xfc, 0xfc, 0xfc, 0xa9, 0x20, 0x05, 0x33, 0x33, 0x33, 0xa4, 0xa4, 0xaf,
    0x20, 0x01, 0x33, 0xb3, 0x20, 0x01, 0xa4, 0xb5, 0x20, 0x03, 0xfc, 0x1e, 0x01, 0xba, 0x20, 0x03,
    0x01, 0x1e, 0x1e, 0xc0, 0x20, 0x05, 0x1e, 0x1e, 0x1e, 0x01, 0x01, 0xcf, 0x20, 0x08, 0xa4, 0xa4,
    0xa4, 0xa4, 0xa4, 0xa4, 0xa4, 0x33, 0xe3, 0x20, 0x01, 0x1e, 0xe5, 0x20, 0x01, 0x1e, 0xe7, 0x20,
    0x03, 0x1e, 0xe2, 0x0c, 0x10, 0x21, 0x04, 0x0c, 0x0c, 0x97, 0x33, 0x16, 0x21, 0x01, 0x33, 0x20,
    0x21, 0x01, 0x33, 0x22, 0x21, 0x01, 0xfd, 0x24, 0x21, 0x01, 0x01, 0x2c, 0x21, 0x03, 0x01, 0xfd,
    0xfd, 0x32, 0x21, 0x02, 0x33, 0x9b, 0x35, 0x21, 0x04, 0x1e, 0x1e, 0x01, 0x1e, 0x3a, 0x21, 0x02,
    0x1e, 0x1e, 0x40, 0x21, 0x02, 0x01, 0x01, 0x44, 0x21, 0x02, 0x01, 0xcf, 0x49, 0x21, 0x03, 0xa4,
    0xa4, 0xa4, 0x57, 0x21, 0x01, 0x33, 0x61, 0x21, 0x01, 0x1e, 0x63, 0x21, 0x02, 0x1e, 0x1e, 0x67,
    0x21, 0x01, 0x1e, 0x69, 0x21, 0x01, 0xf0, 0x93, 0x21, 0x02, 0xa4, 0xa4, 0x96, 0x21, 0x01, 0x33,
    0x99, 0x21, 0x06, 0x33, 0x33, 0x33, 0x33, 0xa4, 0xa4, 0xa2, 0x21, 0x01, 0x01, 0xb3, 0x21, 0x01,
    0xe2, 0xb6, 0x21, 0x01, 0x33, 0xbd, 0x21, 0x03, 0x01, 0x01, 0x01, 0xc1, 0x21, 0x02, 0x01, 0x01,
    0xc5, 0x21, 0x06, 0xfc, 0x97, 0x33, 0x97, 0x33, 0x97, 0xcc, 0x21, 0x01, 0x33, 0xd7, 0x21, 0x01,
    0x33, 0xdd, 0x21, 0x01, 0x01, 0xdf, 0x21, 0x03, 0x01, 0x01, 0x1e, 0xe8, 0x21, 0x03, 0x1e, 0xfd,
    0x0c, 0x0d, 0x22, 0x01, 0x0c, 0x11, 0x22, 0x03, 0xa4, 0xa4, 0x33, 0x16, 0x22, 0x03, 0xa4, 0xa4,
    0x33, 0x1a, 0x22, 0x01, 0x33, 0x1c, 0x22, 0x02, 0x97, 0x97, 0x20, 0x22, 0x01, 0xfc, 0x29, 0x22,
    0x01, 0x01, 0x2c, 0x22, 0x01, 0x01, 0x30, 0x22, 0x01, 0x1e, 0x32, 0x22, 0x01, 0xfc, 0x3e, 0x22,
    0x01, 0x33, 0x42, 0x22, 0x02, 0xe2, 0xfc, 0x45, 0x22, 0x01, 0x33, 0x4c, 0x22, 0x01, 0xa4, 0x4e,
    0x22, 0x02, 0x97, 0x33, 0x51, 0x22, 0x02, 0x33, 0x33, 0x57, 0x22, 0x01, 0x33, 0x5c, 0x22, 0x02,
    0x01, 0x01, 0x60, 0x22, 0x01, 0x1e, 0x67, 0x22, 0x05, 0x1e, 0x1e, 0x1f, 0xf1, 0x0c, 0x8b, 0x22,
    0x02, 0x0c, 0x0c, 0x90, 0x22, 0x04, 0xa4, 0x97, 0x97, 0xa4, 0x9d, 0x22, 0x03, 0xa4, 0x97, 0xfc,
    0xa6, 0x22, 0x01, 0x01, 0xab, 0x22, 0x01, 0x1e, 0xb0, 0x22, 0x01, 0x1e, 0xb2, 0x22, 0x01, 0x33,
    0xc4, 0x22, 0x04, 0xcf, 0xf0, 0xfc, 0xfd, 0xca, 0x22, 0x03, 0x33, 0x33, 0x33, 0xd0, 0x22, 0x03,
    0xa4, 0xa4, 0xa4, 0xd4, 0x22, 0x07, 0xa4, 0x97, 0x33, 0x33, 0xfc, 0x1e, 0x1e, 0xde, 0x22, 0x01,
    0x1e, 0xe5, 0x22, 0x03, 0x1e, 0x1e, 0x1f, 0xea, 0x22, 0x02, 0xfd, 0xf1, 0x0a, 0x23, 0x02, 0x0c,
    0x33, 0x0d, 0x23, 0x01, 0x33, 0x0f, 0x23, 0x02, 0x33, 0x33, 0x1d, 0x23, 0x01, 0x33, 0x24, 0x23,
    0x01, 0x01, 0x26, 0x23, 0x01, 0x01, 0x28, 0x23, 0x01, 0x01, 0x2b, 0x23, 0x01, 0x1e, 0x30, 0x23,
    0x01, 0x1e, 0x32, 0x23, 0x01, 0x33, 0x36, 0x23, 0x01, 0x33, 0x44, 0x23, 0x01, 0x33, 0x49, 0x23,
    0x01, 0x1e, 0x4c, 0x23, 0x0a, 0xf0, 0xf0, 0xfc, 0xfd, 0xfd, 0x33, 0x33, 0x33, 0x33, 0x33, 0x57,
    0x23, 0x03, 0x33, 0xe2, 0x1e, 0x5d, 0x23, 0x01, 0x1e, 0x63, 0x23, 0x01, 0x1e, 0x66, 0x23, 0x01,
    0x01, 0x69, 0x23, 0x01, 0x01, 0x6b, 0x23, 0x02, 0xf0, 0x0c, 0x88, 0x23, 0x02, 0x0c, 0x33, 0x8c,
    0x23, 0x01, 0x33, 0x8e, 0x23, 0x06, 0x33, 0x33, 0xa4, 0xa4, 0x33, 0x33, 0x9c, 0x23, 0x01, 0xcf,
    0xa1, 0x23, 0x05, 0x01, 0x01, 0x01, 0x01, 0x1f, 0xa9, 0x23, 0x01, 0x1e, 0xac, 0x23, 0x01, 0x1e,
    0xae, 0x23, 0x04, 0x1f, 0x1f, 0xfd, 0xa4, 0xb5, 0x23, 0x02, 0xa4, 0xa4, 0xb8, 0x23, 0x01, 0x33,
    0xc0, 0x23, 0x01, 0x33, 0xc2, 0x23, 0x01, 0x97, 0xc4, 0x23, 0x02, 0xfd, 0x01, 0xce, 0x23, 0x01,
    0x01, 0xd2, 0x23, 0x01, 0x01, 0xd4, 0x23, 0x04, 0xf0, 0xe2, 0xfc, 0xfc, 0xd9, 0x23, 0x06, 0xcf,
    0xfd, 0xe2, 0xfc, 0xe2, 0x1e, 0xe5, 0x23, 0x01, 0x01, 0xe8, 0x23, 0x01, 0x01, 0xeb, 0x23, 0x02,
    0xfc, 0xf0, 0x07, 0x24, 0x01, 0x0c, 0x09, 0x24, 0x03, 0x33, 0x33, 0x33, 0x0f, 0x24, 0x04, 0xa4,
    0xa4, 0x33, 0x33, 0x14, 0x24, 0x02, 0xa4, 0xa4, 0x18, 0x24, 0x04, 0x33, 0x33, 0x33, 0xfc, 0x1d,
    0x24, 0x01, 0x1e, 0x1f, 0x24, 0x01, 0x01, 0x21, 0x24, 0x04, 0x01, 0x01, 0x1f, 0x1e, 0x27, 0x24,
    0x01, 0x1e, 0x2a, 0x24, 0x01, 0x1e, 0x2c, 0x24, 0x01, 0x01, 0x2f, 0x24, 0x02, 0xfd, 0x33, 0x37,
    0x24, 0x01, 0xa4, 0x3f, 0x24, 0x01, 0x33, 0x43, 0x24, 0x02, 0x33, 0xfd, 0x4d, 0x24, 0x01, 0x01,
    0x51, 0x24, 0x01, 0x01, 0x55, 0x24, 0x01, 0x1e, 0x57, 0x24, 0x02, 0xfc, 0xd1, 0x5b, 0x24, 0x0d,
    0x3f, 0x3f, 0x33, 0x33, 0x33, 0xcf, 0xcf, 0xcf, 0xfc, 0xfd, 0xfd, 0xfd, 0x01, 0x6c, 0x24, 0x01,
    0xf0, 0x86, 0x24, 0x0e, 0x0c, 0x0c, 0x53, 0xbc, 0xa5, 0xa5, 0xa4, 0xa4, 0x33, 0x33, 0x33, 0xa4,
    0xa4, 0xa4, 0x96, 0x24, 0x02, 0x33, 0x33, 0x99, 0x24, 0x03, 0x33, 0xfc, 0x1e, 0x9d, 0x24, 0x02,
    0x1e, 0x01, 0xa0, 0x24, 0x03, 0x1e, 0x1e, 0x01, 0xa4, 0x24, 0x01, 0x1e, 0xa6, 0x24, 0x01, 0x1e,
    0xa8, 0x24, 0x08, 0x1e, 0x01, 0x1f, 0x01, 0x01, 0x1e, 0xfd, 0x33, 0xb2, 0x24, 0x01, 0xa4, 0xb4,
    0x24, 0x01, 0x97, 0xb6, 0x24, 0x01, 0xa4, 0xb9, 0x24, 0x02, 0xa4, 0xa4, 0xbc, 0x24, 0x01, 0xa4,
    0xbf, 0x24, 0x01, 0xa4, 0xc3, 0x24, 0x01, 0x33, 0xd0, 0x24, 0x02, 0x01, 0x1e, 0xd4, 0x24, 0x01,
    0x1e, 0xd7, 0x24, 0x02, 0xe2, 0xd1, 0xe2, 0x24, 0x0a, 0x3f, 0x3f, 0x33, 0x33, 0x33, 0x33, 0xcf,
    0xcf, 0xcf, 0xd1, 0xed, 0x24, 0x02, 0x0c, 0x0c, 0x06, 0x25, 0x14, 0x9a, 0x9a, 0xf7, 0xf7, 0xbf,
    0x97, 0x33, 0x97, 0x60, 0xbc, 0xa5, 0xa5, 0xa4, 0xa4, 0x33, 0x33, 0x33, 0xa4, 0xa4, 0xe2, 0x1b,
    0x25, 0x02, 0x1e, 0x01, 0x1f, 0x25, 0x02, 0x1e, 0x1e, 0x24, 0x25, 0x02, 0x1e, 0x1e, 0x27, 0x25,
    0x01, 0x1e, 0x2b, 0x25, 0x01, 0x01, 0x2e, 0x25, 0x01, 0xce, 0x32, 0x25, 0x01, 0xa4, 0x34, 0x25,
    0x02, 0x97, 0x97, 0x41, 0x25, 0x01, 0xa4, 0x43, 0x25, 0x01, 0xfc, 0x4b, 0x25, 0x03, 0x01, 0x01,
    0x01, 0x4f, 0x25, 0x03, 0x01, 0x1f, 0x01, 0x53, 0x25, 0x01, 0x1e, 0x55, 0x25, 0x04, 0x1e, 0x1e,
    0xe2, 0xd1, 0x6a, 0x25, 0x05, 0x62, 0x62, 0x33, 0x33, 0x3f, 0x87, 0x25, 0x15, 0x6c, 0x3f, 0x31,
    0x31, 0x62, 0xa5, 0xc7, 0xf6, 0xf7, 0xf7, 0x48, 0x33, 0x60, 0x60, 0x33, 0xa5, 0xa5, 0x74, 0xe2,
    0xfc, 0xfc, 0x9f, 0x25, 0x02, 0x1e, 0x1e, 0xa2, 0x25, 0x01, 0x1e, 0xa4, 0x25, 0x01, 0x1e, 0xa7,
    0x25, 0x03, 0x01, 0x01, 0x01, 0xab, 0x25, 0x04, 0x01, 0x01, 0xfd, 0x33, 0xb0, 0x25, 0x01, 0x33,
    0xc2, 0x25, 0x02, 0x33, 0xfc, 0xcb, 0x25, 0x01, 0x01, 0xd2, 0x25, 0x01, 0x1e, 0xd7, 0x25, 0x03,
    0xe2, 0xd1, 0x33, 0xdb, 0x25, 0x02, 0x33, 0x33, 0xed, 0x25, 0x03, 0x33, 0x3f, 0x0c, 0x07, 0x26,
    0x02, 0x5d, 0x5d, 0x0a, 0x26, 0x03, 0x31, 0x62, 0xc6, 0x0e, 0x26, 0x07, 0x62, 0x31, 0x31, 0xa4,
    0xf6, 0xf6, 0xf6, 0x17, 0x26, 0x0b, 0xbf, 0xf7, 0xbf, 0x60, 0x96, 0x96, 0xd1, 0x6b, 0xfc, 0xfc,
    0xfc, 0x23, 0x26, 0x03, 0x01, 0x01, 0x01, 0x28, 0x26, 0x03, 0x01, 0x01, 0x01, 0x2d, 0x26, 0x07,
    0x97, 0xa4, 0xa4, 0x97, 0xa4, 0x33, 0x97, 0x35, 0x26, 0x01, 0x33, 0x42, 0x26, 0x01, 0xcf, 0x4a,
    0x26, 0x01, 0x01, 0x4c, 0x26, 0x03, 0x01, 0x01, 0x01, 0x52, 0x26, 0x01, 0x1e, 0x57, 0x26, 0x02,
    0xe2, 0xe2, 0x5a, 0x26, 0x01, 0x33, 0x5c, 0x26, 0x02, 0xa4, 0xa4, 0x5f, 0x26, 0x03, 0xa4, 0x33,
    0x33, 0x6d, 0x26, 0x03, 0xa4, 0x3f, 0x3f, 0x87, 0x26, 0x07, 0x5d, 0x5d, 0x9e, 0x33, 0x62, 0xc6,
    0xc6, 0x90, 0x26, 0x01, 0x31, 0x92, 0x26, 0x04, 0x53, 0xc6, 0x62, 0x31, 0x97, 0x26, 0x01, 0xef,
    0x99, 0x26, 0x0e, 0xde, 0xf6, 0xf6, 0xa4, 0xa4, 0xf7, 0x50, 0x6a, 0x96, 0x33, 0x97, 0xfd, 0xfd,
    0xfc, 0xab, 0x26, 0x02, 0xfc, 0x33, 0xb3, 0x26, 0x01, 0xa4, 0xb5, 0x26, 0x03, 0xa4, 0x33, 0x33,
    0xc1, 0x26, 0x02, 0x33, 0xcf, 0xc8, 0x26, 0x01, 0x01, 0xca, 0x26, 0x01, 0x01, 0xcc, 0x26, 0x01,
    0x01, 0xd0, 0x26, 0x01, 0x1e, 0xd7, 0x26, 0x04, 0xe2, 0x75, 0x97, 0xa4, 0xdd, 0x26, 0x02, 0x33,
    0x33, 0xe1, 0x26, 0x04, 0xa4, 0xa4, 0x33, 0x33, 0xed, 0x26, 0x04, 0x33, 0x33, 0x0c, 0x3f, 0x08,
    0x27, 0x0b, 0x5d, 0x5d, 0x5d, 0x5d, 0x3f, 0x5d, 0x5d, 0x9e, 0x33, 0x62, 0xc6, 0x17, 0x27, 0x0d,
    0xf7, 0x53, 0x31, 0x31, 0xc6, 0x62, 0x62, 0xf7, 0xef, 0x01, 0xa5, 0xf6, 0x53, 0x25, 0x27, 0x05,
    0x49, 0x6a, 0x9e, 0xdf, 0xfc, 0x2b, 0x27, 0x01, 0xe2, 0x36, 0x27, 0x07, 0xa4, 0xa4, 0xa4, 0x33,
    0x33, 0x33, 0x33, 0x41, 0x27, 0x02, 0x33, 0xfc, 0x4a, 0x27, 0x02, 0x01, 0x01, 0x51, 0x27, 0x01,
    0x1e, 0x55, 0x27, 0x01, 0x1e, 0x58, 0x27, 0x02, 0xce, 0xce, 0x5e, 0x27, 0x02, 0xa4, 0xa4, 0x61,
    0x27, 0x01, 0x33, 0x63, 0x27, 0x02, 0xa4, 0xa4, 0x66, 0x27, 0x06, 0x33, 0x33, 0x33, 0x33, 0x97,
    0x33, 0x6d, 0x27, 0x05, 0x33, 0x33, 0x9b, 0x3f, 0x0c, 0x8b, 0x27, 0x0c, 0x05, 0x0c, 0x5d, 0x5d,
    0x5d, 0x5d, 0x3f, 0x5d, 0x5d, 0x58, 0x97, 0x62, 0x9d, 0x27, 0x12, 0xc6, 0xa4, 0x31, 0x31, 0xc6,
    0x62, 0xf7, 0xf7, 0x18, 0xa5, 0xf6, 0x01, 0x01, 0x01, 0x50, 0x01, 0x49, 0x6a, 0xb2, 0x27, 0x01,
    0x33, 0xbb, 0x27, 0x01, 0xa4, 0xbd, 0x27, 0x03, 0xa4, 0xa4, 0x33, 0xc1, 0x27, 0x01, 0xcf, 0xc3,
    0x27, 0x01, 0x1e, 0xc5, 0x27, 0x02, 0x1f, 0x01, 0xc9, 0x27, 0x01, 0x01, 0xd0, 0x27, 0x01, 0x1e,
    0xd2, 0x27, 0x01, 0x1e, 0xd4, 0x27, 0x02, 0x1e, 0x1f, 0xd8, 0x27, 0x02, 0xce, 0xce, 0xde, 0x27,
    0x03, 0xa4, 0xa4, 0x33, 0xe4, 0x27, 0x07, 0x33, 0x33, 0xa4, 0x97, 0xa4, 0xa4, 0xa4, 0xed, 0x27,
    0x02, 0x97, 0x33, 0xf0, 0x27, 0x02, 0x3f, 0x3f, 0x12, 0x28, 0x09, 0x05, 0x0c, 0x5d, 0x5d, 0x9b,
    0x5d, 0x5d, 0x58, 0x51, 0x1d, 0x28, 0x01, 0x62, 0x1f, 0x28, 0x01, 0x62, 0x21, 0x28, 0x06, 0xc6,
    0x62, 0xc6, 0x62, 0x31, 0x31, 0x29, 0x28, 0x01, 0xa4, 0x2c, 0x28, 0x09, 0xef, 0xa5, 0xf6, 0xf6,
    0xa4, 0x01, 0x49, 0x6b, 0x9e, 0x37, 0x28, 0x03, 0x33, 0x33, 0x33, 0x3f, 0x28, 0x03, 0xa4, 0x97,
    0x6b, 0x43, 0x28, 0x01, 0x1e, 0x48, 0x28, 0x01, 0x1e, 0x4f, 0x28, 0x01, 0x1e, 0x58, 0x28, 0x02,
    0xce, 0xcf, 0x5c, 0x28, 0x03, 0xa4, 0xa4, 0xa4, 0x60, 0x28, 0x03, 0xa4, 0x33, 0xa4, 0x64, 0x28,
    0x02, 0xa4, 0xa4, 0x67, 0x28, 0x01, 0xa4, 0x6a, 0x28, 0x02, 0x33, 0x33, 0x6e, 0x28, 0x05, 0xa4,
    0x97, 0x3f, 0x3f, 0x0c, 0x99, 0x28, 0x0c, 0x05, 0x0c, 0x5d, 0x5d, 0x5d, 0x3f, 0x58, 0x51, 0xc6,
    0x62, 0x62, 0x62, 0xa7, 0x28, 0x0e, 0xf7, 0x53, 0xc6, 0x62, 0x31, 0x31, 0x31, 0xf7, 0x53, 0x53,
    0xf7, 0xf7, 0xef, 0x19, 0xb6, 0x28, 0x02, 0xa5, 0x01, 0xb9, 0x28, 0x0b, 0xec, 0x97, 0xdf, 0xfc,
    0x33, 0x33, 0x33, 0xe2, 0xe2, 0x1f, 0x1e, 0xc7, 0x28, 0x03, 0x1e, 0x1e, 0x1e, 0xcc, 0x28, 0x03,
    0x1e, 0x1e, 0x1e, 0xd2, 0x28, 0x02, 0x01, 0x01, 0xd7, 0x28, 0x04, 0x01, 0xcf, 0xcf, 0x33, 0xdc,
    0x28, 0x05, 0xa4, 0xa4, 0x33, 0x33, 0xa4, 0xea, 0x28, 0x02, 0xa4, 0xa4, 0xee, 0x28, 0x05, 0x33,
    0x33, 0x3f, 0x3f, 0x3f, 0x1f, 0x29, 0x07, 0x05, 0x0c, 0x5d, 0x5d, 0x5d, 0x9e, 0x51, 0x28, 0x29,
    0x03, 0xc6, 0xc6, 0x62, 0x2d, 0x29, 0x02, 0xc6, 0x62, 0x30, 0x29, 0x04, 0x62, 0x31, 0x62, 0xf7,
    0x36, 0x29, 0x12, 0xa4, 0x53, 0xef, 0xa5, 0x01, 0x18, 0x01, 0x49, 0x6a, 0x96, 0x33, 0x97, 0x23,
    0x23, 0xfc, 0xe2, 0xe2, 0xfc, 0x49, 0x29, 0x01, 0x1e, 0x4b, 0x29, 0x01, 0x1e, 0x51, 0x29, 0x01,
    0x01, 0x55, 0x29, 0x01, 0x01, 0x58, 0x29, 0x03, 0xcf, 0xcf, 0x33, 0x5d, 0x29, 0x04, 0x33, 0x33,
    0x97, 0x33, 0x62, 0x29, 0x01, 0x33, 0x6f, 0x29, 0x05, 0xa4, 0x33, 0x3f, 0x3f, 0x3f, 0xa4, 0x29,
    0x07, 0x05, 0x0c, 0x5d, 0x5d, 0x5d, 0x3a, 0x51, 0xaf, 0x29, 0x01, 0xc6, 0xb1, 0x29, 0x01, 0xa4,
    0xb3, 0x29, 0x01, 0xc6, 0xb6, 0x29, 0x02, 0x62, 0x31, 0xb9, 0x29, 0x02, 0xa4, 0xa4, 0xbc, 0x29,
    0x07, 0xa4, 0x01, 0xa5, 0xf6, 0xbc, 0x19, 0x19, 0xc4, 0x29, 0x0b, 0x01, 0x96, 0x96, 0x97, 0x6b,
    0x23, 0x23, 0xfc, 0xfc, 0xfc, 0xfc, 0xd8, 0x29, 0x02, 0xfc, 0xfc, 0xdc, 0x29, 0x01, 0x33, 0xde,
    0x29, 0x04, 0xa4, 0xa4, 0xa4, 0xa4, 0xe3, 0x29, 0x03, 0xa4, 0x33, 0x33, 0xf1, 0x29, 0x04, 0x3f,
    0x3f, 0x3f, 0x0c, 0x2a, 0x2a, 0x06, 0x05, 0x0c, 0x5d, 0x5d, 0x58, 0x51, 0x31, 0x2a, 0x03, 0xc6,
    0x62, 0xc6, 0x38, 0x2a, 0x03, 0x62, 0x62, 0xc6, 0x3c, 0x2a, 0x0d, 0x31, 0xc6, 0xc6, 0x53, 0x53,
    0xf7, 0x53, 0xf7, 0xf7, 0xbc, 0xf7, 0xf6, 0xa5, 0x4a, 0x2a, 0x08, 0x01, 0x96, 0x96, 0x6b, 0x6a,
    0x6a, 0x6a, 0x22, 0x53, 0x2a, 0x03, 0xfc, 0xfc, 0xfc, 0x57, 0x2a, 0x04, 0x1e, 0x75, 0x6b, 0x6b,
    0x5c, 0x2a, 0x01, 0xa4, 0x5f, 0x2a, 0x02, 0x33, 0x33, 0x64, 0x2a, 0x02, 0xa4, 0xa4, 0x67, 0x2a,
    0x01, 0x33, 0x71, 0x2a, 0x04, 0x33, 0x3f, 0x3f, 0x3f, 0xb0, 0x2a, 0x05, 0x05, 0x0c, 0x0c, 0x58,
    0x51, 0xb6, 0x2a, 0x02, 0x62, 0xc6, 0xb9, 0x2a, 0x01, 0xc6, 0xbb, 0x2a, 0x02, 0xc6, 0x62, 0xbe,
    0x2a, 0x03, 0xc6, 0x62, 0x62, 0xc4, 0x2a, 0x04, 0x31, 0x31, 0xf7, 0xf7, 0xc9, 0x2a, 0x14, 0xf7,
    0xf7, 0x18, 0xa5, 0x53, 0xf6, 0xf7, 0x8f, 0x33, 0x97, 0x6a, 0x6a, 0x75, 0x6b, 0x6b, 0xec, 0xcf,
    0x33, 0x33, 0x33, 0xdf, 0x2a, 0x02, 0xa4, 0xa4, 0xe3, 0x2a, 0x02, 0x33, 0x33, 0xe7, 0x2a, 0x02,
    0xa4, 0xa4, 0xeb, 0x2a, 0x02, 0x33, 0x33, 0xf2, 0x2a, 0x04, 0x3f, 0x3f, 0x3f, 0x0c, 0x37, 0x2b,
    0x02, 0x05, 0x09, 0x3d, 0x2b, 0x03, 0xc6, 0x62, 0xc6, 0x42, 0x2b, 0x05, 0xc6, 0x62, 0xc6, 0x62,
    0xa4, 0x48, 0x2b, 0x06, 0x62, 0xf7, 0x31, 0x31, 0xc6, 0x53, 0x50, 0x2b, 0x0a, 0xef, 0x01, 0x01,
    0xa5, 0x53, 0x9c, 0x60, 0x8f, 0xa5, 0xa5, 0x5b, 0x2b, 0x0a, 0xa5, 0xa4, 0xa4, 0xa4, 0xec, 0xcf,
    0x33, 0x33, 0x33, 0xa4, 0x66, 0x2b, 0x02, 0x33, 0x33, 0x6e, 0x2b, 0x02, 0xa4, 0xa4, 0x73, 0x2b,
    0x03, 0x0c, 0x3f, 0x3f, 0xbd, 0x2b, 0x04, 0x05, 0x09, 0x51, 0x51, 0xc6, 0x2b, 0x02, 0xc6, 0xc6,
    0xc9, 0x2b, 0x02, 0xc6, 0x62, 0xcd, 0x2b, 0x03, 0x62, 0x31, 0x31, 0xd1, 0x2b, 0x03, 0xa4, 0xa4,
    0xf7, 0xd5, 0x2b, 0x03, 0xf7, 0xf6, 0x19, 0xd9, 0x2b, 0x09, 0x01, 0xa4, 0x60, 0x60, 0x8f, 0xbc,
    0xa5, 0xa5, 0xa5, 0xe3, 0x2b, 0x08, 0xa4, 0xa4, 0xec, 0xec, 0x6b, 0x97, 0x33, 0x33, 0xec, 0x2b,
    0x01, 0x33, 0xf3, 0x2b, 0x04, 0x3f, 0x3f, 0x9b, 0x3f, 0x43, 0x2c, 0x06, 0x05, 0x09, 0x51, 0x62,
    0x62, 0xc6, 0x4b, 0x2c, 0x03, 0xc6, 0x62, 0x62, 0x4f, 0x2c, 0x01, 0x62, 0x51, 0x2c, 0x09, 0x31,
    0x31, 0xc6, 0x62, 0xa4, 0x18, 0xf6, 0xf7, 0x53, 0x5b, 0x2c, 0x04, 0xef, 0xf6, 0xf6, 0x01, 0x60,
    0x2c, 0x10, 0x33, 0x33, 0x97, 0xbc, 0xbc, 0xa5, 0xa5, 0xa5, 0xa5, 0xa4, 0xa4, 0xec, 0x48, 0x6b,
    0x3a, 0x97, 0x72, 0x2c, 0x06, 0x33, 0x33, 0x3f, 0x3f, 0x3f, 0x0c, 0xc8, 0x2c, 0x06, 0x05, 0x0c,
    0x58, 0x51, 0x62, 0xc6, 0xcf, 0x2c, 0x02, 0x62, 0xc6, 0xd2, 0x2c, 0x02, 0xc6, 0x62, 0xd5, 0x2c,
    0x01, 0x62, 0xd8, 0x2c, 0x12, 0x62, 0xf7, 0x31, 0x31, 0xc6, 0x62, 0x31, 0x62, 0xc6, 0xa5, 0x01,
    0xf6, 0xf7, 0xa4, 0x33, 0x60, 0x60, 0x53, 0xeb, 0x2c, 0x06, 0xa4, 0xa5, 0xa5, 0xa5, 0xa4, 0xa4,
    0xf2, 0x2c, 0x06, 0x48, 0xfc, 0xf0, 0x05, 0x0c, 0x0c, 0x4d, 0x2d, 0x05, 0x05, 0x0c, 0x5d, 0x58,
    0x51, 0x53, 0x2d, 0x01, 0x62, 0x56, 0x2d, 0x01, 0x62, 0x58, 0x2d, 0x01, 0x62, 0x5d, 0x2d, 0x0d,
    0xc6, 0xa4, 0xa4, 0x31, 0xa4, 0xa4, 0x31, 0x31, 0xde, 0xc7, 0x53, 0xf7, 0xf7, 0x6b, 0x2d, 0x08,
    0x97, 0x33, 0x60, 0x53, 0x53, 0xbc, 0xa5, 0xa5, 0x74, 0x2d, 0x04, 0x97, 0x9b, 0x9b, 0x9b, 0xd2,
    0x2d, 0x07, 0x05, 0x0c, 0x5d, 0x5d, 0x58, 0x58, 0x51, 0xdc, 0x2d, 0x04, 0xc6, 0x62, 0x62, 0xc6,
    0xe1, 0x2d, 0x16, 0x62, 0xc6, 0x31, 0xf7, 0x53, 0xa4, 0x62, 0xc6, 0x31, 0xbc, 0x01, 0xc7, 0xf6,
    0xf7, 0xf7, 0x53, 0x97, 0x97, 0x33, 0xa4, 0x6c, 0x6c, 0x57, 0x2e, 0x09, 0x05, 0x0c, 0x5d, 0x5d,
    0x5d, 0x5d, 0x58, 0x33, 0x97, 0x62, 0x2e, 0x01, 0x62, 0x67, 0x2e, 0x04, 0x62, 0xc6, 0x53, 0xf7,
    0x6d, 0x2e, 0x06, 0x31, 0x31, 0xde, 0x62, 0xc6, 0xa5, 0x74, 0x2e, 0x03, 0xf7, 0x6c, 0x6c, 0xdc,
    0x2e, 0x0e, 0x05, 0x0c, 0x5d, 0x5d, 0x5d, 0x5d, 0x5d, 0x58, 0x51, 0x51, 0xc6, 0x62, 0x62, 0xc6,
    0xed, 0x2e, 0x03, 0x31, 0x31, 0x62, 0xf1, 0x2e, 0x05, 0xa4, 0x53, 0x31, 0x5d, 0x5d, 0x61, 0x2f,
    0x0c, 0x05, 0x0c, 0x5d, 0x5d, 0x3f, 0x9b, 0x5d, 0x5d, 0x58, 0x51, 0x97, 0x62, 0x6e, 0x2f, 0x08,
    0x62, 0xc6, 0x62, 0xc6, 0x31, 0x31, 0x5d, 0x5d, 0xe6, 0x2f, 0x0c, 0x05, 0x0c, 0x5d, 0x5d, 0x5d,
    0x5d, 0x5d, 0x5d, 0x3f, 0x9e, 0x97, 0x33, 0xf4, 0x2f, 0x01, 0x5d, 0x6b, 0x30, 0x08, 0x05, 0x0c,
    0x5d, 0x9b, 0x5d, 0x5d, 0x5d, 0x5d, 0xf0, 0x30, 0x03, 0x05, 0x0c, 0x5d, 0xaf, 0x18, 0x02, 0xfc,
    0x0c, 0xb2, 0x18, 0x05, 0x0c, 0x0c, 0x0c, 0x0c, 0x0c, 0x2d, 0x19, 0x01, 0xf0, 0x32, 0x19, 0x01,
    0x01, 0x34, 0x19, 0x01, 0x01, 0x36, 0x19, 0x01, 0x1e, 0x38, 0x19, 0x05, 0x33, 0x0c, 0x0c, 0x0c,
    0x0c, 0x3f, 0x19, 0x03, 0x0c, 0x0c, 0x0c, 0xab, 0x19, 0x01, 0xf0, 0xae, 0x19, 0x01, 0x01, 0xb1,
    0x19, 0x01, 0x1f, 0xbe, 0x19, 0x09, 0xa4, 0xa4, 0x33, 0xfd, 0xf0, 0xf0, 0xf0, 0x0c, 0x0c, 0xcc,
    0x19, 0x01, 0x0c, 0x28, 0x1a, 0x04, 0x0c, 0xe2, 0xe2, 0xfc, 0x2d, 0x1a, 0x01, 0x1e, 0x2f, 0x1a,
    0x01, 0x1e, 0x32, 0x1a, 0x01, 0x01, 0x34, 0x1a, 0x02, 0x01, 0xcf, 0x37, 0x1a, 0x01, 0xa4, 0x39,
    0x1a, 0x01, 0xa4, 0x3b, 0x1a, 0x06, 0xa4, 0xa4, 0xa4, 0xa4, 0x97, 0xfc, 0x45, 0x1a, 0x07, 0x01,
    0x01, 0x1f, 0x01, 0x1e, 0x1e, 0xe2, 0x4d, 0x1a, 0x05, 0x3f, 0x3f, 0x3f, 0x3f, 0x3f, 0x57, 0x1a,
    0x02, 0x0c, 0x0c, 0xa9, 0x1a, 0x0a, 0x3f, 0x3f, 0x33, 0x33, 0x33, 0x33, 0x33, 0x33, 0xfc, 0xfc,
    0xb4, 0x1a, 0x01, 0x33, 0xb8, 0x1a, 0x01, 0x33, 0xbf, 0x1a, 0x01, 0xfc, 0xc2, 0x1a, 0x01, 0x01,
    0xc4, 0x1a, 0x03, 0x1f, 0x1e, 0x1e, 0xc8, 0x1a, 0x04, 0x1e, 0x1f, 0x1f, 0x33, 0xcd, 0x1a, 0x04,
    0xa4, 0xa4, 0x33, 0x33, 0xd4, 0x1a, 0x01, 0x33, 0xd7, 0x1a, 0x09, 0xce, 0xf0, 0xf0, 0xf0, 0xf0,
    0xf0, 0xfd, 0xfd, 0xfc, 0xe2, 0x1a, 0x01, 0x0c, 0x26, 0x1b, 0x01, 0x3f, 0x28, 0x1b, 0x01, 0xa4,
    0x2b, 0x1b, 0x02, 0xa4, 0xa4, 0x2f, 0x1b, 0x02, 0x33, 0x33, 0x32, 0x1b, 0x08, 0xfd, 0xf0, 0xf0,
    0xf0, 0xfc, 0xfc, 0xfc, 0xfd, 0x3c, 0x1b, 0x03, 0x33, 0x33, 0x33, 0x40, 0x1b, 0x01, 0x1f, 0x42,
    0x1b, 0x03, 0x1e, 0x1e, 0x1e, 0x46, 0x1b, 0x01, 0x1e, 0x48, 0x1b, 0x01, 0x01, 0x4a, 0x1b, 0x01,
    0xfd, 0x4d, 0x1b, 0x02, 0xa4, 0xa4, 0x51, 0x1b, 0x03, 0xa4, 0x33, 0x33, 0x55, 0x1b, 0x01, 0x33,
    0x57, 0x1b, 0x02, 0xcf, 0x01, 0x5b, 0x1b, 0x02, 0x01, 0x01, 0x5e, 0x1b, 0x07, 0x1e, 0x01, 0x1f,
    0x1e, 0x1e, 0xfc, 0x0c, 0xa4, 0x1b, 0x01, 0x0c, 0xa6, 0x1b, 0x01, 0x33, 0xab, 0x1b, 0x01, 0x33,
    0xad, 0x1b, 0x01, 0x33, 0xb0, 0x1b, 0x03, 0x33, 0xcf, 0x01, 0xb6, 0x1b, 0x08, 0x01, 0x01, 0x01,
    0x1f, 0x01, 0x1e, 0x1e, 0xe2, 0xbf, 0x1b, 0x04, 0x3f, 0x3f, 0x33, 0x33, 0xc7, 0x1b, 0x05, 0xfc,
    0x01, 0x1e, 0x33, 0x33, 0xcd, 0x1b, 0x04, 0x33, 0xa4, 0xa4, 0x33, 0xd7, 0x1b, 0x01, 0xcf, 0xda,
    0x1b, 0x01, 0x01, 0xdd, 0x1b, 0x03, 0x1f, 0x1f, 0x1f, 0xe3, 0x1b, 0x02, 0x1f, 0xee, 0x21, 0x1c,
    0x03, 0x0c, 0x0c, 0x0c, 0x27, 0x1c, 0x04, 0xa4, 0xa4, 0x33, 0x33, 0x33, 0x1c, 0x01, 0x01, 0x35,
    0x1c, 0x03, 0x01, 0x1f, 0x1f, 0x39, 0x1c, 0x02, 0x1e, 0x1e, 0x3c, 0x1c, 0x04, 0xfd, 0x75, 0xa4,
    0xa4, 0x41, 0x1c, 0x01, 0x33, 0x48, 0x1c, 0x01, 0x33, 0x4a, 0x1c, 0x03, 0xf0, 0xf0, 0xee, 0x51,
    0x1c, 0x02, 0x33, 0x33, 0x57, 0x1c, 0x01, 0xe2, 0x5b, 0x1c, 0x02, 0x1f, 0x1e, 0x5f, 0x1c, 0x07,
    0x1e, 0x1e, 0x1f, 0x01, 0x1e, 0xfd, 0x0c, 0x9f, 0x1c, 0x09, 0x0c, 0xfc, 0xfc, 0xfc, 0xfc, 0xcf,
    0xcf, 0x6b, 0x6b, 0xa9, 0x1c, 0x03, 0x33, 0x33, 0x33, 0xad, 0x1c, 0x03, 0x33, 0xe2, 0x1e, 0xb2,
    0x1c, 0x06, 0x1e, 0x1e, 0x1f, 0x1e, 0x1e, 0x1e, 0xb9, 0x1c, 0x04, 0x1f, 0x01, 0xfc, 0xce, 0xbf,
    0x1c, 0x01, 0xa4, 0xc1, 0x1c, 0x05, 0xa4, 0x33, 0x97, 0xa4, 0x97, 0xc7, 0x1c, 0x02, 0x33, 0x33,
    0xca, 0x1c, 0x01, 0x01, 0xd0, 0x1c, 0x01, 0x01, 0xd2, 0x1c, 0x01, 0x01, 0xd6, 0x1c, 0x02, 0xfc,
    0x0c, 0xdb, 0x1c, 0x03, 0xfc, 0xe2, 0x1e, 0xdf, 0x1c, 0x05, 0x1f, 0x01, 0x01, 0x01, 0x01, 0xe5,
    0x1c, 0x01, 0xf0, 0x1f, 0x1d, 0x01, 0x01, 0x21, 0x1d, 0x01, 0x1e, 0x24, 0x1d, 0x02, 0x01, 0x01,
    0x27, 0x1d, 0x01, 0x01, 0x29, 0x1d, 0x03, 0xfc, 0xe2, 0xfc, 0x2d, 0x1d, 0x0b, 0x33, 0xd1, 0xcf,
    0xcf, 0xfc, 0xe2, 0xe2, 0xfc, 0x1e, 0x01, 0x01, 0x39, 0x1d, 0x01, 0x01, 0x3b, 0x1d, 0x01, 0xfc,
    0x3e, 0x1d, 0x03, 0xa4, 0xa4, 0xa4, 0x51, 0x1d, 0x03, 0x1e, 0x1e, 0x1e, 0x56, 0x1d, 0x02, 0x1e,
    0x33, 0x5f, 0x1d, 0x04, 0x33, 0x33, 0x0c, 0x0c, 0x64, 0x1d, 0x02, 0xfc, 0xfc, 0xa0, 0x1d, 0x01,
    0x01, 0xa2, 0x1d, 0x06, 0x01, 0x1f, 0x1f, 0x1f, 0x1e, 0x1e, 0xa9, 0x1d, 0x02, 0x1e, 0x1f, 0xb3,
    0x1d, 0x0b, 0x33, 0x33, 0x33, 0x33, 0xfc, 0x1e, 0xfc, 0xfc, 0x97, 0x33, 0xa4, 0xc0, 0x1d, 0x02,
    0x97, 0xa4, 0xc4, 0x1d, 0x02, 0x33, 0x33, 0xca, 0x1d, 0x02, 0x1e, 0x01, 0xcd, 0x1d, 0x01, 0x01,
    0xcf, 0x1d, 0x01, 0x1f, 0xd2, 0x1d, 0x01, 0x1e, 0xd4, 0x1d, 0x07, 0x1e, 0x1f, 0x01, 0x33, 0xa4,
    0xa4, 0x33, 0xdc, 0x1d, 0x01, 0x33, 0xe3, 0x1d, 0x02, 0xa4, 0xa4, 0xe6, 0x1d, 0x01, 0x0c, 0x1a,
    0x1e, 0x03, 0x0c, 0xe2, 0x01, 0x1f, 0x1e, 0x04, 0x1e, 0x1f, 0x1e, 0x01, 0x24, 0x1e, 0x01, 0x1e,
    0x26, 0x1e, 0x05, 0x1f, 0x1f, 0x01, 0xfc, 0x33, 0x2d, 0x1e, 0x02, 0x33, 0xa4, 0x30, 0x1e, 0x01,
    0x33, 0x37, 0x1e, 0x03, 0x33, 0x33, 0x33, 0x3d, 0x1e, 0x04, 0xe2, 0xfc, 0xfc, 0xfc, 0x42, 0x1e,
    0x03, 0x33, 0x33, 0x33, 0x46, 0x1e, 0x01, 0xa4, 0x48, 0x1e, 0x01, 0x1e, 0x51, 0x1e, 0x02, 0x1e,
    0x1e, 0x54, 0x1e, 0x01, 0x01, 0x57, 0x1e, 0x01, 0x33, 0x59, 0x1e, 0x01, 0xa4, 0x5c, 0x1e, 0x01,
    0xa4, 0x5e, 0x1e, 0x01, 0xa4, 0x61, 0x1e, 0x02, 0xa4, 0x33, 0x64, 0x1e, 0x01, 0x33, 0x66, 0x1e,
    0x01, 0x33, 0x97, 0x1e, 0x03, 0x0c, 0x0c, 0xfc, 0x9c, 0x1e, 0x01, 0x1e, 0x9e, 0x1e, 0x02, 0x1e,
    0x1e, 0xa1, 0x1e, 0x05, 0x1e, 0x1e, 0x1e, 0x01, 0x01, 0xa7, 0x1e, 0x02, 0x01, 0xcf, 0xab, 0x1e,
    0x03, 0xa4, 0xa4, 0xa4, 0xaf, 0x1e, 0x05, 0xa4, 0xa4, 0x33, 0x33, 0x33, 0xb6, 0x1e, 0x01, 0xa4,
    0xb8, 0x1e, 0x01, 0x33, 0xc8, 0x1e, 0x02, 0x33, 0x33, 0xcc, 0x1e, 0x02, 0x33, 0xfc, 0xe6, 0x1e,
    0x02, 0x33, 0x0c, 0x16, 0x1f, 0x0b, 0x0c, 0x33, 0xd1, 0xcf, 0xcf, 0xd1, 0xe2, 0xe2, 0xfc, 0x01,
    0x01, 0x22, 0x1f, 0x03, 0x01, 0x01, 0x01, 0x26, 0x1f, 0x02, 0xfc, 0x97, 0x2a, 0x1f, 0x04, 0x33,
    0x97, 0x33, 0xa4, 0x35, 0x1f, 0x03, 0xa4, 0xa4, 0x33, 0x47, 0x1f, 0x01, 0x33, 0x56, 0x1f, 0x01,
    0xfc, 0x5c, 0x1f, 0x01, 0xa4, 0x5e, 0x1f, 0x02, 0x97, 0x33, 0x67, 0x1f, 0x01, 0x0c, 0x94, 0x1f,
    0x15, 0x0c, 0x3f, 0x3f, 0x3f, 0x3f, 0x33, 0x33, 0x33, 0x33, 0xcf, 0xcf, 0xce, 0xce, 0xce, 0xfc,
    0xfc, 0xfc, 0xfc, 0x33, 0xa4, 0xa4, 0xab, 0x1f, 0x01, 0x33, 0xad, 0x1f, 0x01, 0x33, 0xbb, 0x1f,
    0x02, 0x01, 0x01, 0xbe, 0x1f, 0x02, 0x1f, 0x1f, 0xc4, 0x1f, 0x05, 0x1e, 0x1f, 0xe2, 0x33, 0x33,
    0xcb, 0x1f, 0x01, 0x33, 0xd7, 0x1f, 0x05, 0xfc, 0x01, 0x01, 0xfc, 0xfc, 0xdf, 0x1f, 0x02, 0x33,
    0x33, 0xe3, 0x1f, 0x01, 0xa4, 0xe5, 0x1f, 0x03, 0xa4, 0x33, 0x33, 0x12, 0x20, 0x03, 0x9b, 0x9b,
    0x33, 0x16, 0x20, 0x02, 0x33, 0x33, 0x22, 0x20, 0x01, 0x33, 0x24, 0x20, 0x07, 0xf0, 0xcf, 0xcf,
    0xd1, 0x33, 0x33, 0x33, 0x2d, 0x20, 0x06, 0xa4, 0x33, 0x97, 0x33, 0x33, 0x33, 0x35, 0x20, 0x01,
    0x33, 0x39, 0x20, 0x01, 0x01, 0x44, 0x20, 0x03, 0x01, 0x01, 0x33, 0x53, 0x20, 0x01, 0x33, 0x57,
    0x20, 0x02, 0xfd, 0x01, 0x60, 0x20, 0x01, 0x01, 0x63, 0x20, 0x03, 0xfc, 0xfc, 0xfc, 0x67, 0x20,
    0x01, 0x33, 0x91, 0x20, 0x03, 0x0c, 0x33, 0x3f, 0x97, 0x20, 0x01, 0xa4, 0x99, 0x20, 0x02, 0x33,
    0x33, 0x9c, 0x20, 0x01, 0x33, 0x9e, 0x20, 0x01, 0x33, 0xa2, 0x20, 0x02, 0x33, 0xfc, 0xa8, 0x20,
    0x09, 0xfc, 0xfc, 0xfc, 0xfc, 0xcf, 0xcf, 0x33, 0x33, 0x33, 0xb4, 0x20, 0x01, 0x33, 0xc5, 0x20,
    0x02, 0xfd, 0x33, 0xc8, 0x20, 0x01, 0xa4, 0xcb, 0x20, 0x01, 0xa4, 0xcd, 0x20, 0x02, 0xa4, 0xa4,
    0xd0, 0x20, 0x03, 0x33, 0x33, 0x33, 0xd4, 0x20, 0x02, 0xa4, 0xa4, 0xd7, 0x20, 0x01, 0xfd, 0xe5,
    0x20, 0x01, 0x1e, 0xe7, 0x20, 0x02, 0x1e, 0xe2, 0x0f, 0x21, 0x03, 0x0c, 0x33, 0x3f, 0x13, 0x21,
    0x04, 0xa4, 0xa4, 0x33, 0x33, 0x1c, 0x21, 0x02, 0xa4, 0xa4, 0x1f, 0x21, 0x06, 0xa4, 0xfc, 0xcf,
    0xfc, 0x01, 0x01, 0x2a, 0x21, 0x02, 0x01, 0x01, 0x2e, 0x21, 0x0a, 0x01, 0xfc, 0xfc, 0xfc, 0xfc,
    0x0c, 0xe2, 0xfc, 0xfc, 0xfc, 0x43, 0x21, 0x01, 0x01, 0x49, 0x21, 0x03, 0xa4, 0x33, 0xa4, 0x54,
    0x21, 0x01, 0xa4, 0x56, 0x21, 0x02, 0x33, 0xfc, 0x5c, 0x21, 0x01, 0x01, 0x5e, 0x21, 0x01, 0x01,
    0x61, 0x21, 0x07, 0x1f, 0x1f, 0x1e, 0x1e, 0x1e, 0x1e, 0x1e, 0x69, 0x21, 0x01, 0xee, 0x8d, 0x21,
    0x03, 0x0c, 0x3f, 0x33, 0x92, 0x21, 0x01, 0xa4, 0x99, 0x21, 0x04, 0x33, 0x33, 0x33, 0x33, 0x9f,
    0x21, 0x03, 0x33, 0xcf, 0xfc, 0xa9, 0x21, 0x02, 0x01, 0x01, 0xad, 0x21, 0x02, 0x01, 0x01, 0xb1,
    0x21, 0x03, 0x1e, 0xfc, 0x33, 0xb7, 0x21, 0x07, 0x33, 0x33, 0x33, 0xfc, 0xfc, 0xfc, 0xfd, 0xc0,
    0x21, 0x01, 0x01, 0xc4, 0x21, 0x09, 0xfc, 0x97, 0xa4, 0x33, 0x97, 0x33, 0xa4, 0x33, 0x33, 0xd7,
    0x21, 0x01, 0xfc, 0xdd, 0x21, 0x01, 0x01, 0xdf, 0x21, 0x01, 0x01, 0xe1, 0x21, 0x02, 0x01, 0x1e,
    0xe4, 0x21, 0x01, 0x1e, 0x0b, 0x22, 0x02, 0x0c, 0x3f, 0x0e, 0x22, 0x06, 0x33, 0x33, 0x33, 0xa4,
    0xa4, 0x33, 0x1c, 0x22, 0x04, 0xa4, 0xa4, 0xcf, 0xcf, 0x25, 0x22, 0x07, 0x01, 0x01, 0x01, 0x01,
    0x01, 0x01, 0x1f, 0x2e, 0x22, 0x05, 0x1e, 0x1e, 0x1e, 0xe2, 0x33, 0x3e, 0x22, 0x03, 0x33, 0x33,
    0xfc, 0x42, 0x22, 0x03, 0xe2, 0xfc, 0xcf, 0x4b, 0x22, 0x04, 0xa4, 0x33, 0xa4, 0xa4, 0x51, 0x22,
    0x02, 0x33, 0x33, 0x57, 0x22, 0x01, 0xfc, 0x5d, 0x22, 0x01, 0x01, 0x5f, 0x22, 0x01, 0x01, 0x67,
    0x22, 0x01, 0x1e, 0x69, 0x22, 0x01, 0x01, 0x89, 0x22, 0x04, 0x0c, 0x3f, 0x33, 0x3f, 0x93, 0x22,
    0x02, 0x33, 0x33, 0x9c, 0x22, 0x03, 0x33, 0xcf, 0xfc, 0xa2, 0x22, 0x02, 0x01, 0x01, 0xa5, 0x22,
    0x06, 0x01, 0x01, 0x01, 0x1f, 0x01, 0x1e, 0xac, 0x22, 0x02, 0x1e, 0x1e, 0xb0, 0x22, 0x02, 0xe2,
    0xe2, 0xc3, 0x22, 0x01, 0x33, 0xc5, 0x22, 0x02, 0xf1, 0xfc, 0xce, 0x22, 0x02, 0xa4, 0xa4, 0xd2,
    0x22, 0x04, 0x33, 0x33, 0xa4, 0xa4, 0xd7, 0x22, 0x01, 0xfc, 0xd9, 0x22, 0x01, 0x1e, 0xdb, 0x22,
    0x01, 0x01, 0xe5, 0x22, 0x01, 0x1e, 0xe7, 0x22, 0x01, 0x1f, 0x08, 0x23, 0x04, 0x0c, 0x3f, 0x3f,
    0x33, 0x0d, 0x23, 0x01, 0x33, 0x0f, 0x23, 0x03, 0x33, 0x97, 0xa4, 0x13, 0x23, 0x01, 0x33, 0x1b,
    0x23, 0x04, 0x33, 0xcf, 0xfc, 0x1e, 0x20, 0x23, 0x01, 0x01, 0x23, 0x23, 0x06, 0x01, 0x01, 0x1f,
    0x1e, 0x1f, 0x1e, 0x2d, 0x23, 0x09, 0x1e, 0x1e, 0xe2, 0x6b, 0x97, 0xa4, 0x33, 0x33, 0x33, 0x3f,
    0x23, 0x03, 0xa4, 0x33, 0xa4, 0x43, 0x23, 0x02, 0xcf, 0xfc, 0x47, 0x23, 0x01, 0x1e, 0x49, 0x23,
    0x01, 0x1e, 0x4c, 0x23, 0x02, 0xf0, 0x0c, 0x50, 0x23, 0x01, 0x33, 0x56, 0x23, 0x02, 0x33, 0xfc,
    0x5f, 0x23, 0x01, 0x1e, 0x61, 0x23, 0x01, 0x1e, 0x69, 0x23, 0x02, 0x01, 0xfc, 0x88, 0x23, 0x06,
    0x96, 0xa5, 0xa4, 0xec, 0x33, 0x33, 0x90, 0x23, 0x04, 0xa4, 0xa4, 0x33, 0x33, 0x99, 0x23, 0x05,
    0x33, 0xcf, 0xd1, 0x1e, 0x01, 0xa1, 0x23, 0x04, 0x1f, 0x1e, 0x1e, 0x1f, 0xa9, 0x23, 0x08, 0x1e,
    0x1e, 0x1f, 0x01, 0x1f, 0xfd, 0xce, 0x33, 0xb3, 0x23, 0x07, 0xa4, 0xa4, 0xa4, 0xa4, 0x33, 0x33,
    0x33, 0xc0, 0x23, 0x06, 0x97, 0x33, 0x97, 0xcf, 0x01, 0x1f, 0xcc, 0x23, 0x03, 0x01, 0x01, 0x01,
    0xd0, 0x23, 0x05, 0x01, 0x01, 0x01, 0xfc, 0x0c, 0xd7, 0x23, 0x02, 0xe2, 0xfd, 0xda, 0x23, 0x03,
    0x01, 0x1e, 0x1e, 0xdf, 0x23, 0x02, 0x1e, 0x1e, 0xe2, 0x23, 0x01, 0x1e, 0xe5, 0x23, 0x01, 0x01,
    0xe8, 0x23, 0x02, 0x01, 0x01, 0xeb, 0x23, 0x01, 0x0c, 0x08, 0x24, 0x04, 0x3f, 0x97, 0x33, 0x60,
    0x0d, 0x24, 0x06, 0xa5, 0xa5, 0xa4, 0x33, 0x33, 0x33, 0x14, 0x24, 0x02, 0xa4, 0xa4, 0x19, 0x24,
    0x03, 0xe2, 0xe2, 0x01, 0x1d, 0x24, 0x01, 0x1e, 0x1f, 0x24, 0x04, 0x01, 0x1e, 0x1e, 0x1f, 0x29,
    0x24, 0x01, 0x1e, 0x2c, 0x24, 0x04, 0x1f, 0xfd, 0xce, 0x33, 0x31, 0x24, 0x04, 0xa4, 0xa4, 0xa4,
    0xa4, 0x37, 0x24, 0x07, 0xa4, 0xa4, 0xa4, 0x97, 0x97, 0xa4, 0x97, 0x40, 0x24, 0x01, 0x33, 0x42,
    0x24, 0x03, 0xce, 0xfc, 0x01, 0x4b, 0x24, 0x02, 0x01, 0x01, 0x4f, 0x24, 0x02, 0x01, 0x01, 0x53,
    0x24, 0x05, 0x1e, 0x1e, 0x1e, 0xe2, 0x33, 0x59, 0x24, 0x07, 0x33, 0x33, 0x0c, 0xee, 0xe2, 0xfc,
    0xfc, 0x67, 0x24, 0x01, 0x01, 0x6b, 0x24, 0x01, 0xfc, 0x88, 0x24, 0x12, 0x6c, 0xde, 0xc7, 0xc7,
    0xf7, 0xf7, 0x97, 0x33, 0x60, 0xbc, 0xa5, 0xa5, 0xa4, 0x33, 0x33, 0xd1, 0xcf, 0xfc, 0x9b, 0x24,
    0x01, 0x1e, 0x9d, 0x24, 0x02, 0x1e, 0x1e, 0xa2, 0x24, 0x03, 0x1e, 0x1e, 0x1e, 0xa7, 0x24, 0x01,
    0x1e, 0xa9, 0x24, 0x02, 0x01, 0x01, 0xad, 0x24, 0x02, 0xcf, 0x33, 0xb1, 0x24, 0x02, 0xa4, 0x97,
    0xb4, 0x24, 0x02, 0x33, 0xa4, 0xb9, 0x24, 0x01, 0xa4, 0xbb, 0x24, 0x01, 0xa4, 0xbd, 0x24, 0x02,
    0xa4, 0xa4, 0xc0, 0x24, 0x01, 0xa4, 0xc2, 0x24, 0x02, 0xfc, 0xfc, 0xca, 0x24, 0x06, 0x01, 0x01,
    0x01, 0x01, 0x01, 0x01, 0xd1, 0x24, 0x02, 0x1e, 0x1e, 0xd4, 0x24, 0x01, 0x1e, 0xd6, 0x24, 0x02,
    0xfc, 0x33, 0xdf, 0x24, 0x09, 0x33, 0x33, 0x33, 0xf0, 0xf1, 0xfd, 0xfd, 0xfd, 0xfc, 0xeb, 0x24,
    0x02, 0x1e, 0x0c, 0x08, 0x25, 0x0b, 0x6c, 0x6c, 0x31, 0xc6, 0xa4, 0xa4, 0x31, 0xde, 0xc7, 0xa5,
    0xf7, 0x14, 0x25, 0x08, 0x60, 0x33, 0x96, 0xa5, 0xa5, 0x75, 0xe2, 0xfc, 0x20, 0x25, 0x03, 0x1e,
    0x1e, 0x1e, 0x25, 0x25, 0x09, 0x1f, 0x01, 0x01, 0x01, 0x01, 0x01, 0x01, 0xce, 0xce, 0x32, 0x25,
    0x04, 0xa4, 0xa4, 0xa4, 0xa4, 0x41, 0x25, 0x02, 0xcf, 0x6b, 0x51, 0x25, 0x01, 0x1e, 0x53, 0x25,
    0x01, 0x1e, 0x56, 0x25, 0x02, 0xe2, 0x33, 0x65, 0x25, 0x09, 0x33, 0x33, 0x33, 0xcf, 0xcf, 0xb3,
    0xad, 0xfc, 0x0c, 0x89, 0x25, 0x02, 0x5d, 0x58, 0x8c, 0x25, 0x09, 0x62, 0x62, 0x31, 0x31, 0x31,
    0xa4, 0x62, 0x31, 0x31, 0x96, 0x25, 0x10, 0xf6, 0x01, 0xf6, 0x60, 0x8f, 0x96, 0xcf, 0x6b, 0x3d,
    0xfc, 0xfc, 0x1f, 0x01, 0x01, 0x01, 0x01, 0xa7, 0x25, 0x08, 0x01, 0x01, 0x01, 0x01, 0x6b, 0x6b,
    0x33, 0x97, 0xb0, 0x25, 0x03, 0x33, 0x33, 0x33, 0xc0, 0x25, 0x03, 0x33, 0xcf, 0xfc, 0xc8, 0x25,
    0x03, 0x01, 0x01, 0x01, 0xcd, 0x25, 0x03, 0x01, 0x1f, 0x1f, 0xd1, 0x25, 0x04, 0x1e, 0x1e, 0x1e,
    0x1e, 0xd6, 0x25, 0x02, 0xe2, 0x33, 0xeb, 0x25, 0x03, 0x33, 0x33, 0x0c, 0x09, 0x26, 0x07, 0x5d,
    0x5d, 0x5d, 0x5d, 0x9b, 0x58, 0x51, 0x11, 0x26, 0x04, 0x62, 0x31, 0x31, 0x31, 0x16, 0x26, 0x04,
    0xc6, 0x31, 0x31, 0x31, 0x1b, 0x26, 0x0e, 0xf6, 0x01, 0xa4, 0xf7, 0x96, 0x96, 0x97, 0x6b, 0xfd,
    0xfd, 0xfd, 0x01, 0x01, 0x1e, 0x2a, 0x26, 0x09, 0xcf, 0xcf, 0xcf, 0xa4, 0xa4, 0xa4, 0xa4, 0xa4,
    0xa4, 0x40, 0x26, 0x02, 0xcf, 0xcf, 0x47, 0x26, 0x02, 0x01, 0x01, 0x4b, 0x26, 0x01, 0x01, 0x4d,
    0x26, 0x03, 0x1f, 0x1e, 0x1e, 0x52, 0x26, 0x01, 0x1e, 0x56, 0x26, 0x02, 0xe2, 0x33, 0x5a, 0x26,
    0x01, 0x33, 0x6d, 0x26, 0x01, 0x3f, 0x89, 0x26, 0x0b, 0x05, 0x0c, 0x5d, 0x5d, 0x9b, 0x5d, 0x5d,
    0x5d, 0x9b, 0x3f, 0x58, 0x97, 0x26, 0x07, 0x31, 0x31, 0xc6, 0x53, 0x31, 0xa4, 0xa4, 0x9f, 0x26,
    0x08, 0xef, 0x01, 0xf6, 0xa4, 0x01, 0x96, 0x97, 0x97, 0xa8, 0x26, 0x04, 0xfc, 0xfc, 0xcf, 0x33,
    0xb4, 0x26, 0x01, 0xa4, 0xb6, 0x26, 0x02, 0x97, 0x33, 0xb9, 0x26, 0x02, 0x33, 0x33, 0xbf, 0x26,
    0x03, 0x33, 0xcf, 0xfc, 0xc5, 0x26, 0x02, 0x01, 0x01, 0xca, 0x26, 0x04, 0x1f, 0x1e, 0x1f, 0x1e,
    0xd0, 0x26, 0x01, 0x1e, 0xd3, 0x26, 0x01, 0x1e, 0xd5, 0x26, 0x03, 0x1e, 0x75, 0x33, 0xda, 0x26,
    0x01, 0xa4, 0xdc, 0x26, 0x01, 0x33, 0xde, 0x26, 0x01, 0x33, 0xee, 0x26, 0x01, 0x3f, 0x0f, 0x27,
    0x0a, 0x05, 0x0c, 0x5d, 0x9b, 0x5d, 0x5d, 0x5d, 0x3f, 0x9e, 0x62, 0x1d, 0x27, 0x06, 0x62, 0xa4,
    0x31, 0xc6, 0x62, 0x53, 0x25, 0x27, 0x0a, 0xa5, 0xf6, 0xa4, 0x49, 0x6a, 0x96, 0x97, 0xa4, 0x33,
    0x33, 0x37, 0x27, 0x02, 0xa4, 0xa4, 0x3a, 0x27, 0x03, 0xa4, 0x97, 0x33, 0x3e, 0x27, 0x04, 0x33,
    0xcf, 0xcf, 0xe2, 0x44, 0x27, 0x01, 0x01, 0x47, 0x27, 0x05, 0x01, 0x1f, 0x1e, 0x1f, 0x1e, 0x4e,
    0x27, 0x01, 0x1e, 0x54, 0x27, 0x04, 0x1f, 0x1e, 0xd1, 0xce, 0x5c, 0x27, 0x04, 0xa4, 0xa4, 0xa4,
    0x97, 0x61, 0x27, 0x01, 0x33, 0x69, 0x27, 0x02, 0xa4, 0x97, 0x6c, 0x27, 0x01, 0x33, 0x6e, 0x27,
    0x01, 0x0c, 0x94, 0x27, 0x0b, 0x05, 0x0c, 0x5d, 0x5d, 0x5d, 0x5d, 0x5d, 0x58, 0x51, 0xa4, 0x62,
    0xa2, 0x27, 0x01, 0xc6, 0xa4, 0x27, 0x03, 0x31, 0xc6, 0x62, 0xa9, 0x27, 0x04, 0xf6, 0xa5, 0xef,
    0x19, 0xae, 0x27, 0x06, 0xa5, 0x96, 0x97, 0xdf, 0x33, 0x33, 0xbc, 0x27, 0x01, 0xa4, 0xbe, 0x27,
    0x03, 0x33, 0xd1, 0xe2, 0xc4, 0x27, 0x06, 0x1e, 0x01, 0x1e, 0x1e, 0x1e, 0x1f, 0xcb, 0x27, 0x02,
    0x1e, 0x1e, 0xce, 0x27, 0x07, 0x1e, 0x1e, 0x1e, 0x1e, 0x01, 0x01, 0x1f, 0xd6, 0x27, 0x02, 0xce,
    0xce, 0xdf, 0x27, 0x01, 0xa4, 0xe1, 0x27, 0x05, 0xa4, 0x33, 0x33, 0x33, 0x33, 0xe7, 0x27, 0x01,
    0x33, 0xea, 0x27, 0x02, 0xa4, 0xa4, 0xed, 0x27, 0x03, 0xa4, 0x3f, 0x3f, 0x19, 0x28, 0x0b, 0x05,
    0x0c, 0x5d, 0x5d, 0x3f, 0x9b, 0x58, 0x51, 0xc6, 0xa4, 0xc6, 0x26, 0x28, 0x06, 0xc6, 0x53, 0xc6,
    0xc6, 0x62, 0x31, 0x2d, 0x28, 0x05, 0x53, 0xf7, 0x53, 0x53, 0xf6, 0x33, 0x28, 0x03, 0x01, 0x01,
    0x97, 0x37, 0x28, 0x02, 0x33, 0x33, 0x3e, 0x28, 0x03, 0xd1, 0x75, 0xfd, 0x42, 0x28, 0x01, 0x1e,
    0x44, 0x28, 0x02, 0x01, 0x1e, 0x4c, 0x28, 0x02, 0x1e, 0x1e, 0x4f, 0x28, 0x05, 0x1e, 0x01, 0x01,
    0x01, 0x01, 0x55, 0x28, 0x03, 0x01, 0xce, 0xce, 0x5a, 0x28, 0x02, 0xa4, 0xa4, 0x5e, 0x28, 0x02,
    0xa4, 0xa4, 0x62, 0x28, 0x03, 0xa4, 0xa4, 0xa4, 0x67, 0x28, 0x05, 0xa4, 0x33, 0x33, 0x33, 0x33,
    0x6e, 0x28, 0x02, 0x33, 0x0c, 0x9f, 0x28, 0x06, 0x05, 0x0c, 0x5d, 0x5d, 0x3f, 0x58, 0xa8, 0x28,
    0x01, 0x62, 0xab, 0x28, 0x02, 0xc6, 0x62, 0xae, 0x28, 0x04, 0x31, 0xf7, 0x62, 0xf7, 0xb3, 0x28,
    0x08, 0xf7, 0xbc, 0x01, 0xbc, 0x01, 0x01, 0x48, 0x97, 0xbd, 0x28, 0x07, 0x33, 0xd1, 0xcf, 0x1e,
    0x1f, 0x01, 0x1e, 0xc5, 0x28, 0x03, 0x1e, 0x1e, 0x1e, 0xca, 0x28, 0x04, 0x1e, 0x1e, 0x1e, 0x1e,
    0xcf, 0x28, 0x03, 0x01, 0x01, 0x01, 0xd3, 0x28, 0x05, 0x01, 0x01, 0x01, 0xce, 0xcf, 0xdb, 0x28,
    0x01, 0xa4, 0xdd, 0x28, 0x01, 0x97, 0xdf, 0x28, 0x02, 0x97, 0xa4, 0xe5, 0x28, 0x03, 0xa4, 0xa4,
    0xa4, 0xe9, 0x28, 0x05, 0xa4, 0xa4, 0xa4, 0x33, 0x33, 0xef, 0x28, 0x01, 0x0c, 0x24, 0x29, 0x05,
    0x05, 0x0c, 0x5d, 0x5d, 0x9e, 0x2d, 0x29, 0x03, 0xc6, 0x62, 0xc6, 0x33, 0x29, 0x02, 0x31, 0x31,
    0x36, 0x29, 0x01, 0x53, 0x38, 0x29, 0x03, 0xbc, 0xf6, 0xf6, 0x3c, 0x29, 0x04, 0x01, 0x49, 0x6a,
    0x97, 0x43, 0x29, 0x04, 0x1e, 0x1e, 0x1e, 0x1e, 0x48, 0x29, 0x01, 0x1e, 0x4d, 0x29, 0x08, 0x01,
    0x01, 0x01, 0x01, 0x01, 0x01, 0x01, 0x01, 0x56, 0x29, 0x02, 0xcf, 0xcf, 0x5d, 0x29, 0x02, 0xa4,
    0xa4, 0x60, 0x29, 0x01, 0xa4, 0x6d, 0x29, 0x04, 0xa4, 0xa4, 0x9b, 0x0c, 0xa9, 0x29, 0x05, 0x05,
    0x0c, 0x5d, 0x58, 0x51, 0xaf, 0x29, 0x04, 0xc6, 0x62, 0xc6, 0x62, 0xb4, 0x29, 0x0c, 0xc6, 0x62,
    0x62, 0x31, 0x31, 0xc6, 0x53, 0xf7, 0xa4, 0xa5, 0xf6, 0xf6, 0xc3, 0x29, 0x01, 0x01, 0xc7, 0x29,
    0x01, 0xfc, 0xcc, 0x29, 0x03, 0x01, 0x01, 0x01, 0xd0, 0x29, 0x04, 0x01, 0x01, 0x01, 0x01, 0xd6,
    0x29, 0x02, 0xfc, 0xfc, 0xd9, 0x29, 0x01, 0x33, 0xdc, 0x29, 0x01, 0x33, 0xef, 0x29, 0x02, 0x33,
    0x3f, 0x2e, 0x2a, 0x05, 0x05, 0x0c, 0x5d, 0x9e, 0x51, 0x35, 0x2a, 0x03, 0xc6, 0xc6, 0x62, 0x39,
    0x2a, 0x07, 0xc6, 0x62, 0xc6, 0x31, 0xc6, 0xc6, 0x53, 0x44, 0x2a, 0x03, 0xf7, 0x19, 0x01, 0x48,
    0x2a, 0x03, 0x01, 0x97, 0x97, 0x4c, 0x2a, 0x01, 0xfd, 0x4f, 0x2a, 0x03, 0x01, 0x01, 0x01, 0x55,
    0x2a, 0x03, 0xfc, 0x6b, 0x6b, 0x59, 0x2a, 0x01, 0xa4, 0x5c, 0x2a, 0x05, 0xa4, 0x33, 0x33, 0x33,
    0x33, 0x70, 0x2a, 0x02, 0x3f, 0x0c, 0xb3, 0x2a, 0x05, 0x05, 0x0c, 0x58, 0x33, 0xc6, 0xba, 0x2a,
    0x01, 0x62, 0xbc, 0x2a, 0x01, 0x62, 0xc3, 0x2a, 0x0d, 0x31, 0xf7, 0xf7, 0xa4, 0xf7, 0x53, 0xf6,
    0xf6, 0xbc, 0x01, 0xec, 0x96, 0x97, 0xd1, 0x2a, 0x02, 0xfc, 0xfc, 0xd4, 0x2a, 0x04, 0x1e, 0xe2,
    0xcf, 0xcf, 0xdd, 0x2a, 0x08, 0xa4, 0xa4, 0xa4, 0xa4, 0x33, 0x33, 0x33, 0x33, 0xf0, 0x2a, 0x02,
    0x3f, 0x3f, 0x38, 0x2b, 0x03, 0x05, 0x0c, 0x58, 0x3d, 0x2b, 0x01, 0xc6, 0x42, 0x2b, 0x03, 0xa4,
    0x62, 0xc6, 0x46, 0x2b, 0x03, 0xc6, 0x31, 0x31, 0x4a, 0x2b, 0x0e, 0x53, 0x53, 0xf7, 0xbc, 0xf6,
    0xf6, 0x18, 0x01, 0x6a, 0x96, 0x33, 0xfc, 0x33, 0x33, 0x62, 0x2b, 0x01, 0xa4, 0x64, 0x2b, 0x04,
    0x97, 0x33, 0x33, 0x33, 0x70, 0x2b, 0x03, 0x33, 0x3f, 0x0c, 0xbd, 0x2b, 0x03, 0x05, 0x09, 0x51,
    0xc4, 0x2b, 0x01, 0xc6, 0xc7, 0x2b, 0x02, 0xa4, 0x62, 0xcb, 0x2b, 0x05, 0x62, 0x31, 0x53, 0xf7,
    0x53, 0xd1, 0x2b, 0x01, 0x18, 0xd3, 0x2b, 0x02, 0xf7, 0xa4, 0xd6, 0x2b, 0x08, 0x49, 0x6a, 0x96,
    0x97, 0xa4, 0x33, 0x33, 0x33, 0xe4, 0x2b, 0x02, 0xa4, 0xa4, 0xe7, 0x2b, 0x03, 0xa4, 0x97, 0x33,
    0xeb, 0x2b, 0x02, 0x33, 0x33, 0xf1, 0x2b, 0x02, 0x3f, 0x3f, 0x42, 0x2c, 0x03, 0x05, 0x09, 0x97,
    0x46, 0x2c, 0x01, 0x62, 0x4a, 0x2c, 0x05, 0xc6, 0xa4, 0x62, 0x62, 0xc6, 0x50, 0x2c, 0x07, 0x31,
    0x53, 0xf7, 0xa4, 0x53, 0x18, 0x19, 0x58, 0x2c, 0x07, 0xf6, 0xf7, 0xbf, 0x73, 0x96, 0x96, 0x96,
    0x60, 0x2c, 0x03, 0x33, 0x33, 0x33, 0x69, 0x2c, 0x02, 0xa4, 0xa4, 0x6c, 0x2c, 0x05, 0xa4, 0x97,
    0x33, 0xa4, 0x33, 0x72, 0x2c, 0x02, 0x3f, 0x0c, 0xc6, 0x2c, 0x05, 0x05, 0x0c, 0x58, 0x51, 0xc6,
    0xcc, 0x2c, 0x04, 0x62, 0xc6, 0xc6, 0x62, 0xd1, 0x2c, 0x14, 0x62, 0xc6, 0x62, 0xf7, 0x31, 0xc6,
    0x62, 0x31, 0xef, 0xf6, 0xf6, 0xa4, 0xa4, 0xbf, 0xcf, 0x97, 0x96, 0x96, 0x96, 0xa4, 0xe6, 0x2c,
    0x03, 0x33, 0x33, 0x33, 0xee, 0x2c, 0x02, 0xa4, 0xa4, 0xf1, 0x2c, 0x03, 0x97, 0x9b, 0x0c, 0x4a,
    0x2d, 0x05, 0x05, 0x0c, 0x5d, 0x58, 0x51, 0x50, 0x2d, 0x03, 0x62, 0xc6, 0xc6, 0x55, 0x2d, 0x02,
    0xc6, 0x62, 0x58, 0x2d, 0x09, 0x53, 0x31, 0xc6, 0x62, 0x62, 0xc6, 0xa5, 0x01, 0xf6, 0x62, 0x2d,
    0x08, 0xec, 0x9c, 0x69, 0xde, 0x96, 0x33, 0xa4, 0xa4, 0x6b, 0x2d, 0x03, 0x33, 0x33, 0x33, 0x71,
    0x2d, 0x04, 0xa4, 0x3f, 0x3f, 0x0c, 0xce, 0x2d, 0x06, 0x05, 0x0c, 0x9b, 0x5d, 0x58, 0x51, 0xd6,
    0x2d, 0x02, 0xc6, 0x62, 0xdb, 0x2d, 0x01, 0x62, 0xdd, 0x2d, 0x13, 0x53, 0xa4, 0xa4, 0x31, 0xde,
    0xc7, 0xf6, 0x53, 0xf7, 0x48, 0xcf, 0x97, 0x31, 0xde, 0x96, 0x96, 0xa5, 0xa4, 0xa4, 0xf1, 0x2d,
    0x01, 0x33, 0xf3, 0x2d, 0x02, 0x0c, 0x3f, 0x52, 0x2e, 0x07, 0x05, 0x0c, 0x5d, 0x5d, 0x5d, 0x58,
    0x51, 0x5a, 0x2e, 0x03, 0xc6, 0x62, 0xc6, 0x5e, 0x2e, 0x17, 0x62, 0xc6, 0x31, 0xf7, 0xa4, 0x62,
    0x62, 0xc6, 0xc7, 0xa5, 0x01, 0xf7, 0xbf, 0x6b, 0x3a, 0x31, 0xf7, 0x8f, 0x33, 0x97, 0xa5, 0x9b,
    0x9b, 0xd6, 0x2e, 0x0a, 0x05, 0x0c, 0x5d, 0x5d, 0x5d, 0x3f, 0x9e, 0x51, 0xc6, 0x62, 0xe4, 0x2e,
    0x02, 0x62, 0xc6, 0xe8, 0x2e, 0x0c, 0x31, 0xde, 0xc7, 0xc7, 0xc6, 0xf7, 0xbf, 0xcf, 0x97, 0x62,
    0x31, 0x6c, 0x5a, 0x2f, 0x0d, 0x05, 0x0c, 0x5d, 0x5d, 0x5d, 0x5d, 0x5d, 0x58, 0x97, 0x62, 0xc6,
    0x62, 0xc6, 0x68, 0x2f, 0x04, 0x31, 0x31, 0xc6, 0xa4, 0x6d, 0x2f, 0x07, 0xc6, 0xa5, 0x01, 0xc6,
    0xc6, 0x6c, 0x6c, 0xde, 0x2f, 0x0a, 0x05, 0x0c, 0x5d, 0x5d, 0x5d, 0x3f, 0x9b, 0x5d, 0x9e, 0x33,
    0xec, 0x2f, 0x08, 0x62, 0xc6, 0xa4, 0xa4, 0xf7, 0xbc, 0x5d, 0x5d, 0x62, 0x30, 0x0f, 0x05, 0x0c,
    0x5d, 0x5d, 0x5d, 0x5d, 0x5d, 0x5d, 0x5d, 0x58, 0x97, 0x62, 0xa4, 0xc6, 0xc6, 0x72, 0x30, 0x01,
    0x5d, 0xe6, 0x30, 0x0d, 0x05, 0x0c, 0x5d, 0x5d, 0x5d, 0x5d, 0x3f, 0x9b, 0x9b, 0x5d, 0x9e, 0x0c,
    0x5d, 0x6a, 0x31, 0x07, 0x05, 0x0c, 0x5d, 0x5d, 0x5d, 0x5d, 0x5d, 0xee, 0x31, 0x02, 0x05, 0x0c,
    0xae, 0x18, 0x03, 0x0c, 0xf0, 0x0c, 0xb2, 0x18, 0x01, 0x0c, 0xb7, 0x18, 0x01, 0x0c, 0x2c, 0x19,
    0x01, 0x0c, 0x2e, 0x19, 0x01, 0xfc, 0x33, 0x19, 0x03, 0x01, 0x01, 0x01, 0x37, 0x19, 0x03, 0xfc,
    0xcf, 0x0c, 0x3c, 0x19, 0x01, 0x0c, 0x40, 0x19, 0x02, 0x0c, 0x0c, 0xaa, 0x19, 0x01, 0x0c, 0xac,
    0x19, 0x01, 0xfc, 0xb0, 0x19, 0x03, 0x01, 0x01, 0x1f, 0xb6, 0x19, 0x01, 0xe2, 0xb8, 0x19, 0x02,
    0xfd, 0x33, 0xc1, 0x19, 0x02, 0x33, 0x0c, 0xc5, 0x19, 0x02, 0x0c, 0x0c, 0xc9, 0x19, 0x04, 0x0c,
    0x0c, 0x0c, 0x0c, 0x29, 0x1a, 0x01, 0x0c, 0x2b, 0x1a, 0x01, 0x33, 0x2d, 0x1a, 0x05, 0xfc, 0xe2,
    0xe2, 0xfc, 0x1e, 0x33, 0x1a, 0x01, 0x01, 0x35, 0x1a, 0x02, 0x01, 0xcf, 0x38, 0x1a, 0x01, 0xa4,
    0x3a, 0x1a, 0x04, 0x33, 0xa4, 0xa4, 0xa4, 0x3f, 0x1a, 0x04, 0x97, 0x33, 0xfc, 0x01, 0x47, 0x1a,
    0x01, 0x01, 0x49, 0x1a, 0x0e, 0x01, 0xf0, 0xee, 0x3f, 0x0c, 0x0c, 0x0c, 0x0c, 0x0c, 0x0c, 0x0c,
    0x0c, 0x0c, 0x0c, 0xa7, 0x1a, 0x02, 0x0c, 0x33, 0xb1, 0x1a, 0x03, 0x33, 0xfc, 0xfc, 0xb5, 0x1a,
    0x06, 0x33, 0x33, 0x97, 0xa4, 0x33, 0x33, 0xbf, 0x1a, 0x02, 0x33, 0xfc, 0xc4, 0x1a, 0x01, 0x01,
    0xc6, 0x1a, 0x04, 0x01, 0x1f, 0x1e, 0x1e, 0xcb, 0x1a, 0x02, 0xe2, 0xd1, 0xd3, 0x1a, 0x08, 0x3f,
    0x3f, 0x3f, 0x33, 0x33, 0x0c, 0x0c, 0x0c, 0xdd, 0x1a, 0x05, 0x0c, 0x0c, 0x0c, 0x0c, 0x0c, 0x25,
    0x1b, 0x02, 0x0c, 0x33, 0x28, 0x1b, 0x01, 0xa4, 0x2b, 0x1b, 0x01, 0xa4, 0x2d, 0x1b, 0x01, 0x33,
    0x2f, 0x1b, 0x02, 0x33, 0x33, 0x32, 0x1b, 0x02, 0xfd, 0x6b, 0x37, 0x1b, 0x05, 0x1e, 0xcf, 0xce,
    0x33, 0x33, 0x3f, 0x1b, 0x02, 0xe2, 0x1e, 0x43, 0x1b, 0x01, 0x1f, 0x45, 0x1b, 0x01, 0x1e, 0x47,
    0x1b, 0x06, 0x1e, 0x1e, 0x1f, 0x1f, 0xce, 0xa4, 0x4e, 0x1b, 0x06, 0xa4, 0xa4, 0x33, 0xa4, 0x33,
    0x33, 0x55, 0x1b, 0x05, 0x33, 0x33, 0xa4, 0xce, 0x01, 0x5c, 0x1b, 0x09, 0x1e, 0xf0, 0xf0, 0xfd,
    0xfd, 0xfc, 0xfc, 0xf0, 0x0c, 0xa3, 0x1b, 0x01, 0x0c, 0xa5, 0x1b, 0x02, 0x33, 0x33, 0xb0, 0x1b,
    0x03, 0x33, 0xfc, 0x6b, 0xb6, 0x1b, 0x07, 0x01, 0x01, 0x01, 0x1f, 0x01, 0x1e, 0x1e, 0xbe, 0x1b,
    0x01, 0x33, 0xc0, 0x1b, 0x03, 0xcf, 0xcf, 0xd1, 0xc7, 0x1b, 0x01, 0xfc, 0xc9, 0x1b, 0x02, 0x01,
    0xfc, 0xcd, 0x1b, 0x01, 0x33, 0xcf, 0x1b, 0x02, 0xa4, 0xa4, 0xd8, 0x1b, 0x01, 0xfc, 0xdd, 0x1b,
    0x02, 0x01, 0x01, 0xe0, 0x1b, 0x01, 0x1f, 0xe2, 0x1b, 0x01, 0x1e, 0xe4, 0x1b, 0x02, 0x1e, 0x0c,
    0x21, 0x1c, 0x01, 0x0c, 0x23, 0x1c, 0x01, 0xfc, 0x25, 0x1c, 0x05, 0x33, 0x33, 0x33, 0xa4, 0x33,
    0x30, 0x1c, 0x01, 0xcf, 0x33, 0x1c, 0x01, 0x01, 0x36, 0x1c, 0x03, 0x1f, 0x1f, 0x1f, 0x3c, 0x1c,
    0x04, 0x1f, 0x75, 0x75, 0xa4, 0x41, 0x1c, 0x01, 0x33, 0x47, 0x1c, 0x03, 0xcf, 0xfc, 0xcf, 0x4b,
    0x1c, 0x02, 0xfc, 0xe2, 0x4f, 0x1c, 0x01, 0x33, 0x52, 0x1c, 0x01, 0x33, 0x57, 0x1c, 0x02, 0x33,
    0xfc, 0x5b, 0x1c, 0x01, 0x01, 0x5d, 0x1c, 0x03, 0x01, 0x1f, 0x1f, 0x61, 0x1c, 0x02, 0x1e, 0x1e,
    0x64, 0x1c, 0x02, 0x1f, 0xe2, 0x9f, 0x1c, 0x02, 0x0c, 0xfc, 0xa3, 0x1c, 0x01, 0x1e, 0xa8, 0x1c,
    0x05, 0xfc, 0x33, 0x33, 0x33, 0x33, 0xae, 0x1c, 0x02, 0xe2, 0xd1, 0xb1, 0x1c, 0x07, 0x1e, 0x1f,
    0x1e, 0x1f, 0x1e, 0x1e, 0x1e, 0xb9, 0x1c, 0x05, 0x1f, 0x01, 0x1e, 0xcf, 0xce, 0xbf, 0x1c, 0x01,
    0xa4, 0xc1, 0x1c, 0x05, 0xa4, 0x33, 0xa4, 0xa4, 0xa4, 0xc9, 0x1c, 0x02, 0x33, 0xfc, 0xcc, 0x1c,
    0x01, 0x1e, 0xcf, 0x1c, 0x0e, 0xcf, 0xce, 0xce, 0xfc, 0xfc, 0xfc, 0xfc, 0x33, 0x97, 0xfc, 0xfc,
    0xfc, 0x01, 0x1e, 0xde, 0x1c, 0x01, 0x1e, 0xe0, 0x1c, 0x06, 0x1e, 0x1e, 0x1f, 0x01, 0x01, 0x01,
    0x24, 0x1d, 0x02, 0x01, 0x01, 0x27, 0x1d, 0x02, 0x01, 0x01, 0x2a, 0x1d, 0x01, 0x1e, 0x2d, 0x1d,
    0x05, 0xcf, 0xd1, 0xcf, 0xcf, 0xfc, 0x36, 0x1d, 0x07, 0x01, 0x01, 0x01, 0x01, 0x01, 0xfd, 0xcf,
    0x3f, 0x1d, 0x02, 0xa4, 0x33, 0x48, 0x1d, 0x02, 0xa4, 0xfc, 0x4e, 0x1d, 0x02, 0x01, 0x01, 0x51,
    0x1d, 0x02, 0x01, 0x1f, 0x54, 0x1d, 0x02, 0x1e, 0x1e, 0x57, 0x1d, 0x0d, 0xfc, 0xd1, 0xcf, 0x33,
    0x33, 0x33, 0xd1, 0xcf, 0xe2, 0xfc, 0xfc, 0xfd, 0xfd, 0x66, 0x1d, 0x01, 0x0c, 0xa0, 0x1d, 0x01,
    0x01, 0xa3, 0x1d, 0x02, 0x1e, 0x1f, 0xa7, 0x1d, 0x01, 0x1e, 0xa9, 0x1d, 0x03, 0x1e, 0x1f, 0xe2,
    0xb4, 0x1d, 0x05, 0xcf, 0xce, 0xce, 0x01, 0x1e, 0xbc, 0x1d, 0x01, 0x97, 0xbf, 0x1d, 0x03, 0x33,
    0x97, 0xa4, 0xc4, 0x1d, 0x02, 0x33, 0x33, 0xc8, 0x1d, 0x01, 0x33, 0xca, 0x1d, 0x02, 0x1e, 0x01,
    0xce, 0x1d, 0x03, 0x01, 0x1f, 0x1f, 0xd2, 0x1d, 0x05, 0x1e, 0x1e, 0x1e, 0x1f, 0x1f, 0xd9, 0x1d,
    0x01, 0xa4, 0xdb, 0x1d, 0x02, 0x33, 0x33, 0xdf, 0x1d, 0x07, 0xcf, 0xce, 0x33, 0x33, 0x33, 0x97,
    0xcf, 0x1b, 0x1e, 0x02, 0x1e, 0x1f, 0x1f, 0x1e, 0x02, 0x1e, 0x1f, 0x22, 0x1e, 0x01, 0x1e, 0x24,
    0x1e, 0x01, 0x1e, 0x26, 0x1e, 0x02, 0x1f, 0x01, 0x2c, 0x1e, 0x01, 0xa4, 0x2e, 0x1e, 0x01, 0x97,
    0x30, 0x1e, 0x01, 0x33, 0x37, 0x1e, 0x02, 0x33, 0x33, 0x3b, 0x1e, 0x06, 0xcf, 0xcf, 0xd1, 0xcf,
    0xfc, 0xfc, 0x42, 0x1e, 0x05, 0x97, 0x97, 0x33, 0x33, 0x33, 0x48, 0x1e, 0x01, 0xe2, 0x4a, 0x1e,
    0x01, 0x01, 0x51, 0x1e, 0x04, 0x1e, 0x1e, 0x1e, 0x1e, 0x58, 0x1e, 0x05, 0xa4, 0xa4, 0xa4, 0x97,
    0xa4, 0x5f, 0x1e, 0x03, 0xa4, 0xa4, 0xa4, 0x63, 0x1e, 0x02, 0x97, 0x33, 0x66, 0x1e, 0x01, 0x33,
    0x97, 0x1e, 0x01, 0x0c, 0x99, 0x1e, 0x05, 0x1e, 0xfc, 0xe2, 0xe2, 0x1e, 0x9f, 0x1e, 0x02, 0x1e,
    0x1e, 0xa8, 0x1e, 0x01, 0xcf, 0xab, 0x1e, 0x01, 0xa4, 0xb3, 0x1e, 0x01, 0x33, 0xb6, 0x1e, 0x06,
    0xa4, 0x97, 0xa4, 0x01, 0x01, 0x1e, 0xc6, 0x1e, 0x01, 0xe2, 0xc8, 0x1e, 0x07, 0x33, 0xcf, 0xfc,
    0xe2, 0xe2, 0xfc, 0x1e, 0xd1, 0x1e, 0x07, 0x1e, 0x01, 0x01, 0x01, 0x01, 0x01, 0x33, 0xda, 0x1e,
    0x01, 0xa4, 0xdd, 0x1e, 0x01, 0xa4, 0xdf, 0x1e, 0x01, 0x33, 0xe3, 0x1e, 0x02, 0xa4, 0x33, 0xe7,
    0x1e, 0x01, 0x0c, 0x1c, 0x1f, 0x07, 0x33, 0x33, 0x33, 0xfd, 0xfd, 0xfc, 0x01, 0x27, 0x1f, 0x05,
    0x97, 0x33, 0x33, 0x33, 0x33, 0x35, 0x1f, 0x03, 0xa4, 0xa4, 0x33, 0x41, 0x1f, 0x01, 0x1e, 0x46,
    0x1f, 0x01, 0xd1, 0x4c, 0x1f, 0x0a, 0x33, 0x33, 0x33, 0x33, 0xce, 0xce, 0xfd, 0xfc, 0xfc, 0xfc,
    0x57, 0x1f, 0x01, 0x33, 0x5b, 0x1f, 0x05, 0xa4, 0xa4, 0xa4, 0xa4, 0x33, 0x63, 0x1f, 0x03, 0xa4,
    0xa4, 0x33, 0x67, 0x1f, 0x01, 0x0c, 0x95, 0x1f, 0x01, 0x33, 0xa2, 0x1f, 0x02, 0x33, 0x33, 0xa6,
    0x1f, 0x01, 0x33, 0xac, 0x1f, 0x01, 0xa4, 0xbb, 0x1f, 0x02, 0x01, 0x01, 0xbe, 0x1f, 0x01, 0x1f,
    0xc4, 0x1f, 0x02, 0x1e, 0x1f, 0xc8, 0x1f, 0x03, 0x33, 0x33, 0x33, 0xd3, 0x1f, 0x0a, 0x33, 0x97,
    0x97, 0xcf, 0xcf, 0xcf, 0xce, 0x33, 0x97, 0x33, 0xde, 0x1f, 0x01, 0x33, 0xe4, 0x1f, 0x02, 0xa4,
    0xa4, 0xe7, 0x1f, 0x01, 0x33, 0x12, 0x20, 0x02, 0x97, 0xa4, 0x16, 0x20, 0x04, 0x97, 0x97, 0x33,
    0x33, 0x20, 0x20, 0x02, 0x33, 0x97, 0x26, 0x20, 0x04, 0x1e, 0x1e, 0xe2, 0xfc, 0x2b, 0x20, 0x01,
    0x33, 0x2f, 0x20, 0x03, 0xa4, 0xa4, 0x33, 0x34, 0x20, 0x02, 0x33, 0x33, 0x38, 0x20, 0x05, 0x1e,
    0x01, 0x01, 0x01, 0x1f, 0x42, 0x20, 0x04, 0x1e, 0x1f, 0x01, 0x6b, 0x47, 0x20, 0x01, 0xa4, 0x49,
    0x20, 0x02, 0x33, 0x33, 0x4c, 0x20, 0x01, 0xa4, 0x4e, 0x20, 0x02, 0x33, 0x33, 0x51, 0x20, 0x01,
    0x33, 0x53, 0x20, 0x01, 0x33, 0x56, 0x20, 0x13, 0x33, 0x01, 0x01, 0xfc, 0xfc, 0xfc, 0xfc, 0xcf,
    0xcf, 0x6b, 0xcf, 0xfd, 0xce, 0x33, 0x33, 0x33, 0x33, 0x33, 0x0c, 0x90, 0x20, 0x02, 0x0c, 0x33,
    0x97, 0x20, 0x03, 0xa4, 0xa4, 0x33, 0x9b, 0x20, 0x01, 0x33, 0x9e, 0x20, 0x01, 0x33, 0xa0, 0x20,
    0x04, 0xa4, 0x33, 0xfd, 0x01, 0xac, 0x20, 0x03, 0x01, 0x01, 0x33, 0xb3, 0x20, 0x05, 0x97, 0xfc,
    0x1e, 0x1e, 0x01, 0xba, 0x20, 0x01, 0x1e, 0xbe, 0x20, 0x01, 0x1e, 0xc2, 0x20, 0x01, 0x1f, 0xc4,
    0x20, 0x02, 0xce, 0x33, 0xc8, 0x20, 0x03, 0xa4, 0xa4, 0xa4, 0xcc, 0x20, 0x03, 0x33, 0x97, 0xa4,
    0xd0, 0x20, 0x04, 0x33, 0x33, 0x97, 0x33, 0xd6, 0x20, 0x02, 0x33, 0x01, 0xdf, 0x20, 0x0a, 0xce,
    0xfd, 0xfd, 0xfc, 0xcf, 0xcf, 0x6b, 0xe2, 0xcf, 0xee, 0x0e, 0x21, 0x02, 0x0c, 0x33, 0x12, 0x21,
    0x01, 0xa4, 0x14, 0x21, 0x02, 0x97, 0xa4, 0x1c, 0x21, 0x01, 0xa4, 0x20, 0x21, 0x01, 0xfc, 0x29,
    0x21, 0x01, 0x01, 0x2c, 0x21, 0x02, 0x01, 0x01, 0x30, 0x21, 0x01, 0x1e, 0x32, 0x21, 0x03, 0xfc,
    0xe2, 0xe2, 0x36, 0x21, 0x07, 0xfc, 0xe2, 0x1e, 0x1e, 0x1e, 0x1e, 0x1e, 0x3f, 0x21, 0x01, 0x01,
    0x44, 0x21, 0x01, 0xfc, 0x47, 0x21, 0x05, 0xa4, 0xa4, 0x97, 0x97, 0xa4, 0x4e, 0x21, 0x02, 0xa4,
    0xa4, 0x53, 0x21, 0x02, 0x33, 0xa4, 0x56, 0x21, 0x01, 0xfd, 0x5c, 0x21, 0x01, 0x01, 0x62, 0x21,
    0x01, 0x01, 0x65, 0x21, 0x05, 0xcf, 0xfc, 0xe2, 0xee, 0xee, 0x8c, 0x21, 0x02, 0x0c, 0x97, 0x8f,
    0x21, 0x01, 0x33, 0x91, 0x21, 0x02, 0x33, 0x97, 0x9e, 0x21, 0x02, 0x33, 0xfc, 0xa7, 0x21, 0x02,
    0x01, 0x01, 0xab, 0x21, 0x02, 0x01, 0x01, 0xb0, 0x21, 0x03, 0x1e, 0xe2, 0x33, 0xb8, 0x21, 0x06,
    0xcf, 0x33, 0xfc, 0xfc, 0xfd, 0xfd, 0xc3, 0x21, 0x01, 0xfc, 0xc5, 0x21, 0x01, 0xa4, 0xc7, 0x21,
    0x03, 0x33, 0x33, 0x33, 0xd5, 0x21, 0x02, 0xa4, 0xcf, 0xde, 0x21, 0x01, 0x01, 0xe2, 0x21, 0x02,
    0x01, 0x1e, 0xe5, 0x21, 0x05, 0x1e, 0x1e, 0x1e, 0xe2, 0x0c, 0x0a, 0x22, 0x02, 0x0c, 0x33, 0x0d,
    0x22, 0x04, 0x33, 0x33, 0x33, 0x33, 0x12, 0x22, 0x02, 0xa4, 0x33, 0x29, 0x22, 0x03, 0x1e, 0x1e,
    0x1e, 0x2d, 0x22, 0x01, 0x1e, 0x2f, 0x22, 0x03, 0x1e, 0xfc, 0x33, 0x3d, 0x22, 0x03, 0xcf, 0x33,
    0x33, 0x41, 0x22, 0x02, 0xfc, 0xfc, 0x47, 0x22, 0x02, 0xa4, 0xa4, 0x4a, 0x22, 0x03, 0x33, 0xa4,
    0x33, 0x55, 0x22, 0x02, 0x33, 0xcf, 0x5c, 0x22, 0x01, 0x01, 0x5e, 0x22, 0x01, 0x01, 0x60, 0x22,
    0x03, 0x1f, 0x1e, 0x1e, 0x64, 0x22, 0x02, 0x1e, 0x1e, 0x68, 0x22, 0x02, 0xe2, 0xf0, 0x89, 0x22,
    0x03, 0x0c, 0xa5, 0xa5, 0x8d, 0x22, 0x02, 0x33, 0x33, 0x91, 0x22, 0x04, 0xa4, 0xa4, 0x33, 0x97,
    0x97, 0x22, 0x01, 0x33, 0x9b, 0x22, 0x02, 0x33, 0xfc, 0xa4, 0x22, 0x01, 0x01, 0xa6, 0x22, 0x04,
    0x1e, 0x1e, 0x1e, 0x1e, 0xaf, 0x22, 0x01, 0xe2, 0xb1, 0x22, 0x01, 0x33, 0xc2, 0x22, 0x01, 0x33,
    0xc4, 0x22, 0x07, 0xfc, 0xfd, 0xcf, 0x33, 0x33, 0x33, 0xa4, 0xcd, 0x22, 0x03, 0x33, 0xa4, 0xa4,
    0xd2, 0x22, 0x02, 0x33, 0x33, 0xd5, 0x22, 0x02, 0x33, 0xcf, 0xdb, 0x22, 0x06, 0x01, 0x01, 0x01,
    0x1e, 0x1f, 0x1e, 0xe3, 0x22, 0x01, 0x1e, 0xe8, 0x22, 0x03, 0x1f, 0xf1, 0x0c, 0x08, 0x23, 0x0c,
    0x0c, 0x3f, 0x3f, 0xa4, 0x53, 0xbc, 0xa4, 0xa4, 0xa4, 0x97, 0x33, 0x33, 0x18, 0x23, 0x04, 0xa4,
    0x33, 0x33, 0xfc, 0x1d, 0x23, 0x04, 0x1e, 0x1f, 0x01, 0x01, 0x22, 0x23, 0x03, 0x1e, 0x1f, 0x1e,
    0x28, 0x23, 0x01, 0x1e, 0x2a, 0x23, 0x02, 0x1e, 0x1e, 0x2e, 0x23, 0x03, 0xfc, 0x97, 0xa4, 0x32,
    0x23, 0x05, 0xa4, 0x33, 0x33, 0x33, 0x33, 0x3f, 0x23, 0x04, 0xa4, 0x33, 0x6b, 0xcf, 0x44, 0x23,
    0x01, 0x1e, 0x46, 0x23, 0x0d, 0x1e, 0xd1, 0xfc, 0xfc, 0xfc, 0xcf, 0xcf, 0x33, 0x33, 0x97, 0xa4,
    0xa4, 0x33, 0x55, 0x23, 0x02, 0xcf, 0xfc, 0x59, 0x23, 0x02, 0x01, 0x01, 0x5d, 0x23, 0x01, 0x1e,
    0x5f, 0x23, 0x01, 0x1e, 0x61, 0x23, 0x01, 0x1e, 0x63, 0x23, 0x08, 0x1e, 0x1e, 0x1e, 0x1f, 0x1f,
    0x01, 0xf1, 0x0c, 0x88, 0x23, 0x06, 0x9a, 0x9a, 0x9b, 0x8e, 0x51, 0x51, 0x8f, 0x23, 0x07, 0xa4,
    0x53, 0xbc, 0xa4, 0xa4, 0x33, 0x33, 0x98, 0x23, 0x06, 0x33, 0xe2, 0x1e, 0x1f, 0x1e, 0x01, 0x9f,
    0x23, 0x03, 0x1e, 0x1e, 0x1e, 0xa4, 0x23, 0x01, 0x1e, 0xa7, 0x23, 0x01, 0x1e, 0xa9, 0x23, 0x02,
    0x01, 0x01, 0xad, 0x23, 0x02, 0xfd, 0x33, 0xb4, 0x23, 0x03, 0xa4, 0x33, 0xa4, 0xb8, 0x23, 0x02,
    0x33, 0x33, 0xbd, 0x23, 0x06, 0xa4, 0xa4, 0xa4, 0xa4, 0x33, 0xfd, 0xc5, 0x23, 0x01, 0x1e, 0xcd,
    0x23, 0x0b, 0xfd, 0xfd, 0xfd, 0xcf, 0xcf, 0xcf, 0x33, 0x97, 0xfc, 0xe2, 0x1e, 0xde, 0x23, 0x01,
    0x1e, 0xe2, 0x23, 0x01, 0x1e, 0xe5, 0x23, 0x02, 0x1e, 0x1f, 0xe8, 0x23, 0x03, 0x01, 0xf1, 0xf0,
    0x09, 0x24, 0x06, 0x9b, 0x3f, 0x6c, 0x62, 0xc7, 0xa5, 0x10, 0x24, 0x03, 0x51, 0x60, 0x33, 0x14,
    0x24, 0x04, 0x53, 0xa5, 0xa4, 0xa4, 0x19, 0x24, 0x03, 0xe2, 0x1e, 0x01, 0x1d, 0x24, 0x03, 0x1e,
    0x1e, 0x1e, 0x21, 0x24, 0x01, 0x1e, 0x23, 0x24, 0x08, 0x1e, 0x1e, 0x1e, 0x1e, 0x01, 0x1f, 0x1f,
    0x01, 0x2c, 0x24, 0x02, 0xe2, 0x33, 0x30, 0x24, 0x01, 0xa4, 0x33, 0x24, 0x0a, 0xa4, 0xa4, 0xa4,
    0xa4, 0x33, 0x97, 0xa4, 0x97, 0xa4, 0xa4, 0x3e, 0x24, 0x02, 0xa4, 0x97, 0x41, 0x24, 0x02, 0xcf,
    0x01, 0x4a, 0x24, 0x01, 0x01, 0x4e, 0x24, 0x01, 0x01, 0x52, 0x24, 0x0a, 0xfc, 0xe2, 0xe2, 0x1e,
    0xe2, 0xcf, 0xcf, 0xfc, 0xfc, 0xe2, 0x5e, 0x24, 0x01, 0x1e, 0x64, 0x24, 0x01, 0x01, 0x68, 0x24,
    0x04, 0x01, 0xfc, 0xf0, 0x0c, 0x89, 0x24, 0x16, 0x5d, 0x5d, 0x5d, 0x60, 0x31, 0xc6, 0xa4, 0x31,
    0xbc, 0xa5, 0xc7, 0xf7, 0x60, 0x33, 0x82, 0x73, 0x6a, 0x6a, 0x1e, 0xfc, 0xe2, 0x1e, 0xa0, 0x24,
    0x03, 0x1e, 0x1e, 0x1e, 0xa4, 0x24, 0x04, 0x1f, 0x1f, 0x01, 0x01, 0xab, 0x24, 0x02, 0x01, 0xce,
    0xb0, 0x24, 0x02, 0xa4, 0x97, 0xb3, 0x24, 0x01, 0xa4, 0xb8, 0x24, 0x01, 0xa4, 0xba, 0x24, 0x04,
    0xa4, 0xa4, 0x33, 0x33, 0xc0, 0x24, 0x02, 0x6b, 0xfc, 0xc9, 0x24, 0x01, 0x01, 0xd3, 0x24, 0x0f,
    0x1e, 0xfc, 0xd1, 0x33, 0x33, 0x33, 0x33, 0xcf, 0xd1, 0xcf, 0xcf, 0xcf, 0xfc, 0xfc, 0xfc, 0xe9,
    0x24, 0x03, 0xfc, 0xf0, 0xf0, 0x0a, 0x25, 0x06, 0x5d, 0x5d, 0x9b, 0x3f, 0x5d, 0x58, 0x11, 0x25,
    0x02, 0x62, 0x31, 0x14, 0x25, 0x11, 0xf7, 0x62, 0xa5, 0xc7, 0xf6, 0xf7, 0x33, 0x60, 0x6b, 0x6a,
    0x6b, 0x1e, 0xfc, 0xfc, 0x01, 0x01, 0x01, 0x27, 0x25, 0x06, 0x01, 0x01, 0x01, 0x01, 0xfc, 0x33,
    0x3d, 0x25, 0x01, 0xa4, 0x3f, 0x25, 0x02, 0x33, 0xcf, 0x45, 0x25, 0x01, 0x01, 0x4a, 0x25, 0x01,
    0x01, 0x4e, 0x25, 0x04, 0x01, 0x1e, 0x1e, 0x1e, 0x53, 0x25, 0x04, 0x1e, 0xe2, 0xd1, 0x33, 0x5c,
    0x25, 0x0c, 0x33, 0x33, 0x33, 0xcf, 0xcf, 0xce, 0xce, 0xce, 0xce, 0xfc, 0xfc, 0xfc, 0x6a, 0x25,
    0x03, 0xee, 0xf0, 0xf0, 0x8a, 0x25, 0x09, 0x05, 0x5d, 0x5d, 0x3f, 0x5d, 0x5d, 0x5d, 0x3f, 0x58,
    0x95, 0x25, 0x02, 0x62, 0x53, 0x98, 0x25, 0x05, 0x31, 0x31, 0xde, 0xc7, 0xa4, 0x9e, 0x25, 0x08,
    0xbf, 0x60, 0x33, 0x6b, 0x01, 0x01, 0xfd, 0x01, 0xaa, 0x25, 0x02, 0x6b, 0xa4, 0xad, 0x25, 0x06,
    0xa4, 0xa4, 0xa4, 0x33, 0x33, 0x33, 0xbf, 0x25, 0x02, 0xcf, 0xfc, 0xcd, 0x25, 0x01, 0x1e, 0xcf,
    0x25, 0x01, 0x1e, 0xd4, 0x25, 0x03, 0xd1, 0xd1, 0x33, 0xe1, 0x25, 0x0c, 0xce, 0x33, 0x33, 0xcf,
    0xcf, 0xcf, 0xcf, 0xcf, 0xcf, 0x3f, 0x0c, 0x0c, 0x0e, 0x26, 0x09, 0x05, 0x0c, 0x5d, 0x5d, 0x5d,
    0x5d, 0x5d, 0x9b, 0x51, 0x1a, 0x26, 0x07, 0x31, 0xf7, 0xa4, 0xc6, 0x31, 0xf6, 0xf6, 0x22, 0x26,
    0x04, 0xf7, 0x8f, 0x96, 0x33, 0x27, 0x26, 0x03, 0xfc, 0xe2, 0xcf, 0x30, 0x26, 0x01, 0xa4, 0x32,
    0x26, 0x04, 0xa4, 0xa4, 0x33, 0x33, 0x3e, 0x26, 0x02, 0xcf, 0xcf, 0x46, 0x26, 0x01, 0x01, 0x48,
    0x26, 0x05, 0x01, 0x01, 0x01, 0x1e, 0x1e, 0x4e, 0x26, 0x01, 0x1e, 0x54, 0x26, 0x03, 0xd1, 0xd1,
    0x33, 0x58, 0x26, 0x02, 0x33, 0x33, 0x66, 0x26, 0x07, 0xcf, 0x33, 0x33, 0xcf, 0x33, 0x3f, 0x3f,
    0x93, 0x26, 0x08, 0x05, 0x5d, 0x5d, 0x9b, 0x5d, 0x5d, 0x9e, 0x62, 0x9d, 0x26, 0x0d, 0xc6, 0x31,
    0x53, 0xc6, 0xf7, 0xc6, 0xf6, 0x01, 0xa4, 0xf7, 0x6a, 0x96, 0x96, 0xab, 0x26, 0x02, 0x33, 0x33,
    0xb2, 0x26, 0x01, 0xa4, 0xb4, 0x26, 0x03, 0x33, 0x97, 0xa4, 0xb9, 0x26, 0x02, 0x33, 0x33, 0xbd,
    0x26, 0x03, 0x33, 0xcf, 0xfc, 0xc4, 0x26, 0x01, 0x01, 0xc6, 0x26, 0x01, 0x01, 0xc8, 0x26, 0x02,
    0x01, 0x1f, 0xd3, 0x26, 0x04, 0xfc, 0xe2, 0xfc, 0x97, 0xd8, 0x26, 0x02, 0xa4, 0xa4, 0xdc, 0x26,
    0x02, 0x33, 0x33, 0xea, 0x26, 0x04, 0x33, 0x3f, 0x3f, 0x3f, 0x17, 0x27, 0x08, 0x05, 0x5d, 0x5d,
    0x5d, 0x5d, 0x5d, 0x33, 0x62, 0x21, 0x27, 0x01, 0x62, 0x23, 0x27, 0x04, 0x31, 0xc6, 0x53, 0xf7,
    0x28, 0x27, 0x09, 0xf6, 0xf6, 0xf6, 0x01, 0x01, 0x97, 0x33, 0x33, 0x33, 0x36, 0x27, 0x01, 0xa4,
    0x39, 0x27, 0x03, 0x33, 0xa4, 0xa4, 0x3d, 0x27, 0x02, 0xcf, 0xfc, 0x40, 0x27, 0x03, 0x1e, 0x1e,
    0x01, 0x44, 0x27, 0x01, 0x01, 0x46, 0x27, 0x02, 0x01, 0x1e, 0x4d, 0x27, 0x0a, 0x1e, 0x1e, 0x1e,
    0x1e, 0x1e, 0x1f, 0xe2, 0x6a, 0x6b, 0xa4, 0x59, 0x27, 0x02, 0x33, 0x33, 0x5c, 0x27, 0x02, 0xa4,
    0xa4, 0x5f, 0x27, 0x01, 0x33, 0x69, 0x27, 0x05, 0xa4, 0x33, 0x0c, 0x3f, 0x0c, 0x9b, 0x27, 0x09,
    0x05, 0x0c, 0x3f, 0x5d, 0x5d, 0x58, 0x51, 0xc6, 0xc6, 0xa6, 0x27, 0x05, 0xc6, 0x31, 0xc6, 0x31,
    0x53, 0xac, 0x27, 0x03, 0x18, 0xa5, 0xbc, 0xb0, 0x27, 0x03, 0x01, 0xec, 0x33, 0xb4, 0x27, 0x01,
    0x33, 0xb9, 0x27, 0x06, 0xa4, 0xa4, 0x33, 0x33, 0x6b, 0xe2, 0xc0, 0x27, 0x01, 0x1f, 0xc4, 0x27,
    0x02, 0x1e, 0x1e, 0xcc, 0x27, 0x02, 0x1e, 0x1e, 0xcf, 0x27, 0x03, 0x1e, 0x1f, 0x01, 0xd3, 0x27,
    0x03, 0xfd, 0xce, 0xce, 0xda, 0x27, 0x02, 0xa4, 0xa4, 0xdd, 0x27, 0x01, 0x33, 0xdf, 0x27, 0x01,
    0xa4, 0xe2, 0x27, 0x02, 0x33, 0x33, 0xe6, 0x27, 0x08, 0xa4, 0x33, 0x33, 0x33, 0xa4, 0x9b, 0x9b,
    0x3f, 0x1f, 0x28, 0x06, 0x05, 0x0c, 0x5d, 0x9b, 0x5d, 0x58, 0x27, 0x28, 0x01, 0x62, 0x2a, 0x28,
    0x01, 0x62, 0x2c, 0x28, 0x05, 0x31, 0x53, 0xf7, 0xa4, 0x53, 0x32, 0x28, 0x01, 0xa5, 0x34, 0x28,
    0x03, 0x01, 0xa4, 0x33, 0x38, 0x28, 0x01, 0x33, 0x3b, 0x28, 0x06, 0x33, 0xd1, 0xd1, 0x1f, 0x1f,
    0x01, 0x44, 0x28, 0x01, 0x1e, 0x46, 0x28, 0x02, 0x1e, 0x1e, 0x4a, 0x28, 0x04, 0x1e, 0x1e, 0x1e,
    0x1e, 0x50, 0x28, 0x02, 0x1f, 0x1f, 0x53, 0x28, 0x03, 0xce, 0xce, 0xcf, 0x5a, 0x28, 0x02, 0xa4,
    0xa4, 0x5d, 0x28, 0x01, 0xa4, 0x5f, 0x28, 0x02, 0x33, 0x33, 0x62, 0x28, 0x02, 0xa4, 0xa4, 0x65,
    0x28, 0x01, 0xa4, 0x67, 0x28, 0x03, 0xa4, 0x97, 0x97, 0x6b, 0x28, 0x04, 0x3f, 0x3f, 0x3f, 0x0c,
    0xa4, 0x28, 0x04, 0x05, 0x5d, 0x5d, 0x9e, 0xab, 0x28, 0x05, 0xc6, 0x62, 0xc6, 0xc6, 0xc6, 0xb3,
    0x28, 0x08, 0xa4, 0xa4, 0x18, 0x19, 0x01, 0x49, 0xa4, 0x97, 0xbc, 0x28, 0x03, 0xe2, 0xfc, 0x1e,
    0xc1, 0x28, 0x02, 0x01, 0x1e, 0xc4, 0x28, 0x01, 0x1e, 0xc9, 0x28, 0x02, 0x1e, 0x1e, 0xcd, 0x28,
    0x02, 0x1e, 0x1e, 0xd3, 0x28, 0x03, 0xcf, 0xcf, 0xcf, 0xd7, 0x28, 0x08, 0xa4, 0xa4, 0xa4, 0xa4,
    0xa4, 0xa4, 0x33, 0x33, 0xe0, 0x28, 0x02, 0xa4, 0xa4, 0xe3, 0x28, 0x01, 0xa4, 0xe5, 0x28, 0x03,
    0xa4, 0x97, 0x97, 0xe9, 0x28, 0x01, 0xa4, 0xeb, 0x28, 0x04, 0x33, 0x0c, 0x0c, 0x0c, 0x28, 0x29,
    0x04, 0x05, 0x5d, 0x5d, 0x58, 0x2e, 0x29, 0x04, 0xc6, 0xc6, 0x62, 0x62, 0x34, 0x29, 0x08, 0xc6,
    0xf7, 0xf7, 0x53, 0x53, 0xf6, 0xf7, 0x01, 0x3d, 0x29, 0x05, 0x6a, 0x96, 0x97, 0xfc, 0xfc, 0x44,
    0x29, 0x01, 0x1e, 0x47, 0x29, 0x01, 0x1e, 0x4c, 0x29, 0x01, 0x01, 0x51, 0x29, 0x05, 0x01, 0xfc,
    0xcf, 0xcf, 0xcf, 0x57, 0x29, 0x05, 0xa4, 0xa4, 0x33, 0x33, 0xa4, 0x5d, 0x29, 0x04, 0xa4, 0xa4,
    0xa4, 0xa4, 0x65, 0x29, 0x02, 0xa4, 0xa4, 0x69, 0x29, 0x06, 0x33, 0x33, 0x33, 0x3f, 0x9b, 0x9b,
    0xac, 0x29, 0x04, 0x05, 0x0c, 0x5d, 0x9e, 0xb3, 0x29, 0x02, 0xc6, 0xc6, 0xb8, 0x29, 0x0f, 0xc6,
    0x31, 0xf7, 0xf7, 0xf7, 0x53, 0xf6, 0xf6, 0x18, 0x6a, 0x96, 0x97, 0x6b, 0xfc, 0xfc, 0xcb, 0x29,
    0x01, 0x01, 0xcf, 0x29, 0x01, 0x01, 0xd2, 0x29, 0x07, 0xfc, 0xcf, 0xcf, 0xcf, 0x33, 0x33, 0x33,
    0xda, 0x29, 0x01, 0x97, 0xea, 0x29, 0x06, 0xa4, 0xa4, 0x3f, 0x3f, 0x3f, 0x0c, 0x31, 0x2a, 0x03,
    0x05, 0x09, 0x51, 0x35, 0x2a, 0x01, 0xc6, 0x38, 0x2a, 0x04, 0xc6, 0xc6, 0x62, 0xc6, 0x3d, 0x2a,
    0x03, 0x31, 0x31, 0x53, 0x41, 0x2a, 0x0b, 0xa4, 0xa4, 0xf7, 0x6b, 0x6a, 0x96, 0x96, 0x6a, 0xfd,
    0xfd, 0xfd, 0x4d, 0x2a, 0x02, 0x01, 0x01, 0x52, 0x2a, 0x07, 0xfc, 0xfc, 0xfc, 0x33, 0x97, 0xa4,
    0xa4, 0x5a, 0x2a, 0x01, 0xa4, 0x5d, 0x2a, 0x02, 0x33, 0x33, 0x6c, 0x2a, 0x04, 0x3f, 0x3f, 0x3f,
    0x3f, 0xb5, 0x2a, 0x02, 0x05, 0x09, 0xb8, 0x2a, 0x01, 0xc6, 0xba, 0x2a, 0x04, 0x62, 0xc6, 0xc6,
    0xc6, 0xc0, 0x2a, 0x03, 0x31, 0x62, 0x62, 0xc4, 0x2a, 0x0d, 0x18, 0x01, 0xa4, 0xf7, 0x9d, 0x6b,
    0x96, 0xcf, 0x6b, 0x23, 0xfc, 0xfc, 0xfc, 0xd2, 0x2a, 0x06, 0x6b, 0xcf, 0x75, 0x97, 0xa4, 0xa4,
    0xda, 0x2a, 0x02, 0x33, 0x33, 0xdd, 0x2a, 0x02, 0xa4, 0xa4, 0xe1, 0x2a, 0x02, 0x33, 0x33, 0xec,
    0x2a, 0x04, 0x33, 0x3f, 0x3f, 0x3f, 0x3a, 0x2b, 0x01, 0x09, 0x3f, 0x2b, 0x17, 0xc6, 0x62, 0x62,
    0xa4, 0x31, 0xf7, 0xc6, 0x31, 0xef, 0x53, 0xf7, 0xa4, 0xcf, 0x9c, 0x8f, 0x96, 0x74, 0x6b, 0x97,
    0xcf, 0x33, 0x33, 0x33, 0x59, 0x2b, 0x02, 0xa4, 0xa4, 0x5d, 0x2b, 0x02, 0x33, 0x33, 0x62, 0x2b,
    0x01, 0xa4, 0x64, 0x2b, 0x02, 0x33, 0x33, 0x6c, 0x2b, 0x05, 0x33, 0x3f, 0x3f, 0x3f, 0x0c, 0xbd,
    0x2b, 0x03, 0x05, 0x09, 0x51, 0xc1, 0x2b, 0x04, 0x62, 0xc6, 0xc6, 0xc6, 0xc6, 0x2b, 0x08, 0xc6,
    0x53, 0x62, 0x62, 0x31, 0xbc, 0xf6, 0xf7, 0xcf, 0x2b, 0x0b, 0xcf, 0x9c, 0x8f, 0x33, 0xa4, 0xa4,
    0xa4, 0xec, 0xcf, 0x33, 0x33, 0xde, 0x2b, 0x01, 0xa4, 0xe0, 0x2b, 0x02, 0x33, 0x33, 0xe4, 0x2b,
    0x02, 0xa4, 0xa4, 0xe8, 0x2b, 0x02, 0x33, 0x33, 0xed, 0x2b, 0x04, 0x3f, 0x3f, 0x3f, 0x3f, 0x40,
    0x2c, 0x05, 0x05, 0x0c, 0x58, 0x51, 0xc6, 0x46, 0x2c, 0x03, 0xc6, 0x62, 0xc6, 0x4a, 0x2c, 0x08,
    0xf7, 0x53, 0x62, 0x31, 0xde, 0xc6, 0xf7, 0xa5, 0x54, 0x2c, 0x0e, 0x53, 0x8f, 0x96, 0xa5, 0xa5,
    0xa4, 0xec, 0xcf, 0x33, 0x33, 0x33, 0xa4, 0xa4, 0x33, 0x63, 0x2c, 0x02, 0x33, 0x33, 0x69, 0x2c,
    0x02, 0xa4, 0xa4, 0x6d, 0x2c, 0x05, 0x0c, 0x0c, 0x3f, 0x3f, 0x0c, 0xc4, 0x2c, 0x05, 0x05, 0x5d,
    0x58, 0x33, 0xc6, 0xca, 0x2c, 0x01, 0xa4, 0xce, 0x2c, 0x08, 0xa4, 0xa4, 0x62, 0x53, 0x31, 0xde,
    0xf6, 0xf6, 0xd8, 0x2c, 0x04, 0x53, 0x8f, 0x96, 0xa5, 0xdd, 0x2c, 0x08, 0xa4, 0xec, 0xcf, 0x33,
    0x97, 0x33, 0x97, 0xa4, 0xe7, 0x2c, 0x03, 0x33, 0x33, 0x33, 0xed, 0x2c, 0x05, 0x33, 0x9b, 0x9b,
    0x3f, 0x0c, 0x47, 0x2d, 0x05, 0x05, 0x5d, 0x5d, 0x58, 0x51, 0x4d, 0x2d, 0x02, 0x62, 0xc6, 0x50,
    0x2d, 0x0a, 0x62, 0xc6, 0xf7, 0x53, 0xc6, 0x31, 0x31, 0xc7, 0x53, 0xf7, 0x5c, 0x2d, 0x0e, 0x33,
    0x97, 0xa5, 0xa5, 0xa5, 0xa4, 0xec, 0xcf, 0x3a, 0x62, 0x33, 0x97, 0xa4, 0xa4, 0x6b, 0x2d, 0x07,
    0x33, 0x33, 0x33, 0x3f, 0x3f, 0x3f, 0x9b, 0xca, 0x2d, 0x07, 0x05, 0x0c, 0x3f, 0x9b, 0x58, 0x51,
    0xc6, 0xd5, 0x2d, 0x07, 0x31, 0xf7, 0xa4, 0x62, 0xc6, 0xc7, 0xa5, 0xdd, 0x2d, 0x02, 0xf7, 0x6b,
    0xe0, 0x2d, 0x04, 0x60, 0x8f, 0xa5, 0xa5, 0xe5, 0x2d, 0x0e, 0xa4, 0xec, 0xcf, 0x33, 0x62, 0x62,
    0x97, 0x97, 0x33, 0x3f, 0x3f, 0x3f, 0x3f, 0x0c, 0x4d, 0x2e, 0x08, 0x05, 0x0c, 0x5d, 0x5d, 0x5d,
    0x58, 0x51, 0xc6, 0x58, 0x2e, 0x03, 0x62, 0xc6, 0xf7, 0x5c, 0x2e, 0x07, 0xf7, 0xde, 0xc7, 0xc7,
    0xf7, 0xbf, 0x6b, 0x64, 0x2e, 0x0f, 0x33, 0x97, 0xa5, 0xa5, 0xa5, 0xa4, 0xec, 0xcf, 0x3a, 0xc6,
    0x9b, 0x0c, 0x0c, 0x0c, 0x3f, 0xd0, 0x2e, 0x09, 0x05, 0x0c, 0x5d, 0x5d, 0x5d, 0x5d, 0x58, 0x97,
    0xc6, 0xdb, 0x2e, 0x0c, 0x62, 0xf7, 0x31, 0xa4, 0x53, 0x62, 0xc6, 0xc7, 0xc6, 0xec, 0x6b, 0x97,
    0xe8, 0x2e, 0x0b, 0x60, 0x8f, 0xa5, 0xa5, 0xa4, 0xa4, 0xd3, 0xf0, 0x0c, 0x5d, 0x5d, 0x54, 0x2f,
    0x08, 0x05, 0x5d, 0x5d, 0x3f, 0x9b, 0x5d, 0x58, 0x33, 0x5f, 0x2f, 0x0c, 0x31, 0x62, 0xc6, 0xa4,
    0x53, 0x18, 0xc7, 0xc7, 0xc6, 0xbf, 0x69, 0x97, 0x6c, 0x2f, 0x06, 0x33, 0x97, 0x96, 0x9a, 0x9b,
    0x9b, 0xd7, 0x2f, 0x0b, 0x05, 0x0c, 0x5d, 0x5d, 0x5d, 0x5d, 0x5d, 0x9e, 0x51, 0x62, 0xc6, 0xe3,
    0x2f, 0x0f, 0x53, 0xf7, 0x62, 0xf7, 0xbc, 0xc7, 0x62, 0xc6, 0x8e, 0xcf, 0x97, 0x9b, 0x3f, 0x6c,
    0x83, 0x5b, 0x30, 0x09, 0x05, 0x5d, 0x5d, 0x5d, 0x3f, 0x9b, 0x5d, 0x3a, 0x51, 0x66, 0x30, 0x0c,
    0x31, 0x31, 0xc6, 0x62, 0x31, 0xde, 0x01, 0xa5, 0x3f, 0x9b, 0x9b, 0x5d, 0xde, 0x30, 0x0e, 0x05,
    0x0c, 0x9b, 0x5d, 0x5d, 0x5d, 0x5d, 0x9b, 0x58, 0x51, 0x62, 0xc6, 0x31, 0x31, 0xed, 0x30, 0x04,
    0xf7, 0x9b, 0x5d, 0x9b, 0x62, 0x31, 0x0a, 0x05, 0x5d, 0x5d, 0x5d, 0x5d, 0x3f, 0x9b, 0x3f, 0x58,
    0x51, 0x6d, 0x31, 0x04, 0x5d, 0x5d, 0x5d, 0x5d, 0xe5, 0x31, 0x08, 0x05, 0x0c, 0x3f, 0x9b, 0x5d,
    0x5d, 0x5d, 0x9b, 0xee, 0x31, 0x02, 0x05, 0x0c, 0x69, 0x32, 0x03, 0x05, 0x5d, 0x5d, 0x34, 0x18,
    0x02, 0x0c, 0x0c, 0xb0, 0x18, 0x01, 0x0c, 0xb2, 0x18, 0x0b, 0x0c, 0xfc, 0xfc, 0xfc, 0xfc, 0xfc,
    0xf1, 0x0c, 0x0c, 0x0c, 0x0c, 0x2e, 0x19, 0x02, 0x0c, 0xfc, 0x34, 0x19, 0x02, 0x01, 0x01, 0x37,
    0x19, 0x01, 0x1e, 0x39, 0x19, 0x03, 0xe2, 0xee, 0xee, 0x3d, 0x19, 0x06, 0x33, 0x33, 0x33, 0x0c,
    0x0c, 0x0c, 0xac, 0x19, 0x07, 0x0c, 0xfc, 0xfc, 0xfc, 0x01, 0x1e, 0x01, 0xb4, 0x19, 0x01, 0x1e,
    0xb6, 0x19, 0x02, 0x1e, 0xfc, 0xb9, 0x19, 0x02, 0xfd, 0x33, 0xbf, 0x19, 0x01, 0x33, 0xc2, 0x19,
    0x04, 0x97, 0x9b, 0x0c, 0xfd, 0xc9, 0x19, 0x01, 0x0c, 0x2a, 0x1a, 0x0c, 0x0c, 0x33, 0xfc, 0x33,
    0x33, 0x33, 0x33, 0xd1, 0xcf, 0xfc, 0xfd, 0xfd, 0x37, 0x1a, 0x02, 0xcf, 0x33, 0x3a, 0x1a, 0x02,
    0x97, 0x33, 0x3e, 0x1a, 0x02, 0xa4, 0xa4, 0x41, 0x1a, 0x03, 0x33, 0xce, 0xfc, 0x46, 0x1a, 0x01,
    0x01, 0x48, 0x1a, 0x01, 0x01, 0x4a, 0x1a, 0x03, 0xf1, 0xf0, 0xf0, 0x50, 0x1a, 0x02, 0x0c, 0x0c,
    0xac, 0x1a, 0x01, 0xa4, 0xae, 0x1a, 0x01, 0xa4, 0xb0, 0x1a, 0x01, 0x33, 0xb2, 0x1a, 0x02, 0xcf,
    0xcf, 0xb5, 0x1a, 0x01, 0x97, 0xb7, 0x1a, 0x03, 0xfc, 0x6b, 0x33, 0xbb, 0x1a, 0x01, 0x33, 0xbf,
    0x1a, 0x03, 0xa4, 0x33, 0xcf, 0xc5, 0x1a, 0x02, 0x01, 0x01, 0xc8, 0x1a, 0x02, 0x1e, 0x1e, 0xcd,
    0x1a, 0x02, 0xd1, 0x33, 0xd3, 0x1a, 0x03, 0x0c, 0x0c, 0x0c, 0xd7, 0x1a, 0x04, 0x0c, 0x0c, 0x0c,
    0x0c, 0x29, 0x1b, 0x01, 0xa4, 0x2b, 0x1b, 0x03, 0x33, 0xa4, 0x33, 0x32, 0x1b, 0x03, 0x33, 0xa4,
    0xfc, 0x37, 0x1b, 0x08, 0x1e, 0xcf, 0xcf, 0xce, 0xce, 0xfc, 0xfc, 0xe2, 0x40, 0x1b, 0x02, 0xfc,
    0xfc, 0x43, 0x1b, 0x02, 0x01, 0x1e, 0x47, 0x1b, 0x01, 0x1e, 0x49, 0x1b, 0x02, 0x1e, 0x1e, 0x4c,
    0x1b, 0x05, 0x6a, 0x33, 0xa4, 0xa4, 0x33, 0x52, 0x1b, 0x02, 0xa4, 0x33, 0x56, 0x1b, 0x02, 0x33,
    0xa4, 0x59, 0x1b, 0x04, 0xce, 0xfc, 0xfc, 0xe2, 0x5f, 0x1b, 0x04, 0x0c, 0x0c, 0x0c, 0x0c, 0xa5,
    0x1b, 0x05, 0x0c, 0x3f, 0x33, 0x33, 0x33, 0xac, 0x1b, 0x02, 0xa4, 0xa4, 0xaf, 0x1b, 0x01, 0x33,
    0xb1, 0x1b, 0x02, 0x33, 0x97, 0xb6, 0x1b, 0x05, 0x01, 0x01, 0x01, 0x01, 0x1f, 0xbc, 0x1b, 0x01,
    0x1e, 0xbe, 0x1b, 0x07, 0xe2, 0x33, 0xcf, 0xcf, 0xd1, 0x33, 0x33, 0xc7, 0x1b, 0x01, 0xfc, 0xcb,
    0x1b, 0x03, 0xfc, 0x33, 0x33, 0xcf, 0x1b, 0x02, 0xa4, 0xa4, 0xd7, 0x1b, 0x05, 0xa4, 0x33, 0xfc,
    0xfc, 0x01, 0xdf, 0x1b, 0x07, 0x01, 0xfd, 0xfc, 0xfc, 0xe2, 0xf0, 0x0c, 0x21, 0x1c, 0x12, 0x0c,
    0x0c, 0xf0, 0xcf, 0xfc, 0xfc, 0xfc, 0xcf, 0xcf, 0xfc, 0x3f, 0x33, 0x33, 0x33, 0x33, 0x33, 0x1e,
    0x01, 0x35, 0x1c, 0x04, 0x1e, 0x1f, 0x1f, 0x01, 0x3c, 0x1c, 0x03, 0x1f, 0x1f, 0xd1, 0x40, 0x1c,
    0x01, 0xa4, 0x42, 0x1c, 0x01, 0x33, 0x47, 0x1c, 0x04, 0xcf, 0xcf, 0xcf, 0xcf, 0x4e, 0x1c, 0x01,
    0x33, 0x50, 0x1c, 0x01, 0x33, 0x52, 0x1c, 0x01, 0x33, 0x58, 0x1c, 0x02, 0x33, 0xcf, 0x5d, 0x1c,
    0x07, 0x01, 0x01, 0x01, 0x1f, 0x01, 0x1f, 0x1e, 0x65, 0x1c, 0x04, 0x1e, 0xf0, 0x0c, 0x0c, 0x9f,
    0x1c, 0x03, 0x0c, 0x0c, 0xf0, 0xa3, 0x1c, 0x01, 0x1e, 0xa5, 0x1c, 0x01, 0x01, 0xa8, 0x1c, 0x06,
    0x01, 0xce, 0xcf, 0xcf, 0xfc, 0xe2, 0xb0, 0x1c, 0x03, 0xf0, 0xe2, 0xfd, 0xb4, 0x1c, 0x04, 0x01,
    0x1e, 0x1e, 0x1e, 0xb9, 0x1c, 0x05, 0x1f, 0x01, 0x1e, 0xfc, 0xce, 0xbf, 0x1c, 0x01, 0xa4, 0xc2,
    0x1c, 0x01, 0x33, 0xc4, 0x1c, 0x01, 0xa4, 0xc6, 0x1c, 0x02, 0x33, 0x33, 0xca, 0x1c, 0x01, 0x33,
    0xcc, 0x1c, 0x01, 0x1e, 0xcf, 0x1c, 0x03, 0xcf, 0xcf, 0x33, 0xd4, 0x1c, 0x03, 0x33, 0x33, 0xa4,
    0xd8, 0x1c, 0x02, 0xfc, 0xfc, 0xdb, 0x1c, 0x01, 0x01, 0xdd, 0x1c, 0x04, 0x1e, 0x1f, 0x1e, 0x1f,
    0xe3, 0x1c, 0x06, 0x1e, 0x1f, 0x1f, 0xee, 0xee, 0x0c, 0x1d, 0x1d, 0x03, 0x0c, 0x0c, 0xf0, 0x24,
    0x1d, 0x01, 0x01, 0x27, 0x1d, 0x05, 0x1f, 0x01, 0x1e, 0x1e, 0x1e, 0x2d, 0x1d, 0x0b, 0xcf, 0xd1,
    0xcf, 0xcf, 0xcf, 0x33, 0x33, 0x0c, 0xf0, 0xfc, 0xfc, 0x39, 0x1d, 0x08, 0x01, 0x01, 0xfd, 0xcf,
    0x33, 0x33, 0xa4, 0x33, 0x48, 0x1d, 0x02, 0xa4, 0x33, 0x50, 0x1d, 0x02, 0x01, 0x01, 0x53, 0x1d,
    0x02, 0x01, 0x01, 0x56, 0x1d, 0x0b, 0xd1, 0xfc, 0xe2, 0xfc, 0xe2, 0xfc, 0xfc, 0x1e, 0x1e, 0x1e,
    0x1e, 0x62, 0x1d, 0x07, 0x1f, 0x01, 0x1e, 0x01, 0xfd, 0xf1, 0x0c, 0x9a, 0x1d, 0x04, 0x0c, 0x0c,
    0x0c, 0xf0, 0x9f, 0x1d, 0x02, 0x1e, 0x01, 0xa3, 0x1d, 0x02, 0x1e, 0x1f, 0xa6, 0x1d, 0x03, 0x1e,
    0x1e, 0x1e, 0xaa, 0x1d, 0x02, 0x1e, 0xd1, 0xae, 0x1d, 0x02, 0xa4, 0xa4, 0xb4, 0x1d, 0x07, 0xcf,
    0xce, 0xce, 0xce, 0xf0, 0x0c, 0x0c, 0xbc, 0x1d, 0x01, 0x97, 0xbf, 0x1d, 0x03, 0x33, 0x33, 0xa4,
    0xc3, 0x1d, 0x01, 0x33, 0xd1, 0x1d, 0x02, 0x1e, 0x1e, 0xd4, 0x1d, 0x01, 0x1e, 0xd7, 0x1d, 0x02,
    0xfc, 0x33, 0xdd, 0x1d, 0x0c, 0x33, 0x33, 0xfc, 0x01, 0xfc, 0xfc, 0xfd, 0xfd, 0x01, 0xfc, 0xf0,
    0x0c, 0x18, 0x1e, 0x01, 0x0c, 0x1a, 0x1e, 0x04, 0x0c, 0xcf, 0xe2, 0xfc, 0x1f, 0x1e, 0x03, 0x1e,
    0x1f, 0x1e, 0x23, 0x1e, 0x06, 0x1e, 0x1e, 0x1f, 0x1f, 0x01, 0x01, 0x2d, 0x1e, 0x02, 0x33, 0x97,
    0x31, 0x1e, 0x02, 0xa4, 0x33, 0x37, 0x1e, 0x02, 0x33, 0x33, 0x3b, 0x1e, 0x05, 0xce, 0xd1, 0xcf,
    0x3f, 0x0c, 0x42, 0x1e, 0x02, 0xa4, 0xa4, 0x45, 0x1e, 0x02, 0x33, 0x33, 0x48, 0x1e, 0x03, 0xfc,
    0x1e, 0x1f, 0x4c, 0x1e, 0x04, 0x01, 0x1e, 0x1e, 0x1f, 0x53, 0x1e, 0x01, 0x1e, 0x55, 0x1e, 0x05,
    0x1f, 0x1f, 0xe2, 0x97, 0xa4, 0x5b, 0x1e, 0x01, 0x33, 0x63, 0x1e, 0x06, 0x97, 0x33, 0x33, 0xfc,
    0xf0, 0x0c, 0x96, 0x1e, 0x01, 0x0c, 0x98, 0x1e, 0x0a, 0x0c, 0xd1, 0x33, 0x33, 0x33, 0xd1, 0xd1,
    0xd1, 0xfc, 0xfc, 0xa4, 0x1e, 0x07, 0x01, 0x01, 0x01, 0xfc, 0xcf, 0xa4, 0xa4, 0xac, 0x1e, 0x02,
    0x97, 0xa4, 0xb0, 0x1e, 0x01, 0xa4, 0xb2, 0x1e, 0x01, 0x33, 0xb5, 0x1e, 0x01, 0xa4, 0xb8, 0x1e,
    0x04, 0x6a, 0x01, 0x01, 0x1e, 0xc4, 0x1e, 0x02, 0xf0, 0xe2, 0xc7, 0x1e, 0x02, 0xe2, 0xfc, 0xcb,
    0x1e, 0x01, 0x1e, 0xcd, 0x1e, 0x01, 0x1e, 0xcf, 0x1e, 0x04, 0x1e, 0x1e, 0x1e, 0x1e, 0xd5, 0x1e,
    0x01, 0x1f, 0xd7, 0x1e, 0x01, 0x33, 0xda, 0x1e, 0x01, 0xa4, 0xde, 0x1e, 0x02, 0x33, 0x33, 0xe3,
    0x1e, 0x05, 0xa4, 0x33, 0xa4, 0x33, 0x3f, 0x13, 0x1f, 0x02, 0x0c, 0x0c, 0x16, 0x1f, 0x03, 0x97,
    0xa4, 0xa4, 0x1a, 0x1f, 0x01, 0x33, 0x1f, 0x1f, 0x0b, 0x33, 0x33, 0x33, 0x6a, 0xcf, 0xfc, 0xfc,
    0xfc, 0xfc, 0x33, 0x33, 0x2d, 0x1f, 0x02, 0xa4, 0x33, 0x35, 0x1f, 0x01, 0xa4, 0x37, 0x1f, 0x01,
    0xfc, 0x3b, 0x1f, 0x01, 0x01, 0x40, 0x1f, 0x02, 0x01, 0x01, 0x43, 0x1f, 0x04, 0x1e, 0x1e, 0x1e,
    0xd1, 0x49, 0x1f, 0x08, 0x33, 0x33, 0x33, 0xfc, 0xfc, 0xfc, 0xfc, 0x01, 0x53, 0x1f, 0x02, 0x01,
    0x01, 0x5a, 0x1f, 0x03, 0xa4, 0x97, 0x97, 0x60, 0x1f, 0x01, 0xa4, 0x62, 0x1f, 0x06, 0x33, 0x97,
    0xa4, 0x33, 0xa4, 0x3f, 0x91, 0x1f, 0x01, 0x0c, 0x94, 0x1f, 0x05, 0x33, 0x33, 0xa4, 0xa4, 0xa4,
    0x9b, 0x1f, 0x03, 0xa4, 0xa4, 0xa4, 0x9f, 0x1f, 0x02, 0x33, 0x33, 0xa3, 0x1f, 0x08, 0x33, 0xfc,
    0xfc, 0xfc, 0xcf, 0x33, 0x33, 0xcf, 0xac, 0x1f, 0x02, 0xa4, 0x33, 0xb0, 0x1f, 0x03, 0xa4, 0xa4,
    0x33, 0xb4, 0x1f, 0x03, 0x33, 0xcf, 0xcf, 0xbb, 0x1f, 0x02, 0x01, 0x01, 0xbe, 0x1f, 0x01, 0x01,
    0xc0, 0x1f, 0x01, 0x1e, 0xc5, 0x1f, 0x02, 0xe2, 0x33, 0xce, 0x1f, 0x0a, 0x33, 0x33, 0x33, 0xcf,
    0xcf, 0xfc, 0xfc, 0xfc, 0xfc, 0xa4, 0xd9, 0x1f, 0x03, 0x33, 0x33, 0xa4, 0xdd, 0x1f, 0x01, 0x33,
    0xe6, 0x1f, 0x02, 0xa4, 0x33, 0x0f, 0x20, 0x01, 0x0c, 0x11, 0x20, 0x02, 0x3f, 0x33, 0x15, 0x20,
    0x01, 0xa4, 0x17, 0x20, 0x03, 0xa4, 0x33, 0x33, 0x1d, 0x20, 0x03, 0xa4, 0xa4, 0x33, 0x21, 0x20,
    0x03, 0x97, 0xcf, 0xfc, 0x26, 0x20, 0x01, 0x1e, 0x28, 0x20, 0x01, 0x1e, 0x2a, 0x20, 0x05, 0xfc,
    0xfd, 0x33, 0x33, 0xce, 0x30, 0x20, 0x01, 0xa4, 0x32, 0x20, 0x04, 0x33, 0xa4, 0xfc, 0xd1, 0x39,
    0x20, 0x03, 0x01, 0x1e, 0x1f, 0x3f, 0x20, 0x01, 0x1e, 0x43, 0x20, 0x02, 0x01, 0xfd, 0x47, 0x20,
    0x01, 0x97, 0x4a, 0x20, 0x01, 0x33, 0x53, 0x20, 0x0d, 0x33, 0x33, 0x33, 0x33, 0xcf, 0xce, 0x33,
    0x33, 0x33, 0x33, 0xa4, 0x33, 0xa4, 0x61, 0x20, 0x01, 0x33, 0x67, 0x20, 0x01, 0x33, 0x8d, 0x20,
    0x04, 0x0c, 0x3f, 0x3f, 0x33, 0x92, 0x20, 0x03, 0xa4, 0xa4, 0x33, 0x98, 0x20, 0x01, 0xa4, 0x9a,
    0x20, 0x03, 0x33, 0x33, 0x33, 0x9f, 0x20, 0x06, 0x33, 0x6b, 0xfc, 0x01, 0x01, 0x01, 0xa7, 0x20,
    0x04, 0x01, 0x01, 0x01, 0x01, 0xac, 0x20, 0x04, 0x01, 0x01, 0xcf, 0xe2, 0xb1, 0x20, 0x03, 0x33,
    0xd1, 0xfc, 0xb5, 0x20, 0x03, 0x1e, 0x1e, 0x1e, 0xb9, 0x20, 0x03, 0x1e, 0x1e, 0x1e, 0xbd, 0x20,
    0x01, 0x1e, 0xbf, 0x20, 0x03, 0x1e, 0x01, 0x01, 0xc3, 0x20, 0x01, 0xfd, 0xc9, 0x20, 0x05, 0xa4,
    0x33, 0x33, 0x33, 0x33, 0xd1, 0x20, 0x03, 0xa4, 0x97, 0x97, 0xd5, 0x20, 0x02, 0x33, 0xfc, 0xd8,
    0x20, 0x07, 0xfc, 0xfc, 0xfc, 0xcf, 0xcf, 0xcf, 0xcf, 0xe0, 0x20, 0x02, 0x97, 0x33, 0xe5, 0x20,
    0x02, 0xa4, 0x33, 0x0d, 0x21, 0x03, 0x83, 0x33, 0x33, 0x13, 0x21, 0x04, 0xa4, 0x97, 0xa4, 0x33,
    0x1d, 0x21, 0x04, 0x97, 0xcf, 0xcf, 0xfc, 0x26, 0x21, 0x03, 0x01, 0x01, 0x01, 0x2a, 0x21, 0x02,
    0x01, 0x01, 0x30, 0x21, 0x04, 0xe2, 0xcf, 0x33, 0xd1, 0x37, 0x21, 0x01, 0x1e, 0x39, 0x21, 0x01,
    0x1e, 0x3b, 0x21, 0x01, 0x1e, 0x3d, 0x21, 0x02, 0x01, 0x01, 0x40, 0x21, 0x05, 0x01, 0x01, 0xfd,
    0xcf, 0x33, 0x46, 0x21, 0x01, 0xa4, 0x49, 0x21, 0x07, 0x33, 0xa4, 0xa4, 0x33, 0x33, 0x97, 0xa4,
    0x51, 0x21, 0x03, 0xa4, 0x33, 0x33, 0x55, 0x21, 0x02, 0xce, 0x01, 0x5d, 0x21, 0x0b, 0xfc, 0xfc,
    0xce, 0xce, 0xce, 0xcf, 0xcf, 0xcf, 0xa4, 0x33, 0x33, 0x8c, 0x21, 0x04, 0x0c, 0x9b, 0x53, 0x60,
    0x91, 0x21, 0x01, 0x33, 0x97, 0x21, 0x03, 0xa4, 0xa4, 0x33, 0x9b, 0x21, 0x04, 0x33, 0xcf, 0xcf,
    0xfc, 0xa2, 0x21, 0x02, 0x01, 0x01, 0xa5, 0x21, 0x01, 0x01, 0xa7, 0x21, 0x0b, 0x01, 0x1f, 0x1f,
    0x01, 0x1e, 0x1e, 0x1e, 0x1e, 0xcf, 0xd1, 0x33, 0xb8, 0x21, 0x01, 0xfc, 0xba, 0x21, 0x02, 0xfd,
    0x01, 0xbe, 0x21, 0x02, 0x01, 0x01, 0xc1, 0x21, 0x04, 0xfc, 0xfc, 0x33, 0x33, 0xc7, 0x21, 0x03,
    0xa4, 0xa4, 0xa4, 0xce, 0x21, 0x02, 0xa4, 0xa4, 0xd1, 0x21, 0x01, 0x33, 0xd4, 0x21, 0x02, 0x33,
    0x6a, 0xdf, 0x21, 0x01, 0x01, 0xe1, 0x21, 0x08, 0xf1, 0xfd, 0xfc, 0xcf, 0xcf, 0xcf, 0xcf, 0x0c,
    0x0a, 0x22, 0x06, 0x0c, 0x3f, 0x3f, 0x3f, 0x62, 0x62, 0x12, 0x22, 0x02, 0x18, 0x33, 0x15, 0x22,
    0x01, 0x33, 0x19, 0x22, 0x01, 0x33, 0x1b, 0x22, 0x05, 0xcf, 0xd1, 0xd1, 0x01, 0x01, 0x22, 0x22,
    0x01, 0x01, 0x24, 0x22, 0x05, 0x1e, 0x1f, 0x1f, 0x1f, 0x1f, 0x2b, 0x22, 0x05, 0x1e, 0x1e, 0xe2,
    0x75, 0xcf, 0x3b, 0x22, 0x02, 0x33, 0x33, 0x3e, 0x22, 0x07, 0xfc, 0xe2, 0xfc, 0xcf, 0xcf, 0x97,
    0xa4, 0x46, 0x22, 0x03, 0x33, 0xa4, 0xa4, 0x4a, 0x22, 0x01, 0x33, 0x52, 0x22, 0x01, 0xa4, 0x54,
    0x22, 0x02, 0xcf, 0xfc, 0x5d, 0x22, 0x01, 0x01, 0x61, 0x22, 0x01, 0x01, 0x63, 0x22, 0x01, 0x1e,
    0x66, 0x22, 0x03, 0xee, 0xe2, 0x0c, 0x8a, 0x22, 0x0d, 0x9a, 0x9a, 0x3f, 0x0c, 0x51, 0x62, 0x62,
    0x62, 0x62, 0x53, 0xa4, 0xbc, 0xa5, 0x98, 0x22, 0x04, 0x33, 0xd1, 0xce, 0xfc, 0x9f, 0x22, 0x07,
    0x1e, 0x1e, 0x1e, 0x1f, 0x1f, 0x1f, 0x01, 0xa9, 0x22, 0x09, 0x1e, 0x1f, 0x1f, 0xe2, 0xd1, 0xd1,
    0x33, 0x97, 0xa4, 0xb3, 0x22, 0x01, 0x33, 0xbf, 0x22, 0x02, 0x33, 0x33, 0xc2, 0x22, 0x04, 0x33,
    0x33, 0x33, 0x33, 0xc8, 0x22, 0x03, 0xa4, 0x33, 0xa4, 0xcd, 0x22, 0x01, 0x33, 0xd3, 0x22, 0x03,
    0x33, 0xcf, 0xfc, 0xdb, 0x22, 0x01, 0x01, 0xde, 0x22, 0x02, 0x01, 0x01, 0xe2, 0x22, 0x01, 0x1e,
    0xe6, 0x22, 0x03, 0x1e, 0xe2, 0xee, 0x0b, 0x23, 0x0f, 0x9b, 0x6c, 0x83, 0x9b, 0x9b, 0x33, 0x97,
    0x51, 0xa4, 0x62, 0x62, 0x53, 0x53, 0x01, 0xfc, 0x1b, 0x23, 0x05, 0xfc, 0x1e, 0x1e, 0x1f, 0x1f,
    0x21, 0x23, 0x01, 0x1e, 0x23, 0x23, 0x0d, 0x1e, 0x1e, 0x1e, 0x1e, 0x1f, 0x01, 0x1f, 0x01, 0xcf,
    0xd1, 0xcf, 0x33, 0xa4, 0x31, 0x23, 0x01, 0xa4, 0x33, 0x23, 0x03, 0x33, 0x33, 0x33, 0x3b, 0x23,
    0x03, 0x33, 0x33, 0xa4, 0x40, 0x23, 0x02, 0xcf, 0x01, 0x43, 0x23, 0x04, 0xfc, 0xe2, 0xcf, 0xd1,
    0x48, 0x23, 0x03, 0x33, 0x33, 0x97, 0x4c, 0x23, 0x01, 0x33, 0x4f, 0x23, 0x06, 0xa4, 0xa4, 0xa4,
    0x33, 0xcf, 0xcf, 0x58, 0x23, 0x01, 0x1e, 0x5c, 0x23, 0x01, 0x01, 0x60, 0x23, 0x01, 0x1e, 0x67,
    0x23, 0x02, 0xe2, 0xf0, 0x8b, 0x23, 0x11, 0x5d, 0x5d, 0x5d, 0x3f, 0x9b, 0x6c, 0x83, 0x9e, 0xc6,
    0x97, 0x51, 0x62, 0xa4, 0x60, 0x75, 0x82, 0x6b, 0x9d, 0x23, 0x01, 0xfc, 0x9f, 0x23, 0x02, 0x1e,
    0x1e, 0xa2, 0x23, 0x0f, 0x1e, 0x1f, 0x01, 0x1f, 0x1f, 0x01, 0x1e, 0xfd, 0xce, 0xce, 0xce, 0x33,
    0xa4, 0x33, 0xa4, 0xb5, 0x23, 0x03, 0x97, 0xa4, 0xa4, 0xb9, 0x23, 0x02, 0x33, 0x33, 0xbd, 0x23,
    0x06, 0xa4, 0xa4, 0x6a, 0xcf, 0xfc, 0x01, 0xc4, 0x23, 0x01, 0x1e, 0xc7, 0x23, 0x0a, 0xfc, 0xfc,
    0xcf, 0xcf, 0xcf, 0xce, 0x33, 0x97, 0x97, 0x33, 0xd2, 0x23, 0x03, 0x33, 0xcf, 0x6b, 0xd6, 0x23,
    0x01, 0x1e, 0xda, 0x23, 0x02, 0x01, 0x01, 0xe1, 0x23, 0x03, 0x1e, 0x1e, 0x1e, 0xe6, 0x23, 0x03,
    0x1f, 0xfd, 0xf0, 0x0c, 0x24, 0x0b, 0x5d, 0x5d, 0x3f, 0x9b, 0x5d, 0x6c, 0x3f, 0x3f, 0x6c, 0x96,
    0xc6, 0x18, 0x24, 0x0c, 0x33, 0x51, 0x9c, 0x9c, 0x6b, 0x74, 0x75, 0x1e, 0xe2, 0x01, 0x1f, 0x01,
    0x27, 0x24, 0x06, 0x01, 0xfd, 0xfd, 0xce, 0xcf, 0x33, 0x2f, 0x24, 0x04, 0xa4, 0xa4, 0xa4, 0xa4,
    0x35, 0x24, 0x04, 0xa4, 0xa4, 0x33, 0x33, 0x3a, 0x24, 0x01, 0x97, 0x3c, 0x24, 0x05, 0x33, 0x97,
    0x6a, 0x6b, 0xfc, 0x49, 0x24, 0x01, 0x01, 0x4b, 0x24, 0x0a, 0xfd, 0xfd, 0xce, 0xcf, 0xcf, 0xcf,
    0x6b, 0xfc, 0xe2, 0xe2, 0x56, 0x24, 0x03, 0x1f, 0x01, 0x01, 0x5b, 0x24, 0x03, 0x1f, 0x1f, 0x1e,
    0x5f, 0x24, 0x0b, 0x1e, 0x1e, 0x1e, 0x1e, 0x1e, 0x1e, 0x1f, 0x1f, 0xfd, 0xf1, 0x0c, 0x8c, 0x24,
    0x15, 0x0c, 0x5d, 0x5d, 0x9b, 0x5d, 0x3f, 0x3f, 0x5d, 0x6c, 0x6c, 0x3f, 0x69, 0xde, 0xc7, 0xc7,
    0xb3, 0x33, 0x60, 0x6b, 0x9c, 0x6b, 0xa3, 0x24, 0x09, 0xfc, 0x01, 0x01, 0x01, 0x6a, 0xcf, 0x6b,
    0xcf, 0xcf, 0xad, 0x24, 0x02, 0x33, 0x33, 0xb0, 0x24, 0x03, 0xa4, 0x33, 0x33, 0xb8, 0x24, 0x01,
    0xa4, 0xba, 0x24, 0x06, 0xa4, 0xa4, 0x33, 0xfc, 0xcf, 0xcf, 0xcd, 0x24, 0x05, 0x01, 0x01, 0xfc,
    0xfc, 0xe2, 0xd4, 0x24, 0x07, 0xfc, 0xcf, 0xcf, 0xfc, 0xfc, 0xfc, 0x1e, 0xdc, 0x24, 0x0e, 0x1e,
    0x1e, 0x1e, 0x1e, 0x1e, 0x1e, 0x1e, 0x1f, 0x1f, 0x1f, 0x1f, 0xfc, 0xf0, 0x0c, 0x0f, 0x25, 0x20,
    0x05, 0x5d, 0x5d, 0x5d, 0x9b, 0x9b, 0x5d, 0x3f, 0x5d, 0x6c, 0x69, 0x62, 0x31, 0xa4, 0xa5, 0xc6,
    0xad, 0x97, 0x60, 0x72, 0xce, 0x01, 0xfd, 0xfd, 0xcf, 0xcf, 0xcf, 0xcf, 0x33, 0x33, 0xa4, 0xa4,
    0x30, 0x25, 0x01, 0x33, 0x3c, 0x25, 0x04, 0xcf, 0x6b, 0xcf, 0xfc, 0x45, 0x25, 0x05, 0x01, 0x01,
    0x01, 0x01, 0x01, 0x4c, 0x25, 0x02, 0x01, 0x01, 0x4f, 0x25, 0x01, 0x1e, 0x51, 0x25, 0x03, 0xcf,
    0xcf, 0xe2, 0x55, 0x25, 0x0a, 0xcf, 0xcf, 0xd1, 0xd1, 0xcf, 0xcf, 0xd1, 0xe2, 0xfc, 0xfc, 0x60,
    0x25, 0x0a, 0x1e, 0x1f, 0x01, 0x01, 0x01, 0x1e, 0x01, 0xfc, 0xf0, 0xf0, 0x92, 0x25, 0x0e, 0x05,
    0x5d, 0x5d, 0x5d, 0x3f, 0x9b, 0x5d, 0x5d, 0x5d, 0x5d, 0x9e, 0xc6, 0x31, 0x31, 0xa1, 0x25, 0x0a,
    0xc7, 0xad, 0x9c, 0x97, 0x73, 0x6a, 0xcf, 0xfc, 0xfc, 0xa4, 0xac, 0x25, 0x02, 0xa4, 0xa4, 0xb0,
    0x25, 0x03, 0x33, 0x33, 0x33, 0xbb, 0x25, 0x04, 0xcf, 0xcf, 0xcf, 0xcf, 0xc4, 0x25, 0x04, 0x01,
    0x01, 0x01, 0x01, 0xc9, 0x25, 0x0b, 0x01, 0x01, 0x1f, 0x01, 0x1e, 0x1e, 0x1e, 0xfc, 0xd1, 0xd1,
    0xd1, 0xd7, 0x25, 0x13, 0x33, 0xcf, 0xcf, 0xd1, 0xcf, 0xcf, 0xcf, 0xcf, 0xcf, 0xcf, 0x01, 0xfd,
    0xfd, 0x01, 0x01, 0x01, 0xfc, 0xf0, 0xf0, 0x16, 0x26, 0x13, 0x0c, 0x5d, 0x5d, 0x5d, 0x5d, 0x9b,
    0x3f, 0x5d, 0x5d, 0x60, 0x53, 0xc6, 0x31, 0xde, 0x01, 0x53, 0x6b, 0x60, 0x96, 0x2b, 0x26, 0x01,
    0x33, 0x30, 0x26, 0x01, 0xa4, 0x32, 0x26, 0x01, 0xa4, 0x35, 0x26, 0x02, 0x33, 0x33, 0x3a, 0x26,
    0x04, 0xcf, 0xcf, 0xcf, 0xcf, 0x41, 0x26, 0x05, 0x01, 0x01, 0x01, 0x01, 0x01, 0x47, 0x26, 0x03,
    0x01, 0x1e, 0x1f, 0x4b, 0x26, 0x01, 0x1e, 0x4e, 0x26, 0x06, 0x1e, 0x1e, 0xd1, 0xd1, 0xd1, 0xd1,
    0x5a, 0x26, 0x0c, 0x33, 0x33, 0xcf, 0xcf, 0xcf, 0xce, 0xce, 0xce, 0xce, 0xce, 0xce, 0xcf, 0x68,
    0x26, 0x03, 0x0c, 0xf0, 0x0c, 0x99, 0x26, 0x09, 0x05, 0x5d, 0x5d, 0x3f, 0x5d, 0x5d, 0x3f, 0x5d,
    0x9e, 0xa3, 0x26, 0x01, 0x31, 0xa6, 0x26, 0x07, 0x31, 0xc7, 0xf6, 0x01, 0xa4, 0x96, 0x96, 0xae,
    0x26, 0x01, 0x33, 0xb2, 0x26, 0x01, 0xa4, 0xb4, 0x26, 0x02, 0x33, 0x97, 0xb8, 0x26, 0x06, 0x33,
    0xcf, 0xcf, 0xcf, 0xd1, 0xfc, 0xbf, 0x26, 0x01, 0x01, 0xc4, 0x26, 0x03, 0x1f, 0x1f, 0x1e, 0xc8,
    0x26, 0x01, 0x1e, 0xcf, 0x26, 0x08, 0xe2, 0xd1, 0xd1, 0xd1, 0x33, 0x33, 0x33, 0x33, 0xde, 0x26,
    0x0d, 0x33, 0x33, 0xce, 0xce, 0xcf, 0xcf, 0xcf, 0xcf, 0xcf, 0x3f, 0x3f, 0x3f, 0x0c, 0x1d, 0x27,
    0x11, 0x0c, 0x5d, 0x5d, 0x5d, 0x3f, 0x3f, 0x5d, 0x51, 0x31, 0xc6, 0x62, 0x53, 0x31, 0xf7, 0xf6,
    0xa5, 0x18, 0x2f, 0x27, 0x01, 0x97, 0x31, 0x27, 0x01, 0x33, 0x36, 0x27, 0x08, 0xa4, 0x33, 0xcf,
    0xfc, 0xd1, 0xcf, 0xce, 0x01, 0x40, 0x27, 0x07, 0x1e, 0x01, 0x1f, 0x1e, 0x1e, 0x1e, 0x1f, 0x4e,
    0x27, 0x09, 0x1e, 0x6b, 0xcf, 0xe2, 0xce, 0x33, 0xa4, 0xa4, 0xa4, 0x59, 0x27, 0x02, 0x33, 0x33,
    0x62, 0x27, 0x09, 0x33, 0x33, 0xcf, 0xd1, 0xcf, 0x3f, 0x3f, 0x3f, 0x3f, 0xa0, 0x27, 0x07, 0x05,
    0x0c, 0x5d, 0x5d, 0x5d, 0x5d, 0x9e, 0xaa, 0x27, 0x06, 0xf7, 0x31, 0xc6, 0x53, 0x18, 0xf6, 0xb1,
    0x27, 0x02, 0xa5, 0xec, 0xb6, 0x27, 0x07, 0x33, 0xd1, 0xd1, 0x6b, 0x6b, 0xfc, 0xfc, 0xc0, 0x27,
    0x04, 0x1f, 0x1e, 0x1e, 0x1e, 0xcb, 0x27, 0x02, 0x1e, 0x1f, 0xce, 0x27, 0x07, 0xfc, 0xd1, 0xce,
    0x6a, 0xce, 0x33, 0x33, 0xda, 0x27, 0x02, 0xa4, 0xa4, 0xdd, 0x27, 0x01, 0x33, 0xe5, 0x27, 0x06,
    0xcf, 0x97, 0x0c, 0x0c, 0x0c, 0x3f, 0x24, 0x28, 0x06, 0x05, 0x5d, 0x9b, 0x5d, 0x5d, 0x51, 0x2d,
    0x28, 0x04, 0xa4, 0x31, 0xa4, 0x62, 0x33, 0x28, 0x09, 0xf6, 0xa4, 0xa4, 0x33, 0xfc, 0xcf, 0xcf,
    0xcf, 0xfc, 0x3e, 0x28, 0x04, 0x01, 0x1f, 0x1e, 0x1e, 0x43, 0x28, 0x01, 0x1e, 0x45, 0x28, 0x0e,
    0x1e, 0x1e, 0x1e, 0x1e, 0x1e, 0x01, 0x01, 0x1f, 0x1f, 0xcf, 0xcf, 0xd1, 0xd1, 0xce, 0x54, 0x28,
    0x01, 0xa4, 0x56, 0x28, 0x02, 0x33, 0x33, 0x5c, 0x28, 0x01, 0xa4, 0x5f, 0x28, 0x02, 0x33, 0x33,
    0x67, 0x28, 0x04, 0x9b, 0x9b, 0x9b, 0x3f, 0xa7, 0x28, 0x05, 0x05, 0x5d, 0x5d, 0x5d, 0x58, 0xad,
    0x28, 0x06, 0xc6, 0xc6, 0xc6, 0x62, 0x31, 0x31, 0xb5, 0x28, 0x09, 0xef, 0x19, 0x01, 0x48, 0x33,
    0xe2, 0xfc, 0x1e, 0x1e, 0xc1, 0x28, 0x0b, 0x1e, 0x1e, 0x1e, 0x1e, 0x1e, 0x1e, 0x01, 0x01, 0x1f,
    0x1f, 0x01, 0xcd, 0x28, 0x06, 0xe2, 0xd1, 0xce, 0xce, 0xce, 0xce, 0xd6, 0x28, 0x05, 0xa4, 0x97,
    0x97, 0xa4, 0xa4, 0xdf, 0x28, 0x01, 0xa4, 0xe3, 0x28, 0x01, 0xa4, 0xe6, 0x28, 0x06, 0x33, 0x0c,
    0x3f, 0x3f, 0x3f, 0x0c, 0x2b, 0x29, 0x05, 0x05, 0x5d, 0x5d, 0x97, 0xc6, 0x31, 0x29, 0x07, 0x62,
    0xc6, 0x62, 0xc6, 0x31, 0xf7, 0xa4, 0x3a, 0x29, 0x03, 0x01, 0x6a, 0x96, 0x3e, 0x29, 0x02, 0xfc,
    0xfc, 0x43, 0x29, 0x01, 0x1e, 0x45, 0x29, 0x05, 0x01, 0x01, 0x1f, 0x01, 0x01, 0x4c, 0x29, 0x09,
    0x01, 0xce, 0xce, 0xce, 0xce, 0xce, 0x97, 0xa4, 0xa4, 0x57, 0x29, 0x01, 0xa4, 0x59, 0x29, 0x01,
    0x33, 0x5b, 0x29, 0x01, 0xa4, 0x65, 0x29, 0x07, 0xa4, 0xa4, 0x3f, 0x3f, 0x0c, 0x0c, 0x0c, 0xaf,
    0x29, 0x02, 0x05, 0x58, 0xb3, 0x29, 0x01, 0xa4, 0xb8, 0x29, 0x01, 0xf7, 0xba, 0x29, 0x07, 0xa4,
    0x53, 0xf6, 0xf6, 0x96, 0x96, 0x6b, 0xc2, 0x29, 0x06, 0xfc, 0xfd, 0x01, 0x01, 0x01, 0x01, 0xcb,
    0x29, 0x0c, 0x01, 0xfd, 0xce, 0xce, 0xcf, 0xcf, 0xcf, 0x97, 0xa4, 0xa4, 0x33, 0xa4, 0xdc, 0x29,
    0x02, 0x33, 0x33, 0xe4, 0x29, 0x08, 0xa4, 0x33, 0xa4, 0x3f, 0x3f, 0x3f, 0x9b, 0x9b, 0x32, 0x2a,
    0x01, 0x05, 0x37, 0x2a, 0x02, 0xc6, 0xc6, 0x3b, 0x2a, 0x02, 0x62, 0xc6, 0x3e, 0x2a, 0x16, 0xef,
    0xa5, 0xf7, 0x33, 0x97, 0x6a, 0x01, 0x01, 0xfc, 0xfc, 0x01, 0x01, 0x01, 0x01, 0xfd, 0xfc, 0xcf,
    0xcf, 0xcf, 0xcf, 0x33, 0x97, 0x55, 0x2a, 0x02, 0xa4, 0x97, 0x5b, 0x2a, 0x03, 0xa4, 0xa4, 0xa4,
    0x5f, 0x2a, 0x03, 0x33, 0x33, 0x33, 0x64, 0x2a, 0x08, 0xa4, 0xa4, 0x33, 0x3f, 0x3f, 0x3f, 0x3f,
    0x3f, 0xb5, 0x2a, 0x02, 0x05, 0x58, 0xb8, 0x2a, 0x01, 0xc6, 0xba, 0x2a, 0x03, 0xc6, 0x62, 0xc6,
    0xbe, 0x2a, 0x02, 0x31, 0xc6, 0xc2, 0x2a, 0x11, 0xa5, 0xf7, 0x8f, 0x6a, 0x6b, 0x6b, 0x01, 0x01,
    0xfc, 0xfc, 0x6b, 0x6b, 0xcf, 0xfc, 0xfc, 0xfc, 0xa4, 0xd4, 0x2a, 0x04, 0xa4, 0xa4, 0xa4, 0xa4,
    0xda, 0x2a, 0x02, 0x33, 0x33, 0xdf, 0x2a, 0x03, 0xa4, 0xa4, 0xa4, 0xe3, 0x2a, 0x01, 0x33, 0xe6,
    0x2a, 0x07, 0x33, 0x3f, 0x3f, 0x3f, 0x3f, 0x3f, 0x0c, 0x38, 0x2b, 0x06, 0x0c, 0x5d, 0x51, 0x62,
    0xc6, 0x62, 0x3f, 0x2b, 0x02, 0xc6, 0x53, 0x42, 0x2b, 0x01, 0xa4, 0x44, 0x2b, 0x0e, 0xf6, 0x01,
    0x9c, 0x8f, 0xd1, 0x6b, 0x6b, 0xcf, 0xcf, 0x33, 0x33, 0x75, 0x6b, 0x33, 0x53, 0x2b, 0x01, 0x33,
    0x59, 0x2b, 0x02, 0xa4, 0xa4, 0x5d, 0x2b, 0x02, 0x33, 0x33, 0x63, 0x2b, 0x01, 0xa4, 0x65, 0x2b,
    0x08, 0x33, 0x33, 0x3f, 0x3f, 0x3f, 0x3f, 0x3f, 0x0c, 0xba, 0x2b, 0x06, 0x05, 0x5d, 0x9b, 0x58,
    0x51, 0xc6, 0xc3, 0x2b, 0x11, 0xf7, 0xc6, 0x31, 0xde, 0x53, 0xa4, 0x33, 0x60, 0xbc, 0xa5, 0xa4,
    0xa4, 0xcf, 0xcf, 0x33, 0x33, 0xa4, 0xd5, 0x2b, 0x02, 0x33, 0x33, 0xde, 0x2b, 0x01, 0xa4, 0xe0,
    0x2b, 0x02, 0x33, 0x33, 0xe5, 0x2b, 0x08, 0xa4, 0x33, 0x3f, 0x3f, 0x3f, 0x3f, 0x3f, 0x3f, 0x3d,
    0x2c, 0x06, 0x0c, 0x5d, 0x5d, 0x58, 0x33, 0x62, 0x45, 0x2c, 0x02, 0x31, 0xf7, 0x48, 0x2c, 0x0b,
    0xf7, 0xc7, 0xf6, 0xf7, 0x33, 0x60, 0xbc, 0xa4, 0xa4, 0xa5, 0xa4, 0x55, 0x2c, 0x03, 0x97, 0x97,
    0x33, 0x5f, 0x2c, 0x03, 0xa4, 0xa4, 0x33, 0x63, 0x2c, 0x02, 0x33, 0x33, 0x66, 0x2c, 0x07, 0x33,
    0x3f, 0x3f, 0x3f, 0x3f, 0x3f, 0x3f, 0xbf, 0x2c, 0x06, 0x05, 0x5d, 0x3f, 0x5d, 0x5d, 0x3a, 0xc9,
    0x2c, 0x07, 0x31, 0x53, 0xde, 0xc7, 0xc6, 0xec, 0x97, 0xd1, 0x2c, 0x07, 0x53, 0x53, 0xbc, 0xa5,
    0xa5, 0xa4, 0xa4, 0xd9, 0x2c, 0x01, 0x33, 0xe1, 0x2c, 0x01, 0xa4, 0xe3, 0x2c, 0x02, 0xa4, 0xa4,
    0xe6, 0x2c, 0x08, 0x33, 0x0c, 0x0c, 0x0c, 0x3f, 0x3f, 0x3f, 0x0c, 0x41, 0x2d, 0x07, 0x05, 0x5d,
    0x5d, 0x5d, 0x5d, 0x9b, 0x9e, 0x4a, 0x2d, 0x0e, 0x31, 0x31, 0xc6, 0x53, 0x18, 0xc7, 0xc7, 0x62,
    0x60, 0x53, 0xa4, 0x53, 0x53, 0xa5, 0x5d, 0x2d, 0x01, 0x33, 0x66, 0x2d, 0x08, 0x33, 0x9b, 0x9b,
    0x9b, 0x3f, 0x0c, 0x0c, 0x0c, 0xc4, 0x2d, 0x14, 0x0c, 0x5d, 0x3f, 0x5d, 0x5d, 0x3f, 0x58, 0x51,
    0x62, 0xf7, 0xc6, 0x31, 0xde, 0x62, 0xc6, 0x8e, 0x62, 0x60, 0x53, 0xa4, 0xd9, 0x2d, 0x03, 0xa4,
    0xa5, 0xa5, 0xde, 0x2d, 0x03, 0xcf, 0x33, 0x33, 0xe6, 0x2d, 0x08, 0x33, 0x3f, 0x3f, 0x3f, 0x3f,
    0x9b, 0x9b, 0x0c, 0x46, 0x2e, 0x09, 0x05, 0x5d, 0x5d, 0x5d, 0x5d, 0x5d, 0x9b, 0x58, 0x51, 0x50,
    0x2e, 0x0b, 0x31, 0x62, 0x62, 0x31, 0x18, 0xc7, 0xc6, 0x51, 0x33, 0xa4, 0x53, 0x5c, 0x2e, 0x07,
    0x53, 0xbc, 0xa5, 0x01, 0xa4, 0x48, 0xfc, 0x64, 0x2e, 0x0a, 0x33, 0x33, 0x33, 0x3f, 0x3f, 0x3f,
    0x3f, 0x3f, 0x3f, 0x9b, 0xc9, 0x2e, 0x0e, 0x05, 0x5d, 0x5d, 0x5d, 0x5d, 0x9b, 0x5d, 0x58, 0x33,
    0xc6, 0xc6, 0x31, 0xde, 0xc7, 0xd8, 0x2e, 0x06, 0x48, 0x58, 0x51, 0x51, 0x53, 0x53, 0xdf, 0x2e,
    0x01, 0x53, 0xe1, 0x2e, 0x0d, 0xa4, 0x01, 0xa4, 0xdf, 0xcf, 0x0c, 0x3f, 0x0c, 0x0c, 0x3f, 0x3f,
    0x3f, 0x3f, 0x4b, 0x2f, 0x0c, 0x05, 0x0c, 0x5d, 0x5d, 0x5d, 0x5d, 0x9b, 0x9b, 0x5d, 0x58, 0x31,
    0x31, 0x58, 0x2f, 0x08, 0xf7, 0xde, 0x62, 0xa4, 0x62, 0x51, 0x62, 0x53, 0x61, 0x2f, 0x01, 0xa4,
    0x63, 0x2f, 0x0c, 0x53, 0xbc, 0xa5, 0x9a, 0x9b, 0xd3, 0x05, 0x0c, 0x3f, 0x0c, 0x0c, 0x0c, 0xce,
    0x2f, 0x10, 0x05, 0x5d, 0x3f, 0x9b, 0x5d, 0x5d, 0x3f, 0x5d, 0x5d, 0x58, 0x60, 0xc6, 0x62, 0x31,
    0xc7, 0xc7, 0xdf, 0x2f, 0x06, 0x62, 0x33, 0xa4, 0x62, 0x53, 0x53, 0xe6, 0x2f, 0x08, 0x6c, 0x83,
    0x9a, 0x3f, 0x9b, 0xd3, 0xf0, 0x0c, 0x50, 0x30, 0x10, 0x05, 0x0c, 0x5d, 0x5d, 0x5d, 0x5d, 0x9b,
    0x5d, 0x5d, 0x3f, 0x9b, 0x69, 0x62, 0x31, 0xde, 0xa5, 0x61, 0x30, 0x01, 0xc6, 0x63, 0x30, 0x0b,
    0x51, 0x62, 0x62, 0x6c, 0x6c, 0x9b, 0x3f, 0x6c, 0x83, 0x9a, 0x9a, 0xd3, 0x30, 0x1b, 0x05, 0x0c,
    0x5d, 0x5d, 0x5d, 0x3f, 0x9b, 0x5d, 0x5d, 0x5d, 0x6c, 0x69, 0x33, 0xf7, 0x62, 0xc6, 0xc6, 0xc6,
    0x97, 0x5d, 0x5d, 0x3f, 0x9b, 0x6c, 0x6c, 0x3f, 0x6c, 0x56, 0x31, 0x17, 0x05, 0x5d, 0x3f, 0x9b,
    0x5d, 0x5d, 0x3f, 0x5d, 0x5d, 0x5d, 0x6c, 0x9b, 0x3a, 0x31, 0xc7, 0xc7, 0x5d, 0x3f, 0x9b, 0x3f,
    0x5d, 0x5d, 0x5d, 0xd8, 0x31, 0x15, 0x05, 0x0c, 0x5d, 0x5d, 0x5d, 0x5d, 0x9b, 0x5d, 0x3f, 0x9b,
    0x6c, 0x6c, 0x3f, 0x05, 0x0c, 0x3f, 0x9b, 0x5d, 0x5d, 0x5d, 0x9b, 0x5b, 0x32, 0x0a, 0x05, 0x5d,
    0x5d, 0x5d, 0x3f, 0x9b, 0x3f, 0x5d, 0x5d, 0x5d, 0x69, 0x32, 0x03, 0x05, 0x5d, 0x5d, 0xdd, 0x32,
    0x08, 0x05, 0x0c, 0x3f, 0x9b, 0x5d, 0x5d, 0x9b, 0x5d, 0x60, 0x33, 0x04, 0x05, 0x5d, 0x5d, 0x5d,
    0xe3, 0x33, 0x01, 0x05, 0x34, 0x18, 0x04, 0x0c, 0x0c, 0x0c, 0x0c, 0xb2, 0x18, 0x03, 0x0c, 0xfc,
    0xfc, 0xb8, 0x18, 0x03, 0x01, 0xfc, 0xfd, 0xbd, 0x18, 0x01, 0x0c, 0x2f, 0x19, 0x03, 0x0c, 0xf0,
    0xfc, 0x36, 0x19, 0x01, 0x01, 0x38, 0x19, 0x01, 0x1e, 0x3c, 0x19, 0x02, 0xe2, 0x33, 0xad, 0x19,
    0x01, 0x0c, 0xb0, 0x19, 0x06, 0xf0, 0xe2, 0xfc, 0xe2, 0x1e, 0x1e, 0xba, 0x19, 0x02, 0xfd, 0x33,
    0xbf, 0x19, 0x01, 0x33, 0xc2, 0x19, 0x04, 0xa4, 0xa4, 0x33, 0xce, 0xc9, 0x19, 0x01, 0x0c, 0x2b,
    0x1a, 0x01, 0x0c, 0x2d, 0x1a, 0x02, 0x3f, 0x33, 0x33, 0x1a, 0x05, 0x33, 0x0c, 0x0c, 0xfc, 0xfc,
    0x39, 0x1a, 0x01, 0x97, 0x3c, 0x1a, 0x01, 0x33, 0x43, 0x1a, 0x02, 0x33, 0xfc, 0x46, 0x1a, 0x01,
    0x01, 0x49, 0x1a, 0x04, 0x01, 0x01, 0x01, 0xfc, 0x4f, 0x1a, 0x01, 0x0c, 0xa8, 0x1a, 0x03, 0x0c,
    0x33, 0x33, 0xac, 0x1a, 0x01, 0xa4, 0xae, 0x1a, 0x01, 0xa4, 0xb0, 0x1a, 0x02, 0x97, 0x33, 0xb4,
    0x1a, 0x04, 0x33, 0xa4, 0x33, 0xfc, 0xb9, 0x1a, 0x02, 0x0c, 0x0c, 0xbc, 0x1a, 0x04, 0x33, 0x33,
    0xa4, 0xa4, 0xc2, 0x1a, 0x02, 0xcf, 0xfc, 0xc5, 0x1a, 0x01, 0x01, 0xc7, 0x1a, 0x04, 0x01, 0x1f,
    0x1f, 0x1e, 0xcc, 0x1a, 0x01, 0x1e, 0xce, 0x1a, 0x02, 0xe2, 0xd1, 0xd1, 0x1a, 0x02, 0x33, 0x33,
    0xd4, 0x1a, 0x03, 0x0c, 0x0c, 0x0c, 0x26, 0x1b, 0x07, 0x0c, 0x33, 0x33, 0xa4, 0xa4, 0x33, 0x33,
    0x34, 0x1b, 0x02, 0x97, 0xfc, 0x3a, 0x1b, 0x02, 0x01, 0x01, 0x3d, 0x1b, 0x03, 0xf0, 0xee, 0x33,
    0x42, 0x1b, 0x06, 0x1e, 0x1e, 0x1f, 0x1e, 0x1e, 0x1e, 0x49, 0x1b, 0x07, 0x1e, 0x1e, 0x1f, 0x1f,
    0xe2, 0xd1, 0xa4, 0x51, 0x1b, 0x03, 0x33, 0xa4, 0x33, 0x57, 0x1b, 0x06, 0x33, 0x33, 0x33, 0x0c,
    0x0c, 0x0c, 0xa5, 0x1b, 0x0a, 0x0c, 0xf0, 0xe2, 0xfc, 0xfc, 0xcf, 0x33, 0x97, 0xa4, 0xa4, 0xb2,
    0x1b, 0x02, 0x33, 0xfc, 0xb6, 0x1b, 0x07, 0x01, 0x01, 0x01, 0x01, 0x1f, 0x01, 0x1e, 0xbe, 0x1b,
    0x03, 0x1e, 0xfc, 0x33, 0xc2, 0x1b, 0x03, 0x3f, 0x3f, 0xd1, 0xc7, 0x1b, 0x03, 0xfc, 0x01, 0x01,
    0xcb, 0x1b, 0x03, 0x01, 0xfd, 0xfd, 0xd3, 0x1b, 0x01, 0xa4, 0xd7, 0x1b, 0x01, 0xa4, 0xd9, 0x1b,
    0x0b, 0x33, 0x33, 0xce, 0xfc, 0xfc, 0xfc, 0xfc, 0x0c, 0x0c, 0x0c, 0x0c, 0x21, 0x1c, 0x03, 0x0c,
    0x0c, 0xf0, 0x29, 0x1c, 0x07, 0x01, 0x01, 0xf1, 0xfc, 0xfc, 0xfc, 0x33, 0x31, 0x1c, 0x06, 0xe2,
    0x1f, 0x1e, 0x01, 0x1e, 0x1e, 0x38, 0x1c, 0x01, 0x1e, 0x3a, 0x1c, 0x01, 0x1e, 0x3c, 0x1c, 0x05,
    0x1f, 0x1f, 0xd1, 0xcf, 0xa4, 0x42, 0x1c, 0x01, 0x33, 0x46, 0x1c, 0x05, 0x3f, 0x3f, 0xce, 0xce,
    0x33, 0x4c, 0x1c, 0x01, 0xfc, 0x4e, 0x1c, 0x02, 0x33, 0x33, 0x52, 0x1c, 0x01, 0x33, 0x5a, 0x1c,
    0x03, 0xfc, 0xcf, 0x01, 0x60, 0x1c, 0x09, 0x01, 0x01, 0xfd, 0xfc, 0xe2, 0xf0, 0xf0, 0x0c, 0x0c,
    0xa0, 0x1c, 0x02, 0x0c, 0xf0, 0xa6, 0x1c, 0x01, 0x01, 0xa8, 0x1c, 0x05, 0x1f, 0x01, 0x1e, 0x1e,
    0x1e, 0xae, 0x1c, 0x07, 0xfc, 0x33, 0x3f, 0x33, 0x33, 0xfc, 0xfc, 0xb7, 0x1c, 0x01, 0x1e, 0xb9,
    0x1c, 0x02, 0x01, 0x1f, 0xbc, 0x1c, 0x09, 0xfd, 0x33, 0xce, 0xa4, 0xa4, 0xa4, 0xa4, 0x33, 0xa4,
    0xc6, 0x1c, 0x03, 0x33, 0x33, 0x33, 0xca, 0x1c, 0x09, 0x3f, 0xf0, 0xf0, 0xcf, 0xcf, 0xfc, 0xfc,
    0x33, 0x97, 0xd6, 0x1c, 0x05, 0xa4, 0xa4, 0x33, 0x33, 0xcf, 0xde, 0x1c, 0x01, 0x01, 0xe0, 0x1c,
    0x05, 0x01, 0x1f, 0x1f, 0x1f, 0x1e, 0xe6, 0x1c, 0x02, 0x1e, 0x1e, 0xe9, 0x1c, 0x01, 0x0c, 0x1e,
    0x1d, 0x03, 0xee, 0xee, 0x01, 0x22, 0x1d, 0x05, 0x1e, 0x1e, 0x1f, 0x1e, 0x1f, 0x2a, 0x1d, 0x04,
    0x1f, 0x1f, 0x33, 0x33, 0x2f, 0x1d, 0x02, 0xa4, 0xa4, 0x34, 0x1d, 0x03, 0x3f, 0x3f, 0x33, 0x38,
    0x1d, 0x03, 0xfc, 0x01, 0x01, 0x3c, 0x1d, 0x03, 0xcf, 0xfc, 0x33, 0x41, 0x1d, 0x02, 0x33, 0xa4,
    0x45, 0x1d, 0x02, 0xa4, 0xa4, 0x48, 0x1d, 0x01, 0x33, 0x4a, 0x1d, 0x02, 0xcf, 0xcf, 0x4f, 0x1d,
    0x07, 0xf0, 0xf0, 0xf0, 0xce, 0xce, 0xfd, 0xfc, 0x57, 0x1d, 0x01, 0x97, 0x59, 0x1d, 0x02, 0x33,
    0xe2, 0x5e, 0x1d, 0x0c, 0x1e, 0x01, 0x1e, 0x01, 0x1e, 0x1e, 0x1e, 0x1f, 0x1f, 0x1f, 0xe2, 0x0c,
    0x9e, 0x1d, 0x01, 0xfc, 0xa0, 0x1d, 0x01, 0x01, 0xa2, 0x1d, 0x0a, 0x01, 0x1e, 0x1e, 0x1e, 0x01,
    0x1f, 0x01, 0x1e, 0xcf, 0x33, 0xad, 0x1d, 0x02, 0xa4, 0x97, 0xb2, 0x1d, 0x02, 0xa4, 0x33, 0xb8,
    0x1d, 0x03, 0x0c, 0x9b, 0x0c, 0xbe, 0x1d, 0x02, 0xa4, 0xa4, 0xc1, 0x1d, 0x01, 0x97, 0xc3, 0x1d,
    0x01, 0x33, 0xc9, 0x1d, 0x01, 0xcf, 0xce, 0x1d, 0x03, 0x01, 0x01, 0x01, 0xd4, 0x1d, 0x15, 0xf0,
    0xee, 0xee, 0xcf, 0x33, 0x33, 0x33, 0xce, 0xcf, 0xfc, 0xfc, 0xe2, 0x1e, 0x1e, 0x1e, 0x01, 0x1f,
    0x01, 0x1e, 0x01, 0xfd, 0x1a, 0x1e, 0x01, 0x3f, 0x1c, 0x1e, 0x08, 0x33, 0x33, 0xcf, 0xd1, 0xd1,
    0xfc, 0xe2, 0xf0, 0x25, 0x1e, 0x04, 0x01, 0x1f, 0x01, 0xcf, 0x2a, 0x1e, 0x01, 0xa4, 0x2c, 0x1e,
    0x03, 0xa4, 0x33, 0xa4, 0x31, 0x1e, 0x02, 0xa4, 0x33, 0x35, 0x1e, 0x01, 0x33, 0x37, 0x1e, 0x01,
    0x33, 0x3b, 0x1e, 0x02, 0x01, 0x1e, 0x3e, 0x1e, 0x02, 0xf0, 0x0c, 0x41, 0x1e, 0x01, 0x33, 0x43,
    0x1e, 0x01, 0xa4, 0x45, 0x1e, 0x01, 0x33, 0x48, 0x1e, 0x01, 0xfc, 0x4a, 0x1e, 0x01, 0x1e, 0x4c,
    0x1e, 0x01, 0x01, 0x50, 0x1e, 0x04, 0x1f, 0x1f, 0x1f, 0x1e, 0x55, 0x1e, 0x12, 0x1e, 0x1e, 0x1e,
    0xe2, 0x33, 0x3f, 0x3f, 0xcf, 0x33, 0x33, 0x33, 0xcf, 0xcf, 0xcf, 0xfc, 0xfd, 0xfd, 0x01, 0x68,
    0x1e, 0x01, 0xfc, 0x95, 0x1e, 0x01, 0x0c, 0x98, 0x1e, 0x02, 0x3f, 0xa4, 0x9b, 0x1e, 0x01, 0x33,
    0xa0, 0x1e, 0x06, 0x33, 0x33, 0xcf, 0xcf, 0xfc, 0xfc, 0xa9, 0x1e, 0x02, 0xa4, 0xa4, 0xac, 0x1e,
    0x03, 0x33, 0xa4, 0x33, 0xb5, 0x1e, 0x01, 0xa4, 0xb8, 0x1e, 0x01, 0x01, 0xbf, 0x1e, 0x01, 0x01,
    0xc2, 0x1e, 0x09, 0x01, 0xfc, 0x0c, 0xfc, 0xe2, 0xe2, 0x1e, 0x1e, 0x01, 0xcc, 0x1e, 0x03, 0x1e,
    0x1e, 0x1f, 0xd1, 0x1e, 0x04, 0x1e, 0x1e, 0x1e, 0x1e, 0xd6, 0x1e, 0x03, 0x1f, 0xe2, 0x33, 0xdd,
    0x1e, 0x0c, 0xa4, 0x33, 0x3f, 0x3f, 0x3f, 0x33, 0x33, 0x33, 0x6b, 0xfc, 0xcf, 0xf0, 0x14, 0x1f,
    0x04, 0x0c, 0x3f, 0xa4, 0xa4, 0x1a, 0x1f, 0x02, 0x33, 0xa4, 0x1d, 0x1f, 0x01, 0x33, 0x21, 0x1f,
    0x02, 0xa4, 0x97, 0x24, 0x1f, 0x01, 0x33, 0x27, 0x1f, 0x04, 0x1e, 0x33, 0x3f, 0x3f, 0x2d, 0x1f,
    0x04, 0xa4, 0x33, 0xa4, 0x33, 0x35, 0x1f, 0x02, 0x33, 0xcf, 0x3b, 0x1f, 0x01, 0x01, 0x3d, 0x1f,
    0x01, 0x01, 0x40, 0x1f, 0x02, 0x01, 0x1f, 0x44, 0x1f, 0x05, 0x1e, 0x1e, 0xe2, 0x33, 0x33, 0x4a,
    0x1f, 0x02, 0x33, 0xfc, 0x4d, 0x1f, 0x01, 0x1e, 0x51, 0x1f, 0x07, 0x1f, 0x01, 0x01, 0x1f, 0x1e,
    0x01, 0xce, 0x5b, 0x1f, 0x01, 0x33, 0x60, 0x1f, 0x01, 0xa4, 0x62, 0x1f, 0x02, 0x33, 0x33, 0x65,
    0x1f, 0x04, 0x3f, 0x9b, 0x33, 0x0c, 0x90, 0x1f, 0x01, 0x0c, 0x92, 0x1f, 0x02, 0x0c, 0x3f, 0x96,
    0x1f, 0x01, 0xa4, 0x9b, 0x1f, 0x03, 0xa4, 0xa4, 0xa4, 0x9f, 0x1f, 0x03, 0x97, 0x33, 0x33, 0xa8,
    0x1f, 0x02, 0xfc, 0xfc, 0xab, 0x1f, 0x03, 0x33, 0x33, 0x3f, 0xb0, 0x1f, 0x03, 0xa4, 0xa4, 0x33,
    0xb7, 0x1f, 0x01, 0x1e, 0xb9, 0x1f, 0x01, 0x01, 0xbb, 0x1f, 0x01, 0x01, 0xbd, 0x1f, 0x04, 0x1f,
    0x1e, 0x1e, 0x1e, 0xcc, 0x1f, 0x09, 0x33, 0x33, 0x33, 0xfc, 0xfc, 0x01, 0x01, 0x01, 0x01, 0xd6,
    0x1f, 0x02, 0xfc, 0x97, 0xd9, 0x1f, 0x04, 0x33, 0x97, 0xa4, 0xa4, 0xdf, 0x1f, 0x04, 0xa4, 0x33,
    0x33, 0x33, 0xe5, 0x1f, 0x02, 0xa4, 0x97, 0xe8, 0x1f, 0x01, 0x0c, 0x0e, 0x20, 0x03, 0x0c, 0x0c,
    0x3f, 0x14, 0x20, 0x03, 0xa4, 0xa4, 0x97, 0x1d, 0x20, 0x03, 0xa4, 0xa4, 0x33, 0x2c, 0x20, 0x05,
    0xfd, 0xfd, 0xfd, 0x33, 0x3f, 0x32, 0x20, 0x04, 0x33, 0x75, 0x1e, 0x1e, 0x38, 0x20, 0x02, 0x1e,
    0x1e, 0x41, 0x20, 0x02, 0x1f, 0x01, 0x45, 0x20, 0x05, 0xa4, 0xa4, 0x33, 0x33, 0x33, 0x50, 0x20,
    0x02, 0x33, 0x33, 0x53, 0x20, 0x04, 0xfc, 0xfc, 0xfc, 0x33, 0x5c, 0x20, 0x03, 0xa4, 0xa4, 0x33,
    0x61, 0x20, 0x02, 0xa4, 0xa4, 0x8d, 0x20, 0x08, 0x0c, 0x3f, 0xa5, 0x33, 0x33, 0xa4, 0xa4, 0x33,
    0x96, 0x20, 0x01, 0xa4, 0x98, 0x20, 0x01, 0x33, 0xa4, 0x20, 0x01, 0x01, 0xab, 0x20, 0x01, 0x01,
    0xaf, 0x20, 0x02, 0x1e, 0xfc, 0xb2, 0x20, 0x02, 0xe2, 0xf0, 0xb5, 0x20, 0x03, 0x1e, 0x1e, 0x1e,
    0xb9, 0x20, 0x01, 0x1e, 0xbc, 0x20, 0x01, 0x1e, 0xbe, 0x20, 0x02, 0x01, 0x01, 0xc2, 0x20, 0x01,
    0x01, 0xcb, 0x20, 0x01, 0x33, 0xd2, 0x20, 0x03, 0x33, 0xa4, 0x33, 0xd7, 0x20, 0x05, 0xcf, 0x33,
    0x33, 0x33, 0xa4, 0xdd, 0x20, 0x01, 0x33, 0xe0, 0x20, 0x01, 0xa4, 0xe2, 0x20, 0x01, 0x33, 0x0d,
    0x21, 0x03, 0x83, 0x3f, 0x60, 0x13, 0x21, 0x02, 0x33, 0xa4, 0x16, 0x21, 0x01, 0x33, 0x18, 0x21,
    0x01, 0xa4, 0x1a, 0x21, 0x01, 0x33, 0x24, 0x21, 0x03, 0x01, 0x01, 0x01, 0x29, 0x21, 0x02, 0x1f,
    0x1e, 0x2d, 0x21, 0x04, 0x1e, 0x1e, 0xfc, 0x33, 0x34, 0x21, 0x01, 0x33, 0x36, 0x21, 0x01, 0xfc,
    0x3c, 0x21, 0x01, 0x01, 0x3f, 0x21, 0x01, 0x01, 0x47, 0x21, 0x01, 0x97, 0x4b, 0x21, 0x03, 0xa4,
    0x97, 0x33, 0x4f, 0x21, 0x01, 0x33, 0x51, 0x21, 0x05, 0xa4, 0x97, 0x33, 0xa4, 0xfd, 0x58, 0x21,
    0x02, 0xfc, 0xfc, 0x5b, 0x21, 0x04, 0xcf, 0xcf, 0x33, 0x97, 0x60, 0x21, 0x01, 0x33, 0x65, 0x21,
    0x01, 0xa4, 0x8e, 0x21, 0x08, 0x6c, 0x6c, 0x62, 0x62, 0x97, 0x53, 0xa5, 0x33, 0x97, 0x21, 0x04,
    0xa4, 0xa4, 0x33, 0xa4, 0x9e, 0x21, 0x01, 0x1e, 0xa0, 0x21, 0x01, 0x01, 0xa2, 0x21, 0x01, 0x01,
    0xa4, 0x21, 0x05, 0x01, 0x1f, 0x1e, 0x1e, 0x1e, 0xaa, 0x21, 0x01, 0x1e, 0xae, 0x21, 0x01, 0xe2,
    0xba, 0x21, 0x01, 0xf1, 0xbc, 0x21, 0x02, 0x01, 0x01, 0xc2, 0x21, 0x03, 0x33, 0x33, 0x33, 0xc7,
    0x21, 0x03, 0xa4, 0xa4, 0xa4, 0xce, 0x21, 0x05, 0xa4, 0xa4, 0xa4, 0x33, 0x33, 0xd5, 0x21, 0x01,
    0x01, 0xdc, 0x21, 0x07, 0xfc, 0xfc, 0xcf, 0xcf, 0xce, 0x3f, 0x97, 0xe7, 0x21, 0x01, 0x33, 0x0e,
    0x22, 0x0b, 0x5d, 0x5d, 0x62, 0x62, 0x18, 0x62, 0x62, 0x97, 0x53, 0xa5, 0x33, 0x1a, 0x22, 0x0a,
    0xd1, 0x01, 0x1e, 0x1e, 0x01, 0x01, 0x1e, 0x1e, 0x1f, 0x1e, 0x26, 0x22, 0x01, 0x1e, 0x29, 0x22,
    0x05, 0x1e, 0x1e, 0x1f, 0xe2, 0x97, 0x31, 0x22, 0x02, 0x33, 0x33, 0x3d, 0x22, 0x03, 0xf0, 0x1e,
    0x1e, 0x43, 0x22, 0x05, 0xa4, 0xa4, 0xa4, 0x33, 0x33, 0x52, 0x22, 0x02, 0xa4, 0xcf, 0x5e, 0x22,
    0x09, 0x01, 0x01, 0xfd, 0xfd, 0xcf, 0xcf, 0xcf, 0x6b, 0x0c, 0x8e, 0x22, 0x10, 0x5d, 0x5d, 0x5d,
    0x5d, 0x51, 0x31, 0x62, 0xbc, 0xc7, 0x60, 0x60, 0x74, 0xfd, 0x01, 0x1e, 0x1e, 0xa1, 0x22, 0x01,
    0x1e, 0xa4, 0x22, 0x01, 0x1e, 0xa6, 0x22, 0x04, 0x1e, 0x1e, 0x01, 0x01, 0xac, 0x22, 0x01, 0x33,
    0xb0, 0x22, 0x01, 0xa4, 0xb2, 0x22, 0x01, 0xa4, 0xbb, 0x22, 0x02, 0xa4, 0xa4, 0xc0, 0x22, 0x02,
    0x0c, 0x3f, 0xc9, 0x22, 0x02, 0x33, 0x33, 0xdb, 0x22, 0x01, 0x01, 0xdf, 0x22, 0x01, 0x01, 0xe1,
    0x22, 0x01, 0x1e, 0xe4, 0x22, 0x03, 0xe2, 0xe2, 0xcf, 0x10, 0x23, 0x10, 0x0c, 0x9b, 0x5d, 0x9b,
    0x51, 0x62, 0x31, 0x31, 0xc7, 0x9c, 0x60, 0x96, 0xe2, 0xfc, 0x1e, 0x1e, 0x21, 0x23, 0x02, 0x1e,
    0x1e, 0x24, 0x23, 0x03, 0x01, 0x01, 0x01, 0x29, 0x23, 0x02, 0xfd, 0xce, 0x2e, 0x23, 0x01, 0xa4,
    0x33, 0x23, 0x01, 0x33, 0x35, 0x23, 0x01, 0x33, 0x3a, 0x23, 0x06, 0xa4, 0x33, 0x33, 0xa4, 0x33,
    0xcf, 0x41, 0x23, 0x02, 0x01, 0xfc, 0x44, 0x23, 0x01, 0x0c, 0x4a, 0x23, 0x04, 0xa4, 0xa4, 0x33,
    0x33, 0x52, 0x23, 0x01, 0xcf, 0x5b, 0x23, 0x01, 0x01, 0x5d, 0x23, 0x02, 0x01, 0x1e, 0x61, 0x23,
    0x01, 0x1e, 0x64, 0x23, 0x02, 0x1e, 0x1e, 0x67, 0x23, 0x01, 0x0c, 0x92, 0x23, 0x11, 0x05, 0x5d,
    0x9b, 0x5d, 0x51, 0xc6, 0xf7, 0xa4, 0x31, 0xf6, 0x6b, 0x60, 0x6a, 0xfc, 0x01, 0x01, 0x01, 0xa4,
    0x23, 0x04, 0x01, 0x01, 0x01, 0x01, 0xa9, 0x23, 0x01, 0x33, 0xad, 0x23, 0x04, 0xa4, 0x97, 0x97,
    0xa4, 0xb3, 0x23, 0x05, 0xa4, 0xa4, 0x97, 0x97, 0xa4, 0xb9, 0x23, 0x01, 0x97, 0xbb, 0x23, 0x01,
    0xa4, 0xbd, 0x23, 0x03, 0x33, 0xce, 0x01, 0xc3, 0x23, 0x06, 0x1e, 0x1e, 0xfc, 0xfc, 0x0c, 0x33,
    0xcf, 0x23, 0x02, 0xa4, 0x33, 0xd2, 0x23, 0x01, 0xfc, 0xd9, 0x23, 0x01, 0x01, 0xdc, 0x23, 0x04,
    0x1f, 0x1f, 0x1f, 0x1e, 0xe2, 0x23, 0x02, 0x1e, 0x1e, 0xe6, 0x23, 0x02, 0x1f, 0x0c, 0x15, 0x24,
    0x04, 0x0c, 0x5d, 0x9b, 0x33, 0x1a, 0x24, 0x04, 0x31, 0x53, 0xc6, 0xf6, 0x1f, 0x24, 0x05, 0x9c,
    0x97, 0xfd, 0x01, 0x01, 0x26, 0x24, 0x06, 0xfc, 0x6b, 0x97, 0x33, 0x33, 0x33, 0x2f, 0x24, 0x01,
    0xa4, 0x36, 0x24, 0x02, 0xa4, 0xa4, 0x39, 0x24, 0x02, 0x33, 0x97, 0x3d, 0x24, 0x02, 0xfd, 0x01,
    0x49, 0x24, 0x04, 0xfd, 0xf1, 0x33, 0x33, 0x50, 0x24, 0x03, 0xa4, 0x97, 0x1e, 0x54, 0x24, 0x02,
    0x1e, 0x1f, 0x57, 0x24, 0x02, 0x01, 0x01, 0x5a, 0x24, 0x04, 0x01, 0x1f, 0x1f, 0x1e, 0x5f, 0x24,
    0x01, 0x1e, 0x67, 0x24, 0x01, 0x0c, 0x97, 0x24, 0x04, 0x05, 0x5d, 0x5d, 0x51, 0x9c, 0x24, 0x04,
    0x62, 0xf7, 0xc6, 0x31, 0xa1, 0x24, 0x07, 0x9c, 0x6a, 0x97, 0xfc, 0x1e, 0xcf, 0xa4, 0xa9, 0x24,
    0x01, 0xa4, 0xab, 0x24, 0x02, 0xa4, 0xa4, 0xae, 0x24, 0x01, 0x33, 0xb9, 0x24, 0x01, 0xa4, 0xbb,
    0x24, 0x02, 0x33, 0xcf, 0xc8, 0x24, 0x01, 0x01, 0xcc, 0x24, 0x08, 0xfd, 0xfd, 0xce, 0x33, 0xe2,
    0xe2, 0x1f, 0x1e, 0xd8, 0x24, 0x02, 0x1e, 0x1e, 0xe0, 0x24, 0x01, 0x1e, 0xe5, 0x24, 0x03, 0x1e,
    0xe2, 0x0c, 0x19, 0x25, 0x05, 0x05, 0x5d, 0x5d, 0x3a, 0xa4, 0x20, 0x25, 0x03, 0xa4, 0x31, 0xef,
    0x24, 0x25, 0x02, 0x73, 0x96, 0x2e, 0x25, 0x01, 0x97, 0x30, 0x25, 0x01, 0x33, 0x3b, 0x25, 0x01,
    0xcf, 0x43, 0x25, 0x03, 0x01, 0x01, 0x01, 0x47, 0x25, 0x07, 0x01, 0x1f, 0x01, 0x01, 0x01, 0x1e,
    0x1e, 0x4f, 0x25, 0x06, 0xfc, 0xfc, 0x3f, 0xcf, 0xfd, 0xfc, 0x56, 0x25, 0x01, 0x1e, 0x58, 0x25,
    0x01, 0x1e, 0x5a, 0x25, 0x01, 0x1e, 0x5c, 0x25, 0x01, 0x1e, 0x5f, 0x25, 0x01, 0x1e, 0x61, 0x25,
    0x01, 0x1e, 0x63, 0x25, 0x05, 0x1e, 0x1e, 0x1f, 0xfd, 0x0c, 0x9c, 0x25, 0x03, 0x05, 0x5d, 0x58,
    0xa0, 0x25, 0x01, 0xa4, 0xa3, 0x25, 0x06, 0x53, 0xf7, 0xef, 0xf6, 0xa5, 0x97, 0xb0, 0x25, 0x01,
    0x33, 0xb2, 0x25, 0x01, 0x33, 0xba, 0x25, 0x01, 0xcf, 0xc3, 0x25, 0x01, 0x01, 0xc8, 0x25, 0x01,
    0x01, 0xca, 0x25, 0x02, 0x1e, 0x1e, 0xce, 0x25, 0x03, 0x1e, 0xe2, 0x33, 0xd3, 0x25, 0x05, 0x33,
    0x3f, 0xd1, 0xd1, 0xe2, 0xda, 0x25, 0x02, 0x1e, 0x1e, 0xe7, 0x25, 0x01, 0x0c, 0x1f, 0x26, 0x03,
    0x0c, 0x3f, 0x51, 0x25, 0x26, 0x02, 0x31, 0xc6, 0x28, 0x26, 0x01, 0xa5, 0x2a, 0x26, 0x01, 0xa5,
    0x31, 0x26, 0x06, 0xa4, 0xa4, 0x33, 0x33, 0x33, 0x33, 0x39, 0x26, 0x01, 0xcf, 0x40, 0x26, 0x01,
    0x01, 0x46, 0x26, 0x02, 0x01, 0x1e, 0x49, 0x26, 0x01, 0x1e, 0x4b, 0x26, 0x01, 0x1e, 0x4e, 0x26,
    0x02, 0x1e, 0xcf, 0x56, 0x26, 0x06, 0x33, 0x3f, 0xcf, 0xcf, 0xfc, 0xfc, 0x64, 0x26, 0x01, 0x01,
    0x66, 0x26, 0x02, 0xf0, 0x0c, 0xa1, 0x26, 0x06, 0x05, 0x5d, 0x51, 0xc6, 0x62, 0xc6, 0xa8, 0x26,
    0x04, 0x31, 0xa4, 0xa4, 0xf6, 0xad, 0x26, 0x01, 0x33, 0xb3, 0x26, 0x01, 0xa4, 0xb5, 0x26, 0x01,
    0x97, 0xb8, 0x26, 0x01, 0xfc, 0xbb, 0x26, 0x02, 0x1e, 0x1e, 0xbe, 0x26, 0x02, 0x01, 0x01, 0xc3,
    0x26, 0x01, 0x1e, 0xc6, 0x26, 0x02, 0x1e, 0x1e, 0xce, 0x26, 0x02, 0xe2, 0x33, 0xd9, 0x26, 0x07,
    0x33, 0x33, 0xcf, 0xce, 0xce, 0xfd, 0xfd, 0xe1, 0x26, 0x01, 0x01, 0xe6, 0x26, 0x01, 0xf0, 0x24,
    0x27, 0x02, 0x0c, 0x51, 0x28, 0x27, 0x03, 0x62, 0x62, 0xc6, 0x2c, 0x27, 0x03, 0xa4, 0xef, 0xa4,
    0x31, 0x27, 0x01, 0x33, 0x35, 0x27, 0x01, 0xa4, 0x37, 0x27, 0x01, 0xfc, 0x39, 0x27, 0x03, 0x1e,
    0x1e, 0x01, 0x3d, 0x27, 0x01, 0x01, 0x40, 0x27, 0x02, 0x01, 0x1f, 0x4c, 0x27, 0x04, 0x1e, 0xfc,
    0xfc, 0xa4, 0x51, 0x27, 0x01, 0x33, 0x5c, 0x27, 0x08, 0x33, 0x33, 0xcf, 0xcf, 0xcf, 0xcf, 0xfc,
    0xfc, 0x65, 0x27, 0x02, 0xe2, 0xf0, 0xa6, 0x27, 0x02, 0x05, 0x58, 0xab, 0x27, 0x01, 0x62, 0xad,
    0x27, 0x02, 0x31, 0xa4, 0xb0, 0x27, 0x01, 0x19, 0xb2, 0x27, 0x03, 0xdf, 0x33, 0x33, 0xb6, 0x27,
    0x01, 0xe2, 0xb8, 0x27, 0x02, 0x1f, 0x01, 0xbe, 0x27, 0x01, 0x1f, 0xcc, 0x27, 0x03, 0x01, 0x6b,
    0x97, 0xd0, 0x27, 0x02, 0x33, 0x97, 0xd4, 0x27, 0x01, 0x33, 0xdf, 0x27, 0x08, 0x3f, 0x33, 0xcf,
    0xcf, 0xd1, 0xcf, 0xfc, 0x0c, 0x29, 0x28, 0x02, 0x09, 0x62, 0x2d, 0x28, 0x04, 0xa4, 0xc6, 0x62,
    0x31, 0x33, 0x28, 0x04, 0xf6, 0xec, 0x97, 0xfc, 0x3b, 0x28, 0x01, 0x1e, 0x3e, 0x28, 0x01, 0x1e,
    0x42, 0x28, 0x05, 0x1e, 0x1e, 0x1e, 0x1e, 0x1e, 0x4a, 0x28, 0x04, 0x1f, 0x01, 0xfd, 0xce, 0x50,
    0x28, 0x01, 0xa4, 0x53, 0x28, 0x02, 0x33, 0xa4, 0x56, 0x28, 0x02, 0x33, 0x33, 0x62, 0x28, 0x05,
    0x3f, 0x33, 0x33, 0x33, 0x3f, 0xab, 0x28, 0x02, 0x05, 0x51, 0xae, 0x28, 0x03, 0xc6, 0xc6, 0x62,
    0xb2, 0x28, 0x09, 0x62, 0xa4, 0xf7, 0xef, 0x19, 0x96, 0x6b, 0xfc, 0x1e, 0xbc, 0x28, 0x01, 0x1e,
    0xc5, 0x28, 0x03, 0x1e, 0x1e, 0x01, 0xca, 0x28, 0x04, 0x01, 0xfd, 0xcf, 0x33, 0xd3, 0x28, 0x01,
    0xa4, 0xd5, 0x28, 0x04, 0x33, 0x97, 0x33, 0x33, 0xe0, 0x28, 0x02, 0xa4, 0xa4, 0xe5, 0x28, 0x02,
    0x3f, 0x3f, 0x2e, 0x29, 0x02, 0x09, 0xc6, 0x32, 0x29, 0x02, 0xa4, 0x62, 0x35, 0x29, 0x06, 0x31,
    0x53, 0x18, 0xf6, 0x96, 0x96, 0x3c, 0x29, 0x01, 0xfc, 0x45, 0x29, 0x01, 0x01, 0x4a, 0x29, 0x03,
    0x01, 0xcf, 0xcf, 0x52, 0x29, 0x07, 0xa4, 0xa4, 0xa4, 0xa4, 0x33, 0x33, 0xa4, 0x5a, 0x29, 0x01,
    0x33, 0x65, 0x29, 0x02, 0x3f, 0x3f, 0xb2, 0x29, 0x04, 0xc6, 0x62, 0x62, 0x62, 0xb7, 0x29, 0x09,
    0x31, 0x53, 0xef, 0xa4, 0xa4, 0x96, 0x6a, 0xfc, 0xfc, 0xc2, 0x29, 0x01, 0x01, 0xca, 0x29, 0x03,
    0xfc, 0xcf, 0x33, 0xd0, 0x29, 0x02, 0xa4, 0xa4, 0xd4, 0x29, 0x02, 0xa4, 0x33, 0xd7, 0x29, 0x01,
    0xa4, 0xd9, 0x29, 0x02, 0x33, 0xa4, 0xdc, 0x29, 0x02, 0x33, 0x33, 0xe3, 0x29, 0x04, 0xa4, 0xa4,
    0x0c, 0x9b, 0x37, 0x2a, 0x01, 0xc6, 0x39, 0x2a, 0x0a, 0x31, 0xc6, 0x53, 0x18, 0xf6, 0x8f, 0x96,
    0x6a, 0xfd, 0xfd, 0x44, 0x2a, 0x02, 0x01, 0x01, 0x4a, 0x2a, 0x04, 0xcf, 0xcf, 0x33, 0x33, 0x50,
    0x2a, 0x03, 0xa4, 0xa4, 0x33, 0x54, 0x2a, 0x03, 0x33, 0xa4, 0xa4, 0x58, 0x2a, 0x02, 0xa4, 0xa4,
    0x5b, 0x2a, 0x03, 0x97, 0xa4, 0x97, 0x5f, 0x2a, 0x08, 0x33, 0x33, 0x33, 0x33, 0x33, 0x97, 0x9b,
    0x0c, 0xb5, 0x2a, 0x01, 0x09, 0xb9, 0x2a, 0x01, 0x62, 0xbb, 0x2a, 0x03, 0x62, 0x31, 0x62, 0xbf,
    0x2a, 0x06, 0x01, 0x9d, 0x33, 0x6a, 0x6b, 0xfc, 0xc9, 0x2a, 0x02, 0x6b, 0xcf, 0xcc, 0x2a, 0x02,
    0xa4, 0x97, 0xcf, 0x2a, 0x05, 0x33, 0x33, 0x33, 0xa4, 0xa4, 0xdb, 0x2a, 0x03, 0xa4, 0xa4, 0xa4,
    0xdf, 0x2a, 0x03, 0x97, 0x97, 0xa4, 0xe3, 0x2a, 0x04, 0x97, 0x33, 0x3f, 0x0c, 0x37, 0x2b, 0x04,
    0x05, 0x51, 0x62, 0xc6, 0x3c, 0x2b, 0x10, 0xc6, 0x62, 0x31, 0xc6, 0xef, 0xa5, 0xec, 0x60, 0x6a,
    0x6a, 0x1e, 0xfc, 0xe2, 0x6b, 0xcf, 0xa4, 0x4d, 0x2b, 0x01, 0x33, 0x4f, 0x2b, 0x02, 0x97, 0xa4,
    0x53, 0x2b, 0x01, 0x33, 0x5f, 0x2b, 0x08, 0xa4, 0xa4, 0x33, 0x33, 0xa4, 0x33, 0x0c, 0x0c, 0xb9,
    0x2b, 0x02, 0x05, 0x58, 0xbc, 0x2b, 0x02, 0xc6, 0xc6, 0xbf, 0x2b, 0x0c, 0xa4, 0xc6, 0xa4, 0xf7,
    0xf6, 0x01, 0x82, 0x8f, 0xcf, 0xa4, 0x33, 0x33, 0xcf, 0x2b, 0x05, 0xa4, 0xa4, 0x33, 0x33, 0xa4,
    0xd5, 0x2b, 0x02, 0x33, 0x33, 0xe1, 0x2b, 0x02, 0xa4, 0xa4, 0xe4, 0x2b, 0x03, 0x3f, 0x9b, 0x0c,
    0x3b, 0x2c, 0x03, 0x05, 0x5d, 0x51, 0x3f, 0x2c, 0x01, 0xc6, 0x41, 0x2c, 0x0d, 0x62, 0x53, 0xc6,
    0x31, 0xf7, 0xf6, 0xa4, 0x60, 0xa5, 0xa5, 0xa4, 0x33, 0x33, 0x51, 0x2c, 0x01, 0xa4, 0x54, 0x2c,
    0x04, 0x33, 0xa4, 0xa4, 0x33, 0x64, 0x2c, 0x03, 0x3f, 0x3f, 0x0c, 0xbd, 0x2c, 0x03, 0x05, 0x5d,
    0x9e, 0xc1, 0x2c, 0x01, 0xa4, 0xc5, 0x2c, 0x0b, 0xc6, 0x31, 0xbc, 0x01, 0xf7, 0x60, 0x8f, 0xa5,
    0xa4, 0xec, 0x33, 0xd3, 0x2c, 0x01, 0xa4, 0xd5, 0x2c, 0x01, 0x33, 0xd7, 0x2c, 0x01, 0xa4, 0xda,
    0x2c, 0x01, 0x33, 0xe3, 0x2c, 0x04, 0x33, 0x3f, 0x3f, 0x0c, 0x40, 0x2d, 0x02, 0x0c, 0x58, 0x44,
    0x2d, 0x01, 0x62, 0x46, 0x2d, 0x0b, 0xc6, 0xf7, 0xc6, 0x31, 0xf6, 0xf6, 0xa4, 0x60, 0xbc, 0xa5,
    0xa5, 0x52, 0x2d, 0x01, 0x33, 0x54, 0x2d, 0x02, 0xa4, 0xa4, 0x57, 0x2d, 0x01, 0x33, 0x59, 0x2d,
    0x02, 0xa4, 0xa4, 0x5c, 0x2d, 0x01, 0x33, 0x63, 0x2d, 0x04, 0x33, 0x3f, 0x3f, 0x0c, 0xc2, 0x2d,
    0x03, 0x0c, 0x5d, 0x97, 0xc9, 0x2d, 0x05, 0x53, 0xc6, 0x31, 0xde, 0xf6, 0xcf, 0x2d, 0x02, 0x60,
    0xbc, 0xd2, 0x2d, 0x02, 0xa4, 0xec, 0xd5, 0x2d, 0x03, 0x33, 0xa4, 0xa4, 0xda, 0x2d, 0x01, 0x33,
    0xdc, 0x2d, 0x02, 0xa4, 0xa4, 0xdf, 0x2d, 0x01, 0x33, 0xe1, 0x2d, 0x01, 0x33, 0xe3, 0x2d, 0x04,
    0x33, 0x3f, 0x3f, 0x0c, 0x44, 0x2e, 0x03, 0x0c, 0x5d, 0x58, 0x48, 0x2e, 0x01, 0xc6, 0x4b, 0x2e,
    0x06, 0x31, 0xf7, 0x62, 0x62, 0xc6, 0xf7, 0x52, 0x2e, 0x09, 0x33, 0x53, 0xbc, 0xa5, 0xa4, 0x33,
    0x33, 0xa4, 0xa4, 0x5c, 0x2e, 0x01, 0x33, 0x5e, 0x2e, 0x02, 0x33, 0xa4, 0x61, 0x2e, 0x06, 0xa4,
    0x33, 0x3f, 0x3f, 0x3f, 0x0c, 0xc6, 0x2e, 0x04, 0x0c, 0x5d, 0x5d, 0x58, 0xcb, 0x2e, 0x01, 0x62,
    0xce, 0x2e, 0x05, 0xa4, 0xc6, 0x31, 0xa5, 0x01, 0xd4, 0x2e, 0x09, 0x60, 0xbc, 0xa5, 0xa4, 0xec,
    0x3a, 0x33, 0x33, 0xa4, 0xde, 0x2e, 0x02, 0xa4, 0x33, 0xe2, 0x2e, 0x04, 0xa4, 0x3f, 0x0c, 0x3f,
    0x48, 0x2f, 0x09, 0x05, 0x5d, 0x5d, 0x58, 0x51, 0x62, 0x62, 0xc6, 0x31, 0x52, 0x2f, 0x08, 0xf7,
    0xde, 0xc7, 0xf7, 0x53, 0x33, 0x53, 0xbc, 0x5b, 0x2f, 0x01, 0xa4, 0x5d, 0x2f, 0x02, 0x33, 0xa4,
    0x63, 0x2f, 0x03, 0x3f, 0x3f, 0x3f, 0xca, 0x2f, 0x10, 0x05, 0x5d, 0x5d, 0x3f, 0x9e, 0x62, 0x62,
    0xc6, 0x31, 0xc6, 0x53, 0xde, 0x62, 0xc6, 0x53, 0x97, 0xdb, 0x2f, 0x04, 0x53, 0xa5, 0xa5, 0xa4,
    0xe0, 0x2f, 0x01, 0x33, 0xe2, 0x2f, 0x04, 0x33, 0x3f, 0x3f, 0x3f, 0x4d, 0x30, 0x05, 0x0c, 0x9b,
    0x5d, 0x58, 0x97, 0x55, 0x30, 0x11, 0x31, 0xa4, 0xc6, 0xc7, 0xa4, 0x48, 0x60, 0x33, 0x53, 0xbc,
    0xa5, 0xa4, 0xa4, 0x33, 0x0c, 0x3f, 0x3f, 0xcf, 0x30, 0x09, 0x0c, 0x5d, 0x5d, 0x5d, 0x9e, 0x51,
    0x62, 0xc6, 0x31, 0xd9, 0x30, 0x06, 0xf7, 0xc7, 0xc6, 0x8e, 0x53, 0x60, 0xe0, 0x30, 0x01, 0x53,
    0xe2, 0x30, 0x04, 0x97, 0x9b, 0x9b, 0x0c, 0x51, 0x31, 0x06, 0x0c, 0x5d, 0x5d, 0x5d, 0x3f, 0x3a,
    0x58, 0x31, 0x0e, 0x62, 0xf7, 0x31, 0x62, 0x53, 0xc7, 0x62, 0xc6, 0x60, 0xa4, 0x3f, 0x6c, 0x9a,
    0x9a, 0xd3, 0x31, 0x07, 0x05, 0x5d, 0x9b, 0x5d, 0x5d, 0x3a, 0x51, 0xdb, 0x31, 0x03, 0x31, 0xc6,
    0x62, 0xdf, 0x31, 0x06, 0xc7, 0xa4, 0x6b, 0x6c, 0x6c, 0x3f, 0x55, 0x32, 0x10, 0x05, 0x5d, 0x5d,
    0x5d, 0x5d, 0x9b, 0x58, 0x62, 0xc6, 0x31, 0xa4, 0xf7, 0xbc, 0x5d, 0x5d, 0x5d, 0xd8, 0x32, 0x0d,
    0x0c, 0x5d, 0x5d, 0x5d, 0x9b, 0x9e, 0x51, 0x62, 0xf7, 0x5d, 0x5d, 0x9b, 0x5d, 0x5a, 0x33, 0x0a,
    0x0c, 0x3f, 0x9b, 0x5d, 0x5d, 0x3f, 0x58, 0x5d, 0x5d, 0x5d, 0xdc, 0x33, 0x05, 0x05, 0x5d, 0x5d,
    0x5d, 0x5d, 0xe3, 0x33, 0x01, 0x05, 0x5e, 0x34, 0x03, 0x05, 0x5d, 0x5d, 0x37, 0x18, 0x01, 0x0c,
    0x39, 0x18, 0x03, 0x0c, 0x0c, 0x0c, 0xba, 0x18, 0x07, 0x01, 0xfc, 0x0c, 0x0c, 0x0c, 0x0c, 0x0c,
    0x32, 0x19, 0x01, 0xfc, 0x34, 0x19, 0x01, 0x1f, 0x37, 0x19, 0x04, 0x1e, 0x1f, 0x1f, 0x1e, 0x3c,
    0x19, 0x03, 0x1e, 0xfc, 0x33, 0x40, 0x19, 0x06, 0x0c, 0x0c, 0x0c, 0x0c, 0x0c, 0x0c, 0xb0, 0x19,
    0x07, 0x3f, 0x33, 0x33, 0x33, 0xd1, 0xfc, 0xfc, 0xb8, 0x19, 0x05, 0x01, 0x01, 0x01, 0xfd, 0x33,
    0xbf, 0x19, 0x02, 0xa4, 0x33, 0xc5, 0x19, 0x01, 0xa4, 0xc7, 0x19, 0x01, 0xfc, 0xc9, 0x19, 0x02,
    0x0c, 0x0c, 0x2b, 0x1a, 0x01, 0x0c, 0x2d, 0x1a, 0x02, 0x3f, 0x33, 0x32, 0x1a, 0x01, 0x33, 0x34,
    0x1a, 0x05, 0x3f, 0x3f, 0x33, 0x33, 0x33, 0x3a, 0x1a, 0x02, 0x97, 0x33, 0x44, 0x1a, 0x02, 0x33,
    0xcf, 0x4b, 0x1a, 0x02, 0x01, 0xfc, 0x4f, 0x1a, 0x01, 0x0c, 0xaa, 0x1a, 0x04, 0x33, 0xa4, 0xa4,
    0x33, 0xb0, 0x1a, 0x02, 0xa4, 0x33, 0xb5, 0x1a, 0x01, 0xa4, 0xb9, 0x1a, 0x07, 0xf0, 0xf0, 0xfc,
    0xfc, 0xfc, 0x97, 0x33, 0xc8, 0x1a, 0x01, 0x01, 0xca, 0x1a, 0x02, 0x01, 0x1f, 0xce, 0x1a, 0x05,
    0x1e, 0x1e, 0xd1, 0x33, 0x0c, 0xd4, 0x1a, 0x01, 0x0c, 0x26, 0x1b, 0x01, 0x0c, 0x28, 0x1b, 0x05,
    0x0c, 0x3f, 0x97, 0x33, 0x33, 0x2f, 0x1b, 0x02, 0xa4, 0x33, 0x34, 0x1b, 0x01, 0xa4, 0x3b, 0x1b,
    0x06, 0x01, 0x01, 0xf0, 0xee, 0xcf, 0xfc, 0x42, 0x1b, 0x04, 0xe2, 0xe2, 0x01, 0x01, 0x47, 0x1b,
    0x01, 0x1f, 0x4f, 0x1b, 0x01, 0x97, 0x51, 0x1b, 0x01, 0x33, 0x56, 0x1b, 0x02, 0x3f, 0x0c, 0xa5,
    0x1b, 0x04, 0x0c, 0x01, 0x1e, 0x1e, 0xab, 0x1b, 0x04, 0xfc, 0x0c, 0x3f, 0x97, 0xb5, 0x1b, 0x02,
    0x1e, 0x01, 0xb8, 0x1b, 0x05, 0x01, 0x1f, 0x1f, 0x1f, 0x1e, 0xbe, 0x1b, 0x01, 0x1e, 0xc2, 0x1b,
    0x04, 0x3f, 0x3f, 0xd1, 0xfc, 0xc7, 0x1b, 0x02, 0xfc, 0xfc, 0xcb, 0x1b, 0x01, 0x01, 0xce, 0x1b,
    0x01, 0x33, 0xd2, 0x1b, 0x02, 0xa4, 0xa4, 0xdb, 0x1b, 0x02, 0x3f, 0x0c, 0xdf, 0x1b, 0x01, 0x0c,
    0x21, 0x1c, 0x03, 0x0c, 0x0c, 0xf0, 0x29, 0x1c, 0x01, 0x01, 0x2c, 0x1c, 0x02, 0x01, 0x01, 0x2f,
    0x1c, 0x01, 0xfc, 0x32, 0x1c, 0x04, 0xe2, 0x1e, 0x01, 0x1e, 0x38, 0x1c, 0x01, 0x1e, 0x3a, 0x1c,
    0x06, 0x1e, 0x1e, 0x1e, 0x1f, 0xe2, 0xcf, 0x43, 0x1c, 0x01, 0x33, 0x46, 0x1c, 0x03, 0x3f, 0x3f,
    0xce, 0x4a, 0x1c, 0x01, 0xfd, 0x4c, 0x1c, 0x01, 0xfc, 0x4e, 0x1c, 0x02, 0x33, 0x33, 0x51, 0x1c,
    0x02, 0xa4, 0x33, 0x56, 0x1c, 0x03, 0xa4, 0x33, 0x33, 0x5a, 0x1c, 0x03, 0x33, 0x33, 0xce, 0x60,
    0x1c, 0x02, 0xf0, 0xf0, 0x64, 0x1c, 0x01, 0x0c, 0x9e, 0x1c, 0x01, 0x0c, 0xa0, 0x1c, 0x01, 0x0c,
    0xa3, 0x1c, 0x01, 0x1e, 0xa6, 0x1c, 0x04, 0x01, 0x01, 0x1e, 0x1e, 0xab, 0x1c, 0x01, 0x1e, 0xae,
    0x1c, 0x02, 0xfc, 0xe2, 0xb3, 0x1c, 0x0c, 0x0c, 0x0c, 0xfc, 0xfc, 0x1e, 0x01, 0x01, 0x1f, 0x01,
    0x01, 0xfc, 0xce, 0xc0, 0x1c, 0x02, 0xa4, 0xa4, 0xc3, 0x1c, 0x03, 0x33, 0xa4, 0x33, 0xc9, 0x1c,
    0x04, 0xa4, 0x9b, 0x3f, 0xf0, 0xd1, 0x1c, 0x03, 0xa4, 0x97, 0x33, 0xdb, 0x1c, 0x01, 0xfc, 0xe1,
    0x1c, 0x02, 0x01, 0x01, 0xe4, 0x1c, 0x04, 0x01, 0xee, 0xf0, 0xfc, 0xe9, 0x1c, 0x01, 0x0c, 0x1c,
    0x1d, 0x05, 0x0c, 0x0c, 0xd1, 0xe2, 0xfd, 0x24, 0x1d, 0x01, 0x1e, 0x28, 0x1d, 0x03, 0x1e, 0x1e,
    0x01, 0x2c, 0x1d, 0x02, 0x33, 0xfc, 0x2f, 0x1d, 0x02, 0xa4, 0x97, 0x37, 0x1d, 0x04, 0x0c, 0x0c,
    0xfd, 0xfd, 0x3c, 0x1d, 0x03, 0xcf, 0xcf, 0xa4, 0x40, 0x1d, 0x03, 0x33, 0x33, 0xa4, 0x45, 0x1d,
    0x02, 0xa4, 0xa4, 0x48, 0x1d, 0x02, 0x97, 0x33, 0x4b, 0x1d, 0x01, 0xce, 0x4d, 0x1d, 0x01, 0x1e,
    0x4f, 0x1d, 0x03, 0xf0, 0xf0, 0xf0, 0x56, 0x1d, 0x03, 0x33, 0xa4, 0x33, 0x5f, 0x1d, 0x01, 0x01,
    0x62, 0x1d, 0x02, 0x01, 0x1f, 0x66, 0x1d, 0x02, 0x1e, 0x1e, 0x69, 0x1d, 0x02, 0xfc, 0x0c, 0x99,
    0x1d, 0x0b, 0x0c, 0x0c, 0x0c, 0x3f, 0x3f, 0x33, 0xd1, 0xcf, 0xcf, 0xfc, 0xfc, 0xaa, 0x1d, 0x02,
    0x33, 0x33, 0xad, 0x1d, 0x02, 0xa4, 0x97, 0xb8, 0x1d, 0x08, 0x33, 0x97, 0x33, 0xfc, 0x0c, 0x33,
    0xa4, 0xa4, 0xc1, 0x1d, 0x03, 0x33, 0xa4, 0x33, 0xc9, 0x1d, 0x01, 0x33, 0xd1, 0x1d, 0x06, 0x01,
    0x01, 0x01, 0xf1, 0xf0, 0xf0, 0xd8, 0x1d, 0x01, 0x33, 0xda, 0x1d, 0x03, 0xfc, 0x01, 0x1e, 0xde,
    0x1d, 0x04, 0x01, 0x1f, 0x1e, 0x1f, 0xe3, 0x1d, 0x01, 0x1e, 0xe5, 0x1d, 0x01, 0x1e, 0xe7, 0x1d,
    0x03, 0x1f, 0x1f, 0xee, 0x16, 0x1e, 0x04, 0x0c, 0x0c, 0x0c, 0x3f, 0x1b, 0x1e, 0x01, 0xa4, 0x1d,
    0x1e, 0x01, 0x33, 0x21, 0x1e, 0x09, 0x33, 0x33, 0x3f, 0xcf, 0xfc, 0xe2, 0xfc, 0x33, 0x33, 0x2b,
    0x1e, 0x02, 0xa4, 0x33, 0x34, 0x1e, 0x03, 0xa4, 0x33, 0x33, 0x38, 0x1e, 0x01, 0x97, 0x3f, 0x1e,
    0x01, 0xfc, 0x41, 0x1e, 0x01, 0x33, 0x43, 0x1e, 0x01, 0xa4, 0x45, 0x1e, 0x03, 0x33, 0xa4, 0x33,
    0x4a, 0x1e, 0x01, 0x1e, 0x4c, 0x1e, 0x01, 0x01, 0x50, 0x1e, 0x03, 0x01, 0x1f, 0x1f, 0x55, 0x1e,
    0x03, 0x1e, 0x1e, 0x1e, 0x59, 0x1e, 0x04, 0x33, 0x3f, 0x3f, 0xfc, 0x5f, 0x1e, 0x08, 0xe2, 0x1e,
    0x1e, 0x1e, 0x1e, 0x1f, 0x1f, 0x01, 0x68, 0x1e, 0x02, 0x1e, 0x0c, 0x94, 0x1e, 0x04, 0x0c, 0x0c,
    0x33, 0x3f, 0x9a, 0x1e, 0x02, 0xa4, 0x33, 0x9e, 0x1e, 0x01, 0x33, 0xa4, 0x1e, 0x01, 0x33, 0xa7,
    0x1e, 0x02, 0xfc, 0x33, 0xad, 0x1e, 0x01, 0xa4, 0xb6, 0x1e, 0x02, 0x33, 0x97, 0xc3, 0x1e, 0x01,
    0xfc, 0xc5, 0x1e, 0x01, 0xfc, 0xc8, 0x1e, 0x03, 0x1e, 0x1e, 0x01, 0xcc, 0x1e, 0x03, 0x1e, 0x1e,
    0x1f, 0xd2, 0x1e, 0x01, 0x1e, 0xd5, 0x1e, 0x01, 0x1e, 0xd7, 0x1e, 0x01, 0x1e, 0xdf, 0x1e, 0x03,
    0x3f, 0x3f, 0x0c, 0xe3, 0x1e, 0x05, 0xfc, 0xfd, 0x01, 0x01, 0x01, 0xe9, 0x1e, 0x01, 0x0c, 0x11,
    0x1f, 0x01, 0x0c, 0x13, 0x1f, 0x02, 0x97, 0x3f, 0x18, 0x1f, 0x02, 0xa4, 0xa4, 0x1b, 0x1f, 0x01,
    0xa4, 0x1d, 0x1f, 0x03, 0x33, 0xa4, 0xa4, 0x21, 0x1f, 0x05, 0xa4, 0x33, 0x33, 0xce, 0xfd, 0x27,
    0x1f, 0x05, 0x1e, 0xfc, 0xf0, 0xf0, 0x33, 0x30, 0x1f, 0x01, 0x33, 0x34, 0x1f, 0x02, 0x33, 0x33,
    0x3b, 0x1f, 0x02, 0x01, 0x01, 0x3e, 0x1f, 0x02, 0x01, 0x1f, 0x42, 0x1f, 0x01, 0x1e, 0x46, 0x1f,
    0x02, 0x33, 0x33, 0x4a, 0x1f, 0x01, 0xd1, 0x4d, 0x1f, 0x02, 0x1e, 0x1e, 0x51, 0x1f, 0x01, 0x1e,
    0x53, 0x1f, 0x03, 0x01, 0x1f, 0x1f, 0x57, 0x1f, 0x01, 0xfd, 0x5a, 0x1f, 0x04, 0xa4, 0xa4, 0x33,
    0x33, 0x65, 0x1f, 0x04, 0x0c, 0x0c, 0xfc, 0xfc, 0x90, 0x1f, 0x01, 0x0c, 0x92, 0x1f, 0x01, 0x33,
    0x96, 0x1f, 0x03, 0xa4, 0xa4, 0xa4, 0x9f, 0x1f, 0x01, 0xa4, 0xa2, 0x1f, 0x02, 0xcf, 0xfc, 0xab,
    0x1f, 0x04, 0xfc, 0xfc, 0xf0, 0x33, 0xb2, 0x1f, 0x03, 0xa4, 0x33, 0xfc, 0xb7, 0x1f, 0x02, 0x1e,
    0x01, 0xba, 0x1f, 0x02, 0x01, 0x01, 0xbd, 0x1f, 0x01, 0x1e, 0xc3, 0x1f, 0x01, 0x1e, 0xc5, 0x1f,
    0x01, 0x33, 0xcb, 0x1f, 0x01, 0x33, 0xcd, 0x1f, 0x04, 0x0c, 0xcf, 0x01, 0x01, 0xd3, 0x1f, 0x02,
    0x01, 0x01, 0xd7, 0x1f, 0x01, 0x33, 0xdc, 0x1f, 0x01, 0xa4, 0xdf, 0x1f, 0x04, 0x97, 0x33, 0x33,
    0x33, 0xe4, 0x1f, 0x01, 0xa4, 0xe6, 0x1f, 0x01, 0x33, 0x0e, 0x20, 0x01, 0x0c, 0x10, 0x20, 0x05,
    0x3f, 0x53, 0xa5, 0x33, 0xa4, 0x16, 0x20, 0x01, 0x33, 0x18, 0x20, 0x02, 0xa4, 0x33, 0x1f, 0x20,
    0x03, 0x33, 0xcf, 0xfc, 0x29, 0x20, 0x02, 0x01, 0x01, 0x2e, 0x20, 0x05, 0xfc, 0xfc, 0x3f, 0x33,
    0xe2, 0x34, 0x20, 0x01, 0x1f, 0x3f, 0x20, 0x01, 0x1e, 0x41, 0x20, 0x04, 0x1f, 0x01, 0xfc, 0x97,
    0x46, 0x20, 0x01, 0x97, 0x48, 0x20, 0x01, 0x33, 0x4f, 0x20, 0x01, 0x33, 0x51, 0x20, 0x02, 0xfc,
    0xcf, 0x56, 0x20, 0x01, 0x97, 0x60, 0x20, 0x01, 0xa4, 0x62, 0x20, 0x01, 0xa4, 0x66, 0x20, 0x03,
    0xa4, 0x33, 0x0c, 0x8f, 0x20, 0x08, 0x9a, 0x0c, 0x51, 0x62, 0xa4, 0xbc, 0x33, 0xa4, 0x98, 0x20,
    0x01, 0x33, 0x9a, 0x20, 0x03, 0xa4, 0x33, 0x33, 0x9e, 0x20, 0x02, 0xcf, 0xfc, 0xa5, 0x20, 0x02,
    0x01, 0x01, 0xa9, 0x20, 0x03, 0x01, 0x01, 0x1f, 0xaf, 0x20, 0x06, 0xfc, 0x1e, 0x33, 0x33, 0xf0,
    0xfc, 0xb7, 0x20, 0x01, 0x1e, 0xba, 0x20, 0x01, 0x1e, 0xbc, 0x20, 0x01, 0x1e, 0xbe, 0x20, 0x01,
    0x01, 0xc2, 0x20, 0x02, 0xfc, 0x33, 0xc7, 0x20, 0x01, 0xa4, 0xc9, 0x20, 0x02, 0x97, 0x33, 0xd1,
    0x20, 0x01, 0xa4, 0xd3, 0x20, 0x01, 0x33, 0xd6, 0x20, 0x01, 0xcf, 0xdd, 0x20, 0x01, 0x33, 0xe6,
    0x20, 0x01, 0xa4, 0x0f, 0x21, 0x0a, 0x6c, 0x3f, 0x3f, 0x62, 0x97, 0x62, 0x53, 0xbc, 0x33, 0xa4,
    0x1b, 0x21, 0x06, 0xa4, 0xcf, 0xe2, 0x1e, 0x01, 0x01, 0x23, 0x21, 0x01, 0x01, 0x25, 0x21, 0x04,
    0x1f, 0x1e, 0x1f, 0x1f, 0x2b, 0x21, 0x02, 0x1e, 0x1e, 0x2e, 0x21, 0x02, 0xe2, 0x33, 0x35, 0x21,
    0x03, 0x33, 0xfc, 0xfc, 0x3b, 0x21, 0x01, 0x01, 0x41, 0x21, 0x02, 0xfc, 0x33, 0x45, 0x21, 0x01,
    0xa4, 0x47, 0x21, 0x03, 0x33, 0xa4, 0xa4, 0x4b, 0x21, 0x02, 0x33, 0xa4, 0x4e, 0x21, 0x02, 0x33,
    0x33, 0x51, 0x21, 0x01, 0xa4, 0x53, 0x21, 0x03, 0x33, 0x97, 0xfc, 0x57, 0x21, 0x01, 0xfc, 0x59,
    0x21, 0x02, 0x33, 0xcf, 0x5d, 0x21, 0x04, 0xa4, 0xa4, 0x33, 0x33, 0x90, 0x21, 0x08, 0x5d, 0x5d,
    0x9b, 0x31, 0xc7, 0x97, 0xa4, 0x53, 0x99, 0x21, 0x03, 0x33, 0x75, 0xfc, 0x9e, 0x21, 0x01, 0x1e,
    0xa0, 0x21, 0x05, 0x1f, 0x1e, 0x1e, 0x1f, 0x1f, 0xa7, 0x21, 0x02, 0x1e, 0x1e, 0xab, 0x21, 0x03,
    0x1e, 0xe2, 0xe2, 0xb8, 0x21, 0x01, 0x33, 0xba, 0x21, 0x01, 0x0c, 0xc0, 0x21, 0x02, 0xfc, 0x33,
    0xc3, 0x21, 0x05, 0x33, 0x33, 0xa4, 0x33, 0x33, 0xcb, 0x21, 0x02, 0xa4, 0xa4, 0xcf, 0x21, 0x02,
    0x33, 0x97, 0xd2, 0x21, 0x04, 0x97, 0xa4, 0xfd, 0x01, 0xd7, 0x21, 0x01, 0x1e, 0xda, 0x21, 0x04,
    0xfc, 0xfc, 0x33, 0x33, 0xe1, 0x21, 0x03, 0xa4, 0x97, 0x33, 0x10, 0x22, 0x0c, 0x5d, 0x5d, 0x9b,
    0x5d, 0x5d, 0xc6, 0x31, 0xa5, 0x51, 0x97, 0x6d, 0xfd, 0x1f, 0x22, 0x04, 0x1e, 0x1e, 0x1e, 0x1e,
    0x24, 0x22, 0x02, 0x1e, 0x1e, 0x28, 0x22, 0x03, 0x1f, 0x01, 0x01, 0x2c, 0x22, 0x05, 0x33, 0xa4,
    0xa4, 0xa4, 0x33, 0x32, 0x22, 0x01, 0x33, 0x3b, 0x22, 0x01, 0x33, 0x3d, 0x22, 0x02, 0x0c, 0x1e,
    0x40, 0x22, 0x01, 0x33, 0x42, 0x22, 0x02, 0xa4, 0xa4, 0x45, 0x22, 0x01, 0x97, 0x47, 0x22, 0x01,
    0x33, 0x51, 0x22, 0x01, 0xa4, 0x53, 0x22, 0x01, 0x01, 0x5e, 0x22, 0x04, 0xfc, 0xfc, 0x33, 0x33,
    0x64, 0x22, 0x04, 0xa4, 0x97, 0x33, 0x0c, 0x92, 0x22, 0x0c, 0x0c, 0x5d, 0x5d, 0x3f, 0x58, 0x31,
    0x31, 0xc7, 0x60, 0xce, 0xd1, 0xe2, 0x9f, 0x22, 0x02, 0x1e, 0x1e, 0xa2, 0x22, 0x0a, 0x1e, 0x1f,
    0x01, 0x01, 0x01, 0x01, 0x01, 0xfd, 0xce, 0xce, 0xb2, 0x22, 0x02, 0x97, 0x33, 0xbb, 0x22, 0x02,
    0xa4, 0xa4, 0xbe, 0x22, 0x01, 0xcf, 0xc0, 0x22, 0x02, 0x0c, 0x3f, 0xc6, 0x22, 0x03, 0xa4, 0x33,
    0xa4, 0xca, 0x22, 0x01, 0x33, 0xd2, 0x22, 0x02, 0xcf, 0xfc, 0xdc, 0x22, 0x0a, 0x01, 0x01, 0x01,
    0x01, 0x01, 0xf0, 0xfc, 0xfc, 0x33, 0x33, 0xe7, 0x22, 0x01, 0x0c, 0x14, 0x23, 0x04, 0x0c, 0x3f,
    0x5d, 0x5d, 0x19, 0x23, 0x11, 0x31, 0x31, 0xc7, 0x60, 0x97, 0x73, 0xfc, 0xfc, 0x01, 0x01, 0x01,
    0x01, 0x01, 0x01, 0xfd, 0x01, 0x33, 0x2d, 0x23, 0x03, 0xa4, 0x97, 0xa4, 0x33, 0x23, 0x01, 0x97,
    0x35, 0x23, 0x02, 0x33, 0x33, 0x39, 0x23, 0x09, 0xa4, 0x97, 0xa4, 0x33, 0xcf, 0xfc, 0x01, 0x01,
    0xcf, 0x44, 0x23, 0x01, 0x3f, 0x47, 0x23, 0x03, 0xa4, 0x33, 0x33, 0x4b, 0x23, 0x01, 0xa4, 0x4d,
    0x23, 0x01, 0x33, 0x51, 0x23, 0x01, 0x33, 0x59, 0x23, 0x02, 0x01, 0x01, 0x5e, 0x23, 0x02, 0x01,
    0x1e, 0x62, 0x23, 0x02, 0x1e, 0x1e, 0x65, 0x23, 0x02, 0xf0, 0xe2, 0x96, 0x23, 0x04, 0x0c, 0x5d,
    0x9b, 0x3f, 0x9b, 0x23, 0x01, 0x31, 0x9d, 0x23, 0x07, 0x31, 0xf6, 0x33, 0x6b, 0x01, 0xfd, 0x01,
    0xa6, 0x23, 0x05, 0xfc, 0x6b, 0xcf, 0x33, 0x33, 0xad, 0x23, 0x02, 0xa4, 0x97, 0xb3, 0x23, 0x01,
    0xa4, 0xb5, 0x23, 0x02, 0x97, 0x97, 0xb8, 0x23, 0x06, 0x33, 0x97, 0x33, 0x97, 0xcf, 0xfc, 0xc1,
    0x23, 0x04, 0x1e, 0x1e, 0x1e, 0xcf, 0xc7, 0x23, 0x01, 0x3f, 0xca, 0x23, 0x01, 0xa4, 0xcc, 0x23,
    0x01, 0x33, 0xce, 0x23, 0x01, 0xa4, 0xd0, 0x23, 0x02, 0x33, 0xcf, 0xd8, 0x23, 0x03, 0x01, 0x01,
    0x01, 0xdf, 0x23, 0x03, 0x01, 0x1e, 0x1e, 0xe5, 0x23, 0x02, 0x1e, 0xee, 0x18, 0x24, 0x04, 0x0c,
    0x5d, 0x5d, 0x3a, 0x1d, 0x24, 0x01, 0xf7, 0x1f, 0x24, 0x01, 0x31, 0x21, 0x24, 0x02, 0x33, 0x73,
    0x24, 0x24, 0x05, 0xfc, 0xcf, 0x33, 0xa4, 0xa4, 0x2a, 0x24, 0x03, 0x97, 0x33, 0x33, 0x36, 0x24,
    0x04, 0xa4, 0xa4, 0xa4, 0x33, 0x3b, 0x24, 0x03, 0xcf, 0xfc, 0x01, 0x47, 0x24, 0x04, 0xcf, 0xfc,
    0x33, 0x3f, 0x4d, 0x24, 0x02, 0xa4, 0x33, 0x50, 0x24, 0x04, 0x6b, 0xfc, 0x1e, 0x1e, 0x55, 0x24,
    0x01, 0x01, 0x57, 0x24, 0x03, 0x01, 0x01, 0x01, 0x5b, 0x24, 0x03, 0x1f, 0x1f, 0x1e, 0x5f, 0x24,
    0x04, 0x1e, 0x1e, 0x1e, 0x1e, 0x66, 0x24, 0x01, 0xee, 0x9a, 0x24, 0x04, 0x0c, 0x5d, 0x5d, 0x9e,
    0xa1, 0x24, 0x06, 0x31, 0xf6, 0xa4, 0x8f, 0x74, 0x33, 0xab, 0x24, 0x04, 0xa4, 0xa4, 0x97, 0x33,
    0xb9, 0x24, 0x03, 0xa4, 0xcf, 0xfc, 0xca, 0x24, 0x04, 0xce, 0xfd, 0x33, 0x33, 0xcf, 0x24, 0x01,
    0xcf, 0xd2, 0x24, 0x04, 0x1f, 0x01, 0x01, 0x01, 0xd8, 0x24, 0x03, 0x1f, 0x1f, 0x1e, 0xe0, 0x24,
    0x01, 0x1e, 0xe5, 0x24, 0x02, 0xfc, 0x0c, 0x1c, 0x25, 0x05, 0x05, 0x9b, 0x5d, 0x58, 0xa4, 0x22,
    0x25, 0x07, 0xf7, 0xa4, 0xef, 0x01, 0x8f, 0xa5, 0x33, 0x2d, 0x25, 0x04, 0xa4, 0x97, 0x33, 0x33,
    0x39, 0x25, 0x02, 0xcf, 0xcf, 0x43, 0x25, 0x01, 0x01, 0x47, 0x25, 0x04, 0x01, 0x1f, 0x01, 0x01,
    0x4c, 0x25, 0x06, 0x1e, 0xd1, 0xfc, 0xe2, 0xfd, 0xf0, 0x53, 0x25, 0x01, 0x01, 0x58, 0x25, 0x02,
    0x1e, 0x1e, 0x5c, 0x25, 0x02, 0x1e, 0x1e, 0x61, 0x25, 0x06, 0x1e, 0x1e, 0x1e, 0x1e, 0xf4, 0x33,
    0x9e, 0x25, 0x04, 0x05, 0x5d, 0x9b, 0x58, 0xa4, 0x25, 0x07, 0x31, 0x31, 0x31, 0xf6, 0xa4, 0x96,
    0x33, 0xaf, 0x25, 0x05, 0xa4, 0x97, 0x33, 0x33, 0x33, 0xb6, 0x25, 0x04, 0x33, 0xcf, 0xcf, 0xcf,
    0xc0, 0x25, 0x03, 0x01, 0x01, 0x01, 0xc7, 0x25, 0x01, 0x01, 0xca, 0x25, 0x01, 0x1e, 0xcd, 0x25,
    0x08, 0xfc, 0xd1, 0xfc, 0xcf, 0x33, 0xcf, 0xe2, 0xee, 0xd6, 0x25, 0x01, 0x1e, 0xd8, 0x25, 0x02,
    0x1e, 0x1e, 0xdb, 0x25, 0x03, 0x1e, 0x1e, 0x1e, 0xe5, 0x25, 0x02, 0xf1, 0xf1, 0x21, 0x26, 0x04,
    0x0c, 0x5d, 0x58, 0xc6, 0x27, 0x26, 0x06, 0x31, 0x62, 0x53, 0xf6, 0x96, 0x33, 0x31, 0x26, 0x03,
    0xa4, 0xa4, 0x33, 0x35, 0x26, 0x04, 0x33, 0xcf, 0xcf, 0xcf, 0x3e, 0x26, 0x03, 0x01, 0x01, 0x01,
    0x43, 0x26, 0x03, 0x01, 0x01, 0x01, 0x47, 0x26, 0x02, 0x1e, 0x1e, 0x4a, 0x26, 0x01, 0x1e, 0x4d,
    0x26, 0x02, 0xd1, 0xcf, 0x52, 0x26, 0x08, 0xcf, 0xd1, 0x33, 0xcf, 0xfc, 0xf0, 0x1e, 0x1e, 0x5d,
    0x26, 0x01, 0x1e, 0x64, 0x26, 0x02, 0xfc, 0xf0, 0xa3, 0x26, 0x04, 0x0c, 0x5d, 0x58, 0xc6, 0xa9,
    0x26, 0x02, 0x62, 0x62, 0xac, 0x26, 0x02, 0xf6, 0x96, 0xb4, 0x26, 0x05, 0x33, 0xfc, 0xcf, 0xd1,
    0x1e, 0xbb, 0x26, 0x01, 0x1f, 0xbe, 0x26, 0x02, 0x01, 0x01, 0xc2, 0x26, 0x01, 0x1e, 0xc4, 0x26,
    0x02, 0x1e, 0x1e, 0xcc, 0x26, 0x03, 0xd1, 0xd1, 0x33, 0xd5, 0x26, 0x06, 0xcf, 0xcf, 0x33, 0xcf,
    0xfc, 0xfc, 0xe1, 0x26, 0x02, 0x01, 0x01, 0xe5, 0x26, 0x01, 0xf0, 0x25, 0x27, 0x03, 0x0c, 0x5d,
    0x58, 0x29, 0x27, 0x01, 0x62, 0x2b, 0x27, 0x02, 0x31, 0xc6, 0x2e, 0x27, 0x02, 0xf7, 0x01, 0x34,
    0x27, 0x04, 0xd1, 0x75, 0xce, 0x01, 0x39, 0x27, 0x01, 0x1e, 0x3b, 0x27, 0x01, 0x01, 0x3d, 0x27,
    0x04, 0x1e, 0x1e, 0x1e, 0x1f, 0x4a, 0x27, 0x05, 0x1e, 0xe2, 0xcf, 0x33, 0x33, 0x58, 0x27, 0x08,
    0xcf, 0xce, 0x33, 0xce, 0xfd, 0xfd, 0x01, 0x01, 0x64, 0x27, 0x02, 0xf0, 0x0c, 0xa7, 0x27, 0x05,
    0x05, 0x5d, 0x58, 0xc6, 0x62, 0xae, 0x27, 0x01, 0x62, 0xb0, 0x27, 0x01, 0xef, 0xb3, 0x27, 0x0c,
    0xd1, 0xcf, 0xcf, 0x1e, 0x1e, 0x01, 0x1f, 0x1e, 0x1e, 0x1e, 0x1e, 0x1f, 0xc1, 0x27, 0x02, 0x1e,
    0x1e, 0xc5, 0x27, 0x03, 0x1e, 0x1e, 0x1e, 0xc9, 0x27, 0x06, 0x1e, 0xe2, 0x75, 0xcf, 0x97, 0xa4,
    0xd0, 0x27, 0x02, 0x33, 0x33, 0xdb, 0x27, 0x06, 0xce, 0x33, 0x33, 0xcf, 0xf0, 0xfc, 0xe3, 0x27,
    0x03, 0xe2, 0xf0, 0x0c, 0x29, 0x28, 0x03, 0x05, 0x5d, 0x58, 0x2d, 0x28, 0x02, 0x62, 0xc6, 0x30,
    0x28, 0x01, 0x31, 0x32, 0x28, 0x01, 0x53, 0x34, 0x28, 0x07, 0xdf, 0xfd, 0x1e, 0x1e, 0x1e, 0x1e,
    0x1e, 0x3e, 0x28, 0x01, 0x1e, 0x42, 0x28, 0x01, 0x1e, 0x44, 0x28, 0x01, 0x1e, 0x46, 0x28, 0x08,
    0x1f, 0x01, 0x01, 0x01, 0xd1, 0xcf, 0x33, 0xa4, 0x4f, 0x28, 0x03, 0x33, 0x97, 0x33, 0x53, 0x28,
    0x01, 0x33, 0x5e, 0x28, 0x05, 0xcf, 0x33, 0x33, 0xd1, 0xf0, 0x64, 0x28, 0x02, 0x0c, 0x0c, 0xac,
    0x28, 0x03, 0x0c, 0x58, 0xc6, 0xb2, 0x28, 0x02, 0x62, 0xf7, 0xb5, 0x28, 0x04, 0x19, 0x96, 0xe2,
    0x1e, 0xc3, 0x28, 0x05, 0x01, 0x01, 0x1f, 0x1f, 0x01, 0xc9, 0x28, 0x03, 0xce, 0xcf, 0x33, 0xcf,
    0x28, 0x02, 0xa4, 0xa4, 0xd2, 0x28, 0x02, 0x33, 0xa4, 0xd5, 0x28, 0x02, 0x33, 0x33, 0xe1, 0x28,
    0x04, 0xcf, 0x33, 0x3f, 0x3f, 0x2e, 0x29, 0x03, 0x05, 0x58, 0x62, 0x32, 0x29, 0x01, 0xa4, 0x36,
    0x29, 0x05, 0x53, 0xbc, 0x96, 0xfc, 0xfc, 0x41, 0x29, 0x0a, 0x01, 0x01, 0x01, 0x01, 0x01, 0x01,
    0x01, 0xce, 0xce, 0xce, 0x51, 0x29, 0x03, 0xa4, 0xa4, 0x33, 0x55, 0x29, 0x03, 0xa4, 0x33, 0x33,
    0x62, 0x29, 0x03, 0x33, 0x3f, 0x3f, 0xb0, 0x29, 0x03, 0x05, 0x58, 0xc6, 0xb4, 0x29, 0x01, 0xa4,
    0xb6, 0x29, 0x07, 0x31, 0xf7, 0x53, 0x19, 0x97, 0x6b, 0xfc, 0xbe, 0x29, 0x04, 0x01, 0x01, 0x01,
    0x01, 0xc4, 0x29, 0x07, 0x01, 0x01, 0x01, 0xfd, 0xcf, 0xcf, 0x33, 0xcd, 0x29, 0x06, 0xa4, 0xa4,
    0xa4, 0xa4, 0xa4, 0xa4, 0xd5, 0x29, 0x03, 0x33, 0x97, 0xa4, 0xd9, 0x29, 0x01, 0x33, 0xe2, 0x29,
    0x03, 0x33, 0x9b, 0x3f, 0x36, 0x2a, 0x0a, 0x62, 0x62, 0x31, 0x53, 0x18, 0xf6, 0x8f, 0x6b, 0xfd,
    0xfd, 0x42, 0x2a, 0x02, 0x01, 0x01, 0x46, 0x2a, 0x04, 0xfc, 0xcf, 0xcf, 0xcf, 0x4d, 0x2a, 0x03,
    0xa4, 0x33, 0x33, 0x51, 0x2a, 0x03, 0xa4, 0x33, 0xa4, 0x55, 0x2a, 0x02, 0xa4, 0x33, 0x58, 0x2a,
    0x02, 0x97, 0xa4, 0x5b, 0x2a, 0x01, 0x33, 0x5d, 0x2a, 0x08, 0x33, 0xa4, 0x33, 0x33, 0xa4, 0x51,
    0x0c, 0x0c, 0xb7, 0x2a, 0x0b, 0x62, 0x62, 0x62, 0xf7, 0x62, 0x53, 0xa5, 0x9c, 0x96, 0x01, 0xfc,
    0xc6, 0x2a, 0x04, 0xfc, 0xcf, 0xfc, 0xa4, 0xcb, 0x2a, 0x01, 0x33, 0xcd, 0x2a, 0x04, 0x33, 0xa4,
    0xa4, 0xa4, 0xd2, 0x2a, 0x02, 0xa4, 0xa4, 0xd8, 0x2a, 0x02, 0xa4, 0xa4, 0xdb, 0x2a, 0x03, 0xa4,
    0x97, 0x97, 0xdf, 0x2a, 0x06, 0x33, 0x97, 0x33, 0x3f, 0x9b, 0x0c, 0x36, 0x2b, 0x02, 0x05, 0x9e,
    0x39, 0x2b, 0x0b, 0x62, 0xc6, 0x62, 0xc6, 0x62, 0xef, 0x01, 0x73, 0x96, 0x23, 0xe2, 0x46, 0x2b,
    0x08, 0x75, 0xcf, 0x97, 0xa4, 0x33, 0xa4, 0x33, 0x33, 0x4f, 0x2b, 0x01, 0x33, 0x5c, 0x2b, 0x05,
    0xa4, 0xa4, 0x33, 0x97, 0xa4, 0x62, 0x2b, 0x03, 0x0c, 0x3f, 0x0c, 0xb8, 0x2b, 0x02, 0x05, 0x58,
    0xbc, 0x2b, 0x03, 0xc6, 0xc6, 0x31, 0xc0, 0x2b, 0x08, 0x18, 0xa4, 0x9c, 0x96, 0x96, 0xd1, 0x33,
    0xcf, 0xcb, 0x2b, 0x01, 0xa4, 0xcd, 0x2b, 0x06, 0xa4, 0x33, 0xa4, 0xa4, 0x33, 0x33, 0xde, 0x2b,
    0x01, 0xa4, 0xe0, 0x2b, 0x04, 0x33, 0x6b, 0x9b, 0x3f, 0x3a, 0x2c, 0x04, 0x0c, 0x3a, 0xc6, 0xc6,
    0x3f, 0x2c, 0x04, 0xc6, 0x31, 0xc6, 0xf6, 0x44, 0x2c, 0x05, 0x53, 0x97, 0xa5, 0xa4, 0x33, 0x4e,
    0x2c, 0x01, 0xa4, 0x50, 0x2c, 0x02, 0x33, 0xa4, 0x54, 0x2c, 0x01, 0x33, 0x60, 0x2c, 0x04, 0x33,
    0x3f, 0x3f, 0x3f, 0xbc, 0x2c, 0x02, 0x0c, 0x58, 0xc2, 0x2c, 0x0a, 0x31, 0x31, 0xa5, 0x01, 0x53,
    0x8f, 0xa5, 0xa4, 0x33, 0x33, 0xd0, 0x2c, 0x02, 0xa4, 0x33, 0xd3, 0x2c, 0x01, 0xa4, 0xd5, 0x2c,
    0x01, 0x33, 0xe0, 0x2c, 0x04, 0x33, 0x3f, 0x3f, 0x0c, 0x3d, 0x2d, 0x04, 0x05, 0x5d, 0x5d, 0x33,
    0x43, 0x2d, 0x09, 0x31, 0x53, 0x31, 0xde, 0xf6, 0xa4, 0x60, 0xa5, 0xa5, 0x4d, 0x2d, 0x01, 0x33,
    0x50, 0x2d, 0x02, 0xa4, 0xa4, 0x53, 0x2d, 0x03, 0x33, 0xa4, 0xa4, 0x57, 0x2d, 0x01, 0x33, 0x60,
    0x2d, 0x04, 0xcf, 0x3f, 0x3f, 0x0c, 0xbf, 0x2d, 0x04, 0x05, 0x3f, 0x9b, 0x51, 0xc4, 0x2d, 0x0c,
    0xc6, 0x31, 0x53, 0x31, 0xde, 0xf6, 0xa4, 0x60, 0xbc, 0xa5, 0xa4, 0x33, 0xd2, 0x2d, 0x02, 0xa4,
    0xa4, 0xd5, 0x2d, 0x03, 0x33, 0xa4, 0xa4, 0xda, 0x2d, 0x01, 0x33, 0xdf, 0x2d, 0x05, 0x33, 0x3f,
    0x3f, 0x3f, 0x0c, 0x41, 0x2e, 0x04, 0x0c, 0x5d, 0x5d, 0x51, 0x47, 0x2e, 0x01, 0x31, 0x49, 0x2e,
    0x05, 0x31, 0xc6, 0xf7, 0x53, 0x33, 0x4f, 0x2e, 0x02, 0xa4, 0xa4, 0x52, 0x2e, 0x01, 0x33, 0x54,
    0x2e, 0x02, 0xa4, 0xa4, 0x57, 0x2e, 0x01, 0x33, 0x59, 0x2e, 0x02, 0xa4, 0xa4, 0x5c, 0x2e, 0x01,
    0x33, 0x5e, 0x2e, 0x05, 0x33, 0x33, 0x3f, 0x3f, 0x3f, 0xc3, 0x2e, 0x04, 0x0c, 0x5d, 0x5d, 0x51,
    0xc9, 0x2e, 0x05, 0x31, 0xc6, 0x53, 0xc7, 0xc6, 0xcf, 0x2e, 0x06, 0x97, 0x53, 0xa5, 0xa5, 0xa4,
    0x33, 0xd6, 0x2e, 0x02, 0xa4, 0xa4, 0xd9, 0x2e, 0x01, 0x33, 0xdc, 0x2e, 0x01, 0xa4, 0xde, 0x2e,
    0x05, 0xa4, 0xfc, 0x3f, 0x3f, 0x3f, 0x44, 0x2f, 0x05, 0x05, 0x5d, 0x5d, 0x5d, 0x9e, 0x4a, 0x2f,
    0x0c, 0x62, 0xc6, 0xc6, 0x53, 0xa5, 0x01, 0x53, 0x97, 0x53, 0xbc, 0xa5, 0xa4, 0x57, 0x2f, 0x03,
    0x33, 0xa4, 0xa4, 0x5b, 0x2f, 0x01, 0x33, 0x5e, 0x2f, 0x05, 0xa4, 0x3f, 0x3f, 0x3f, 0x3f, 0xc6,
    0x2f, 0x06, 0x05, 0x5d, 0x5d, 0x5d, 0x9e, 0xc6, 0xcd, 0x2f, 0x01, 0x53, 0xcf, 0x2f, 0x07, 0x53,
    0xc7, 0xc7, 0xbf, 0x97, 0x53, 0xbc, 0xd7, 0x2f, 0x01, 0xa4, 0xd9, 0x2f, 0x01, 0x33, 0xdb, 0x2f,
    0x08, 0xa4, 0x33, 0x33, 0x33, 0x3f, 0x3f, 0x3f, 0x0c, 0x48, 0x30, 0x0e, 0x05, 0x5d, 0x9b, 0x5d,
    0x9b, 0x51, 0xc6, 0x31, 0xc6, 0xf7, 0x62, 0xc6, 0x8e, 0x60, 0x57, 0x30, 0x06, 0xa4, 0xa5, 0xa4,
    0xec, 0x33, 0x97, 0x5e, 0x30, 0x05, 0xcf, 0x3f, 0x3f, 0x3f, 0x0c, 0xca, 0x30, 0x06, 0x05, 0x5d,
    0x5d, 0x5d, 0x9b, 0x51, 0xd1, 0x30, 0x07, 0x62, 0xc6, 0xf7, 0xc7, 0xa5, 0x48, 0x60, 0xd9, 0x30,
    0x04, 0x53, 0xa5, 0xa4, 0xec, 0xde, 0x30, 0x05, 0x0c, 0x3f, 0x3f, 0x3f, 0x0c, 0x4c, 0x31, 0x0f,
    0x05, 0x5d, 0x5d, 0x5d, 0x9b, 0x33, 0xc6, 0x31, 0xc6, 0x53, 0xa5, 0xc7, 0x8e, 0x60, 0x53, 0x5c,
    0x31, 0x06, 0x53, 0x96, 0x3f, 0x9b, 0x0c, 0x3f, 0xce, 0x31, 0x06, 0x05, 0x5d, 0x3f, 0x9b, 0x9b,
    0x58, 0xd5, 0x31, 0x0d, 0xf7, 0xc6, 0x31, 0xa5, 0x62, 0x8e, 0x60, 0xa4, 0xcf, 0x9b, 0x9a, 0x9b,
    0xf0, 0x50, 0x32, 0x06, 0x05, 0x5d, 0x5d, 0x5d, 0x9b, 0x58, 0x57, 0x32, 0x0b, 0x31, 0xc6, 0xc6,
    0x01, 0xc7, 0xec, 0x9b, 0x6c, 0x9b, 0x6c, 0x83, 0xd2, 0x32, 0x0f, 0x05, 0x5d, 0x5d, 0x5d, 0x9b,
    0x5d, 0x33, 0xc6, 0xc6, 0x31, 0x01, 0x9b, 0x5d, 0x5d, 0x6c, 0x54, 0x33, 0x0d, 0x05, 0x5d, 0x5d,
    0x3f, 0x9b, 0x5d, 0x51, 0x53, 0xf7, 0x5d, 0x5d, 0x3f, 0x5d, 0xd6, 0x33, 0x0b, 0x05, 0x5d, 0x5d,
    0x5d, 0x5d, 0x3f, 0x05, 0x5d, 0x5d, 0x5d, 0x5d, 0x58, 0x34, 0x04, 0x05, 0x5d, 0x5d, 0x5d, 0x5e,
    0x34, 0x03, 0x05, 0x5d, 0x5d, 0xda, 0x34, 0x02, 0x05, 0x5d, 0x36, 0x18, 0x01, 0x0c, 0x3b, 0x18,
    0x01, 0x0c, 0xb3, 0x18, 0x04, 0x0c, 0x0c, 0xf0, 0xfc, 0xbc, 0x18, 0x02, 0xf0, 0x0c, 0xbf, 0x18,
    0x02, 0x0c, 0x0c, 0x31, 0x19, 0x01, 0x0c, 0x33, 0x19, 0x02, 0xfc, 0x1e, 0x36, 0x19, 0x05, 0x1f,
    0x1e, 0x1f, 0x1f, 0x1e, 0x3c, 0x19, 0x07, 0x1e, 0x1e, 0xe2, 0x33, 0x3f, 0x3f, 0x0c, 0x44, 0x19,
    0x02, 0x0c, 0x0c, 0xae, 0x19, 0x03, 0x0c, 0x0c, 0x33, 0xb7, 0x19, 0x05, 0x01, 0x01, 0x01, 0x01,
    0x01, 0xbf, 0x19, 0x03, 0xa4, 0x33, 0xa4, 0xc5, 0x19, 0x01, 0xa4, 0xc7, 0x19, 0x04, 0xfc, 0x0c,
    0x0c, 0x0c, 0x2b, 0x1a, 0x01, 0x0c, 0x2d, 0x1a, 0x01, 0x33, 0x32, 0x1a, 0x02, 0x33, 0x33, 0x3c,
    0x1a, 0x01, 0x33, 0x44, 0x1a, 0x04, 0xa4, 0x33, 0x6b, 0xfc, 0x4b, 0x1a, 0x05, 0xfc, 0xfc, 0x0c,
    0x0c, 0x0c, 0xaa, 0x1a, 0x02, 0x33, 0xa4, 0xad, 0x1a, 0x02, 0x97, 0x33, 0xb5, 0x1a, 0x02, 0xa4,
    0xa4, 0xb8, 0x1a, 0x01, 0xfc, 0xba, 0x1a, 0x01, 0x1e, 0xbd, 0x1a, 0x01, 0xfc, 0xbf, 0x1a, 0x01,
    0x33, 0xc3, 0x1a, 0x03, 0x33, 0xcf, 0xfc, 0xca, 0x1a, 0x08, 0x01, 0x01, 0x01, 0x1f, 0x01, 0xfc,
    0xe2, 0x33, 0xd3, 0x1a, 0x02, 0x0c, 0x0c, 0x2a, 0x1b, 0x01, 0x0c, 0x3b, 0x1b, 0x05, 0x01, 0x01,
    0x01, 0x1f, 0x01, 0x44, 0x1b, 0x03, 0x1e, 0x1f, 0x01, 0x48, 0x1b, 0x02, 0x1e, 0x1f, 0x4f, 0x1b,
    0x03, 0xe2, 0xd1, 0x33, 0x54, 0x1b, 0x02, 0x33, 0x33, 0x58, 0x1b, 0x02, 0x0c, 0x0c, 0xa3, 0x1b,
    0x01, 0x0c, 0xa6, 0x1b, 0x03, 0xf1, 0x01, 0x1e, 0xac, 0x1b, 0x01, 0xf0, 0xb2, 0x1b, 0x01, 0x33,
    0xb5, 0x1b, 0x02, 0x1e, 0x1f, 0xb9, 0x1b, 0x03, 0x1e, 0x1f, 0x1e, 0xbd, 0x1b, 0x01, 0x1e, 0xbf,
    0x1b, 0x03, 0x1e, 0xfc, 0x33, 0xc4, 0x1b, 0x02, 0xd1, 0xfc, 0xc7, 0x1b, 0x04, 0xe2, 0xfc, 0x1e,
    0x1e, 0xcc, 0x1b, 0x05, 0x01, 0x1f, 0xfd, 0xce, 0x33, 0xd2, 0x1b, 0x02, 0xa4, 0x33, 0xd8, 0x1b,
    0x03, 0x33, 0x33, 0x33, 0xdd, 0x1b, 0x02, 0x0c, 0x0c, 0x20, 0x1c, 0x01, 0x0c, 0x2d, 0x1c, 0x01,
    0x01, 0x35, 0x1c, 0x02, 0x1e, 0x1e, 0x38, 0x1c, 0x01, 0x1e, 0x3b, 0x1c, 0x01, 0x1e, 0x3d, 0x1c,
    0x04, 0x01, 0xe2, 0x33, 0xa4, 0x43, 0x1c, 0x01, 0x33, 0x48, 0x1c, 0x07, 0xcf, 0xfd, 0xfd, 0xfd,
    0xfd, 0xfc, 0xcf, 0x51, 0x1c, 0x02, 0xa4, 0x97, 0x56, 0x1c, 0x03, 0x97, 0x33, 0x33, 0x5b, 0x1c,
    0x01, 0x33, 0x5d, 0x1c, 0x03, 0xfc, 0xfc, 0xf0, 0x62, 0x1c, 0x02, 0x0c, 0x0c, 0x9d, 0x1c, 0x01,
    0x0c, 0xa2, 0x1c, 0x02, 0x1e, 0x1e, 0xa8, 0x1c, 0x01, 0x1e, 0xab, 0x1c, 0x01, 0x1e, 0xb0, 0x1c,
    0x01, 0xd1, 0xb3, 0x1c, 0x01, 0x3f, 0xb6, 0x1c, 0x01, 0xfc, 0xb8, 0x1c, 0x02, 0x01, 0x01, 0xbc,
    0x1c, 0x03, 0x01, 0x01, 0x33, 0xc0, 0x1c, 0x06, 0xa4, 0xa4, 0xa4, 0xa4, 0x97, 0x33, 0xc9, 0x1c,
    0x02, 0xa4, 0xa4, 0xcc, 0x1c, 0x06, 0x1e, 0x33, 0x33, 0x33, 0x97, 0xa4, 0xdc, 0x1c, 0x03, 0xcf,
    0xfc, 0x01, 0xe2, 0x1c, 0x03, 0xfc, 0xfd, 0xf1, 0xe7, 0x1c, 0x02, 0x0c, 0x0c, 0x1a, 0x1d, 0x04,
    0x0c, 0x0c, 0x33, 0x3f, 0x1f, 0x1d, 0x04, 0x33, 0x33, 0xfc, 0x1e, 0x24, 0x1d, 0x03, 0x1e, 0x1e,
    0x1e, 0x28, 0x1d, 0x01, 0x1e, 0x2b, 0x1d, 0x02, 0xfd, 0xfd, 0x2e, 0x1d, 0x02, 0xa4, 0xa4, 0x38,
    0x1d, 0x01, 0x0c, 0x3a, 0x1d, 0x05, 0xfc, 0xfc, 0x33, 0x33, 0x97, 0x40, 0x1d, 0x03, 0x33, 0xa4,
    0xa4, 0x46, 0x1d, 0x01, 0xa4, 0x48, 0x1d, 0x06, 0x97, 0x33, 0xa4, 0xce, 0xfc, 0x1f, 0x50, 0x1d,
    0x03, 0xcf, 0xfc, 0x33, 0x54, 0x1d, 0x01, 0x97, 0x56, 0x1d, 0x01, 0x33, 0x5a, 0x1d, 0x03, 0x33,
    0xcf, 0xfc, 0x60, 0x1d, 0x04, 0x01, 0x01, 0x01, 0x01, 0x65, 0x1d, 0x06, 0x1f, 0xfc, 0xfc, 0xe2,
    0xf0, 0x0c, 0x97, 0x1d, 0x05, 0x0c, 0x3f, 0x33, 0x3f, 0x3f, 0x9d, 0x1d, 0x01, 0x33, 0xa2, 0x1d,
    0x01, 0x33, 0xa4, 0x1d, 0x02, 0xfc, 0x01, 0xa9, 0x1d, 0x02, 0xfc, 0xfc, 0xaf, 0x1d, 0x01, 0xa4,
    0xb1, 0x1d, 0x03, 0xa4, 0x97, 0x33, 0xb9, 0x1d, 0x05, 0x33, 0x33, 0xfc, 0x0c, 0x33, 0xc2, 0x1d,
    0x02, 0xa4, 0x33, 0xc9, 0x1d, 0x02, 0x33, 0xfc, 0xd1, 0x1d, 0x03, 0x01, 0x01, 0x01, 0xd5, 0x1d,
    0x02, 0xfc, 0xfc, 0xd8, 0x1d, 0x05, 0x33, 0x33, 0xcf, 0xfc, 0x1e, 0xde, 0x1d, 0x03, 0x01, 0x01,
    0x01, 0xe2, 0x1d, 0x04, 0x1e, 0x1f, 0x1f, 0x1e, 0xe7, 0x1d, 0x05, 0x1e, 0x1e, 0x1e, 0xee, 0x0c,
    0x14, 0x1e, 0x07, 0x0c, 0x0c, 0x33, 0x33, 0x3f, 0xa4, 0x33, 0x1d, 0x1e, 0x02, 0x97, 0x33, 0x25,
    0x1e, 0x01, 0x33, 0x28, 0x1e, 0x01, 0xfc, 0x38, 0x1e, 0x01, 0x97, 0x3d, 0x1e, 0x05, 0x1e, 0xf0,
    0xfc, 0x33, 0x33, 0x44, 0x1e, 0x07, 0xa4, 0x33, 0xa4, 0x33, 0x33, 0xfc, 0x1e, 0x4c, 0x1e, 0x01,
    0x01, 0x50, 0x1e, 0x03, 0x01, 0x1f, 0x1f, 0x55, 0x1e, 0x03, 0x1e, 0x1e, 0x1e, 0x59, 0x1e, 0x06,
    0x33, 0x33, 0xcf, 0xfc, 0xfc, 0xfc, 0x65, 0x1e, 0x03, 0x1e, 0x1e, 0x1e, 0x69, 0x1e, 0x03, 0xfc,
    0xee, 0x0c, 0x91, 0x1e, 0x07, 0x0c, 0x3f, 0x3f, 0x33, 0x3f, 0xa4, 0x33, 0x99, 0x1e, 0x02, 0xa4,
    0xa4, 0x9e, 0x1e, 0x02, 0x33, 0xa4, 0xa3, 0x1e, 0x03, 0xa4, 0x33, 0xfd, 0xa8, 0x1e, 0x02, 0xfc,
    0x33, 0xad, 0x1e, 0x01, 0xa4, 0xbf, 0x1e, 0x0c, 0x01, 0x01, 0x01, 0xfc, 0xfc, 0x33, 0x33, 0xd1,
    0xe2, 0x1e, 0x1e, 0x01, 0xcc, 0x1e, 0x03, 0x1e, 0x1e, 0x1e, 0xd5, 0x1e, 0x01, 0x1e, 0xd7, 0x1e,
    0x03, 0x1e, 0xe2, 0x33, 0xdd, 0x1e, 0x06, 0x33, 0x33, 0xcf, 0xd1, 0xfc, 0xfc, 0xe4, 0x1e, 0x03,
    0x01, 0x01, 0x01, 0xe8, 0x1e, 0x03, 0x01, 0xfd, 0xf1, 0x11, 0x1f, 0x03, 0x0c, 0x9a, 0x97, 0x17,
    0x1f, 0x01, 0xa4, 0x19, 0x1f, 0x01, 0xa4, 0x1e, 0x1f, 0x02, 0xa4, 0xa4, 0x21, 0x1f, 0x05, 0x33,
    0x33, 0xfc, 0x01, 0x01, 0x2c, 0x1f, 0x01, 0xcf, 0x2f, 0x1f, 0x03, 0xa4, 0xa4, 0x33, 0x3b, 0x1f,
    0x02, 0x01, 0x01, 0x3e, 0x1f, 0x05, 0x01, 0x1f, 0x01, 0x1e, 0x1e, 0x44, 0x1f, 0x06, 0x1e, 0xe2,
    0x33, 0x3f, 0xfc, 0xfc, 0x4b, 0x1f, 0x01, 0x1e, 0x4d, 0x1f, 0x01, 0x1e, 0x4f, 0x1f, 0x03, 0x1e,
    0x1e, 0x1e, 0x53, 0x1f, 0x06, 0x01, 0x1f, 0x1f, 0x1f, 0xe2, 0x33, 0x5a, 0x1f, 0x02, 0x33, 0xa4,
    0x5d, 0x1f, 0x01, 0x33, 0x61, 0x1f, 0x06, 0x33, 0x33, 0xce, 0xce, 0xfd, 0xfd, 0x69, 0x1f, 0x02,
    0xf0, 0x0c, 0x91, 0x1f, 0x06, 0x0c, 0x53, 0x53, 0xa5, 0x33, 0xa4, 0x99, 0x1f, 0x01, 0xa4, 0x9f,
    0x1f, 0x03, 0x33, 0xcf, 0xfc, 0xa9, 0x1f, 0x05, 0x01, 0x01, 0x01, 0x01, 0x01, 0xaf, 0x1f, 0x01,
    0xcf, 0xb2, 0x1f, 0x02, 0x97, 0x33, 0xb6, 0x1f, 0x02, 0x1e, 0x01, 0xb9, 0x1f, 0x05, 0x01, 0x01,
    0x01, 0x1e, 0x1e, 0xbf, 0x1f, 0x01, 0x1e, 0xc3, 0x1f, 0x01, 0x1e, 0xc9, 0x1f, 0x05, 0x33, 0x3f,
    0xfc, 0xfc, 0xf0, 0xcf, 0x1f, 0x09, 0x01, 0x01, 0x01, 0x01, 0x01, 0x01, 0x01, 0x01, 0x33, 0xda,
    0x1f, 0x01, 0xa4, 0xdc, 0x1f, 0x02, 0xa4, 0x33, 0xdf, 0x1f, 0x01, 0x33, 0xe4, 0x1f, 0x07, 0xa4,
    0x97, 0x33, 0xcf, 0xe2, 0xf0, 0xf0, 0x11, 0x20, 0x06, 0x6c, 0xc7, 0x51, 0xa4, 0xa5, 0x33, 0x18,
    0x20, 0x02, 0xa4, 0x33, 0x1b, 0x20, 0x01, 0xa4, 0x1d, 0x20, 0x03, 0x33, 0xcf, 0xfc, 0x23, 0x20,
    0x02, 0x01, 0x01, 0x26, 0x20, 0x02, 0x01, 0x01, 0x29, 0x20, 0x08, 0x1f, 0x1f, 0x01, 0x01, 0x1f,
    0x1e, 0x1e, 0x33, 0x32, 0x20, 0x03, 0xd1, 0x1e, 0x01, 0x37, 0x20, 0x01, 0x1e, 0x3d, 0x20, 0x01,
    0x1e, 0x41, 0x20, 0x02, 0x1e, 0x1e, 0x44, 0x20, 0x01, 0x97, 0x46, 0x20, 0x01, 0x33, 0x4c, 0x20,
    0x06, 0x33, 0x33, 0xce, 0xfd, 0xfd, 0x01, 0x56, 0x20, 0x01, 0xa4, 0x5a, 0x20, 0x03, 0xa4, 0xa4,
    0xa4, 0x5e, 0x20, 0x04, 0xa4, 0x33, 0xa4, 0xa4, 0x66, 0x20, 0x04, 0xa4, 0x33, 0x33, 0x0c, 0x91,
    0x20, 0x08, 0x5d, 0x5d, 0xc6, 0x18, 0x51, 0xa4, 0xa5, 0x33, 0x9a, 0x20, 0x04, 0x97, 0xe2, 0xe2,
    0xcf, 0xa2, 0x20, 0x09, 0x1e, 0x1e, 0x1e, 0x1f, 0x1f, 0x1f, 0x1f, 0x1e, 0x1e, 0xac, 0x20, 0x05,
    0x1e, 0x1e, 0xfc, 0x33, 0xd1, 0xb3, 0x20, 0x02, 0xfc, 0x33, 0xb7, 0x20, 0x01, 0x1e, 0xb9, 0x20,
    0x02, 0x1e, 0x1e, 0xbc, 0x20, 0x02, 0x1e, 0x1e, 0xbf, 0x20, 0x01, 0x01, 0xc5, 0x20, 0x01, 0xa4,
    0xc7, 0x20, 0x01, 0x97, 0xc9, 0x20, 0x01, 0x33, 0xcf, 0x20, 0x08, 0x33, 0x33, 0xcf, 0xd1, 0xe2,
    0xfc, 0x97, 0xa4, 0xd8, 0x20, 0x01, 0x33, 0xdb, 0x20, 0x02, 0xa4, 0xa4, 0xe1, 0x20, 0x02, 0xa4,
    0xa4, 0xe7, 0x20, 0x03, 0xa4, 0x3f, 0x83, 0x12, 0x21, 0x02, 0x5d, 0x9b, 0x15, 0x21, 0x03, 0x31,
    0xbc, 0x51, 0x19, 0x21, 0x01, 0xa5, 0x1b, 0x21, 0x01, 0x6a, 0x1f, 0x21, 0x06, 0x01, 0x01, 0x1e,
    0x1e, 0x01, 0x01, 0x27, 0x21, 0x02, 0x1e, 0x1e, 0x2b, 0x21, 0x03, 0x1f, 0x1f, 0xe2, 0x35, 0x21,
    0x03, 0x33, 0xfc, 0xfc, 0x3f, 0x21, 0x01, 0x01, 0x41, 0x21, 0x01, 0x33, 0x45, 0x21, 0x03, 0xa4,
    0xa4, 0xa4, 0x49, 0x21, 0x01, 0xa4, 0x4b, 0x21, 0x01, 0x33, 0x51, 0x21, 0x08, 0xa4, 0x9b, 0x33,
    0x33, 0xcf, 0xcf, 0x33, 0x33, 0x5a, 0x21, 0x01, 0xa4, 0x5d, 0x21, 0x01, 0xa4, 0x5f, 0x21, 0x01,
    0x33, 0x65, 0x21, 0x01, 0xa4, 0x67, 0x21, 0x02, 0x33, 0x0c, 0x93, 0x21, 0x0a, 0x5d, 0x5d, 0x9e,
    0xc6, 0x31, 0x62, 0x60, 0x82, 0x6a, 0xfc, 0xa0, 0x21, 0x10, 0x1e, 0x1e, 0x1e, 0x1e, 0x1e, 0x1f,
    0x1f, 0x01, 0x1f, 0x1f, 0x1f, 0xfc, 0x33, 0x33, 0x33, 0xa4, 0xb1, 0x21, 0x01, 0x33, 0xb8, 0x21,
    0x03, 0x33, 0x33, 0xfd, 0xbf, 0x21, 0x02, 0xfc, 0x33, 0xc4, 0x21, 0x04, 0xa4, 0x97, 0x97, 0x33,
    0xc9, 0x21, 0x04, 0xa4, 0x33, 0x97, 0xa4, 0xcf, 0x21, 0x02, 0x33, 0x97, 0xd2, 0x21, 0x0b, 0xa4,
    0xa4, 0x01, 0x01, 0xfc, 0xe2, 0xcf, 0xcf, 0x33, 0x33, 0xa4, 0xde, 0x21, 0x01, 0x33, 0xe1, 0x21,
    0x02, 0xa4, 0x33, 0xe7, 0x21, 0x02, 0x33, 0xf0, 0x15, 0x22, 0x03, 0x5d, 0x5d, 0x3a, 0x1a, 0x22,
    0x04, 0xde, 0x60, 0xcf, 0x6a, 0x1f, 0x22, 0x01, 0x1e, 0x21, 0x22, 0x05, 0x01, 0x01, 0x1f, 0x01,
    0x01, 0x27, 0x22, 0x05, 0x1e, 0x01, 0xfd, 0xce, 0xce, 0x2d, 0x22, 0x01, 0xa4, 0x2f, 0x22, 0x02,
    0xa4, 0xa4, 0x3b, 0x22, 0x03, 0x33, 0xe2, 0xe2, 0x3f, 0x22, 0x02, 0x6b, 0xa4, 0x42, 0x22, 0x02,
    0x97, 0xa4, 0x45, 0x22, 0x01, 0x33, 0x4b, 0x22, 0x02, 0xa4, 0xa4, 0x4e, 0x22, 0x01, 0x33, 0x50,
    0x22, 0x01, 0xa4, 0x59, 0x22, 0x09, 0xfc, 0xfc, 0xcf, 0xcf, 0xcf, 0x33, 0x33, 0xa4, 0x33, 0x64,
    0x22, 0x02, 0xa4, 0x33, 0x67, 0x22, 0x01, 0x0c, 0x96, 0x22, 0x03, 0x05, 0x5d, 0x5d, 0x9a, 0x22,
    0x01, 0x31, 0x9d, 0x22, 0x03, 0x33, 0x6a, 0xfc, 0xa3, 0x22, 0x07, 0x01, 0x01, 0x01, 0x01, 0xfd,
    0xcf, 0x33, 0xac, 0x22, 0x03, 0xa4, 0xa4, 0xa4, 0xb1, 0x22, 0x01, 0xa4, 0xbc, 0x22, 0x02, 0x33,
    0x33, 0xbf, 0x22, 0x02, 0x33, 0x33, 0xc3, 0x22, 0x01, 0xa4, 0xc5, 0x22, 0x03, 0x33, 0xa4, 0x33,
    0xd0, 0x22, 0x01, 0x33, 0xd2, 0x22, 0x01, 0x01, 0xdc, 0x22, 0x09, 0xf0, 0xfc, 0xcf, 0xcf, 0xce,
    0x3f, 0x33, 0x97, 0x33, 0xe7, 0x22, 0x01, 0xf0, 0x18, 0x23, 0x03, 0x5d, 0x5d, 0x58, 0x1c, 0x23,
    0x08, 0x31, 0xc6, 0xef, 0x33, 0x96, 0xfd, 0x01, 0x01, 0x25, 0x23, 0x05, 0xfc, 0xcf, 0x97, 0xfc,
    0x33, 0x2c, 0x23, 0x01, 0xa4, 0x2e, 0x23, 0x02, 0x33, 0xa4, 0x31, 0x23, 0x03, 0xa4, 0xa4, 0xa4,
    0x35, 0x23, 0x02, 0x33, 0x33, 0x38, 0x23, 0x01, 0xa4, 0x3a, 0x23, 0x03, 0x33, 0x97, 0xfc, 0x3f,
    0x23, 0x02, 0x01, 0xfd, 0x42, 0x23, 0x02, 0x33, 0x33, 0x45, 0x23, 0x05, 0xa4, 0x33, 0xa4, 0x33,
    0x33, 0x51, 0x23, 0x01, 0xfc, 0x5b, 0x23, 0x0b, 0x01, 0x01, 0x01, 0x01, 0xf0, 0xfc, 0xfc, 0xcf,
    0xcf, 0xcf, 0x9b, 0x9a, 0x23, 0x0e, 0x5d, 0x5d, 0x9e, 0xc6, 0x31, 0x62, 0xf6, 0xcf, 0x97, 0xfc,
    0xcf, 0xcf, 0x33, 0xa4, 0xa9, 0x23, 0x03, 0x97, 0x97, 0x33, 0xae, 0x23, 0x02, 0xa4, 0xa4, 0xb5,
    0x23, 0x02, 0xa4, 0x97, 0xb8, 0x23, 0x01, 0x33, 0xba, 0x23, 0x02, 0xce, 0xfd, 0xbd, 0x23, 0x02,
    0x1e, 0x01, 0xc1, 0x23, 0x03, 0x1e, 0xe2, 0xfc, 0xc5, 0x23, 0x03, 0x33, 0x97, 0xa4, 0xc9, 0x23,
    0x02, 0x33, 0xa4, 0xcc, 0x23, 0x01, 0x33, 0xd0, 0x23, 0x01, 0xfc, 0xda, 0x23, 0x01, 0x01, 0xe0,
    0x23, 0x01, 0x01, 0xe3, 0x23, 0x04, 0xfc, 0xfc, 0xcf, 0xf0, 0x1b, 0x24, 0x04, 0x05, 0x5d, 0x9b,
    0xc6, 0x21, 0x24, 0x05, 0x62, 0x18, 0x9c, 0x96, 0x33, 0x2a, 0x24, 0x02, 0xa4, 0xa4, 0x36, 0x24,
    0x01, 0xa4, 0x38, 0x24, 0x03, 0x97, 0xcf, 0xfc, 0x45, 0x24, 0x02, 0xfc, 0xcf, 0x48, 0x24, 0x01,
    0x33, 0x4a, 0x24, 0x02, 0xa4, 0x33, 0x4d, 0x24, 0x03, 0xa4, 0x33, 0xcf, 0x56, 0x24, 0x01, 0x01,
    0x5e, 0x24, 0x01, 0x1e, 0x63, 0x24, 0x03, 0x1e, 0x1e, 0xe2, 0x9d, 0x24, 0x04, 0x05, 0x5d, 0x58,
    0xc6, 0xa2, 0x24, 0x04, 0xf7, 0x53, 0xbc, 0x19, 0xac, 0x24, 0x02, 0xa4, 0x97, 0xb7, 0x24, 0x03,
    0xcf, 0xcf, 0xcf, 0xbd, 0x24, 0x01, 0x01, 0xc3, 0x24, 0x07, 0x01, 0x01, 0x01, 0x01, 0xfc, 0xfd,
    0xce, 0xcb, 0x24, 0x01, 0x33, 0xcd, 0x24, 0x02, 0x33, 0xcf, 0xd0, 0x24, 0x01, 0x1e, 0xd2, 0x24,
    0x02, 0x1e, 0x01, 0xd6, 0x24, 0x01, 0x01, 0xdb, 0x24, 0x01, 0x1e, 0xde, 0x24, 0x02, 0x1e, 0x1e,
    0xe4, 0x24, 0x01, 0x1e, 0x1f, 0x25, 0x08, 0x05, 0x9b, 0x58, 0xc6, 0xc6, 0x31, 0xf7, 0xbc, 0x30,
    0x25, 0x01, 0x33, 0x35, 0x25, 0x04, 0x33, 0xcf, 0xcf, 0xcf, 0x40, 0x25, 0x04, 0x01, 0x01, 0x01,
    0x01, 0x46, 0x25, 0x0a, 0x01, 0x01, 0x01, 0x01, 0xfd, 0xcf, 0xcf, 0xd1, 0xe2, 0x1e, 0x51, 0x25,
    0x01, 0x01, 0x56, 0x25, 0x01, 0x1f, 0x5e, 0x25, 0x01, 0x1e, 0x63, 0x25, 0x04, 0x1e, 0x1e, 0x58,
    0x3f, 0xa1, 0x25, 0x03, 0x05, 0x5d, 0x62, 0xa5, 0x25, 0x01, 0xc6, 0xa7, 0x25, 0x02, 0xf7, 0x53,
    0xb1, 0x25, 0x06, 0x33, 0x33, 0x33, 0x33, 0xcf, 0xfc, 0xbc, 0x25, 0x04, 0x01, 0x01, 0x01, 0x01,
    0xc2, 0x25, 0x05, 0x01, 0x01, 0x1f, 0x01, 0x01, 0xc8, 0x25, 0x03, 0x1e, 0x1e, 0x1e, 0xcc, 0x25,
    0x01, 0xcf, 0xce, 0x25, 0x01, 0xcf, 0xd1, 0x25, 0x01, 0xfc, 0xd3, 0x25, 0x01, 0x1e, 0xd6, 0x25,
    0x01, 0x1e, 0xda, 0x25, 0x02, 0x1e, 0x1e, 0xde, 0x25, 0x02, 0x1e, 0x1e, 0xe1, 0x25, 0x04, 0x1e,
    0x1f, 0x01, 0xfd, 0x23, 0x26, 0x02, 0x05, 0x58, 0x27, 0x26, 0x01, 0xc6, 0x29, 0x26, 0x03, 0xf7,
    0x53, 0x01, 0x32, 0x26, 0x05, 0x97, 0xcf, 0xfc, 0xe2, 0x1e, 0x39, 0x26, 0x01, 0x01, 0x3d, 0x26,
    0x06, 0x01, 0x01, 0x01, 0x1e, 0x1f, 0x01, 0x45, 0x26, 0x05, 0x1e, 0x1e, 0x1e, 0x1e, 0x1e, 0x4b,
    0x26, 0x02, 0xd1, 0xd1, 0x4f, 0x26, 0x03, 0x33, 0xcf, 0xcf, 0x53, 0x26, 0x03, 0x1e, 0xe2, 0x1e,
    0x58, 0x26, 0x01, 0x1e, 0x5e, 0x26, 0x02, 0x1e, 0x01, 0x62, 0x26, 0x01, 0x01, 0x64, 0x26, 0x01,
    0x60, 0xa5, 0x26, 0x02, 0x05, 0x58, 0xab, 0x26, 0x03, 0xf7, 0xef, 0x01, 0xb1, 0x26, 0x04, 0x33,
    0xd1, 0x75, 0xfc, 0xb7, 0x26, 0x0b, 0x1e, 0x1e, 0x01, 0x1e, 0x1f, 0x1e, 0x1e, 0x1e, 0x1f, 0x1e,
    0x1e, 0xc4, 0x26, 0x03, 0x1e, 0x1e, 0x1e, 0xc9, 0x26, 0x03, 0x1e, 0xd1, 0xd1, 0xd2, 0x26, 0x03,
    0x33, 0xcf, 0xcf, 0xd7, 0x26, 0x01, 0xfc, 0xdc, 0x26, 0x02, 0x01, 0x01, 0xe3, 0x26, 0x02, 0xfc,
    0xf0, 0x27, 0x27, 0x02, 0x05, 0x51, 0x2b, 0x27, 0x01, 0xc6, 0x2d, 0x27, 0x10, 0xf7, 0xef, 0x96,
    0xe2, 0xcf, 0xcf, 0xcf, 0x1e, 0x1e, 0x01, 0x01, 0x1e, 0x1e, 0x1e, 0x1e, 0x1f, 0x44, 0x27, 0x01,
    0x1e, 0x47, 0x27, 0x05, 0x1e, 0x1f, 0xe2, 0xcf, 0x33, 0x54, 0x27, 0x04, 0x33, 0x33, 0xcf, 0xcf,
    0x59, 0x27, 0x02, 0x01, 0xfd, 0x63, 0x27, 0x01, 0xad, 0xab, 0x27, 0x02, 0xc6, 0x62, 0xae, 0x27,
    0x01, 0x62, 0xb0, 0x27, 0x06, 0xf6, 0x96, 0xfc, 0x1e, 0x1e, 0x1e, 0xb7, 0x27, 0x02, 0x1e, 0x1e,
    0xba, 0x27, 0x03, 0x1e, 0x1e, 0x1e, 0xbe, 0x27, 0x03, 0x1e, 0x1e, 0x1e, 0xc3, 0x27, 0x0b, 0x1f,
    0x1f, 0x01, 0x01, 0x01, 0x75, 0x6b, 0x33, 0x97, 0x33, 0x33, 0xd7, 0x27, 0x04, 0x33, 0xce, 0xce,
    0xce, 0xdc, 0x27, 0x02, 0xfd, 0xfd, 0xe2, 0x27, 0x02, 0xfc, 0x0c, 0x2e, 0x28, 0x03, 0x62, 0x31,
    0x31, 0x32, 0x28, 0x0c, 0xf6, 0x96, 0xe2, 0x1f, 0x1e, 0x1e, 0x1e, 0x1e, 0x1e, 0x1e, 0x1e, 0x1e,
    0x3f, 0x28, 0x0b, 0x1e, 0x1e, 0x1f, 0x01, 0x01, 0x1f, 0x1f, 0x01, 0xfd, 0xce, 0xce, 0x4b, 0x28,
    0x01, 0xa4, 0x4d, 0x28, 0x05, 0xa4, 0x33, 0x33, 0x33, 0x33, 0x59, 0x28, 0x05, 0x33, 0x33, 0xcf,
    0xcf, 0xcf, 0x5f, 0x28, 0x05, 0xfc, 0xfc, 0x1e, 0x6b, 0x0c, 0xad, 0x28, 0x01, 0x09, 0xb2, 0x28,
    0x07, 0xc6, 0xef, 0x53, 0x96, 0xfc, 0x1e, 0x1e, 0xbc, 0x28, 0x02, 0x1e, 0x1e, 0xc1, 0x28, 0x02,
    0x1e, 0x01, 0xc6, 0x28, 0x03, 0xfd, 0xce, 0xce, 0xce, 0x28, 0x05, 0xa4, 0xa4, 0xa4, 0x33, 0x33,
    0xdc, 0x28, 0x07, 0x33, 0xcf, 0xcf, 0xcf, 0xcf, 0xfc, 0x0c, 0x2e, 0x29, 0x0b, 0x05, 0x58, 0x62,
    0xc6, 0xc6, 0x31, 0x62, 0xf6, 0xf7, 0xcf, 0xfc, 0x3b, 0x29, 0x0d, 0x01, 0x01, 0x01, 0x01, 0x01,
    0x01, 0x01, 0x01, 0x01, 0x01, 0xfd, 0xcf, 0xcf, 0x4a, 0x29, 0x02, 0xa4, 0xa4, 0x50, 0x29, 0x04,
    0xa4, 0xa4, 0x97, 0x33, 0x5f, 0x29, 0x04, 0x33, 0xcf, 0x62, 0x0c, 0xb0, 0x29, 0x02, 0x05, 0x58,
    0xb3, 0x29, 0x03, 0x62, 0xa4, 0x31, 0xb7, 0x29, 0x07, 0x01, 0x60, 0x6b, 0xfd, 0x01, 0x01, 0x01,
    0xbf, 0x29, 0x09, 0x01, 0x01, 0x01, 0x01, 0x01, 0xfc, 0xcf, 0xcf, 0x33, 0xc9, 0x29, 0x04, 0xa4,
    0xa4, 0x33, 0x33, 0xce, 0x29, 0x02, 0xa4, 0xa4, 0xd1, 0x29, 0x06, 0xa4, 0xa4, 0x97, 0x33, 0x33,
    0x33, 0xdb, 0x29, 0x04, 0xa4, 0x33, 0xa4, 0xa4, 0xe0, 0x29, 0x03, 0x33, 0x3f, 0x0c, 0x32, 0x2a,
    0x02, 0x0c, 0x51, 0x35, 0x2a, 0x04, 0xc6, 0x62, 0xa4, 0xef, 0x3a, 0x2a, 0x08, 0x8f, 0x6a, 0xfc,
    0x01, 0x01, 0x01, 0x01, 0x01, 0x43, 0x2a, 0x04, 0xfc, 0xfc, 0xcf, 0x33, 0x49, 0x2a, 0x07, 0xa4,
    0xa4, 0x33, 0xa4, 0xa4, 0x33, 0x33, 0x52, 0x2a, 0x01, 0x33, 0x55, 0x2a, 0x02, 0xa4, 0x33, 0x58,
    0x2a, 0x01, 0x33, 0x5e, 0x2a, 0x05, 0xa4, 0x33, 0x60, 0x9b, 0x5d, 0xb3, 0x2a, 0x0b, 0x05, 0x3f,
    0x51, 0xc6, 0x62, 0x53, 0x62, 0xef, 0xa4, 0x33, 0x6a, 0xbf, 0x2a, 0x01, 0xfc, 0xc2, 0x2a, 0x04,
    0xfc, 0x6b, 0xcf, 0xfc, 0xc8, 0x2a, 0x01, 0x33, 0xca, 0x2a, 0x03, 0xa4, 0xa4, 0xa4, 0xce, 0x2a,
    0x04, 0xa4, 0xa4, 0xa4, 0xa4, 0xd3, 0x2a, 0x01, 0x33, 0xd8, 0x2a, 0x01, 0xa4, 0xda, 0x2a, 0x01,
    0xa4, 0xdc, 0x2a, 0x02, 0x33, 0x33, 0xdf, 0x2a, 0x03, 0x33, 0x9b, 0x0c, 0x35, 0x2b, 0x0c, 0x05,
    0x58, 0xc6, 0xc6, 0x62, 0x31, 0x62, 0x18, 0xa4, 0x8f, 0x6a, 0x1e, 0x42, 0x2b, 0x04, 0xcf, 0xd1,
    0xcf, 0x6b, 0x48, 0x2b, 0x03, 0x97, 0x33, 0x33, 0x4c, 0x2b, 0x01, 0x33, 0x53, 0x2b, 0x02, 0xa4,
    0xa4, 0x56, 0x2b, 0x01, 0x33, 0x59, 0x2b, 0x09, 0xa4, 0x33, 0x33, 0xa4, 0xa4, 0x33, 0x33, 0x3f,
    0x0c, 0xb7, 0x2b, 0x04, 0x0c, 0x58, 0x62, 0x62, 0xbc, 0x2b, 0x05, 0xf7, 0x62, 0xf7, 0x33, 0x8f,
    0xc2, 0x2b, 0x03, 0xcf, 0x33, 0x33, 0xc8, 0x2b, 0x04, 0xa4, 0xa4, 0x33, 0xa4, 0xcd, 0x2b, 0x02,
    0xa4, 0x33, 0xd6, 0x2b, 0x01, 0xa4, 0xd8, 0x2b, 0x01, 0x33, 0xdb, 0x2b, 0x02, 0xa4, 0xa4, 0xde,
    0x2b, 0x04, 0x97, 0x3f, 0x0c, 0xf0, 0x38, 0x2c, 0x0c, 0x05, 0x3f, 0x51, 0x62, 0xc6, 0xc6, 0x62,
    0x31, 0xf6, 0x97, 0xa5, 0xa4, 0x45, 0x2c, 0x01, 0x33, 0x49, 0x2c, 0x01, 0xa4, 0x4b, 0x2c, 0x01,
    0x33, 0x4e, 0x2c, 0x01, 0xa4, 0x50, 0x2c, 0x01, 0x33, 0x57, 0x2c, 0x01, 0xa4, 0x59, 0x2c, 0x01,
    0x33, 0x5f, 0x2c, 0x02, 0x3f, 0x0c, 0xba, 0x2c, 0x0c, 0x0c, 0x5d, 0x51, 0x62, 0xc6, 0xf7, 0x31,
    0x18, 0xf6, 0x60, 0xa5, 0xa5, 0xc7, 0x2c, 0x01, 0x33, 0xcb, 0x2c, 0x02, 0xa4, 0x33, 0xd0, 0x2c,
    0x02, 0xa4, 0x33, 0xd9, 0x2c, 0x01, 0xa4, 0xdb, 0x2c, 0x01, 0x33, 0xdd, 0x2c, 0x04, 0x33, 0xa4,
    0x3f, 0x0c, 0x3c, 0x2d, 0x0c, 0x0c, 0x58, 0xc6, 0x62, 0x62, 0x31, 0x31, 0xf6, 0xf7, 0x60, 0xbc,
    0xa5, 0x49, 0x2d, 0x01, 0x33, 0x4c, 0x2d, 0x01, 0xa4, 0x4e, 0x2d, 0x01, 0x33, 0x50, 0x2d, 0x02,
    0xa4, 0xa4, 0x53, 0x2d, 0x01, 0x33, 0x5b, 0x2d, 0x01, 0xa4, 0x5e, 0x2d, 0x03, 0x3f, 0x3f, 0xf0,
    0xbd, 0x2d, 0x0d, 0x05, 0x9b, 0x58, 0x62, 0xc6, 0x31, 0xc6, 0x31, 0xf6, 0xbf, 0x53, 0xbc, 0xa5,
    0xcb, 0x2d, 0x01, 0x33, 0xcd, 0x2d, 0x03, 0xa4, 0x33, 0x33, 0xd2, 0x2d, 0x02, 0xa4, 0xa4, 0xd5,
    0x2d, 0x01, 0x33, 0xdc, 0x2d, 0x04, 0x33, 0x62, 0x3f, 0x0c, 0x3f, 0x2e, 0x04, 0x0c, 0x5d, 0x51,
    0x62, 0x44, 0x2e, 0x08, 0x31, 0xc6, 0x62, 0xf7, 0x97, 0x53, 0xa4, 0xa4, 0x4d, 0x2e, 0x03, 0x33,
    0xa4, 0xa4, 0x51, 0x2e, 0x01, 0x33, 0x54, 0x2e, 0x02, 0xa4, 0xa4, 0x57, 0x2e, 0x01, 0x33, 0x5c,
    0x2e, 0x04, 0xcf, 0x3f, 0x3f, 0x0c, 0xc0, 0x2e, 0x04, 0x05, 0x5d, 0x5d, 0x51, 0xc6, 0x2e, 0x08,
    0x62, 0xc6, 0xc7, 0xf7, 0x97, 0x53, 0xa5, 0xa4, 0xcf, 0x2e, 0x01, 0x33, 0xd1, 0x2e, 0x01, 0xa4,
    0xd3, 0x2e, 0x01, 0x33, 0xd6, 0x2e, 0x02, 0xa4, 0xa4, 0xd9, 0x2e, 0x01, 0x33, 0xdb, 0x2e, 0x05,
    0x33, 0x62, 0x3f, 0x3f, 0xf0, 0x42, 0x2f, 0x03, 0x05, 0x5d, 0x58, 0x46, 0x2f, 0x05, 0x62, 0xc6,
    0xf7, 0x31, 0xa5, 0x4c, 0x2f, 0x04, 0x97, 0x53, 0xa5, 0xa5, 0x51, 0x2f, 0x01, 0x33, 0x53, 0x2f,
    0x03, 0xa4, 0xa4, 0x33, 0x58, 0x2f, 0x02, 0xa4, 0xa4, 0x5b, 0x2f, 0x04, 0xfc, 0x3f, 0x3f, 0x3f,
    0xc4, 0x2f, 0x04, 0x0c, 0x5d, 0x3a, 0x62, 0xc9, 0x2f, 0x0c, 0x31, 0xa4, 0x18, 0xc7, 0xbf, 0x97,
    0x53, 0xa5, 0xa5, 0xec, 0x33, 0xa4, 0xd6, 0x2f, 0x01, 0x33, 0xda, 0x2f, 0x05, 0x33, 0xa4, 0x0c,
    0x0c, 0x0c, 0x45, 0x30, 0x04, 0x05, 0x9b, 0x5d, 0x58, 0x4a, 0x30, 0x08, 0xc6, 0x31, 0xa4, 0xc6,
    0xc7, 0xbf, 0xa4, 0x53, 0x53, 0x30, 0x05, 0xa4, 0xec, 0x33, 0xa4, 0x33, 0x5a, 0x30, 0x05, 0xcf,
    0xa4, 0x9b, 0x3f, 0xf0, 0xc7, 0x30, 0x04, 0x05, 0x5d, 0x5d, 0x58, 0xcd, 0x30, 0x0b, 0x62, 0xf7,
    0xc7, 0xc6, 0x33, 0xa4, 0x53, 0xa5, 0xa5, 0xec, 0x97, 0xd9, 0x30, 0x01, 0x33, 0xdb, 0x30, 0x03,
    0x3f, 0x3f, 0x3f, 0x49, 0x31, 0x05, 0x0c, 0x5d, 0x5d, 0x9e, 0xc6, 0x4f, 0x31, 0x03, 0x31, 0xf7,
    0xa5, 0x53, 0x31, 0x0b, 0x60, 0xa4, 0x53, 0xa5, 0xa5, 0xec, 0xfc, 0xa4, 0x3f, 0x3f, 0x0c, 0xca,
    0x31, 0x05, 0x05, 0x5d, 0x3f, 0x9b, 0x58, 0xd0, 0x31, 0x09, 0x53, 0xa4, 0x18, 0x62, 0x8e, 0x60,
    0xa4, 0x53, 0x96, 0xda, 0x31, 0x04, 0xd3, 0x0c, 0x3f, 0xf0, 0x4c, 0x32, 0x05, 0x05, 0x9b, 0x5d,
    0x5d, 0x58, 0x52, 0x32, 0x02, 0x31, 0x62, 0x55, 0x32, 0x04, 0xc7, 0x8e, 0x60, 0x6b, 0x5a, 0x32,
    0x03, 0x9a, 0x9a, 0xd3, 0xce, 0x32, 0x0f, 0x0c, 0x5d, 0x5d, 0x9b, 0x58, 0x62, 0x31, 0x31, 0x01,
    0xc6, 0x53, 0x9b, 0x9b, 0x6c, 0x9a, 0x4f, 0x33, 0x0e, 0x05, 0x5d, 0x5d, 0x5d, 0x9b, 0x58, 0x31,
    0x62, 0xbc, 0xc6, 0x5d, 0x5d, 0x6c, 0x6c, 0xd1, 0x33, 0x07, 0x05, 0x5d, 0x9b, 0x5d, 0x5d, 0x58,
    0x31, 0xd9, 0x33, 0x03, 0x5d, 0x5d, 0x3f, 0x53, 0x34, 0x09, 0x0c, 0x5d, 0x5d, 0x9b, 0x5d, 0x05,
    0x5d, 0x5d, 0x5d, 0xd4, 0x34, 0x04, 0x05, 0x5d, 0x5d, 0x5d, 0xda, 0x34, 0x02, 0x05, 0x5d, 0x56,
    0x35, 0x01, 0x05, 0xba, 0x17, 0x02, 0x0c, 0x0c, 0x37, 0x18, 0x09, 0x0c, 0x0c, 0xfc, 0xfc, 0xf0,
    0xf0, 0xf0, 0x0c, 0x0c, 0xb4, 0x18, 0x03, 0x0c, 0x0c, 0xfc, 0xba, 0x18, 0x06, 0x01, 0x01, 0x01,
    0xfd, 0xfc, 0xf0, 0xc2, 0x18, 0x02, 0x0c, 0x0c, 0x31, 0x19, 0x01, 0x0c, 0x33, 0x19, 0x02, 0x0c,
    0xfc, 0x36, 0x19, 0x02, 0x1e, 0x1e, 0x3f, 0x19, 0x02, 0xe2, 0x33, 0x42, 0x19, 0x02, 0x33, 0x33,
    0x46, 0x19, 0x02, 0x0c, 0x0c, 0xae, 0x19, 0x01, 0x0c, 0xb0, 0x19, 0x01, 0x0c, 0xb5, 0x19, 0x04,
    0x33, 0x33, 0xfd, 0xfd, 0xbb, 0x19, 0x03, 0x01, 0xfc, 0x33, 0xc1, 0x19, 0x02, 0xa4, 0xa4, 0xc6,
    0x19, 0x02, 0x33, 0x33, 0xca, 0x19, 0x02, 0x0c, 0x0c, 0x2b, 0x1a, 0x04, 0x0c, 0x0c, 0x97, 0x33,
    0x31, 0x1a, 0x05, 0x33, 0xa4, 0x33, 0xa4, 0x33, 0x39, 0x1a, 0x01, 0x33, 0x3b, 0x1a, 0x01, 0x33,
    0x44, 0x1a, 0x05, 0xa4, 0x97, 0x97, 0x97, 0xfc, 0x4b, 0x1a, 0x02, 0xfc, 0x0c, 0x4e, 0x1a, 0x02,
    0x0c, 0x0c, 0xa8, 0x1a, 0x07, 0x0c, 0x0c, 0x0c, 0xcf, 0x97, 0x97, 0x33, 0xb0, 0x1a, 0x01, 0xa4,
    0xb6, 0x1a, 0x02, 0xa4, 0x97, 0xba, 0x1a, 0x01, 0x1e, 0xbd, 0x1a, 0x01, 0xfc, 0xbf, 0x1a, 0x01,
    0x33, 0xc1, 0x1a, 0x02, 0xa4, 0x33, 0xc5, 0x1a, 0x02, 0x33, 0xfc, 0xc9, 0x1a, 0x02, 0x01, 0x01,
    0xcc, 0x1a, 0x01, 0x01, 0xcf, 0x1a, 0x05, 0xfd, 0xfc, 0x0c, 0x0c, 0x0c, 0x25, 0x1b, 0x0c, 0x0c,
    0x0c, 0x0c, 0xf0, 0xf0, 0xf0, 0xfc, 0xcf, 0xcf, 0x3f, 0x97, 0x33, 0x32, 0x1b, 0x02, 0xa4, 0x33,
    0x36, 0x1b, 0x01, 0xcf, 0x3c, 0x1b, 0x01, 0x01, 0x3f, 0x1b, 0x01, 0x01, 0x41, 0x1b, 0x01, 0x33,
    0x44, 0x1b, 0x01, 0xe2, 0x46, 0x1b, 0x01, 0x01, 0x49, 0x1b, 0x02, 0x01, 0x1f, 0x4e, 0x1b, 0x01,
    0x1e, 0x51, 0x1b, 0x02, 0xe2, 0x33, 0x54, 0x1b, 0x04, 0x33, 0x0c, 0x0c, 0x0c, 0xa2, 0x1b, 0x06,
    0x0c, 0x0c, 0x0c, 0xf0, 0xf0, 0x01, 0xad, 0x1b, 0x05, 0xf1, 0xfd, 0xfd, 0x3f, 0x3f, 0xb4, 0x1b,
    0x03, 0x1e, 0x1e, 0x1e, 0xb8, 0x1b, 0x04, 0x01, 0x01, 0x1f, 0x1e, 0xbd, 0x1b, 0x01, 0x1e, 0xc0,
    0x1b, 0x03, 0x1e, 0xe2, 0x33, 0xc4, 0x1b, 0x02, 0xd1, 0xfc, 0xc8, 0x1b, 0x02, 0x1e, 0x1e, 0xce,
    0x1b, 0x01, 0x01, 0xd0, 0x1b, 0x03, 0xfd, 0x33, 0xa4, 0xd8, 0x1b, 0x02, 0x33, 0x0c, 0xdb, 0x1b,
    0x01, 0x0c, 0x1f, 0x1c, 0x01, 0x0c, 0x21, 0x1c, 0x07, 0x0c, 0xee, 0xee, 0x1e, 0x01, 0x01, 0x01,
    0x29, 0x1c, 0x05, 0x01, 0x01, 0x01, 0x1f, 0x1e, 0x31, 0x1c, 0x05, 0xe2, 0xfc, 0xf0, 0x1e, 0xfc,
    0x38, 0x1c, 0x01, 0x1e, 0x3a, 0x1c, 0x02, 0x1e, 0x1e, 0x3d, 0x1c, 0x06, 0x1e, 0x1f, 0xfd, 0x97,
    0xa4, 0x33, 0x4f, 0x1c, 0x01, 0x33, 0x52, 0x1c, 0x02, 0xa4, 0xa4, 0x56, 0x1c, 0x01, 0x97, 0x5d,
    0x1c, 0x01, 0x0c, 0x5f, 0x1c, 0x01, 0x0c, 0x9b, 0x1c, 0x08, 0x0c, 0x0c, 0x33, 0x33, 0x33, 0x3f,
    0xcf, 0xe2, 0xa4, 0x1c, 0x04, 0x1e, 0x01, 0x1e, 0x1f, 0xad, 0x1c, 0x01, 0xe2, 0xaf, 0x1c, 0x02,
    0x1e, 0xd1, 0xb4, 0x1c, 0x03, 0x3f, 0x33, 0xf0, 0xb8, 0x1c, 0x02, 0xfc, 0x01, 0xbc, 0x1c, 0x02,
    0x01, 0x01, 0xc1, 0x1c, 0x01, 0xa4, 0xc3, 0x1c, 0x02, 0xa4, 0x97, 0xd0, 0x1c, 0x01, 0xa4, 0xd2,
    0x1c, 0x01, 0x33, 0xd9, 0x1c, 0x01, 0xa4, 0xdd, 0x1c, 0x02, 0x97, 0xfd, 0xe1, 0x1c, 0x01, 0xf0,
    0x18, 0x1d, 0x04, 0x0c, 0x0c, 0x33, 0x33, 0x1d, 0x1d, 0x01, 0xa4, 0x21, 0x1d, 0x05, 0x33, 0xcf,
    0xd1, 0xe2, 0xfc, 0x27, 0x1d, 0x04, 0x1e, 0x01, 0x01, 0x01, 0x2c, 0x1d, 0x07, 0x01, 0xcf, 0xa4,
    0xa4, 0x33, 0xa4, 0x33, 0x37, 0x1d, 0x05, 0x3f, 0x33, 0x0c, 0xfc, 0xfc, 0x3d, 0x1d, 0x06, 0x33,
    0x97, 0xa4, 0x33, 0xa4, 0xa4, 0x46, 0x1d, 0x01, 0xa4, 0x48, 0x1d, 0x01, 0x97, 0x4a, 0x1d, 0x01,
    0x97, 0x52, 0x1d, 0x01, 0x33, 0x5c, 0x1d, 0x02, 0x33, 0xfc, 0x60, 0x1d, 0x01, 0x01, 0x65, 0x1d,
    0x01, 0x01, 0x68, 0x1d, 0x01, 0x0c, 0x95, 0x1d, 0x03, 0x0c, 0x0c, 0x33, 0x9a, 0x1d, 0x05, 0xa4,
    0x33, 0xa4, 0x33, 0xa4, 0xa3, 0x1d, 0x07, 0x33, 0x33, 0xce, 0xce, 0xfd, 0xfd, 0xfc, 0xab, 0x1d,
    0x01, 0x33, 0xaf, 0x1d, 0x06, 0xa4, 0xa4, 0xa4, 0x33, 0xa4, 0x33, 0xb8, 0x1d, 0x02, 0xa4, 0xa4,
    0xbb, 0x1d, 0x04, 0x33, 0x0c, 0x33, 0x33, 0xc1, 0x1d, 0x01, 0xa4, 0xd4, 0x1d, 0x01, 0xfd, 0xd6,
    0x1d, 0x01, 0x33, 0xd9, 0x1d, 0x01, 0xa4, 0xdb, 0x1d, 0x02, 0xfc, 0xfc, 0xe0, 0x1d, 0x03, 0x01,
    0x01, 0x01, 0xe5, 0x1d, 0x03, 0x01, 0x1f, 0x01, 0xea, 0x1d, 0x01, 0xe2, 0x13, 0x1e, 0x03, 0x0c,
    0x33, 0x33, 0x18, 0x1e, 0x04, 0xa4, 0x97, 0x33, 0xa4, 0x1d, 0x1e, 0x02, 0xa4, 0x33, 0x21, 0x1e,
    0x02, 0xa4, 0x33, 0x24, 0x1e, 0x02, 0xa4, 0xa4, 0x27, 0x1e, 0x01, 0xfc, 0x29, 0x1e, 0x04, 0x33,
    0xa4, 0xa4, 0x33, 0x2e, 0x1e, 0x01, 0x33, 0x34, 0x1e, 0x01, 0xa4, 0x36, 0x1e, 0x02, 0x97, 0x33,
    0x3b, 0x1e, 0x01, 0x01, 0x3e, 0x1e, 0x04, 0xee, 0x0c, 0x33, 0x33, 0x44, 0x1e, 0x03, 0xa4, 0x97,
    0x33, 0x57, 0x1e, 0x02, 0x1e, 0xe2, 0x5a, 0x1e, 0x01, 0xe2, 0x5f, 0x1e, 0x04, 0x1e, 0x1e, 0x1e,
    0x1e, 0x65, 0x1e, 0x01, 0x1e, 0x67, 0x1e, 0x02, 0x1e, 0x1e, 0x6b, 0x1e, 0x02, 0xe2, 0x0c, 0x91,
    0x1e, 0x04, 0x0c, 0x3f, 0xbc, 0x33, 0x96, 0x1e, 0x02, 0xa4, 0x33, 0x99, 0x1e, 0x02, 0xa4, 0x33,
    0x9f, 0x1e, 0x01, 0xa4, 0xa3, 0x1e, 0x03, 0x97, 0xfd, 0x01, 0xa9, 0x1e, 0x03, 0xfc, 0xcf, 0x33,
    0xad, 0x1e, 0x04, 0xa4, 0x33, 0xa4, 0x33, 0xb5, 0x1e, 0x01, 0x33, 0xb7, 0x1e, 0x01, 0x6b, 0xbb,
    0x1e, 0x01, 0x01, 0xbf, 0x1e, 0x04, 0x01, 0x01, 0x01, 0xfd, 0xc7, 0x1e, 0x01, 0xe2, 0xc9, 0x1e,
    0x02, 0x1f, 0x01, 0xcd, 0x1e, 0x02, 0x01, 0x1e, 0xd1, 0x1e, 0x01, 0x1e, 0xd9, 0x1e, 0x01, 0x33,
    0xdc, 0x1e, 0x01, 0x33, 0xde, 0x1e, 0x01, 0xe2, 0xe5, 0x1e, 0x07, 0x1e, 0x1e, 0x1f, 0x1f, 0x1f,
    0x01, 0xee, 0x12, 0x1f, 0x06, 0x9a, 0x0c, 0x53, 0xa4, 0x33, 0xa4, 0x1a, 0x1f, 0x01, 0xa4, 0x20,
    0x1f, 0x01, 0x33, 0x22, 0x1f, 0x01, 0xfc, 0x26, 0x1f, 0x01, 0x01, 0x2b, 0x1f, 0x04, 0xfd, 0x01,
    0x33, 0xce, 0x30, 0x1f, 0x02, 0xa4, 0x97, 0x33, 0x1f, 0x03, 0x33, 0x33, 0xcf, 0x3b, 0x1f, 0x02,
    0x01, 0x01, 0x40, 0x1f, 0x01, 0x01, 0x45, 0x1f, 0x01, 0xe2, 0x47, 0x1f, 0x01, 0xf0, 0x4d, 0x1f,
    0x01, 0x1e, 0x52, 0x1f, 0x02, 0x1e, 0x1e, 0x56, 0x1f, 0x01, 0x1e, 0x59, 0x1f, 0x02, 0x33, 0x33,
    0x5f, 0x1f, 0x06, 0x33, 0x33, 0xfc, 0xfc, 0x01, 0x01, 0x67, 0x1f, 0x05, 0x01, 0x01, 0x01, 0xfd,
    0x0c, 0x92, 0x1f, 0x06, 0x6c, 0x6c, 0xc7, 0x51, 0x53, 0x33, 0x99, 0x1f, 0x01, 0xa4, 0x9c, 0x1f,
    0x01, 0xa4, 0x9e, 0x1f, 0x02, 0x33, 0xfc, 0xa5, 0x1f, 0x04, 0x01, 0x01, 0x01, 0x01, 0xaa, 0x1f,
    0x05, 0x01, 0x01, 0x1f, 0x01, 0xfc, 0xb0, 0x1f, 0x0c, 0x33, 0x33, 0x33, 0xd1, 0x1e, 0x01, 0x1e,
    0x01, 0x01, 0x01, 0x1e, 0x1e, 0xbd, 0x1f, 0x01, 0x1e, 0xc4, 0x1f, 0x01, 0xe2, 0xca, 0x1f, 0x01,
    0xf0, 0xd7, 0x1f, 0x01, 0x33, 0xdc, 0x1f, 0x02, 0xa4, 0x33, 0xe3, 0x1f, 0x04, 0x33, 0x33, 0xfc,
    0xfc, 0xe8, 0x1f, 0x01, 0x1e, 0xeb, 0x1f, 0x01, 0x5d, 0x12, 0x20, 0x08, 0x5d, 0x5d, 0x9e, 0xc7,
    0x51, 0x53, 0xbc, 0x33, 0x1b, 0x20, 0x03, 0x97, 0xd1, 0xe2, 0x23, 0x20, 0x06, 0x1f, 0x1f, 0x1e,
    0x1f, 0x1f, 0x1e, 0x2b, 0x20, 0x02, 0x1e, 0x1e, 0x2f, 0x20, 0x05, 0xe2, 0x33, 0x33, 0x33, 0xcf,
    0x36, 0x20, 0x01, 0x1e, 0x39, 0x20, 0x01, 0x1e, 0x3d, 0x20, 0x02, 0x1e, 0x1e, 0x41, 0x20, 0x01,
    0x1e, 0x4d, 0x20, 0x01, 0xfd, 0x59, 0x20, 0x01, 0xa4, 0x5d, 0x20, 0x02, 0xa4, 0xa4, 0x67, 0x20,
    0x04, 0x33, 0x33, 0xfc, 0x3f, 0x93, 0x20, 0x07, 0x5d, 0x9b, 0x5d, 0xc6, 0xc7, 0x51, 0xa4, 0x9b,
    0x20, 0x02, 0x1e, 0x1f, 0x9e, 0x20, 0x04, 0x1e, 0x1e, 0x1e, 0x1e, 0xac, 0x20, 0x03, 0x1e, 0xe2,
    0x33, 0xb3, 0x20, 0x03, 0x33, 0x33, 0xd1, 0xb9, 0x20, 0x01, 0x1e, 0xbc, 0x20, 0x02, 0x1e, 0x1e,
    0xbf, 0x20, 0x01, 0x01, 0xc1, 0x20, 0x02, 0xfd, 0x33, 0xc7, 0x20, 0x01, 0x33, 0xce, 0x20, 0x01,
    0x33, 0xd0, 0x20, 0x01, 0xfc, 0xd2, 0x20, 0x02, 0x1e, 0x1e, 0xd6, 0x20, 0x02, 0xa4, 0x33, 0xdb,
    0x20, 0x02, 0xa4, 0xa4, 0xe1, 0x20, 0x06, 0xa4, 0xa4, 0x33, 0x33, 0xa4, 0x97, 0xe9, 0x20, 0x01,
    0x8f, 0x14, 0x21, 0x0c, 0x5d, 0x5d, 0x3f, 0x58, 0xa4, 0xc7, 0x60, 0x72, 0xfc, 0x1e, 0x1e, 0x1e,
    0x21, 0x21, 0x02, 0x1e, 0x1e, 0x25, 0x21, 0x01, 0x1e, 0x27, 0x21, 0x09, 0x01, 0x01, 0x1f, 0x1f,
    0xfd, 0xce, 0x33, 0x33, 0x33, 0x35, 0x21, 0x01, 0x33, 0x37, 0x21, 0x04, 0xcf, 0x01, 0x01, 0x01,
    0x3e, 0x21, 0x03, 0x01, 0xfd, 0xcf, 0x44, 0x21, 0x01, 0xa4, 0x48, 0x21, 0x01, 0x33, 0x51, 0x21,
    0x04, 0x33, 0x0c, 0x0c, 0x33, 0x59, 0x21, 0x03, 0xa4, 0xa4, 0x33, 0x65, 0x21, 0x05, 0xa4, 0x33,
    0x33, 0x33, 0x6c, 0x95, 0x21, 0x09, 0x05, 0x5d, 0x5d, 0x5d, 0x31, 0xf7, 0xc7, 0x97, 0x6a, 0xa1,
    0x21, 0x04, 0x01, 0x01, 0x01, 0x01, 0xa6, 0x21, 0x06, 0x01, 0x01, 0x01, 0xfd, 0xce, 0x33, 0xb8,
    0x21, 0x04, 0x33, 0x33, 0x01, 0x01, 0xbe, 0x21, 0x01, 0xfc, 0xc3, 0x21, 0x02, 0xa4, 0x97, 0xc6,
    0x21, 0x01, 0xa4, 0xca, 0x21, 0x02, 0x33, 0x33, 0xcf, 0x21, 0x01, 0x33, 0xd3, 0x21, 0x05, 0x33,
    0xfc, 0xfc, 0x33, 0x33, 0xdb, 0x21, 0x02, 0xa4, 0xa4, 0xde, 0x21, 0x01, 0x33, 0xe4, 0x21, 0x01,
    0xa4, 0xe8, 0x21, 0x01, 0xfc, 0x17, 0x22, 0x09, 0x05, 0x5d, 0x9b, 0x58, 0x31, 0x62, 0xf6, 0x73,
    0xfc, 0x21, 0x22, 0x05, 0x01, 0x01, 0x01, 0x01, 0x01, 0x27, 0x22, 0x03, 0xfc, 0xcf, 0x33, 0x2b,
    0x22, 0x02, 0xa4, 0x33, 0x32, 0x22, 0x01, 0x33, 0x37, 0x22, 0x01, 0xa4, 0x3c, 0x22, 0x04, 0xe2,
    0xd1, 0xcf, 0xa4, 0x41, 0x22, 0x02, 0xa4, 0x33, 0x4b, 0x22, 0x01, 0xa4, 0x50, 0x22, 0x04, 0xa4,
    0xa4, 0x33, 0x01, 0x57, 0x22, 0x04, 0xfc, 0xf0, 0x33, 0x33, 0x5d, 0x22, 0x05, 0xa4, 0xa4, 0x33,
    0xa4, 0x33, 0x67, 0x22, 0x02, 0xfc, 0x5d, 0x99, 0x22, 0x04, 0x5d, 0x5d, 0x3a, 0x62, 0x9e, 0x22,
    0x06, 0xc7, 0x97, 0x6a, 0xfc, 0x1e, 0x1e, 0xa5, 0x22, 0x05, 0xfc, 0xcf, 0x33, 0x33, 0x33, 0xae,
    0x22, 0x01, 0xa4, 0xb1, 0x22, 0x03, 0xa4, 0x97, 0x33, 0xb8, 0x22, 0x02, 0xa4, 0xa4, 0xbb, 0x22,
    0x02, 0xcf, 0xfc, 0xbe, 0x22, 0x01, 0xcf, 0xc5, 0x22, 0x01, 0x33, 0xce, 0x22, 0x01, 0xa4, 0xd1,
    0x22, 0x02, 0x33, 0x01, 0xda, 0x22, 0x04, 0xfc, 0xcf, 0x3f, 0x33, 0xe0, 0x22, 0x01, 0xa4, 0xe2,
    0x22, 0x03, 0x33, 0xa4, 0x33, 0xe7, 0x22, 0x01, 0xcf, 0x1a, 0x23, 0x03, 0x05, 0x5d, 0x5d, 0x1e,
    0x23, 0x08, 0x31, 0x62, 0xf6, 0x60, 0xfc, 0xfc, 0xcf, 0x33, 0x27, 0x23, 0x04, 0xa4, 0x33, 0x97,
    0xa4, 0x2c, 0x23, 0x02, 0xa4, 0xa4, 0x31, 0x23, 0x02, 0xa4, 0xa4, 0x34, 0x23, 0x01, 0xa4, 0x36,
    0x23, 0x01, 0x33, 0x39, 0x23, 0x03, 0x97, 0xcf, 0xfd, 0x3f, 0x23, 0x02, 0xfc, 0x33, 0x44, 0x23,
    0x02, 0xa4, 0xa4, 0x50, 0x23, 0x01, 0x33, 0x5d, 0x23, 0x05, 0xfc, 0xcf, 0x3f, 0x33, 0x33, 0x63,
    0x23, 0x03, 0xa4, 0x33, 0xa4, 0x9c, 0x23, 0x03, 0x05, 0x9b, 0x58, 0xa0, 0x23, 0x05, 0xf7, 0x62,
    0xa4, 0x96, 0x33, 0xa9, 0x23, 0x02, 0xa4, 0xa4, 0xb6, 0x23, 0x06, 0x97, 0x33, 0xcf, 0xfc, 0x01,
    0x01, 0xbd, 0x23, 0x01, 0x1e, 0xc1, 0x23, 0x01, 0xfc, 0xc3, 0x23, 0x01, 0x33, 0xc5, 0x23, 0x01,
    0xa4, 0xc7, 0x23, 0x03, 0xa4, 0x33, 0x33, 0xcf, 0x23, 0x01, 0x33, 0xd5, 0x23, 0x01, 0x01, 0xda,
    0x23, 0x01, 0x01, 0xdf, 0x23, 0x08, 0xf1, 0xfd, 0xcf, 0xcf, 0x33, 0x97, 0xcf, 0x6b, 0x1e, 0x24,
    0x03, 0x5d, 0x5d, 0xc6, 0x22, 0x24, 0x01, 0xc6, 0x24, 0x24, 0x01, 0xf6, 0x2d, 0x24, 0x01, 0x33,
    0x36, 0x24, 0x03, 0x97, 0xcf, 0xfc, 0x44, 0x24, 0x02, 0xfc, 0x33, 0x48, 0x24, 0x01, 0xa4, 0x4a,
    0x24, 0x02, 0x97, 0x33, 0x4e, 0x24, 0x01, 0x33, 0x5d, 0x24, 0x01, 0x01, 0x5f, 0x24, 0x01, 0x1e,
    0x62, 0x24, 0x03, 0xfc, 0xfc, 0xcf, 0x9f, 0x24, 0x09, 0x05, 0x5d, 0x58, 0xa4, 0xf7, 0x62, 0x18,
    0x97, 0x33, 0xac, 0x24, 0x02, 0xa4, 0x97, 0xb4, 0x24, 0x03, 0x33, 0xcf, 0xcf, 0xbd, 0x24, 0x01,
    0x01, 0xc1, 0x24, 0x02, 0x01, 0x01, 0xc6, 0x24, 0x03, 0xfd, 0x33, 0x33, 0xca, 0x24, 0x01, 0xa4,
    0xcd, 0x24, 0x01, 0xfc, 0xd1, 0x24, 0x01, 0x1e, 0xd6, 0x24, 0x01, 0x01, 0xd9, 0x24, 0x01, 0x01,
    0xdb, 0x24, 0x01, 0x1e, 0xdd, 0x24, 0x01, 0x1e, 0xe0, 0x24, 0x01, 0x1e, 0xe3, 0x24, 0x03, 0x1e,
    0xfc, 0x51, 0x21, 0x25, 0x02, 0x05, 0x5d, 0x25, 0x25, 0x01, 0x31, 0x27, 0x25, 0x03, 0xa5, 0x96,
    0xa4, 0x2e, 0x25, 0x03, 0xa4, 0x97, 0x33, 0x33, 0x25, 0x03, 0x33, 0xcf, 0xfc, 0x3d, 0x25, 0x03,
    0x01, 0x01, 0x01, 0x43, 0x25, 0x03, 0x01, 0x01, 0x01, 0x48, 0x25, 0x05, 0xfc, 0xcf, 0x33, 0xa4,
    0xcf, 0x4f, 0x25, 0x02, 0x1e, 0x01, 0x52, 0x25, 0x02, 0x01, 0x01, 0x57, 0x25, 0x03, 0x1f, 0x1e,
    0x1e, 0x5b, 0x25, 0x05, 0x1e, 0x1e, 0x1e, 0x1e, 0x1e, 0x64, 0x25, 0x02, 0x82, 0x5d, 0xa3, 0x25,
    0x01, 0x5d, 0xa5, 0x25, 0x03, 0xc6, 0xc6, 0xc6, 0xa9, 0x25, 0x01, 0xa5, 0xb0, 0x25, 0x01, 0xa4,
    0xb2, 0x25, 0x04, 0xcf, 0xcf, 0xfc, 0x1e, 0xb8, 0x25, 0x04, 0x01, 0x01, 0x01, 0x01, 0xc0, 0x25,
    0x03, 0x01, 0x01, 0x1e, 0xc4, 0x25, 0x01, 0x1e, 0xc9, 0x25, 0x06, 0x1e, 0xe2, 0xfc, 0xd1, 0xe2,
    0x01, 0xd3, 0x25, 0x03, 0x01, 0x1f, 0x1e, 0xe0, 0x25, 0x05, 0x1e, 0x1e, 0x1e, 0xfc, 0x0c, 0x24,
    0x26, 0x02, 0x05, 0x5d, 0x27, 0x26, 0x03, 0xc6, 0x62, 0xc6, 0x2b, 0x26, 0x01, 0x01, 0x30, 0x26,
    0x07, 0xd1, 0xd1, 0xe2, 0x1e, 0x01, 0x1e, 0x1f, 0x3a, 0x26, 0x08, 0x01, 0x01, 0x1e, 0x1f, 0x1e,
    0x1e, 0x1e, 0x1e, 0x44, 0x26, 0x01, 0x1e, 0x47, 0x26, 0x01, 0x1e, 0x49, 0x26, 0x02, 0xd1, 0xd1,
    0x4d, 0x26, 0x03, 0x33, 0xcf, 0xfc, 0x51, 0x26, 0x03, 0x1e, 0x1e, 0x1e, 0x56, 0x26, 0x03, 0x1e,
    0x1e, 0x1e, 0x5a, 0x26, 0x03, 0x1e, 0x1e, 0x1e, 0x5f, 0x26, 0x06, 0x1e, 0x1f, 0x1f, 0x1e, 0xac,
    0x6c, 0xa6, 0x26, 0x02, 0x05, 0x58, 0xaa, 0x26, 0x04, 0xc6, 0xf7, 0xbc, 0x97, 0xaf, 0x26, 0x05,
    0xd1, 0xd1, 0xfd, 0x1e, 0x1e, 0xb9, 0x26, 0x06, 0x01, 0x1f, 0x1f, 0x1f, 0x1e, 0x1e, 0xc3, 0x26,
    0x07, 0x1e, 0x1e, 0x1e, 0x1e, 0x1e, 0xd1, 0xcf, 0xcf, 0x26, 0x04, 0x33, 0xcf, 0xd1, 0xfc, 0xdd,
    0x26, 0x01, 0x01, 0xe2, 0x26, 0x02, 0x6a, 0x0c, 0x28, 0x27, 0x01, 0x0c, 0x2a, 0x27, 0x02, 0xc6,
    0xa4, 0x30, 0x27, 0x02, 0x1e, 0x01, 0x35, 0x27, 0x03, 0x1e, 0x1e, 0x1e, 0x44, 0x27, 0x01, 0x1e,
    0x47, 0x27, 0x03, 0xfc, 0xce, 0x33, 0x51, 0x27, 0x05, 0x33, 0xcf, 0xcf, 0xfc, 0xfc, 0x5a, 0x27,
    0x01, 0x01, 0x61, 0x27, 0x03, 0xfc, 0x6b, 0x5d, 0xa9, 0x27, 0x06, 0x05, 0x58, 0xc6, 0x62, 0xc6,
    0x53, 0xb0, 0x27, 0x02, 0x96, 0xdf, 0xb4, 0x27, 0x03, 0x1e, 0x1e, 0x1e, 0xba, 0x27, 0x03, 0x1e,
    0x1e, 0x1e, 0xbe, 0x27, 0x0c, 0x1e, 0x1e, 0x1e, 0x1e, 0x1e, 0x1f, 0x1f, 0x1f, 0xfd, 0xce, 0x97,
    0xa4, 0xcb, 0x27, 0x02, 0x33, 0x33, 0xd3, 0x27, 0x06, 0x33, 0xcf, 0xcf, 0xcf, 0xfc, 0x01, 0xde,
    0x27, 0x02, 0x01, 0x01, 0xe1, 0x27, 0x02, 0xcf, 0x0c, 0x2b, 0x28, 0x01, 0x05, 0x2d, 0x28, 0x03,
    0x62, 0xa4, 0x31, 0x32, 0x28, 0x05, 0x96, 0xfc, 0x1e, 0x1e, 0x1e, 0x38, 0x28, 0x02, 0x1e, 0x1e,
    0x3b, 0x28, 0x01, 0x1e, 0x41, 0x28, 0x08, 0x01, 0x01, 0x01, 0x1f, 0xfd, 0xcf, 0x33, 0xa4, 0x4a,
    0x28, 0x02, 0x33, 0xa4, 0x4e, 0x28, 0x01, 0x33, 0x56, 0x28, 0x06, 0x33, 0xce, 0xce, 0xfd, 0xfd,
    0x01, 0x60, 0x28, 0x03, 0xfc, 0x6b, 0x9b, 0xad, 0x28, 0x01, 0x09, 0xb1, 0x28, 0x05, 0x31, 0xa4,
    0x19, 0xec, 0xfc, 0xbe, 0x28, 0x04, 0x01, 0x01, 0x01, 0x01, 0xc4, 0x28, 0x03, 0xfd, 0xce, 0x33,
    0xc9, 0x28, 0x01, 0xa4, 0xcb, 0x28, 0x01, 0x33, 0xce, 0x28, 0x01, 0xa4, 0xd1, 0x28, 0x01, 0x33,
    0xd8, 0x28, 0x05, 0x33, 0xcf, 0xcf, 0xcf, 0xfc, 0xe0, 0x28, 0x02, 0x6b, 0x0c, 0x2e, 0x29, 0x01,
    0x05, 0x31, 0x29, 0x01, 0xa4, 0x33, 0x29, 0x04, 0xf7, 0xbc, 0x96, 0x6b, 0x39, 0x29, 0x02, 0x01,
    0x01, 0x41, 0x29, 0x05, 0x01, 0x01, 0xfc, 0xcf, 0x33, 0x4a, 0x29, 0x01, 0xa4, 0x4d, 0x29, 0x01,
    0x33, 0x50, 0x29, 0x01, 0xa4, 0x52, 0x29, 0x01, 0x33, 0x5a, 0x29, 0x08, 0x33, 0xcf, 0xd1, 0xcf,
    0xcf, 0x33, 0xf0, 0x5d, 0xb3, 0x29, 0x06, 0xa4, 0x53, 0x53, 0xf6, 0x96, 0xfd, 0xbd, 0x29, 0x02,
    0x01, 0x01, 0xc2, 0x29, 0x03, 0xfc, 0xcf, 0x33, 0xc7, 0x29, 0x02, 0xa4, 0xa4, 0xca, 0x29, 0x03,
    0xa4, 0x33, 0x33, 0xce, 0x29, 0x01, 0x33, 0xd1, 0x29, 0x04, 0xa4, 0xa4, 0x33, 0x33, 0xdb, 0x29,
    0x01, 0xa4, 0xdd, 0x29, 0x04, 0x6b, 0x97, 0xa4, 0x0c, 0x32, 0x2a, 0x05, 0x51, 0xc6, 0xc6, 0xc6,
    0x31, 0x38, 0x2a, 0x03, 0x8f, 0xcf, 0xfc, 0x41, 0x2a, 0x04, 0xfc, 0xcf, 0x33, 0x33, 0x47, 0x2a,
    0x03, 0xa4, 0x33, 0x97, 0x4b, 0x2a, 0x03, 0x33, 0xa4, 0xa4, 0x4f, 0x2a, 0x02, 0x33, 0xa4, 0x52,
    0x2a, 0x01, 0x33, 0x5e, 0x2a, 0x03, 0x53, 0x3f, 0x6c, 0xb4, 0x2a, 0x01, 0x62, 0xb6, 0x2a, 0x07,
    0xc6, 0x62, 0x53, 0xa5, 0x8f, 0x6b, 0xfc, 0xbe, 0x2a, 0x01, 0x1e, 0xc0, 0x2a, 0x07, 0x6b, 0x6b,
    0x33, 0x97, 0x33, 0x33, 0x33, 0xc8, 0x2a, 0x02, 0xa4, 0xa4, 0xcb, 0x2a, 0x02, 0xa4, 0xa4, 0xcf,
    0x2a, 0x01, 0xa4, 0xd1, 0x2a, 0x01, 0x97, 0xd3, 0x2a, 0x01, 0x33, 0xd7, 0x2a, 0x04, 0xa4, 0xa4,
    0xa4, 0xa4, 0xdd, 0x2a, 0x01, 0x33, 0xdf, 0x2a, 0x01, 0x0c, 0x35, 0x2b, 0x01, 0x58, 0x37, 0x2b,
    0x03, 0xc6, 0xc6, 0x53, 0x3c, 0x2b, 0x06, 0x73, 0x6b, 0xfc, 0xcf, 0xd1, 0x33, 0x43, 0x2b, 0x07,
    0xa4, 0xa4, 0xa4, 0x97, 0x33, 0x33, 0x33, 0x51, 0x2b, 0x04, 0xa4, 0xa4, 0xa4, 0x97, 0x56, 0x2b,
    0x0a, 0x33, 0xa4, 0x33, 0x97, 0x33, 0x33, 0x33, 0x53, 0x3f, 0x3f, 0xb6, 0x2b, 0x02, 0x05, 0x33,
    0xb9, 0x2b, 0x08, 0x62, 0x62, 0xc6, 0xf7, 0x33, 0xa4, 0x33, 0x33, 0xc5, 0x2b, 0x06, 0xa4, 0xa4,
    0x33, 0xa4, 0xa4, 0x33, 0xd3, 0x2b, 0x01, 0xa4, 0xd5, 0x2b, 0x02, 0x33, 0xa4, 0xd8, 0x2b, 0x02,
    0x97, 0xa4, 0xdb, 0x2b, 0x04, 0xa4, 0x01, 0x62, 0x0c, 0x37, 0x2c, 0x0b, 0x05, 0x58, 0x62, 0x62,
    0x62, 0x31, 0x31, 0xa5, 0xbf, 0xa5, 0x33, 0x47, 0x2c, 0x01, 0xa4, 0x49, 0x2c, 0x01, 0x97, 0x4b,
    0x2c, 0x01, 0x33, 0x55, 0x2c, 0x01, 0xa4, 0x57, 0x2c, 0x01, 0x97, 0x59, 0x2c, 0x01, 0x33, 0x5b,
    0x2c, 0x04, 0x33, 0x62, 0x3f, 0x3f, 0xb9, 0x2c, 0x03, 0x0c, 0x51, 0x62, 0xbd, 0x2c, 0x07, 0x62,
    0xf7, 0xf6, 0x60, 0xbc, 0xa5, 0x33, 0xc8, 0x2c, 0x02, 0xa4, 0x33, 0xcb, 0x2c, 0x02, 0xa4, 0x33,
    0xd6, 0x2c, 0x01, 0xa4, 0xd8, 0x2c, 0x02, 0x33, 0xa4, 0xdb, 0x2c, 0x04, 0x33, 0x62, 0x0c, 0x9b,
    0x3a, 0x2d, 0x0c, 0x05, 0x3f, 0x51, 0x62, 0xc6, 0x53, 0x31, 0xf6, 0x60, 0xa5, 0xa4, 0x33, 0x49,
    0x2d, 0x01, 0xa4, 0x4b, 0x2d, 0x02, 0x33, 0xa4, 0x4e, 0x2d, 0x01, 0x33, 0x58, 0x2d, 0x01, 0xa4,
    0x5a, 0x2d, 0x01, 0x33, 0x5c, 0x2d, 0x02, 0x3f, 0x3f, 0xbc, 0x2d, 0x03, 0x0c, 0x58, 0xc6, 0xc0,
    0x2d, 0x07, 0x31, 0x62, 0xf6, 0x97, 0x53, 0xa5, 0xec, 0xca, 0x2d, 0x06, 0xa4, 0x33, 0x33, 0xa4,
    0x33, 0x33, 0xd9, 0x2d, 0x01, 0x33, 0xdb, 0x2d, 0x03, 0x3f, 0x0c, 0x5d, 0x3d, 0x2e, 0x03, 0x05,
    0x5d, 0x51, 0x42, 0x2e, 0x04, 0x53, 0x31, 0xf7, 0x97, 0x47, 0x2e, 0x02, 0xa4, 0x33, 0x4b, 0x2e,
    0x02, 0xa4, 0xa4, 0x4e, 0x2e, 0x02, 0x97, 0xa4, 0x51, 0x2e, 0x01, 0x33, 0x59, 0x2e, 0x01, 0xbc,
    0x5b, 0x2e, 0x02, 0x3f, 0xf0, 0xbf, 0x2e, 0x02, 0x0c, 0x58, 0xc4, 0x2e, 0x07, 0xc6, 0xde, 0xa4,
    0xa4, 0xa5, 0xa4, 0x33, 0xcd, 0x2e, 0x01, 0xa4, 0xcf, 0x2e, 0x01, 0x33, 0xd1, 0x2e, 0x01, 0xa4,
    0xd3, 0x2e, 0x01, 0x33, 0xd8, 0x2e, 0x05, 0x33, 0x62, 0x3f, 0x0c, 0x5d, 0x40, 0x2f, 0x0d, 0x05,
    0x5d, 0x58, 0x62, 0xc6, 0x31, 0x53, 0x01, 0x60, 0x53, 0xa5, 0xa4, 0x33, 0x4f, 0x2f, 0x01, 0xa4,
    0x51, 0x2f, 0x01, 0x33, 0x53, 0x2f, 0x03, 0xa4, 0xa4, 0x33, 0x59, 0x2f, 0x03, 0x62, 0x3f, 0xf0,
    0xc2, 0x2f, 0x03, 0x0c, 0x3f, 0x97, 0xc6, 0x2f, 0x04, 0x62, 0xa4, 0xde, 0xf7, 0xcb, 0x2f, 0x04,
    0xbc, 0xa5, 0xec, 0x33, 0xd0, 0x2f, 0x01, 0xa4, 0xd2, 0x2f, 0x01, 0x33, 0xd4, 0x2f, 0x01, 0xa4,
    0xd6, 0x2f, 0x06, 0x33, 0xcf, 0x62, 0x3f, 0x0c, 0x3f, 0x43, 0x30, 0x04, 0x0c, 0x5d, 0x58, 0xc6,
    0x48, 0x30, 0x04, 0xc6, 0xde, 0xc6, 0x60, 0x4d, 0x30, 0x03, 0xa4, 0xa5, 0xec, 0x52, 0x30, 0x01,
    0xa4, 0x56, 0x30, 0x06, 0x97, 0x8f, 0x62, 0x3f, 0xf0, 0x9b, 0xc4, 0x30, 0x04, 0x05, 0x5d, 0x5d,
    0x3a, 0xc9, 0x30, 0x09, 0x62, 0xc6, 0xc7, 0x8e, 0x33, 0x53, 0xa5, 0xa4, 0x33, 0xd4, 0x30, 0x01,
    0x33, 0xd6, 0x30, 0x05, 0xa5, 0xc6, 0x3f, 0x0c, 0x3f, 0x46, 0x31, 0x07, 0x0c, 0x5d, 0x5d, 0x33,
    0xc6, 0xc6, 0x18, 0x4e, 0x31, 0x0d, 0x51, 0x53, 0x53, 0xa5, 0xa4, 0x33, 0xa4, 0x33, 0x53, 0xa4,
    0x3f, 0xf0, 0x9b, 0xc7, 0x31, 0x04, 0x05, 0x5d, 0x3f, 0x3a, 0xcc, 0x31, 0x05, 0x53, 0xf7, 0xc7,
    0x8e, 0x60, 0xd2, 0x31, 0x01, 0xbc, 0xd4, 0x31, 0x06, 0xdf, 0x33, 0x62, 0x3f, 0x0c, 0x3f, 0x49,
    0x32, 0x0a, 0x0c, 0x5d, 0x5d, 0x58, 0xc6, 0xc6, 0xde, 0x62, 0xad, 0x53, 0x54, 0x32, 0x06, 0x6b,
    0xc7, 0xd3, 0x0c, 0xf0, 0x9b, 0xca, 0x32, 0x0a, 0x0c, 0x5d, 0x5d, 0x3f, 0x51, 0x62, 0x62, 0x18,
    0xc7, 0x33, 0xd5, 0x32, 0x04, 0x31, 0x9a, 0x9b, 0x6c, 0x4b, 0x33, 0x09, 0x05, 0x5d, 0x5d, 0x9b,
    0x3a, 0x31, 0x62, 0xde, 0x01, 0x55, 0x33, 0x04, 0x6c, 0x3f, 0x83, 0x5d, 0xcd, 0x33, 0x07, 0x0c,
    0x5d, 0x9b, 0x5d, 0x58, 0x31, 0xf7, 0xd5, 0x33, 0x04, 0x5d, 0x5d, 0x6c, 0x5d, 0x4e, 0x34, 0x0a,
    0x05, 0x9b, 0x5d, 0x5d, 0x5d, 0x51, 0x5d, 0x5d, 0x9b, 0x5d, 0xd0, 0x34, 0x08, 0x0c, 0x5d, 0x5d,
    0x5d, 0x05, 0x5d, 0x5d, 0x5d, 0x51, 0x35, 0x02, 0x05, 0x5d, 0x56, 0x35, 0x01, 0x05, 0xba, 0x17,
    0x02, 0x0c, 0x0c, 0xbe, 0x17, 0x01, 0x0c, 0x37, 0x18, 0x05, 0x0c, 0x0c, 0xf0, 0xfc, 0xfc, 0x3e,
    0x18, 0x05, 0xfc, 0xfc, 0xf0, 0x0c, 0x0c, 0xb4, 0x18, 0x05, 0x0c, 0x0c, 0xf0, 0xfc, 0xfc, 0xba,
    0x18, 0x03, 0x01, 0x01, 0x01, 0xbe, 0x18, 0x08, 0x01, 0x01, 0xf1, 0xf0, 0xfc, 0x0c, 0x0c, 0x0c,
    0x31, 0x19, 0x02, 0x0c, 0x0c, 0x35, 0x19, 0x05, 0xf0, 0xf0, 0xf0, 0xe2, 0x1e, 0x3b, 0x19, 0x04,
    0x1e, 0x1e, 0x1e, 0x1e, 0x40, 0x19, 0x0a, 0xe2, 0xcf, 0x33, 0x33, 0x3f, 0x3f, 0x0c, 0x0c, 0x0c,
    0x0c, 0xae, 0x19, 0x01, 0x0c, 0xb1, 0x19, 0x03, 0x33, 0x3f, 0x3f, 0xb7, 0x19, 0x0a, 0x33, 0x33,
    0xce, 0xf1, 0xfd, 0x01, 0xfc, 0xcf, 0x33, 0x33, 0xc2, 0x19, 0x01, 0xa4, 0xc5, 0x19, 0x01, 0x33,
    0xc8, 0x19, 0x03, 0x3f, 0x3f, 0x0c, 0xcc, 0x19, 0x01, 0x0c, 0x2b, 0x1a, 0x01, 0x0c, 0x2d, 0x1a,
    0x01, 0x97, 0x2f, 0x1a, 0x02, 0x3f, 0xa4, 0x32, 0x1a, 0x06, 0xa4, 0xa4, 0x97, 0x33, 0xa4, 0x33,
    0x3a, 0x1a, 0x05, 0x33, 0x33, 0x33, 0x33, 0x33, 0x45, 0x1a, 0x02, 0xa4, 0x33, 0x49, 0x1a, 0x06,
    0x6b, 0xfc, 0x01, 0xf0, 0xf0, 0x0c, 0xa8, 0x1a, 0x01, 0x0c, 0xaa, 0x1a, 0x07, 0x0c, 0xfc, 0xfc,
    0xfc, 0xcf, 0xcf, 0x97, 0xb3, 0x1a, 0x01, 0xa4, 0xb7, 0x1a, 0x06, 0xa4, 0x33, 0xfc, 0xfc, 0xcf,
    0x01, 0xbe, 0x1a, 0x07, 0xfc, 0x0c, 0x33, 0x97, 0x33, 0xa4, 0x33, 0xc6, 0x1a, 0x03, 0x33, 0xcf,
    0xfc, 0xca, 0x1a, 0x01, 0x01, 0xcd, 0x1a, 0x03, 0x01, 0x01, 0x01, 0x25, 0x1b, 0x01, 0x0c, 0x27,
    0x1b, 0x01, 0x0c, 0x2e, 0x1b, 0x05, 0xf0, 0xfd, 0xce, 0xce, 0x97, 0x35, 0x1b, 0x04, 0x33, 0x33,
    0xcf, 0xcf, 0x3c, 0x1b, 0x03, 0x01, 0x01, 0x01, 0x41, 0x1b, 0x02, 0xcf, 0x0c, 0x45, 0x1b, 0x01,
    0xe2, 0x47, 0x1b, 0x02, 0x01, 0x1e, 0x4a, 0x1b, 0x0c, 0x01, 0x1f, 0x1f, 0x1f, 0x01, 0x1f, 0x1e,
    0x1e, 0xfc, 0xcf, 0x3f, 0x0c, 0x57, 0x1b, 0x01, 0x0c, 0xa2, 0x1b, 0x04, 0x0c, 0x0c, 0x0c, 0x1e,
    0xac, 0x1b, 0x07, 0x1e, 0x1f, 0x1f, 0x01, 0xf0, 0xf0, 0xe2, 0xb4, 0x1b, 0x02, 0x1e, 0xe2, 0xb7,
    0x1b, 0x01, 0x1e, 0xba, 0x1b, 0x04, 0x1e, 0x1e, 0x1f, 0x1e, 0xbf, 0x1b, 0x01, 0x1e, 0xc2, 0x1b,
    0x02, 0xfc, 0x33, 0xc5, 0x1b, 0x01, 0xf0, 0xc9, 0x1b, 0x04, 0x1e, 0x1e, 0x1e, 0x1e, 0xce, 0x1b,
    0x07, 0x1e, 0x1f, 0x1f, 0xe2, 0x75, 0xe2, 0x33, 0xd7, 0x1b, 0x05, 0x3f, 0x3f, 0x0c, 0x0c, 0x0c,
    0x1f, 0x1c, 0x01, 0x0c, 0x21, 0x1c, 0x07, 0x0c, 0xd1, 0xd1, 0xd1, 0xfd, 0x01, 0x01, 0x29, 0x1c,
    0x02, 0x1f, 0x1e, 0x2c, 0x1c, 0x02, 0x1e, 0x1e, 0x2f, 0x1c, 0x01, 0x1e, 0x31, 0x1c, 0x07, 0x1f,
    0xfc, 0x3f, 0xd1, 0x33, 0xd1, 0xe2, 0x3e, 0x1c, 0x02, 0x1f, 0x01, 0x41, 0x1c, 0x01, 0x75, 0x47,
    0x1c, 0x02, 0x3f, 0xf0, 0x4a, 0x1c, 0x0d, 0xfc, 0x01, 0x01, 0x01, 0x01, 0xfd, 0xce, 0xce, 0x33,
    0xa4, 0xa4, 0x33, 0xa4, 0x5a, 0x1c, 0x06, 0x3f, 0x3f, 0x33, 0x0c, 0x0c, 0x0c, 0x9b, 0x1c, 0x03,
    0x0c, 0x0c, 0x33, 0xa0, 0x1c, 0x0d, 0xa4, 0x33, 0x33, 0xcf, 0xd1, 0xcf, 0xd1, 0xe2, 0x1f, 0x1f,
    0x1f, 0x1e, 0x1e, 0xae, 0x1c, 0x02, 0xfc, 0xcf, 0xb3, 0x1c, 0x02, 0xa4, 0x33, 0xb6, 0x1c, 0x04,
    0x3f, 0xcf, 0x33, 0xfd, 0xbc, 0x1c, 0x01, 0x01, 0xbf, 0x1c, 0x01, 0xcf, 0xc1, 0x1c, 0x01, 0xa4,
    0xca, 0x1c, 0x07, 0x3f, 0xcf, 0xe2, 0xfc, 0xfc, 0xcf, 0x33, 0xd3, 0x1c, 0x03, 0xa4, 0xa4, 0xa4,
    0xd9, 0x1c, 0x01, 0xa4, 0xdb, 0x1c, 0x01, 0x33, 0xdd, 0x1c, 0x04, 0x9b, 0x0c, 0xf0, 0xfc, 0xe2,
    0x1c, 0x02, 0x0c, 0x0c, 0x18, 0x1d, 0x01, 0x0c, 0x1a, 0x1d, 0x01, 0x33, 0x1d, 0x1d, 0x03, 0xa4,
    0x33, 0x33, 0x21, 0x1d, 0x02, 0xa4, 0x33, 0x24, 0x1d, 0x09, 0x33, 0x33, 0xcf, 0xcf, 0xce, 0x1f,
    0xfd, 0xfc, 0x6b, 0x2e, 0x1d, 0x01, 0x33, 0x32, 0x1d, 0x01, 0x33, 0x39, 0x1d, 0x02, 0x9b, 0x33,
    0x3c, 0x1d, 0x02, 0xfc, 0xcf, 0x3f, 0x1d, 0x01, 0xa4, 0x42, 0x1d, 0x02, 0xa4, 0x33, 0x48, 0x1d,
    0x01, 0xa4, 0x4a, 0x1d, 0x01, 0x33, 0x4c, 0x1d, 0x04, 0x33, 0xf1, 0xfc, 0xfc, 0x51, 0x1d, 0x01,
    0x33, 0x53, 0x1d, 0x03, 0x33, 0xa4, 0x33, 0x58, 0x1d, 0x02, 0xa4, 0x33, 0x5c, 0x1d, 0x0c, 0x33,
    0x33, 0xcf, 0xcf, 0xfc, 0xf0, 0xf0, 0xfc, 0xfc, 0xf0, 0x0c, 0x0c, 0x95, 0x1d, 0x03, 0x0c, 0x0c,
    0x33, 0x9a, 0x1d, 0x03, 0xa4, 0x97, 0x97, 0x9e, 0x1d, 0x01, 0xa4, 0xa3, 0x1d, 0x02, 0xa4, 0x33,
    0xa6, 0x1d, 0x01, 0xa4, 0xa8, 0x1d, 0x01, 0xfc, 0xaa, 0x1d, 0x02, 0xfc, 0x33, 0xae, 0x1d, 0x01,
    0xa4, 0xb0, 0x1d, 0x01, 0x97, 0xb3, 0x1d, 0x02, 0xa4, 0x33, 0xb7, 0x1d, 0x07, 0xa4, 0xa4, 0x97,
    0xfd, 0xcf, 0xf0, 0xfc, 0xc2, 0x1d, 0x01, 0x33, 0xc8, 0x1d, 0x05, 0xa4, 0x33, 0x33, 0x6b, 0xfc,
    0xce, 0x1d, 0x09, 0x01, 0x01, 0xf0, 0xfc, 0xfc, 0xcf, 0x33, 0x33, 0x33, 0xd9, 0x1d, 0x01, 0xa4,
    0xdb, 0x1d, 0x05, 0xcf, 0x33, 0x6b, 0xcf, 0x01, 0xe1, 0x1d, 0x0b, 0x1e, 0x01, 0x01, 0x01, 0xf1,
    0xfd, 0xfd, 0xf0, 0xf0, 0x0c, 0x0c, 0x13, 0x1e, 0x05, 0x0c, 0x3f, 0x3f, 0x3f, 0x53, 0x19, 0x1e,
    0x01, 0x33, 0x1c, 0x1e, 0x02, 0xa4, 0x33, 0x21, 0x1e, 0x06, 0xa4, 0x33, 0x33, 0x97, 0x6b, 0xfc,
    0x29, 0x1e, 0x04, 0xfc, 0xcf, 0xcf, 0x33, 0x2e, 0x1e, 0x01, 0x33, 0x32, 0x1e, 0x01, 0x33, 0x36,
    0x1e, 0x04, 0x97, 0xfc, 0xfc, 0xcf, 0x3b, 0x1e, 0x01, 0x01, 0x3d, 0x1e, 0x03, 0x1e, 0x1e, 0xf0,
    0x41, 0x1e, 0x02, 0x33, 0xa4, 0x45, 0x1e, 0x02, 0xa4, 0x33, 0x49, 0x1e, 0x02, 0x33, 0xfc, 0x4f,
    0x1e, 0x0f, 0x01, 0x01, 0x01, 0x01, 0xf0, 0xe2, 0xfc, 0xcf, 0xd1, 0x97, 0x97, 0xd1, 0xcf, 0xcf,
    0xfc, 0x63, 0x1e, 0x0a, 0x1e, 0x1e, 0x1e, 0x1e, 0x01, 0x01, 0xf0, 0xe2, 0xee, 0x0c, 0x93, 0x1e,
    0x08, 0x83, 0x0c, 0x3f, 0x3f, 0x3f, 0x62, 0x97, 0x33, 0x9f, 0x1e, 0x06, 0x33, 0x33, 0x33, 0xcf,
    0xfc, 0x01, 0xab, 0x1e, 0x06, 0xfd, 0xce, 0xce, 0x33, 0xa4, 0x33, 0xb2, 0x1e, 0x05, 0xa4, 0x33,
    0x33, 0xfc, 0xfc, 0xbb, 0x1e, 0x04, 0x01, 0x01, 0x01, 0x01, 0xc2, 0x1e, 0x02, 0xfd, 0x33, 0xc7,
    0x1e, 0x03, 0x33, 0xe2, 0x01, 0xcd, 0x1e, 0x0c, 0x01, 0x1e, 0x1e, 0x1e, 0x01, 0x1f, 0x1f, 0x1f,
    0x1f, 0x1f, 0xe2, 0xe2, 0xdb, 0x1e, 0x06, 0xcf, 0xe2, 0xe2, 0x1f, 0x01, 0x1e, 0xe3, 0x1e, 0x01,
    0x01, 0xe5, 0x1e, 0x01, 0x1e, 0xe8, 0x1e, 0x02, 0x1e, 0x1e, 0xeb, 0x1e, 0x03, 0x1e, 0xee, 0x0c,
    0x14, 0x1f, 0x05, 0x6c, 0x9b, 0x0c, 0x3f, 0x3a, 0x1a, 0x1f, 0x02, 0x97, 0xa5, 0x1d, 0x1f, 0x07,
    0x33, 0x33, 0xd1, 0xe2, 0xfc, 0x01, 0x01, 0x27, 0x1f, 0x01, 0x01, 0x29, 0x1f, 0x0c, 0x1e, 0x1e,
    0x1f, 0x01, 0xfc, 0x1f, 0x33, 0xd1, 0x97, 0xcf, 0xfc, 0xcf, 0x3a, 0x1f, 0x06, 0x1e, 0x1f, 0x1f,
    0x1f, 0x01, 0x01, 0x41, 0x1f, 0x05, 0x1e, 0x1e, 0x1e, 0xfc, 0xd1, 0x47, 0x1f, 0x02, 0x1e, 0x1e,
    0x4a, 0x1f, 0x02, 0x1f, 0x1f, 0x4e, 0x1f, 0x03, 0x1f, 0x1f, 0x1e, 0x54, 0x1f, 0x03, 0x1e, 0x1e,
    0x1e, 0x58, 0x1f, 0x16, 0xe2, 0xfc, 0x33, 0xcf, 0xce, 0xcf, 0xd1, 0xe2, 0xe2, 0x1e, 0x1e, 0x1e,
    0x1e, 0x1f, 0x1f, 0x1f, 0x1f, 0x1f, 0x1f, 0xe2, 0xf0, 0xf0, 0x94, 0x1f, 0x0b, 0x5d, 0x5d, 0x6c,
    0x0c, 0x3f, 0x3a, 0x62, 0x33, 0x18, 0xcf, 0xfd, 0xa0, 0x1f, 0x0c, 0x1e, 0x1e, 0x1e, 0x1e, 0x1e,
    0x1f, 0x1f, 0x1f, 0x1f, 0x1f, 0x1e, 0x1e, 0xad, 0x1f, 0x04, 0x1e, 0xfc, 0xfc, 0x33, 0xb3, 0x1f,
    0x03, 0x1e, 0x1e, 0x01, 0xb7, 0x1f, 0x03, 0x1e, 0x1e, 0x1f, 0xbb, 0x1f, 0x01, 0x1e, 0xbd, 0x1f,
    0x01, 0x1e, 0xc3, 0x1f, 0x01, 0xd1, 0xc7, 0x1f, 0x13, 0x33, 0xcf, 0xe2, 0x1e, 0x1e, 0x1e, 0x1e,
    0x1e, 0x1e, 0x1e, 0x1e, 0x1e, 0x1f, 0x1f, 0x1f, 0x1f, 0xcf, 0xd1, 0x33, 0xdb, 0x1f, 0x01, 0xa4,
    0xdd, 0x1f, 0x08, 0x33, 0xcf, 0xcf, 0xcf, 0xcf, 0xcf, 0xfc, 0xe2, 0xe6, 0x1f, 0x01, 0x1e, 0xe9,
    0x1f, 0x05, 0x1e, 0x1e, 0xad, 0xf0, 0x6c, 0x14, 0x20, 0x0a, 0x05, 0x5d, 0x5d, 0x6c, 0x83, 0x0c,
    0x3a, 0x51, 0xb3, 0x6d, 0x22, 0x20, 0x06, 0x1e, 0x1e, 0x1e, 0x1e, 0x1e, 0x1e, 0x29, 0x20, 0x07,
    0x1f, 0x1f, 0x1e, 0xe2, 0xe2, 0xe2, 0x33, 0x32, 0x20, 0x02, 0x33, 0x33, 0x36, 0x20, 0x03, 0x1e,
    0x1e, 0x1e, 0x3a, 0x20, 0x02, 0x1e, 0x1e, 0x3d, 0x20, 0x06, 0x1f, 0x01, 0x1f, 0x1f, 0x1e, 0xe2,
    0x44, 0x20, 0x01, 0x33, 0x49, 0x20, 0x0c, 0x33, 0xcf, 0xcf, 0xe2, 0x01, 0x01, 0x01, 0x01, 0x01,
    0x1e, 0x01, 0x01, 0x56, 0x20, 0x02, 0xce, 0x33, 0x59, 0x20, 0x03, 0xa4, 0xa4, 0xa4, 0x5d, 0x20,
    0x01, 0xa4, 0x5f, 0x20, 0x0a, 0x0c, 0x33, 0xcf, 0xcf, 0xce, 0xce, 0xce, 0xce, 0xfd, 0xfd, 0x6a,
    0x20, 0x03, 0xcf, 0xf0, 0x83, 0x96, 0x20, 0x18, 0x5d, 0x5d, 0x5d, 0x9b, 0x0c, 0xf5, 0xac, 0xad,
    0x75, 0x1e, 0x1e, 0x1e, 0x1e, 0x1f, 0x1f, 0x1f, 0x1f, 0x1f, 0x1f, 0xe2, 0xe2, 0xd1, 0xcf, 0x33,
    0xaf, 0x20, 0x01, 0x33, 0xb7, 0x20, 0x07, 0x01, 0x01, 0x01, 0x01, 0x01, 0x1f, 0x01, 0xbf, 0x20,
    0x03, 0x01, 0xfd, 0x33, 0xc3, 0x20, 0x01, 0xa4, 0xc5, 0x20, 0x01, 0xa4, 0xcb, 0x20, 0x08, 0x33,
    0xcf, 0xce, 0xfd, 0xfd, 0x01, 0x01, 0x01, 0xd5, 0x20, 0x05, 0x6b, 0x33, 0x33, 0x33, 0xa4, 0xdb,
    0x20, 0x01, 0xa4, 0xe2, 0x20, 0x01, 0x3f, 0xe4, 0x20, 0x09, 0xfc, 0x6b, 0xfc, 0x6b, 0xcf, 0xfc,
    0x0c, 0x3f, 0x9b, 0x17, 0x21, 0x0b, 0x05, 0x9b, 0x5d, 0x6c, 0x83, 0x09, 0xad, 0x6b, 0x6d, 0x01,
    0x01, 0x26, 0x21, 0x06, 0x1e, 0xfd, 0xce, 0xce, 0xce, 0x33, 0x2f, 0x21, 0x02, 0x33, 0x33, 0x37,
    0x21, 0x09, 0xcf, 0x01, 0x01, 0x01, 0x01, 0x01, 0x01, 0xfc, 0x33, 0x42, 0x21, 0x01, 0xa4, 0x44,
    0x21, 0x02, 0xa4, 0xa4, 0x47, 0x21, 0x02, 0xa4, 0x33, 0x4d, 0x21, 0x07, 0x33, 0xcf, 0xcf, 0xcf,
    0xfc, 0xfc, 0xf0, 0x58, 0x21, 0x02, 0xa4, 0xa4, 0x5b, 0x21, 0x01, 0x97, 0x65, 0x21, 0x01, 0x33,
    0x67, 0x21, 0x06, 0xd1, 0xcf, 0x60, 0x9a, 0x5d, 0x5d, 0x99, 0x21, 0x11, 0x5d, 0x9b, 0x5d, 0x9b,
    0x9a, 0xad, 0xad, 0xfc, 0x01, 0x1f, 0x1f, 0xfd, 0xfd, 0x6b, 0xfc, 0xcf, 0x33, 0xab, 0x21, 0x02,
    0xa4, 0x33, 0xb1, 0x21, 0x01, 0x33, 0xb8, 0x21, 0x03, 0x33, 0xe2, 0x1e, 0xbc, 0x21, 0x02, 0xfc,
    0x6b, 0xbf, 0x21, 0x01, 0x33, 0xc2, 0x21, 0x05, 0xa4, 0x97, 0x33, 0x33, 0xa4, 0xc9, 0x21, 0x01,
    0xa4, 0xcf, 0x21, 0x04, 0x33, 0x97, 0xcf, 0xcf, 0xd4, 0x21, 0x02, 0x33, 0x33, 0xd8, 0x21, 0x04,
    0xa4, 0x33, 0xa4, 0xa4, 0xde, 0x21, 0x01, 0x33, 0xe4, 0x21, 0x01, 0xa4, 0xe9, 0x21, 0x03, 0x9a,
    0x5d, 0x5d, 0x1a, 0x22, 0x0e, 0x05, 0x5d, 0x5d, 0x6c, 0x83, 0x51, 0xcf, 0xfc, 0xfc, 0xcf, 0xcf,
    0xcf, 0xcf, 0x33, 0x29, 0x22, 0x01, 0x33, 0x2b, 0x22, 0x03, 0xa4, 0x33, 0xa4, 0x31, 0x22, 0x01,
    0x33, 0x35, 0x22, 0x03, 0xa4, 0xa4, 0xa4, 0x3a, 0x22, 0x03, 0x33, 0x33, 0x33, 0x40, 0x22, 0x02,
    0xa4, 0x97, 0x48, 0x22, 0x01, 0xa4, 0x4a, 0x22, 0x01, 0x33, 0x4c, 0x22, 0x03, 0xa4, 0xa4, 0x97,
    0x51, 0x22, 0x01, 0x33, 0x53, 0x22, 0x06, 0xcf, 0xcf, 0xcf, 0xcf, 0x33, 0x0c, 0x5d, 0x22, 0x03,
    0xa4, 0xa4, 0x97, 0x61, 0x22, 0x01, 0x33, 0x64, 0x22, 0x02, 0xa4, 0xa4, 0x67, 0x22, 0x04, 0xfc,
    0x62, 0x6c, 0x9b, 0x9b, 0x22, 0x0b, 0x05, 0x5d, 0x3f, 0x5d, 0x9b, 0xc7, 0x51, 0xe2, 0x75, 0xcf,
    0x33, 0xa8, 0x22, 0x03, 0x33, 0x33, 0x33, 0xac, 0x22, 0x02, 0xa4, 0xa4, 0xb1, 0x22, 0x01, 0xa4,
    0xb5, 0x22, 0x02, 0xa4, 0xa4, 0xb8, 0x22, 0x06, 0x97, 0x6b, 0xcf, 0xfc, 0xcf, 0x33, 0xc1, 0x22,
    0x03, 0xa4, 0x33, 0xa4, 0xca, 0x22, 0x02, 0xa4, 0xa4, 0xcf, 0x22, 0x01, 0xcf, 0xd1, 0x22, 0x01,
    0xfc, 0xd3, 0x22, 0x07, 0x1e, 0xfc, 0xcf, 0xcf, 0xcf, 0xcf, 0xcf, 0xe0, 0x22, 0x01, 0xa4, 0xe2,
    0x22, 0x02, 0x97, 0x33, 0xe5, 0x22, 0x02, 0xa4, 0x33, 0xe8, 0x22, 0x02, 0x6c, 0x5d, 0x1d, 0x23,
    0x08, 0x5d, 0x5d, 0x5d, 0x6c, 0x31, 0x33, 0x60, 0xa5, 0x2a, 0x23, 0x01, 0x97, 0x33, 0x23, 0x02,
    0xa4, 0x97, 0x37, 0x23, 0x09, 0xce, 0x6a, 0xfc, 0x1e, 0x01, 0x1e, 0xfc, 0xcf, 0x33, 0x42, 0x23,
    0x03, 0xa4, 0x33, 0xa4, 0x46, 0x23, 0x01, 0x33, 0x4c, 0x23, 0x05, 0xa4, 0x33, 0xcf, 0xcf, 0xfc,
    0x52, 0x23, 0x01, 0x1e, 0x56, 0x23, 0x08, 0xfc, 0xcf, 0xcf, 0xcf, 0x6b, 0xfc, 0xcf, 0x33, 0x63,
    0x23, 0x06, 0xa4, 0x97, 0x33, 0x33, 0x3f, 0x5d, 0x9e, 0x23, 0x04, 0x05, 0x5d, 0x9b, 0x5d, 0xa3,
    0x23, 0x03, 0xc7, 0x60, 0xa4, 0xaa, 0x23, 0x02, 0xa4, 0x33, 0xb4, 0x23, 0x04, 0x33, 0xcf, 0x6b,
    0xfc, 0xc0, 0x23, 0x03, 0xcf, 0x33, 0x33, 0xc4, 0x23, 0x03, 0xa4, 0x97, 0xa4, 0xc8, 0x23, 0x01,
    0x33, 0xcc, 0x23, 0x04, 0xcf, 0x33, 0xcf, 0xfc, 0xd5, 0x23, 0x01, 0x01, 0xd8, 0x23, 0x09, 0xfc,
    0xfc, 0xcf, 0xce, 0x6a, 0xce, 0xce, 0x3f, 0x33, 0xe4, 0x23, 0x02, 0x97, 0xcf, 0xe7, 0x23, 0x01,
    0x5d, 0x20, 0x24, 0x07, 0x5d, 0x5d, 0x5d, 0x31, 0xf7, 0x33, 0xa5, 0x2c, 0x24, 0x01, 0x33, 0x32,
    0x24, 0x05, 0x33, 0xcf, 0xcf, 0xcf, 0xfc, 0x3f, 0x24, 0x08, 0x01, 0xfc, 0xcf, 0xcf, 0xcf, 0x33,
    0xa4, 0xa4, 0x48, 0x24, 0x01, 0xa4, 0x4a, 0x24, 0x05, 0x33, 0xcf, 0xcf, 0xcf, 0xfc, 0x52, 0x24,
    0x01, 0x01, 0x57, 0x24, 0x0d, 0x01, 0x01, 0x01, 0x01, 0xfd, 0xce, 0xce, 0x6b, 0xcf, 0xfc, 0xcf,
    0x33, 0x33, 0x65, 0x24, 0x02, 0x33, 0x5d, 0xa1, 0x24, 0x03, 0x05, 0x3f, 0x9b, 0xa6, 0x24, 0x01,
    0xf7, 0xb0, 0x24, 0x05, 0x33, 0xcf, 0xcf, 0xcf, 0xfc, 0xc0, 0x24, 0x01, 0x01, 0xc2, 0x24, 0x05,
    0xfd, 0xce, 0xce, 0xce, 0x33, 0xc8, 0x24, 0x05, 0x33, 0xcf, 0x97, 0xcf, 0xcf, 0xd4, 0x24, 0x01,
    0x01, 0xd6, 0x24, 0x02, 0x01, 0x01, 0xd9, 0x24, 0x0c, 0x01, 0x01, 0x1f, 0x1f, 0xfc, 0xcf, 0xcf,
    0xcf, 0x75, 0xe2, 0xcf, 0x96, 0x23, 0x25, 0x06, 0x5d, 0x5d, 0x58, 0xa4, 0x62, 0x96, 0x2d, 0x25,
    0x07, 0xa4, 0x33, 0x6b, 0xfc, 0xcf, 0xcf, 0xfc, 0x39, 0x25, 0x04, 0x01, 0x01, 0x01, 0x01, 0x43,
    0x25, 0x0e, 0x01, 0xfc, 0xcf, 0xcf, 0xcf, 0xfc, 0xd1, 0xd1, 0x75, 0x1e, 0x1e, 0x1e, 0x1f, 0x01,
    0x54, 0x25, 0x02, 0x01, 0x01, 0x58, 0x25, 0x03, 0x01, 0x01, 0x1f, 0x5f, 0x25, 0x06, 0xfc, 0xd1,
    0xd1, 0x75, 0x74, 0xf7, 0xa4, 0x25, 0x03, 0x5d, 0x5d, 0x9e, 0xa8, 0x25, 0x03, 0xf7, 0x33, 0x97,
    0xac, 0x25, 0x0a, 0x33, 0xd1, 0xd1, 0xd1, 0xcf, 0xfd, 0x01, 0x01, 0x01, 0x1e, 0xb8, 0x25, 0x01,
    0x01, 0xbd, 0x25, 0x03, 0x01, 0x01, 0x01, 0xc1, 0x25, 0x02, 0x1e, 0x1e, 0xc5, 0x25, 0x03, 0xfc,
    0xcf, 0xfc, 0xc9, 0x25, 0x06, 0x01, 0xfc, 0xfc, 0x1e, 0x1e, 0x01, 0xd2, 0x25, 0x01, 0x01, 0xd6,
    0x25, 0x01, 0x1e, 0xdb, 0x25, 0x09, 0x1e, 0x1e, 0x1e, 0x1e, 0x1e, 0x1e, 0xfc, 0x6a, 0x51, 0x26,
    0x26, 0x02, 0x5d, 0x58, 0x2c, 0x26, 0x10, 0xfc, 0xcf, 0xcf, 0xcf, 0x1e, 0x1e, 0x1e, 0x1e, 0x01,
    0x01, 0x1f, 0x1e, 0x1e, 0x1f, 0x1f, 0x1f, 0x3e, 0x26, 0x02, 0x1e, 0x1e, 0x43, 0x26, 0x01, 0x1e,
    0x45, 0x26, 0x0c, 0xd1, 0xe2, 0xfc, 0x1e, 0xce, 0xcf, 0xcf, 0xcf, 0xe2, 0x1e, 0x1e, 0x1e, 0x60,
    0x26, 0x03, 0x1e, 0x1e, 0x82, 0xa7, 0x26, 0x02, 0x05, 0x58, 0xaa, 0x26, 0x01, 0xa4, 0xac, 0x26,
    0x03, 0xa5, 0xfc, 0xfc, 0xb1, 0x26, 0x0e, 0x1f, 0x1e, 0x1e, 0x1e, 0x1e, 0x1e, 0x1e, 0x1e, 0x1e,
    0x1f, 0x1f, 0x1f, 0x1e, 0x1e, 0xc4, 0x26, 0x04, 0xfc, 0xcf, 0xcf, 0xcf, 0xc9, 0x26, 0x08, 0x33,
    0xcf, 0xcf, 0xcf, 0xcf, 0xd1, 0xe2, 0x1e, 0xd2, 0x26, 0x11, 0x1e, 0x1e, 0x1e, 0x1e, 0x1e, 0x1e,
    0x1e, 0x1e, 0x1e, 0x1e, 0x1e, 0x1f, 0x1f, 0x1f, 0x01, 0x9d, 0xa4, 0x29, 0x27, 0x0b, 0x58, 0xa4,
    0x62, 0x31, 0x01, 0x6d, 0xe2, 0x1e, 0x01, 0x1e, 0x1e, 0x35, 0x27, 0x04, 0x1e, 0x1e, 0x1e, 0x1e,
    0x3a, 0x27, 0x01, 0x1e, 0x42, 0x27, 0x06, 0xe2, 0xe2, 0xd1, 0xd1, 0xd1, 0x33, 0x4a, 0x27, 0x08,
    0x33, 0xcf, 0xcf, 0xcf, 0xd1, 0xcf, 0xd1, 0xe2, 0x53, 0x27, 0x01, 0x1e, 0x5b, 0x27, 0x08, 0x01,
    0x1f, 0x1f, 0xfd, 0x01, 0xcf, 0x51, 0x9b, 0xad, 0x27, 0x05, 0xf7, 0x60, 0x9c, 0xfc, 0x23, 0xb6,
    0x27, 0x06, 0x1e, 0x1e, 0x1e, 0x1e, 0x1e, 0x1e, 0xc0, 0x27, 0x07, 0x1e, 0xe2, 0x75, 0xd1, 0xd1,
    0xd1, 0x33, 0xc8, 0x27, 0x01, 0x33, 0xcc, 0x27, 0x08, 0x33, 0xcf, 0xcf, 0xcf, 0xcf, 0xcf, 0xcf,
    0xfc, 0xdd, 0x27, 0x05, 0xfd, 0x01, 0x6a, 0xad, 0x3f, 0x2b, 0x28, 0x01, 0x05, 0x2e, 0x28, 0x05,
    0xf7, 0x51, 0xf7, 0x9c, 0xfc, 0x36, 0x28, 0x01, 0x1e, 0x38, 0x28, 0x0d, 0x1f, 0x1f, 0x01, 0x1f,
    0x01, 0x01, 0x01, 0x01, 0xfc, 0xcf, 0xcf, 0x6b, 0xd1, 0x48, 0x28, 0x01, 0xa4, 0x4a, 0x28, 0x01,
    0x33, 0x4e, 0x28, 0x09, 0x33, 0xcf, 0xcf, 0xcf, 0xcf, 0xce, 0xce, 0xce, 0xfd, 0x5c, 0x28, 0x01,
    0xfc, 0x5e, 0x28, 0x04, 0xcf, 0x6b, 0x0c, 0x9b, 0xad, 0x28, 0x01, 0x58, 0xaf, 0x28, 0x0e, 0xc6,
    0x51, 0xf7, 0xce, 0x6b, 0x22, 0x01, 0x01, 0x01, 0x01, 0x01, 0x01, 0x01, 0x01, 0xbe, 0x28, 0x08,
    0xfd, 0xce, 0xce, 0xce, 0xce, 0xce, 0x33, 0xa4, 0xc7, 0x28, 0x01, 0x33, 0xc9, 0x28, 0x01, 0xa4,
    0xcb, 0x28, 0x01, 0x33, 0xcf, 0x28, 0x0a, 0x33, 0xce, 0xce, 0xce, 0xce, 0xce, 0xce, 0xce, 0xcf,
    0xfc, 0xdb, 0x28, 0x01, 0xfc, 0xdd, 0x28, 0x04, 0xcf, 0x6b, 0xf0, 0x9b, 0x2e, 0x29, 0x02, 0x5d,
    0xc6, 0x31, 0x29, 0x05, 0x33, 0xc6, 0x6a, 0x72, 0xfd, 0x39, 0x29, 0x0b, 0x01, 0x01, 0x01, 0x01,
    0xfd, 0xce, 0xce, 0xce, 0xce, 0xce, 0x33, 0x46, 0x29, 0x01, 0xa4, 0x48, 0x29, 0x01, 0x33, 0x4b,
    0x29, 0x01, 0xa4, 0x4d, 0x29, 0x01, 0x33, 0x51, 0x29, 0x09, 0x33, 0xcf, 0xcf, 0xcf, 0xcf, 0xcf,
    0xcf, 0xcf, 0xcf, 0x5c, 0x29, 0x04, 0xd1, 0x6b, 0xf0, 0x3f, 0xaf, 0x29, 0x02, 0x9b, 0x58, 0xb2,
    0x29, 0x13, 0x62, 0x01, 0x9c, 0xcf, 0x6a, 0xfc, 0x01, 0x01, 0x01, 0x01, 0xce, 0xcf, 0xcf, 0xcf,
    0xcf, 0x6b, 0x97, 0xa4, 0xa4, 0xc8, 0x29, 0x02, 0xa4, 0x97, 0xcd, 0x29, 0x02, 0xa4, 0x33, 0xd3,
    0x29, 0x08, 0x33, 0xcf, 0xcf, 0xcf, 0xcf, 0xcf, 0x33, 0xcf, 0xdc, 0x29, 0x04, 0x97, 0xf0, 0x0c,
    0x9b, 0x30, 0x2a, 0x09, 0x5d, 0x5d, 0xc6, 0xa4, 0x01, 0xad, 0x9c, 0x6b, 0xe2, 0x3a, 0x2a, 0x0b,
    0xfc, 0x6b, 0xcf, 0xfc, 0xfc, 0xcf, 0xcf, 0x33, 0xa4, 0xa4, 0xa4, 0x47, 0x2a, 0x05, 0xa4, 0x33,
    0x97, 0xa4, 0x33, 0x4d, 0x2a, 0x01, 0xa4, 0x4f, 0x2a, 0x01, 0x33, 0x51, 0x2a, 0x02, 0xa4, 0xa4,
    0x55, 0x2a, 0x0a, 0xd1, 0xcf, 0xcf, 0x33, 0xcf, 0x53, 0x62, 0x62, 0x3f, 0x6c, 0xb1, 0x2a, 0x11,
    0x5d, 0x9b, 0x58, 0x62, 0x51, 0xad, 0xcf, 0xcf, 0xa5, 0x33, 0xcf, 0x6b, 0x6b, 0xd1, 0xfc, 0xa4,
    0xa4, 0xc3, 0x2a, 0x02, 0x33, 0x33, 0xc8, 0x2a, 0x02, 0xa4, 0xa4, 0xcc, 0x2a, 0x02, 0x33, 0x33,
    0xcf, 0x2a, 0x01, 0xa4, 0xd2, 0x2a, 0x02, 0x33, 0xa4, 0xd6, 0x2a, 0x03, 0x33, 0x75, 0x6b, 0xda,
    0x2a, 0x01, 0x62, 0xdc, 0x2a, 0x03, 0x3f, 0x0c, 0x3f, 0x32, 0x2b, 0x09, 0x5d, 0x5d, 0x5d, 0x31,
    0x51, 0x97, 0x62, 0x53, 0x53, 0x3c, 0x2b, 0x06, 0xcf, 0xcf, 0xcf, 0xa4, 0xa4, 0x33, 0x43, 0x2b,
    0x02, 0xa4, 0xa4, 0x46, 0x2b, 0x02, 0x33, 0x33, 0x4d, 0x2b, 0x01, 0xa4, 0x4f, 0x2b, 0x01, 0x33,
    0x51, 0x2b, 0x01, 0xa4, 0x53, 0x2b, 0x02, 0xa4, 0x33, 0x58, 0x2b, 0x06, 0x97, 0x51, 0x62, 0x3f,
    0x0c, 0x6c, 0xb3, 0x2b, 0x0b, 0x05, 0x5d, 0x5d, 0x69, 0x33, 0xc6, 0x62, 0x62, 0xa4, 0xa4, 0x33,
    0xc0, 0x2b, 0x01, 0xa4, 0xc2, 0x2b, 0x01, 0x33, 0xc5, 0x2b, 0x03, 0xa4, 0xa4, 0x33, 0xce, 0x2b,
    0x01, 0xa4, 0xd0, 0x2b, 0x01, 0x33, 0xd3, 0x2b, 0x01, 0xa4, 0xd5, 0x2b, 0x09, 0x33, 0xcf, 0x53,
    0xc6, 0xc6, 0x3f, 0x3f, 0x9a, 0x5d, 0x34, 0x2c, 0x06, 0x05, 0x5d, 0x5d, 0x69, 0x51, 0xc6, 0x3c,
    0x2c, 0x04, 0x53, 0x53, 0xa5, 0xec, 0x41, 0x2c, 0x02, 0xa4, 0x33, 0x47, 0x2c, 0x01, 0xa4, 0x49,
    0x2c, 0x01, 0x33, 0x4f, 0x2c, 0x01, 0xa4, 0x51, 0x2c, 0x01, 0x33, 0x55, 0x2c, 0x08, 0x6b, 0xbc,
    0x60, 0x62, 0x3f, 0x3f, 0x0c, 0x5d, 0xb5, 0x2c, 0x06, 0x05, 0x5d, 0x5d, 0x6c, 0x60, 0xc6, 0xbc,
    0x2c, 0x06, 0x62, 0x62, 0x53, 0xa5, 0x33, 0xa4, 0xc3, 0x2c, 0x01, 0x33, 0xc8, 0x2c, 0x02, 0xa4,
    0x33, 0xd0, 0x2c, 0x01, 0xa4, 0xd2, 0x2c, 0x01, 0x33, 0xd4, 0x2c, 0x09, 0xcf, 0x53, 0xc6, 0x62,
    0x0c, 0x3f, 0x3f, 0x3f, 0x5d, 0x36, 0x2d, 0x07, 0x05, 0x5d, 0x3f, 0x6c, 0x69, 0xa4, 0x62, 0x3e,
    0x2d, 0x05, 0x62, 0x53, 0x53, 0xa5, 0x97, 0x44, 0x2d, 0x01, 0x33, 0x49, 0x2d, 0x01, 0xa4, 0x4b,
    0x2d, 0x01, 0x33, 0x51, 0x2d, 0x01, 0xa4, 0x53, 0x2d, 0x09, 0xcf, 0xbc, 0x53, 0x62, 0x3f, 0x9b,
    0x3f, 0x0c, 0x9b, 0xb7, 0x2d, 0x05, 0x05, 0x5d, 0x5d, 0x6c, 0x3f, 0xbd, 0x2d, 0x04, 0x62, 0x62,
    0x62, 0x53, 0xc2, 0x2d, 0x02, 0xa5, 0x97, 0xc5, 0x2d, 0x01, 0x33, 0xca, 0x2d, 0x03, 0xa4, 0x33,
    0x33, 0xd2, 0x2d, 0x09, 0xcf, 0xa4, 0x53, 0xa4, 0x62, 0x3f, 0x3f, 0x0c, 0x3f, 0x38, 0x2e, 0x0c,
    0x05, 0x5d, 0x3f, 0x5d, 0x3f, 0x09, 0x62, 0x62, 0x62, 0x62, 0x53, 0x53, 0x45, 0x2e, 0x02, 0x33,
    0x33, 0x4b, 0x2e, 0x02, 0xa4, 0xa4, 0x4e, 0x2e, 0x01, 0x33, 0x51, 0x2e, 0x02, 0x33, 0xbc, 0x54,
    0x2e, 0x07, 0xa4, 0x62, 0x3f, 0x3f, 0x3f, 0x83, 0x3f, 0xb9, 0x2e, 0x0f, 0x05, 0x5d, 0x3f, 0x9b,
    0x6c, 0x0c, 0x33, 0x62, 0x62, 0x62, 0x62, 0xa4, 0x18, 0xa4, 0x33, 0xcd, 0x2e, 0x01, 0xa4, 0xcf,
    0x2e, 0x0b, 0x33, 0x33, 0xbc, 0x53, 0xa4, 0x62, 0x3f, 0x3f, 0x3f, 0x0c, 0x5d, 0x3a, 0x2f, 0x09,
    0x05, 0x5d, 0x3f, 0x5d, 0x6c, 0x0c, 0x3a, 0x62, 0x62, 0x44, 0x2f, 0x04, 0xa4, 0x53, 0xf7, 0xa5,
    0x4f, 0x2f, 0x0b, 0x97, 0xa4, 0x97, 0x62, 0x62, 0x3f, 0x3f, 0x3f, 0x3f, 0x3f, 0x5d, 0xbb, 0x2f,
    0x08, 0x05, 0x9b, 0x3f, 0x5d, 0x6c, 0x9a, 0x3f, 0x33, 0xc4, 0x2f, 0x03, 0xa4, 0x62, 0x62, 0xc8,
    0x2f, 0x02, 0xbc, 0x97, 0xce, 0x2f, 0x0b, 0x33, 0xa4, 0xa4, 0x62, 0x51, 0x3f, 0x3f, 0x3f, 0x3f,
    0xf0, 0x5d, 0x3c, 0x30, 0x0c, 0x05, 0x5d, 0x3f, 0x5d, 0x6c, 0x9b, 0x3f, 0x33, 0x62, 0x62, 0x62,
    0x62, 0x49, 0x30, 0x03, 0xbc, 0x97, 0x33, 0x4d, 0x30, 0x02, 0x33, 0xa4, 0x50, 0x30, 0x09, 0x62,
    0x62, 0x9b, 0x3f, 0x3f, 0x3f, 0x0c, 0x83, 0x5d, 0xbd, 0x30, 0x0a, 0x05, 0x5d, 0x9b, 0x3f, 0x9b,
    0x9a, 0x0c, 0x3a, 0x62, 0x62, 0xc8, 0x30, 0x06, 0x62, 0xa4, 0xa4, 0x96, 0xdf, 0x97, 0xd0, 0x30,
    0x08, 0x62, 0x3f, 0x3f, 0x3f, 0x0c, 0x3f, 0x9a, 0x5d, 0x3e, 0x31, 0x0b, 0x05, 0x5d, 0x9b, 0x5d,
    0x9b, 0x9a, 0x0c, 0x3f, 0x33, 0x62, 0x62, 0x4b, 0x31, 0x0d, 0x97, 0x18, 0xa4, 0x51, 0x62, 0x3f,
    0x3f, 0x3f, 0x3f, 0x9b, 0x0c, 0x6c, 0x9b, 0xbf, 0x31, 0x0a, 0x05, 0x3f, 0x9b, 0x5d, 0x9b, 0x9a,
    0x0c, 0x3f, 0x3a, 0x62, 0xca, 0x31, 0x02, 0xa4, 0x62, 0xcd, 0x31, 0x0a, 0x31, 0x01, 0x8e, 0x0c,
    0x3f, 0x3f, 0x3f, 0x0c, 0x3f, 0x5d, 0x40, 0x32, 0x0c, 0x05, 0x5d, 0x9b, 0x5d, 0x9b, 0x3f, 0x0c,
    0x3f, 0x3f, 0x33, 0xc6, 0x62, 0x4d, 0x32, 0x01, 0xc6, 0x4f, 0x32, 0x07, 0x83, 0x3f, 0xf0, 0x3f,
    0x3f, 0xf0, 0x5d, 0xc1, 0x32, 0x0a, 0x05, 0x5d, 0x9b, 0x5d, 0x9b, 0x9a, 0xd3, 0x3f, 0x9b, 0x60,
    0xcc, 0x32, 0x0a, 0xc6, 0x62, 0x5d, 0x3f, 0x3f, 0x83, 0x9a, 0x0c, 0x6c, 0x5d, 0x42, 0x33, 0x0a,
    0x05, 0x5d, 0x9b, 0x9b, 0x9b, 0x9a, 0x9b, 0x6c, 0x9b, 0x9e, 0x4d, 0x33, 0x08, 0x5d, 0x9b, 0x3f,
    0x6c, 0x3f, 0x83, 0x9a, 0x5d, 0xc3, 0x33, 0x09, 0x05, 0x5d, 0x9b, 0x5d, 0x9b, 0x83, 0x6c, 0x5d,
    0x3f, 0xcd, 0x33, 0x08, 0x0c, 0x5d, 0x9b, 0x5d, 0x5d, 0x6c, 0x6c, 0x5d, 0x44, 0x34, 0x07, 0x05,
    0x9b, 0x5d, 0x5d, 0x6c, 0x5d, 0x9b, 0x4e, 0x34, 0x06, 0x05, 0x9b, 0x5d, 0x5d, 0x5d, 0x5d, 0xc5,
    0x34, 0x05, 0x05, 0x5d, 0x5d, 0x5d, 0x5d, 0xd0, 0x34, 0x04, 0x0c, 0x5d, 0x5d, 0x5d, 0x46, 0x35,
    0x03, 0x05, 0x5d, 0x5d, 0x51, 0x35, 0x02, 0x05, 0x5d, 0xc7, 0x35, 0x02, 0x05, 0x5d, 0xbe, 0x17,
    0x01, 0x0c, 0x3a, 0x18, 0x07, 0x0c, 0x0c, 0xf0, 0xfc, 0xfc, 0xf0, 0xf0, 0x42, 0x18, 0x01, 0x0c,
    0xb7, 0x18, 0x05, 0x0c, 0x0c, 0xfc, 0xfc, 0xf0, 0xbd, 0x18, 0x04, 0x01, 0x01, 0x01, 0x01, 0xc2,
    0x18, 0x01, 0xf0, 0x34, 0x19, 0x01, 0x0c, 0x36, 0x19, 0x01, 0x0c, 0x38, 0x19, 0x03, 0x33, 0xfc,
    0x1e, 0x3e, 0x19, 0x03, 0x01, 0x1f, 0x1e, 0x42, 0x19, 0x04, 0xe2, 0xfc, 0x3f, 0x33, 0x47, 0x19,
    0x01, 0x0c, 0x49, 0x19, 0x01, 0x0c, 0xb1, 0x19, 0x04, 0x0c, 0x0c, 0x0c, 0x3f, 0xba, 0x19, 0x03,
    0x3f, 0xfc, 0xfd, 0xbf, 0x19, 0x05, 0xfc, 0xe2, 0x33, 0x33, 0xce, 0xc5, 0x19, 0x01, 0x33, 0xc7,
    0x19, 0x04, 0x3f, 0x3f, 0x3f, 0x0c, 0xcc, 0x19, 0x01, 0x0c, 0x2d, 0x1a, 0x01, 0x0c, 0x2f, 0x1a,
    0x0a, 0x0c, 0x9b, 0x97, 0x33, 0xa4, 0x97, 0x33, 0xa4, 0x97, 0x33, 0x3c, 0x1a, 0x02, 0x33, 0xfc,
    0x3f, 0x1a, 0x02, 0x33, 0x33, 0x43, 0x1a, 0x02, 0xa4, 0xa4, 0x47, 0x1a, 0x09, 0xa4, 0x33, 0xa4,
    0x33, 0xf1, 0xfc, 0xfc, 0x0c, 0x0c, 0xb0, 0x1a, 0x02, 0xfc, 0x33, 0xb3, 0x1a, 0x01, 0xa4, 0xb9,
    0x1a, 0x01, 0x33, 0xbb, 0x1a, 0x03, 0x33, 0xce, 0x01, 0xbf, 0x1a, 0x02, 0xf0, 0x33, 0xc4, 0x1a,
    0x01, 0x33, 0xc8, 0x1a, 0x0c, 0x33, 0x6b, 0xfc, 0xcf, 0x01, 0x01, 0xf0, 0xf0, 0xf0, 0x0c, 0x0c,
    0x0c, 0x26, 0x1b, 0x01, 0x0c, 0x28, 0x1b, 0x01, 0xf0, 0x32, 0x1b, 0x01, 0xfd, 0x35, 0x1b, 0x01,
    0xa4, 0x37, 0x1b, 0x03, 0x33, 0x33, 0xcf, 0x42, 0x1b, 0x01, 0x3f, 0x45, 0x1b, 0x04, 0x33, 0xcf,
    0xfc, 0xd1, 0x4b, 0x1b, 0x05, 0x01, 0x01, 0x01, 0x01, 0x01, 0x51, 0x1b, 0x06, 0xf0, 0xf0, 0xf0,
    0x0c, 0x0c, 0x0c, 0xa2, 0x1b, 0x01, 0x0c, 0xa4, 0x1b, 0x01, 0x0c, 0xa6, 0x1b, 0x01, 0x1e, 0xac,
    0x1b, 0x01, 0x1e, 0xaf, 0x1b, 0x01, 0x1e, 0xb2, 0x1b, 0x03, 0x1e, 0xe2, 0xfc, 0xb6, 0x1b, 0x04,
    0xcf, 0x1e, 0x1e, 0x01, 0xbb, 0x1b, 0x01, 0x01, 0xbe, 0x1b, 0x03, 0x1f, 0x01, 0x1e, 0xc3, 0x1b,
    0x03, 0xfc, 0x33, 0x3f, 0xc7, 0x1b, 0x02, 0x1e, 0x1e, 0xcb, 0x1b, 0x0f, 0x1e, 0x1f, 0x1f, 0x1f,
    0x1f, 0x1f, 0x1f, 0x1f, 0xee, 0x0c, 0x3f, 0x3f, 0x0c, 0x0c, 0x0c, 0x1f, 0x1c, 0x01, 0x0c, 0x25,
    0x1c, 0x02, 0x33, 0xfc, 0x2a, 0x1c, 0x02, 0x1e, 0x1e, 0x2e, 0x1c, 0x02, 0x1e, 0x1e, 0x31, 0x1c,
    0x01, 0xfd, 0x38, 0x1c, 0x01, 0x1e, 0x3b, 0x1c, 0x02, 0x1e, 0x1e, 0x3f, 0x1c, 0x03, 0x1e, 0xe2,
    0xe2, 0x43, 0x1c, 0x01, 0xd1, 0x47, 0x1c, 0x02, 0xf1, 0x0c, 0x4a, 0x1c, 0x14, 0x1e, 0x1e, 0x1e,
    0x1f, 0x1f, 0x01, 0x1f, 0x1f, 0xe2, 0xd1, 0x97, 0xfc, 0x3f, 0x3f, 0x3f, 0x3f, 0x0c, 0x0c, 0x0c,
    0x0c, 0x9b, 0x1c, 0x03, 0x0c, 0x0c, 0x33, 0xa0, 0x1c, 0x02, 0xa4, 0x33, 0xa7, 0x1c, 0x01, 0x33,
    0xab, 0x1c, 0x01, 0x01, 0xba, 0x1c, 0x08, 0x01, 0x01, 0x01, 0x01, 0xfd, 0xfc, 0xce, 0xce, 0xc3,
    0x1c, 0x02, 0xa4, 0x97, 0xc9, 0x1c, 0x04, 0xcf, 0xf0, 0xfc, 0xfc, 0xd0, 0x1c, 0x06, 0xfd, 0xce,
    0x33, 0x6a, 0x97, 0xa4, 0xd9, 0x1c, 0x06, 0x3f, 0x3f, 0x3f, 0x3f, 0x0c, 0x0c, 0xe0, 0x1c, 0x01,
    0x0c, 0x18, 0x1d, 0x04, 0x0c, 0x33, 0x33, 0xa4, 0x1e, 0x1d, 0x02, 0x33, 0x97, 0x21, 0x1d, 0x03,
    0xa4, 0x97, 0x33, 0x29, 0x1d, 0x01, 0xe2, 0x30, 0x1d, 0x02, 0xa4, 0x97, 0x39, 0x1d, 0x01, 0xa4,
    0x3c, 0x1d, 0x01, 0xfc, 0x3e, 0x1d, 0x01, 0x6b, 0x40, 0x1d, 0x01, 0x33, 0x42, 0x1d, 0x02, 0xa4,
    0x97, 0x45, 0x1d, 0x02, 0xa4, 0x33, 0x4b, 0x1d, 0x03, 0xce, 0xce, 0xf0, 0x4f, 0x1d, 0x03, 0xfc,
    0x33, 0xcf, 0x53, 0x1d, 0x01, 0x33, 0x56, 0x1d, 0x04, 0xa4, 0x33, 0xa4, 0x33, 0x5c, 0x1d, 0x04,
    0x33, 0x3f, 0x3f, 0x3f, 0x61, 0x1d, 0x01, 0x0c, 0x63, 0x1d, 0x02, 0x0c, 0x0c, 0x97, 0x1d, 0x02,
    0x0c, 0x53, 0x9b, 0x1d, 0x03, 0xa4, 0x97, 0x33, 0xa3, 0x1d, 0x02, 0xa4, 0x33, 0xa6, 0x1d, 0x01,
    0x97, 0xa8, 0x1d, 0x01, 0x01, 0xaa, 0x1d, 0x02, 0xfd, 0x33, 0xb8, 0x1d, 0x01, 0x33, 0xba, 0x1d,
    0x01, 0x6a, 0xbd, 0x1d, 0x02, 0xfc, 0x33, 0xc0, 0x1d, 0x04, 0xa4, 0x97, 0x33, 0xa4, 0xc7, 0x1d,
    0x03, 0x33, 0xa4, 0x33, 0xcb, 0x1d, 0x08, 0xa4, 0x33, 0x1e, 0xfd, 0x01, 0x0c, 0x33, 0x33, 0xd5,
    0x1d, 0x02, 0x33, 0x97, 0xdd, 0x1d, 0x01, 0xa4, 0xdf, 0x1d, 0x06, 0xce, 0xf0, 0xe2, 0xf0, 0xf0,
    0xfc, 0xe6, 0x1d, 0x02, 0x0c, 0x0c, 0x17, 0x1e, 0x03, 0x6c, 0x9b, 0x53, 0x1c, 0x1e, 0x03, 0xa4,
    0x97, 0x33, 0x22, 0x1e, 0x01, 0x33, 0x24, 0x1e, 0x01, 0xfc, 0x30, 0x1e, 0x01, 0xa4, 0x32, 0x1e,
    0x01, 0x33, 0x37, 0x1e, 0x01, 0xfc, 0x3f, 0x1e, 0x02, 0xfc, 0x33, 0x42, 0x1e, 0x01, 0xa4, 0x49,
    0x1e, 0x01, 0xa4, 0x4b, 0x1e, 0x03, 0xfc, 0xcf, 0x01, 0x50, 0x1e, 0x05, 0xcf, 0xcf, 0xcf, 0x0c,
    0x97, 0x58, 0x1e, 0x02, 0xa4, 0xa4, 0x5c, 0x1e, 0x05, 0xa4, 0x33, 0xcf, 0xfc, 0xcf, 0x62, 0x1e,
    0x07, 0x01, 0xf0, 0xf0, 0xf0, 0xf0, 0xfd, 0xf1, 0x6a, 0x1e, 0x01, 0x0c, 0x98, 0x1e, 0x03, 0x5d,
    0x51, 0x53, 0xa1, 0x1e, 0x01, 0xfc, 0xa8, 0x1e, 0x03, 0x01, 0x01, 0x01, 0xb2, 0x1e, 0x01, 0xa4,
    0xbc, 0x1e, 0x04, 0x01, 0x01, 0x01, 0x01, 0xc1, 0x1e, 0x02, 0xfd, 0x33, 0xc8, 0x1e, 0x02, 0x33,
    0xfc, 0xd1, 0x1e, 0x08, 0x01, 0x01, 0x01, 0xce, 0xfd, 0xce, 0x97, 0x33, 0xdb, 0x1e, 0x05, 0xcf,
    0xd1, 0xd1, 0xfd, 0x01, 0xe3, 0x1e, 0x01, 0x01, 0xe6, 0x1e, 0x08, 0x1e, 0xee, 0xf0, 0xf0, 0xfc,
    0xfc, 0xee, 0x0c, 0x18, 0x1f, 0x09, 0x05, 0x3f, 0x51, 0xc7, 0x33, 0xe2, 0xfc, 0x1e, 0x1e, 0x22,
    0x1f, 0x07, 0x01, 0x01, 0x01, 0x01, 0x1f, 0x1f, 0x1e, 0x2a, 0x1f, 0x02, 0x1e, 0x1e, 0x30, 0x1f,
    0x01, 0x1e, 0x43, 0x1f, 0x02, 0xe2, 0x33, 0x47, 0x1f, 0x02, 0xe2, 0x1e, 0x4a, 0x1f, 0x02, 0x01,
    0x01, 0x4e, 0x1f, 0x02, 0x01, 0x01, 0x51, 0x1f, 0x0c, 0x1e, 0x1f, 0x1f, 0x01, 0x01, 0x1f, 0xd1,
    0xe2, 0xcf, 0x33, 0xfc, 0xfd, 0x5e, 0x1f, 0x11, 0x1e, 0x1e, 0x1e, 0x1e, 0x1e, 0x1e, 0x1e, 0x1e,
    0x1f, 0x1f, 0x1f, 0x1f, 0x1f, 0xee, 0xf0, 0xfc, 0x0c, 0x99, 0x1f, 0x06, 0x05, 0x5d, 0x97, 0x18,
    0x6b, 0x01, 0xa0, 0x1f, 0x01, 0x1e, 0xa6, 0x1f, 0x01, 0x1e, 0xb2, 0x1f, 0x05, 0xd1, 0x1e, 0x1e,
    0x1e, 0x1e, 0xbb, 0x1f, 0x01, 0x1e, 0xc3, 0x1f, 0x05, 0xd1, 0x33, 0x33, 0xcf, 0xfc, 0xc9, 0x1f,
    0x05, 0x1e, 0x1e, 0x1e, 0x1e, 0x1e, 0xd2, 0x1f, 0x03, 0x1e, 0x1e, 0x1e, 0xd7, 0x1f, 0x07, 0x1e,
    0x1e, 0xfc, 0x33, 0x33, 0xcf, 0xfc, 0xe2, 0x1f, 0x02, 0x01, 0x01, 0xe5, 0x1f, 0x01, 0x1e, 0xe7,
    0x1f, 0x01, 0x1e, 0xe9, 0x1f, 0x02, 0x1e, 0x1e, 0xec, 0x1f, 0x03, 0x1e, 0x82, 0xf0, 0x1a, 0x20,
    0x02, 0x05, 0x5d, 0x1d, 0x20, 0x02, 0xde, 0xcf, 0x22, 0x20, 0x01, 0x1e, 0x27, 0x20, 0x02, 0x01,
    0x1f, 0x2b, 0x20, 0x01, 0xfc, 0x2d, 0x20, 0x02, 0x33, 0x33, 0x33, 0x20, 0x01, 0x33, 0x37, 0x20,
    0x01, 0x1e, 0x3b, 0x20, 0x06, 0x1e, 0x1e, 0x01, 0x01, 0x1f, 0x1f, 0x43, 0x20, 0x01, 0x33, 0x47,
    0x20, 0x03, 0x33, 0x33, 0xfc, 0x4d, 0x20, 0x05, 0x1e, 0x1e, 0x1e, 0x1e, 0x1e, 0x53, 0x20, 0x07,
    0x1f, 0x1f, 0x1e, 0x1f, 0xe2, 0xd1, 0x33, 0x5d, 0x20, 0x12, 0x33, 0xcf, 0xf0, 0xfc, 0x1e, 0x1e,
    0x1f, 0x1f, 0x01, 0x1f, 0x1f, 0x1f, 0x1e, 0x1e, 0x1e, 0x6d, 0xee, 0x9b, 0x9b, 0x20, 0x02, 0x05,
    0x5d, 0x9e, 0x20, 0x05, 0xc6, 0x6a, 0x01, 0x01, 0x01, 0xa6, 0x20, 0x03, 0x01, 0x01, 0x01, 0xaa,
    0x20, 0x01, 0x33, 0xb5, 0x20, 0x02, 0xcf, 0x01, 0xbe, 0x20, 0x02, 0x01, 0x01, 0xc3, 0x20, 0x02,
    0xa4, 0x33, 0xca, 0x20, 0x02, 0x33, 0xfc, 0xcd, 0x20, 0x0d, 0x01, 0x01, 0x01, 0x01, 0x01, 0x01,
    0x01, 0x01, 0x01, 0xfd, 0x33, 0xa4, 0x97, 0xdf, 0x20, 0x05, 0x33, 0x33, 0xcf, 0xf0, 0xfc, 0xe7,
    0x20, 0x08, 0x1e, 0x01, 0x01, 0xfd, 0xce, 0x97, 0x9a, 0x6c, 0x1c, 0x21, 0x06, 0x05, 0x5d, 0xc6,
    0xde, 0x6b, 0x01, 0x26, 0x21, 0x02, 0xfc, 0x33, 0x2a, 0x21, 0x03, 0xa4, 0xa4, 0xa4, 0x2f, 0x21,
    0x02, 0x33, 0x33, 0x36, 0x21, 0x01, 0x33, 0x42, 0x21, 0x01, 0xa4, 0x45, 0x21, 0x02, 0xa4, 0x33,
    0x4c, 0x21, 0x06, 0x33, 0xfd, 0x01, 0x01, 0x01, 0x01, 0x54, 0x21, 0x02, 0xfc, 0x33, 0x58, 0x21,
    0x01, 0xa4, 0x5b, 0x21, 0x01, 0x97, 0x62, 0x21, 0x0c, 0x33, 0xce, 0xce, 0xfd, 0xfd, 0x1f, 0x01,
    0xfd, 0x6a, 0x51, 0xc7, 0x3f, 0x9e, 0x21, 0x01, 0x5d, 0xa0, 0x21, 0x04, 0x33, 0x6a, 0x1e, 0xe2,
    0xa5, 0x21, 0x01, 0x33, 0xa8, 0x21, 0x01, 0x33, 0xac, 0x21, 0x01, 0x97, 0xb0, 0x21, 0x01, 0x33,
    0xb7, 0x21, 0x02, 0x33, 0xfc, 0xba, 0x21, 0x02, 0x1e, 0xfc, 0xbd, 0x21, 0x01, 0xa4, 0xc1, 0x21,
    0x01, 0xa4, 0xc7, 0x21, 0x01, 0x33, 0xce, 0x21, 0x03, 0x33, 0xcf, 0xfc, 0xd3, 0x21, 0x01, 0xfc,
    0xd9, 0x21, 0x02, 0x97, 0xa4, 0xdc, 0x21, 0x03, 0xa4, 0x33, 0x33, 0xe4, 0x21, 0x0a, 0xcf, 0x33,
    0xcf, 0xcf, 0xfc, 0x6a, 0x51, 0xc7, 0x6c, 0x5d, 0x1f, 0x22, 0x04, 0x5d, 0x62, 0x51, 0x60, 0x28,
    0x22, 0x01, 0xa4, 0x31, 0x22, 0x01, 0xa4, 0x35, 0x22, 0x01, 0x97, 0x39, 0x22, 0x02, 0x33, 0x33,
    0x3f, 0x22, 0x02, 0xa4, 0x33, 0x48, 0x22, 0x03, 0xa4, 0x33, 0x33, 0x4e, 0x22, 0x01, 0xa4, 0x50,
    0x22, 0x02, 0x33, 0xfc, 0x54, 0x22, 0x03, 0xa4, 0x33, 0x33, 0x58, 0x22, 0x03, 0x33, 0xa4, 0xa4,
    0x5d, 0x22, 0x03, 0xa4, 0x33, 0xa4, 0x61, 0x22, 0x01, 0x33, 0x64, 0x22, 0x02, 0xa4, 0xa4, 0x68,
    0x22, 0x05, 0xd1, 0x60, 0xa4, 0x6c, 0x5d, 0xa0, 0x22, 0x01, 0x5d, 0xa2, 0x22, 0x02, 0x51, 0x01,
    0xa9, 0x22, 0x02, 0x33, 0x33, 0xb5, 0x22, 0x04, 0xa4, 0xa4, 0x33, 0xfc, 0xba, 0x22, 0x02, 0xfc,
    0x33, 0xc0, 0x22, 0x03, 0xa4, 0x97, 0x33, 0xc9, 0x22, 0x03, 0xa4, 0xa4, 0xa4, 0xcd, 0x22, 0x01,
    0x33, 0xcf, 0x22, 0x01, 0x01, 0xd1, 0x22, 0x04, 0x01, 0xfc, 0xd1, 0x33, 0xd7, 0x22, 0x02, 0xa4,
    0x33, 0xda, 0x22, 0x01, 0x33, 0xdf, 0x22, 0x06, 0xa4, 0xa4, 0x33, 0xa4, 0x33, 0x33, 0xe6, 0x22,
    0x01, 0x33, 0xe8, 0x22, 0x04, 0x60, 0xde, 0x5d, 0x3f, 0x21, 0x23, 0x04, 0x5d, 0x62, 0x31, 0xa5,
    0x35, 0x23, 0x09, 0x33, 0xfc, 0x01, 0x01, 0x1e, 0x1e, 0x1e, 0xe2, 0x33, 0x41, 0x23, 0x03, 0xa4,
    0x97, 0x33, 0x4b, 0x23, 0x05, 0xa4, 0x97, 0x33, 0x01, 0x01, 0x52, 0x23, 0x01, 0x1e, 0x54, 0x23,
    0x03, 0xfc, 0xcf, 0x33, 0x59, 0x23, 0x03, 0x33, 0xa4, 0x33, 0x62, 0x23, 0x04, 0xa4, 0x33, 0xa4,
    0x33, 0x68, 0x23, 0x03, 0xde, 0x6c, 0x5d, 0xa2, 0x23, 0x01, 0x3f, 0xa5, 0x23, 0x01, 0x01, 0xab,
    0x23, 0x01, 0x33, 0xb2, 0x23, 0x03, 0x33, 0x33, 0xfc, 0xbd, 0x23, 0x03, 0xfc, 0xcf, 0xcf, 0xc2,
    0x23, 0x01, 0xa4, 0xc4, 0x23, 0x02, 0xa4, 0x33, 0xd6, 0x23, 0x07, 0xfc, 0xcf, 0x33, 0x33, 0xa4,
    0x33, 0xa4, 0xe4, 0x23, 0x06, 0x97, 0x33, 0xa4, 0x31, 0x5d, 0x9b, 0x23, 0x24, 0x03, 0x58, 0xc6,
    0x53, 0x2c, 0x24, 0x02, 0x33, 0x33, 0x30, 0x24, 0x03, 0x33, 0xcf, 0xfc, 0x3f, 0x24, 0x02, 0xfd,
    0x33, 0x44, 0x24, 0x03, 0xa4, 0x97, 0xa4, 0x4b, 0x24, 0x01, 0xfc, 0x52, 0x24, 0x01, 0x01, 0x58,
    0x24, 0x07, 0xfc, 0xcf, 0xcf, 0x33, 0xa4, 0x33, 0xa4, 0x60, 0x24, 0x01, 0x33, 0x66, 0x24, 0x03,
    0x31, 0x5d, 0x5d, 0xa4, 0x24, 0x02, 0x58, 0xc6, 0xa7, 0x24, 0x01, 0x96, 0xac, 0x24, 0x02, 0xa4,
    0xa4, 0xaf, 0x24, 0x02, 0xcf, 0xfc, 0xbd, 0x24, 0x06, 0x01, 0x01, 0x01, 0xfd, 0xce, 0x33, 0xc5,
    0x24, 0x01, 0xa4, 0xc8, 0x24, 0x01, 0x33, 0xca, 0x24, 0x01, 0xfc, 0xd5, 0x24, 0x03, 0x01, 0x01,
    0x01, 0xda, 0x24, 0x06, 0xfd, 0xce, 0xce, 0x33, 0xa4, 0x33, 0xe1, 0x24, 0x02, 0xa4, 0x33, 0xe4,
    0x24, 0x04, 0xa5, 0x62, 0x9b, 0x5d, 0x26, 0x25, 0x04, 0xc6, 0x31, 0x96, 0xa4, 0x2c, 0x25, 0x04,
    0x33, 0x75, 0xe2, 0x1e, 0x33, 0x25, 0x05, 0x01, 0x01, 0x01, 0x01, 0x01, 0x3f, 0x25, 0x06, 0x01,
    0x01, 0x01, 0xfd, 0xce, 0x33, 0x46, 0x25, 0x05, 0xa4, 0xcf, 0xfc, 0x1e, 0x1e, 0x4c, 0x25, 0x01,
    0x1e, 0x4f, 0x25, 0x01, 0x01, 0x5b, 0x25, 0x06, 0x01, 0xfc, 0xcf, 0xcf, 0x33, 0xa4, 0x62, 0x25,
    0x02, 0x97, 0x01, 0x65, 0x25, 0x02, 0x5d, 0x5d, 0xa7, 0x25, 0x09, 0x62, 0xc6, 0x97, 0x97, 0xcf,
    0xfc, 0x1e, 0x1e, 0x1e, 0xb1, 0x25, 0x06, 0x01, 0x01, 0x01, 0x01, 0x01, 0x01, 0xb8, 0x25, 0x06,
    0x1e, 0x1f, 0x1f, 0x1f, 0x1f, 0x1e, 0xc1, 0x25, 0x01, 0x1e, 0xc4, 0x25, 0x04, 0xcf, 0x33, 0x33,
    0xe2, 0xc9, 0x25, 0x05, 0x01, 0x01, 0x01, 0x01, 0x01, 0xd5, 0x25, 0x01, 0x01, 0xd7, 0x25, 0x03,
    0x1e, 0x1e, 0x1e, 0xde, 0x25, 0x03, 0xfc, 0xcf, 0xcf, 0xe2, 0x25, 0x04, 0xa5, 0xc6, 0x5d, 0x5d,
    0x28, 0x26, 0x05, 0x62, 0xc6, 0xa5, 0x6a, 0x01, 0x30, 0x26, 0x06, 0x1e, 0x1e, 0x1e, 0x1e, 0x1e,
    0x1f, 0x3e, 0x26, 0x0a, 0x1e, 0x1e, 0x1e, 0x1e, 0x1e, 0x1e, 0xd1, 0x33, 0xfc, 0xfc, 0x49, 0x26,
    0x01, 0x01, 0x4d, 0x26, 0x01, 0x1e, 0x57, 0x26, 0x03, 0x1e, 0x1e, 0x1e, 0x60, 0x26, 0x02, 0xfc,
    0x73, 0x63, 0x26, 0x02, 0xc6, 0x5d, 0xa9, 0x26, 0x04, 0x62, 0x53, 0xf6, 0x6a, 0xba, 0x26, 0x01,
    0x1e, 0xc3, 0x26, 0x02, 0xfc, 0x33, 0xc7, 0x26, 0x07, 0xcf, 0xcf, 0xe2, 0x1e, 0x1e, 0x1e, 0x1e,
    0xdd, 0x26, 0x01, 0x1e, 0xdf, 0x26, 0x02, 0xe2, 0x6a, 0xe3, 0x26, 0x01, 0x9b, 0x2a, 0x27, 0x01,
    0x62, 0x2c, 0x27, 0x04, 0xef, 0x6a, 0x1e, 0x1e, 0x35, 0x27, 0x01, 0x1e, 0x39, 0x27, 0x01, 0x1e,
    0x3b, 0x27, 0x03, 0x1e, 0x1e, 0x1e, 0x40, 0x27, 0x04, 0x1e, 0xe2, 0x33, 0x33, 0x48, 0x27, 0x03,
    0x33, 0xcf, 0xfc, 0x4e, 0x27, 0x01, 0x1e, 0x50, 0x27, 0x03, 0x1e, 0x1e, 0x1e, 0x54, 0x27, 0x08,
    0x1e, 0x1e, 0x1e, 0x1e, 0x1e, 0x1e, 0x1e, 0x1e, 0x5d, 0x27, 0x06, 0x1e, 0xfc, 0x6a, 0x53, 0x62,
    0x5d, 0xab, 0x27, 0x04, 0xc6, 0x31, 0xf7, 0xfc, 0xb9, 0x27, 0x08, 0x01, 0x01, 0x01, 0x1f, 0x1f,
    0x1f, 0xe2, 0xfc, 0xc2, 0x27, 0x01, 0xa4, 0xca, 0x27, 0x03, 0x33, 0xcf, 0xfc, 0xd7, 0x27, 0x09,
    0x1e, 0x1e, 0x1f, 0x1f, 0x01, 0x01, 0xfc, 0x73, 0xc6, 0xe1, 0x27, 0x01, 0x3f, 0x2b, 0x28, 0x06,
    0x58, 0xc6, 0xa4, 0x60, 0xfc, 0x6b, 0x32, 0x28, 0x06, 0x01, 0x01, 0x01, 0x01, 0x01, 0x01, 0x3e,
    0x28, 0x03, 0xfd, 0xce, 0x33, 0x42, 0x28, 0x02, 0x33, 0xa4, 0x45, 0x28, 0x01, 0x33, 0x4b, 0x28,
    0x04, 0x33, 0xcf, 0xcf, 0xfc, 0x5c, 0x28, 0x03, 0x97, 0xcf, 0x62, 0x60, 0x28, 0x01, 0x5d, 0xac,
    0x28, 0x06, 0x5d, 0xc6, 0x31, 0x97, 0xfd, 0x6a, 0xb7, 0x28, 0x08, 0x01, 0x01, 0x01, 0x01, 0x01,
    0xfd, 0xcf, 0x33, 0xc2, 0x28, 0x02, 0xa4, 0x33, 0xc5, 0x28, 0x01, 0xa4, 0xc7, 0x28, 0x01, 0x33,
    0xcd, 0x28, 0x03, 0x33, 0xce, 0xfd, 0xd7, 0x28, 0x03, 0x01, 0x01, 0x01, 0xdb, 0x28, 0x02, 0x97,
    0x9c, 0xdf, 0x28, 0x01, 0x5d, 0x2d, 0x29, 0x09, 0x3f, 0xc6, 0xf7, 0x51, 0xfc, 0x6b, 0x01, 0x01,
    0x01, 0x3a, 0x29, 0x04, 0xfc, 0xcf, 0xcf, 0x33, 0x43, 0x29, 0x04, 0xa4, 0x33, 0x33, 0xa4, 0x48,
    0x29, 0x01, 0x33, 0x4e, 0x29, 0x04, 0x33, 0xce, 0xce, 0xfd, 0x59, 0x29, 0x05, 0xfc, 0x97, 0xcf,
    0x62, 0xc6, 0xae, 0x29, 0x01, 0x5d, 0xb0, 0x29, 0x04, 0x62, 0x51, 0xcf, 0x6a, 0xb9, 0x29, 0x03,
    0xfc, 0xcf, 0xcf, 0xc0, 0x29, 0x04, 0xa4, 0xa4, 0xa4, 0xa4, 0xc5, 0x29, 0x01, 0x33, 0xc7, 0x29,
    0x01, 0xa4, 0xc9, 0x29, 0x01, 0x33, 0xd0, 0x29, 0x04, 0x33, 0xcf, 0xcf, 0xfc, 0xd8, 0x29, 0x05,
    0xfc, 0x96, 0x9c, 0x62, 0xc6, 0x2f, 0x2a, 0x06, 0x5d, 0xc6, 0x31, 0x97, 0xd1, 0x6a, 0x37, 0x2a,
    0x03, 0xfc, 0x75, 0xcf, 0x3b, 0x2a, 0x01, 0xa4, 0x3d, 0x2a, 0x07, 0x33, 0x33, 0xa4, 0xa4, 0xa4,
    0xa4, 0xa4, 0x46, 0x2a, 0x01, 0x33, 0x49, 0x2a, 0x01, 0xa4, 0x4b, 0x2a, 0x01, 0x33, 0x51, 0x2a,
    0x05, 0xa4, 0x6b, 0xd1, 0xd1, 0x1e, 0x57, 0x2a, 0x04, 0xfc, 0x96, 0x9c, 0x31, 0x5c, 0x2a, 0x01,
    0x5d, 0xb0, 0x2a, 0x05, 0x3f, 0xc6, 0xf7, 0x51, 0xd1, 0xb6, 0x2a, 0x04, 0xcf, 0xcf, 0xcf, 0xa4,
    0xbb, 0x2a, 0x03, 0x33, 0x97, 0xa4, 0xbf, 0x2a, 0x04, 0x97, 0xa4, 0x33, 0xa4, 0xc5, 0x2a, 0x02,
    0xa4, 0x33, 0xca, 0x2a, 0x01, 0xa4, 0xcc, 0x2a, 0x02, 0x33, 0x33, 0xd1, 0x2a, 0x05, 0x33, 0x33,
    0x97, 0xcf, 0xcf, 0xd7, 0x2a, 0x03, 0xd1, 0x9c, 0x62, 0xdb, 0x2a, 0x01, 0x3f, 0x31, 0x2b, 0x01,
    0x5d, 0x34, 0x2b, 0x04, 0x51, 0x53, 0x33, 0x33, 0x3a, 0x2b, 0x02, 0xa4, 0xa4, 0x3f, 0x2b, 0x01,
    0xa4, 0x42, 0x2b, 0x01, 0xa4, 0x45, 0x2b, 0x01, 0xa4, 0x47, 0x2b, 0x01, 0x33, 0x4d, 0x2b, 0x01,
    0xa4, 0x4f, 0x2b, 0x01, 0x33, 0x52, 0x2b, 0x09, 0xa4, 0xa4, 0xa4, 0x33, 0x53, 0xf7, 0xa4, 0xc6,
    0x5d, 0xb2, 0x2b, 0x02, 0x5d, 0x9e, 0xb5, 0x2b, 0x04, 0x51, 0x53, 0x33, 0xa4, 0xbc, 0x2b, 0x03,
    0xa4, 0xa4, 0x33, 0xc0, 0x2b, 0x01, 0xa4, 0xc2, 0x2b, 0x01, 0x33, 0xc6, 0x2b, 0x03, 0xa4, 0x33,
    0x33, 0xce, 0x2b, 0x01, 0xa4, 0xd0, 0x2b, 0x01, 0x33, 0xd4, 0x2b, 0x04, 0xa4, 0x53, 0x6b, 0x31,
    0xd9, 0x2b, 0x01, 0x5d, 0x33, 0x2c, 0x07, 0x5d, 0x9e, 0x31, 0x51, 0x53, 0x33, 0xa4, 0x3d, 0x2c,
    0x01, 0xa4, 0x41, 0x2c, 0x02, 0xa4, 0x33, 0x47, 0x2c, 0x01, 0xa4, 0x49, 0x2c, 0x02, 0x33, 0x33,
    0x4f, 0x2c, 0x01, 0xa4, 0x51, 0x2c, 0x01, 0x33, 0x53, 0x2c, 0x06, 0xa4, 0x53, 0x9c, 0x18, 0x31,
    0x5d, 0xb4, 0x2c, 0x07, 0x5d, 0x58, 0x31, 0x51, 0x53, 0x53, 0xa4, 0xbe, 0x2c, 0x02, 0xa4, 0x33,
    0xc1, 0x2c, 0x01, 0xa4, 0xc3, 0x2c, 0x01, 0x33, 0xc8, 0x2c, 0x02, 0xa4, 0xa4, 0xcb, 0x2c, 0x01,
    0x33, 0xce, 0x2c, 0x03, 0xa4, 0x33, 0xa4, 0xd2, 0x2c, 0x01, 0x97, 0xd4, 0x2c, 0x04, 0xad, 0x31,
    0x62, 0x5d, 0x35, 0x2d, 0x07, 0x5d, 0x58, 0x31, 0x33, 0x53, 0x53, 0xa4, 0x3e, 0x2d, 0x01, 0xa4,
    0x40, 0x2d, 0x01, 0x33, 0x42, 0x2d, 0x01, 0xa4, 0x44, 0x2d, 0x01, 0x33, 0x4a, 0x2d, 0x01, 0xa4,
    0x4c, 0x2d, 0x01, 0x33, 0x4e, 0x2d, 0x03, 0xa4, 0x33, 0x33, 0x52, 0x2d, 0x05, 0x53, 0xad, 0xde,
    0x31, 0x5d, 0xb5, 0x2d, 0x06, 0x05, 0x5d, 0x58, 0x31, 0x51, 0x53, 0xbc, 0x2d, 0x01, 0x33, 0xbf,
    0x2d, 0x01, 0xa4, 0xc1, 0x2d, 0x01, 0x33, 0xc3, 0x2d, 0x01, 0xa4, 0xc5, 0x2d, 0x01, 0x33, 0xcb,
    0x2d, 0x01, 0xa4, 0xcd, 0x2d, 0x01, 0x33, 0xcf, 0x2d, 0x04, 0x33, 0xa4, 0x53, 0xad, 0xd4, 0x2d,
    0x03, 0x31, 0x9b, 0x5d, 0x36, 0x2e, 0x06, 0x05, 0x5d, 0x58, 0x62, 0x33, 0x62, 0x3d, 0x2e, 0x01,
    0x33, 0x40, 0x2e, 0x01, 0xa4, 0x42, 0x2e, 0x01, 0x33, 0x44, 0x2e, 0x01, 0xa4, 0x46, 0x2e, 0x01,
    0x33, 0x4c, 0x2e, 0x01, 0xa4, 0x4e, 0x2e, 0x02, 0x33, 0xa5, 0x51, 0x2e, 0x05, 0x51, 0xde, 0x3f,
    0x9b, 0x5d, 0xb7, 0x2e, 0x08, 0x05, 0x5d, 0x3a, 0x31, 0x33, 0xa4, 0x53, 0x33, 0xc1, 0x2e, 0x01,
    0xa4, 0xc3, 0x2e, 0x01, 0x33, 0xc5, 0x2e, 0x01, 0xa4, 0xc7, 0x2e, 0x01, 0x33, 0xcd, 0x2e, 0x08,
    0x33, 0xa5, 0x53, 0x51, 0xde, 0x6c, 0x9b, 0x5d, 0x38, 0x2f, 0x08, 0x05, 0x9b, 0x58, 0x62, 0x33,
    0x62, 0x53, 0x33, 0x43, 0x2f, 0x01, 0xa4, 0x45, 0x2f, 0x02, 0x33, 0x97, 0x48, 0x2f, 0x01, 0x33,
    0x4c, 0x2f, 0x08, 0x33, 0xa5, 0x53, 0x97, 0xc6, 0x9b, 0x5d, 0x5d, 0xb9, 0x2f, 0x08, 0x05, 0x5d,
    0x58, 0xa4, 0x33, 0x62, 0x53, 0xa5, 0xc4, 0x2f, 0x04, 0xa4, 0xa4, 0x33, 0xa4, 0xc9, 0x2f, 0x01,
    0x33, 0xcb, 0x2f, 0x01, 0x33, 0xcd, 0x2f, 0x02, 0x53, 0x51, 0xd0, 0x2f, 0x03, 0x3f, 0x5d, 0x5d,
    0x3a, 0x30, 0x08, 0x05, 0x5d, 0x58, 0x62, 0x33, 0x62, 0x53, 0xa4, 0x45, 0x30, 0x01, 0xa4, 0x47,
    0x30, 0x02, 0x33, 0xa4, 0x4a, 0x30, 0x08, 0xfc, 0xa5, 0x53, 0x51, 0xc6, 0x3f, 0x5d, 0x5d, 0xbb,
    0x30, 0x05, 0x5d, 0x5d, 0x3a, 0x31, 0x97, 0xc1, 0x30, 0x03, 0xa4, 0xa5, 0x33, 0xc5, 0x30, 0x02,
    0xa4, 0x33, 0xca, 0x30, 0x07, 0x53, 0x33, 0x33, 0xc6, 0x3f, 0x3f, 0x5d, 0x3c, 0x31, 0x0a, 0x5d,
    0x3f, 0x58, 0x31, 0x97, 0x62, 0xa4, 0xa5, 0x33, 0xa4, 0x48, 0x31, 0x08, 0xa4, 0x53, 0xf7, 0x33,
    0xc6, 0x3f, 0x5d, 0x5d, 0xbd, 0x31, 0x0e, 0x3f, 0x5d, 0x58, 0x53, 0x97, 0x62, 0xa4, 0xa5, 0x33,
    0xa4, 0xa4, 0x53, 0x53, 0xa4, 0xcc, 0x31, 0x04, 0x6c, 0x5d, 0x9b, 0x5d, 0x3e, 0x32, 0x09, 0x5d,
    0x5d, 0x58, 0x31, 0x97, 0x62, 0xa4, 0x33, 0x97, 0x48, 0x32, 0x01, 0x53, 0x4a, 0x32, 0x05, 0xc6,
    0x3f, 0x5d, 0x9b, 0x9b, 0xbf, 0x32, 0x06, 0x5d, 0x5d, 0x58, 0xc6, 0x97, 0x51, 0xc6, 0x32, 0x02,
    0xf6, 0xec, 0xc9, 0x32, 0x05, 0xc6, 0x6c, 0x5d, 0x9b, 0x5d, 0x3f, 0x33, 0x07, 0x05, 0x5d, 0x3f,
    0x69, 0xde, 0x01, 0xa4, 0x47, 0x33, 0x06, 0x01, 0xc6, 0x6c, 0x9b, 0x9b, 0x5d, 0xc0, 0x33, 0x0c,
    0x05, 0x3f, 0x5d, 0x69, 0xc6, 0xc6, 0xc6, 0xc6, 0x83, 0x6c, 0x5d, 0x3f, 0x41, 0x34, 0x04, 0x05,
    0x5d, 0x5d, 0x58, 0x46, 0x34, 0x05, 0xc6, 0x5d, 0x6c, 0x5d, 0x9b, 0xc2, 0x34, 0x08, 0x05, 0x5d,
    0x5d, 0x58, 0x5d, 0x5d, 0x5d, 0x5d, 0x43, 0x35, 0x02, 0x05, 0x5d, 0x46, 0x35, 0x03, 0x05, 0x5d,
    0x5d, 0xc7, 0x35, 0x02, 0x05, 0x5d, 0x3d, 0x18, 0x01, 0x0c, 0x3f, 0x18, 0x01, 0x0c, 0x41, 0x18,
    0x03, 0xfc, 0x0c, 0x0c, 0xb9, 0x18, 0x01, 0x0c, 0xbb, 0x18, 0x03, 0x0c, 0xf0, 0xf0, 0xc2, 0x18,
    0x03, 0xf0, 0xf0, 0x0c, 0x37, 0x19, 0x05, 0x0c, 0x3f, 0x0c, 0xcf, 0xfc, 0x3e, 0x19, 0x05, 0x01,
    0x01, 0x01, 0x01, 0x1e, 0x44, 0x19, 0x03, 0xee, 0xfc, 0x0c, 0xb1, 0x19, 0x01, 0x0c, 0xb5, 0x19,
    0x01, 0x3f, 0xbb, 0x19, 0x03, 0xcf, 0x33, 0xfc, 0xc0, 0x19, 0x02, 0x1e, 0xfc, 0xc3, 0x19, 0x03,
    0xfd, 0xce, 0xce, 0xc7, 0x19, 0x02, 0x3f, 0x3f, 0x2d, 0x1a, 0x01, 0x0c, 0x2f, 0x1a, 0x01, 0x0c,
    0x31, 0x1a, 0x01, 0x6b, 0x35, 0x1a, 0x01, 0x33, 0x38, 0x1a, 0x03, 0x33, 0xa4, 0x33, 0x3d, 0x1a,
    0x01, 0xcf, 0x41, 0x1a, 0x01, 0xcf, 0x43, 0x1a, 0x03, 0xa4, 0xa4, 0xa4, 0x47, 0x1a, 0x01, 0xa4,
    0x4b, 0x1a, 0x02, 0x3f, 0x0c, 0x4e, 0x1a, 0x01, 0x0c, 0xa9, 0x1a, 0x01, 0x0c, 0xab, 0x1a, 0x01,
    0x0c, 0xb1, 0x1a, 0x02, 0xfc, 0xcf, 0xbd, 0x1a, 0x01, 0xce, 0xc0, 0x1a, 0x05, 0xcf, 0x33, 0x33,
    0xa4, 0xa4, 0xc9, 0x1a, 0x02, 0xa4, 0x97, 0xcc, 0x1a, 0x03, 0xfd, 0xfd, 0xf0, 0xd0, 0x1a, 0x02,
    0x0c, 0x0c, 0x25, 0x1b, 0x01, 0x0c, 0x27, 0x1b, 0x08, 0x33, 0xee, 0x01, 0x01, 0x01, 0x01, 0x01,
    0x01, 0x33, 0x1b, 0x03, 0xfd, 0xce, 0x97, 0x38, 0x1b, 0x01, 0x33, 0x3a, 0x1b, 0x01, 0xcf, 0x42,
    0x1b, 0x02, 0xcf, 0x33, 0x47, 0x1b, 0x01, 0x33, 0x49, 0x1b, 0x02, 0xfc, 0xcf, 0x50, 0x1b, 0x01,
    0x1e, 0x53, 0x1b, 0x02, 0x0c, 0x0c, 0xa0, 0x1b, 0x0d, 0x0c, 0x0c, 0x0c, 0x97, 0x0c, 0xd1, 0xd1,
    0xcf, 0xcf, 0xfc, 0x1e, 0x1e, 0x1e, 0xb0, 0x1b, 0x08, 0x1e, 0x1e, 0xfc, 0xe2, 0xe2, 0xfc, 0xcf,
    0xfc, 0xb9, 0x1b, 0x01, 0x01, 0xbb, 0x1b, 0x02, 0x01, 0x01, 0xc0, 0x1b, 0x02, 0x01, 0x1f, 0xc4,
    0x1b, 0x01, 0xfc, 0xc7, 0x1b, 0x01, 0xcf, 0xc9, 0x1b, 0x01, 0x1e, 0xcc, 0x1b, 0x07, 0x01, 0x01,
    0x01, 0x01, 0x01, 0x01, 0x01, 0xd5, 0x1b, 0x04, 0x0c, 0x0c, 0x0c, 0x0c, 0x1c, 0x1c, 0x02, 0x0c,
    0x0c, 0x1f, 0x1c, 0x03, 0x33, 0x33, 0x33, 0x24, 0x1c, 0x01, 0xa4, 0x26, 0x1c, 0x0f, 0x33, 0xcf,
    0xcf, 0xd1, 0xfc, 0x1e, 0x01, 0x01, 0xe2, 0xfc, 0xfd, 0xfd, 0xfd, 0xa4, 0x33, 0x37, 0x1c, 0x05,
    0x33, 0xd1, 0x1e, 0x1e, 0x1e, 0x3d, 0x1c, 0x01, 0x1e, 0x40, 0x1c, 0x02, 0x1e, 0xe2, 0x43, 0x1c,
    0x02, 0xe2, 0xcf, 0x47, 0x1c, 0x01, 0xce, 0x49, 0x1c, 0x01, 0xfc, 0x4b, 0x1c, 0x01, 0x1e, 0x4f,
    0x1c, 0x01, 0x1e, 0x52, 0x1c, 0x03, 0x1e, 0x1e, 0xfc, 0x56, 0x1c, 0x01, 0x0c, 0x58, 0x1c, 0x01,
    0x0c, 0x5a, 0x1c, 0x02, 0x0c, 0x0c, 0x9c, 0x1c, 0x01, 0x33, 0x9e, 0x1c, 0x02, 0xa4, 0x33, 0xa1,
    0x1c, 0x02, 0xa4, 0xa4, 0xa4, 0x1c, 0x02, 0xa4, 0x33, 0xa8, 0x1c, 0x04, 0xce, 0xce, 0xfd, 0xfd,
    0xad, 0x1c, 0x01, 0xfc, 0xb3, 0x1c, 0x02, 0xa4, 0x33, 0xb9, 0x1c, 0x04, 0x33, 0xfc, 0x01, 0x01,
    0xc0, 0x1c, 0x02, 0xfd, 0x01, 0xc3, 0x1c, 0x03, 0xa4, 0x97, 0x33, 0xc9, 0x1c, 0x01, 0xcf, 0xd0,
    0x1c, 0x04, 0x01, 0x01, 0xfc, 0x01, 0xd5, 0x1c, 0x01, 0xd1, 0xd8, 0x1c, 0x01, 0x3f, 0xdb, 0x1c,
    0x01, 0x0c, 0xdd, 0x1c, 0x02, 0x0c, 0x0c, 0x18, 0x1d, 0x04, 0x0c, 0x3f, 0x3f, 0xf7, 0x1f, 0x1d,
    0x01, 0xa4, 0x22, 0x1d, 0x02, 0xa4, 0x33, 0x26, 0x1d, 0x02, 0x33, 0x33, 0x2a, 0x1d, 0x01, 0x33,
    0x2c, 0x1d, 0x01, 0xa4, 0x2e, 0x1d, 0x05, 0x33, 0xa4, 0x97, 0x33, 0xa4, 0x36, 0x1d, 0x01, 0x33,
    0x3b, 0x1d, 0x01, 0x33, 0x3f, 0x1d, 0x02, 0xa4, 0x33, 0x44, 0x1d, 0x02, 0xa4, 0xa4, 0x4b, 0x1d,
    0x01, 0xce, 0x4d, 0x1d, 0x06, 0xfc, 0xfc, 0x01, 0xfc, 0xfc, 0xcf, 0x55, 0x1d, 0x03, 0xa4, 0x97,
    0x33, 0x5b, 0x1d, 0x02, 0x3f, 0x3f, 0x5e, 0x1d, 0x01, 0x0c, 0x60, 0x1d, 0x02, 0x0c, 0x0c, 0x98,
    0x1d, 0x06, 0x6c, 0x3f, 0x3f, 0x3f, 0xa4, 0x33, 0xa2, 0x1d, 0x02, 0x33, 0x33, 0xa6, 0x1d, 0x03,
    0xfc, 0xfc, 0x01, 0xaa, 0x1d, 0x03, 0x01, 0xfc, 0xd1, 0xaf, 0x1d, 0x03, 0xa4, 0x97, 0x33, 0xb7,
    0x1d, 0x02, 0xa4, 0x33, 0xba, 0x1d, 0x04, 0xa4, 0x01, 0x01, 0xfc, 0xc0, 0x1d, 0x04, 0xa4, 0x97,
    0x33, 0xa4, 0xc7, 0x1d, 0x03, 0x33, 0xa4, 0x33, 0xcb, 0x1d, 0x03, 0xa4, 0xa4, 0xd1, 0xcf, 0x1d,
    0x03, 0xfc, 0x97, 0x33, 0xd4, 0x1d, 0x03, 0xa4, 0x97, 0xa4, 0xde, 0x1d, 0x03, 0x3f, 0x3f, 0x0c,
    0xe4, 0x1d, 0x01, 0x0c, 0x19, 0x1e, 0x05, 0x6c, 0x3f, 0x3f, 0x62, 0x97, 0x1f, 0x1e, 0x05, 0x33,
    0xa4, 0xcf, 0xfc, 0xfc, 0x2c, 0x1e, 0x05, 0xfc, 0xce, 0xcf, 0x33, 0xa4, 0x33, 0x1e, 0x01, 0x33,
    0x35, 0x1e, 0x01, 0x33, 0x37, 0x1e, 0x01, 0xfc, 0x42, 0x1e, 0x02, 0xa4, 0x33, 0x49, 0x1e, 0x04,
    0xa4, 0x33, 0x33, 0x33, 0x51, 0x1e, 0x01, 0x33, 0x53, 0x1e, 0x03, 0x97, 0x97, 0x33, 0x59, 0x1e,
    0x01, 0xa4, 0x5c, 0x1e, 0x01, 0xa4, 0x5f, 0x1e, 0x01, 0x33, 0x61, 0x1e, 0x03, 0xfc, 0xf1, 0x0c,
    0x67, 0x1e, 0x01, 0x0c, 0x99, 0x1e, 0x08, 0x5d, 0x6c, 0x3f, 0x3f, 0x62, 0x33, 0xfc, 0xfc, 0xa6,
    0x1e, 0x02, 0x01, 0x01, 0xaa, 0x1e, 0x07, 0x01, 0x01, 0x01, 0x01, 0xfc, 0xcf, 0x33, 0xb2, 0x1e,
    0x01, 0x33, 0xb4, 0x1e, 0x01, 0xfc, 0xbf, 0x1e, 0x01, 0x01, 0xc4, 0x1e, 0x01, 0xa4, 0xd2, 0x1e,
    0x06, 0xcf, 0xfc, 0x33, 0x97, 0x33, 0xa4, 0xde, 0x1e, 0x03, 0x33, 0xfc, 0xcf, 0xe4, 0x1e, 0x03,
    0xf0, 0xf0, 0xfc, 0xea, 0x1e, 0x02, 0x0c, 0x0c, 0x1a, 0x1f, 0x06, 0x5d, 0x5d, 0x0c, 0xeb, 0x6b,
    0x1e, 0x22, 0x1f, 0x04, 0x1e, 0x1e, 0x01, 0x01, 0x28, 0x1f, 0x06, 0x1e, 0x1e, 0x1e, 0x1e, 0x1e,
    0x1e, 0x30, 0x1f, 0x01, 0xcf, 0x3a, 0x1f, 0x04, 0x1f, 0x1f, 0x1f, 0x1f, 0x41, 0x1f, 0x03, 0x1e,
    0x1e, 0x33, 0x45, 0x1f, 0x01, 0xa4, 0x52, 0x1f, 0x01, 0x01, 0x55, 0x1f, 0x02, 0xce, 0xfd, 0x58,
    0x1f, 0x01, 0x33, 0x5b, 0x1f, 0x03, 0x33, 0x33, 0xfc, 0x66, 0x1f, 0x05, 0x01, 0xf1, 0xfd, 0xfd,
    0xf1, 0x6d, 0x1f, 0x02, 0x0c, 0x0c, 0x9b, 0x1f, 0x05, 0x9b, 0x9b, 0x9b, 0xf5, 0xad, 0xa1, 0x1f,
    0x05, 0x1e, 0x1e, 0x1e, 0x1e, 0x1e, 0xa9, 0x1f, 0x07, 0x1e, 0x1e, 0xe2, 0xe2, 0xe2, 0x33, 0x33,
    0xb1, 0x1f, 0x03, 0x33, 0xd1, 0x1e, 0xb6, 0x1f, 0x02, 0x1e, 0x1e, 0xc4, 0x1f, 0x03, 0x33, 0xe2,
    0x1e, 0xc8, 0x1f, 0x02, 0x01, 0x01, 0xce, 0x1f, 0x05, 0x1e, 0x1f, 0x1f, 0x1f, 0x01, 0xd5, 0x1f,
    0x06, 0x1e, 0x1e, 0xd1, 0xfc, 0xcf, 0x33, 0xe2, 0x1f, 0x06, 0x01, 0x01, 0x1e, 0x1e, 0x1e, 0x1e,
    0xea, 0x1f, 0x05, 0xf0, 0xfc, 0xe2, 0xee, 0xf0, 0x1c, 0x20, 0x0b, 0x5d, 0x5d, 0x3f, 0xad, 0xfc,
    0x01, 0x01, 0x01, 0x01, 0x01, 0x01, 0x28, 0x20, 0x05, 0xfd, 0xfd, 0xce, 0x33, 0x33, 0x2e, 0x20,
    0x01, 0x33, 0x37, 0x20, 0x01, 0x1e, 0x3b, 0x20, 0x02, 0x1e, 0x1e, 0x3e, 0x20, 0x01, 0x1e, 0x41,
    0x20, 0x02, 0xfc, 0x33, 0x46, 0x20, 0x06, 0x33, 0xe2, 0xe2, 0x1e, 0x1e, 0x1e, 0x5a, 0x20, 0x05,
    0x33, 0xd1, 0xcf, 0xfd, 0x01, 0x61, 0x20, 0x0e, 0x1e, 0x1e, 0x1e, 0x1f, 0x01, 0x1f, 0x1f, 0x1e,
    0x1e, 0x1e, 0x1e, 0x1e, 0xee, 0x97, 0x9d, 0x20, 0x0d, 0x5d, 0x5d, 0x9a, 0xac, 0xfd, 0x01, 0x01,
    0x01, 0xfd, 0xfc, 0xcf, 0xcf, 0x33, 0xad, 0x20, 0x03, 0xa4, 0xa4, 0x33, 0xb4, 0x20, 0x02, 0x33,
    0xfc, 0xbe, 0x20, 0x05, 0xfd, 0xfd, 0x97, 0xa4, 0x33, 0xc4, 0x20, 0x01, 0x33, 0xc8, 0x20, 0x04,
    0x33, 0xcf, 0xfc, 0x1e, 0xcf, 0x20, 0x01, 0x1e, 0xd3, 0x20, 0x04, 0x1f, 0x1f, 0x01, 0x01, 0xd8,
    0x20, 0x02, 0xa4, 0x33, 0xdc, 0x20, 0x0b, 0x33, 0xd1, 0xd1, 0xe2, 0xe2, 0x1e, 0x1e, 0x1e, 0x1e,
    0x1e, 0x1e, 0xe8, 0x20, 0x08, 0x1f, 0x1f, 0x1f, 0x1f, 0xe2, 0x74, 0x9c, 0x0c, 0x1e, 0x21, 0x05,
    0x5d, 0x5d, 0x9f, 0xad, 0xfc, 0x24, 0x21, 0x03, 0xcf, 0xcf, 0x33, 0x2c, 0x21, 0x01, 0xa4, 0x2e,
    0x21, 0x01, 0xa4, 0x36, 0x21, 0x01, 0x33, 0x3b, 0x21, 0x04, 0xfc, 0xfc, 0xcf, 0x33, 0x42, 0x21,
    0x02, 0xa4, 0x33, 0x46, 0x21, 0x01, 0x33, 0x49, 0x21, 0x04, 0x33, 0xce, 0xce, 0xfd, 0x52, 0x21,
    0x03, 0x01, 0x01, 0x01, 0x58, 0x21, 0x01, 0x33, 0x5b, 0x21, 0x01, 0x33, 0x5e, 0x21, 0x12, 0xcf,
    0x33, 0xcf, 0xd1, 0xe2, 0x1f, 0x1f, 0x1f, 0x1f, 0x1f, 0x1f, 0x1f, 0x1e, 0xe2, 0x74, 0x33, 0xee,
    0x83, 0x9f, 0x21, 0x06, 0x5d, 0x3f, 0x9f, 0x6b, 0x33, 0x33, 0xa6, 0x21, 0x02, 0xa4, 0x97, 0xaa,
    0x21, 0x01, 0xa4, 0xac, 0x21, 0x01, 0xa4, 0xae, 0x21, 0x03, 0xa4, 0xa4, 0x33, 0xb8, 0x21, 0x02,
    0x1e, 0xe2, 0xbc, 0x21, 0x01, 0x33, 0xbe, 0x21, 0x03, 0x33, 0xa4, 0xa4, 0xc2, 0x21, 0x03, 0xa4,
    0x97, 0x33, 0xc6, 0x21, 0x02, 0xa4, 0x33, 0xcb, 0x21, 0x04, 0x33, 0xcf, 0xcf, 0xfc, 0xd3, 0x21,
    0x01, 0xfc, 0xd9, 0x21, 0x02, 0xa4, 0x33, 0xdc, 0x21, 0x02, 0xa4, 0x33, 0xe0, 0x21, 0x04, 0xcf,
    0x33, 0xcf, 0xcf, 0xe5, 0x21, 0x0a, 0xfc, 0x01, 0x01, 0x01, 0x01, 0xfd, 0x6a, 0x60, 0xc7, 0x9b,
    0x20, 0x22, 0x04, 0x5d, 0x5d, 0x31, 0x33, 0x2f, 0x22, 0x04, 0xa4, 0xa4, 0x97, 0x33, 0x35, 0x22,
    0x02, 0x33, 0x97, 0x38, 0x22, 0x02, 0xcf, 0x33, 0x3c, 0x22, 0x01, 0xa4, 0x3e, 0x22, 0x04, 0x33,
    0xa4, 0x97, 0x97, 0x44, 0x22, 0x02, 0xa4, 0x33, 0x49, 0x22, 0x01, 0x33, 0x4d, 0x22, 0x05, 0x97,
    0xd1, 0xcf, 0xfc, 0xfc, 0x54, 0x22, 0x07, 0xa4, 0x33, 0x97, 0xa4, 0xa4, 0xa4, 0xa4, 0x5c, 0x22,
    0x03, 0x33, 0xa4, 0x33, 0x62, 0x22, 0x0d, 0xce, 0x33, 0xce, 0xce, 0xce, 0xfc, 0x1e, 0xfc, 0xcf,
    0x9c, 0x31, 0x3f, 0x9b, 0xa1, 0x22, 0x04, 0x5d, 0x5d, 0xc7, 0x33, 0xb0, 0x22, 0x03, 0xa4, 0xa4,
    0xa4, 0xb4, 0x22, 0x01, 0x33, 0xb6, 0x22, 0x02, 0xce, 0xfd, 0xba, 0x22, 0x01, 0x33, 0xbe, 0x22,
    0x04, 0xa4, 0x33, 0xa4, 0x33, 0xc5, 0x22, 0x03, 0xa4, 0xa4, 0x33, 0xca, 0x22, 0x01, 0x33, 0xcd,
    0x22, 0x07, 0x33, 0x97, 0xfd, 0x33, 0xce, 0x33, 0xa4, 0xd5, 0x22, 0x01, 0x33, 0xd7, 0x22, 0x03,
    0xa4, 0x97, 0xa4, 0xdc, 0x22, 0x01, 0xa4, 0xdf, 0x22, 0x03, 0xa4, 0xa4, 0x33, 0xe4, 0x22, 0x0b,
    0x33, 0x97, 0xcf, 0xcf, 0xfc, 0x8f, 0xc7, 0xa4, 0x5d, 0x3f, 0x5d, 0x22, 0x23, 0x03, 0x5d, 0x58,
    0xa4, 0x29, 0x23, 0x01, 0xa4, 0x31, 0x23, 0x01, 0x33, 0x33, 0x23, 0x03, 0x6b, 0xfc, 0xfc, 0x37,
    0x23, 0x01, 0x1e, 0x3a, 0x23, 0x03, 0x1e, 0xd1, 0x33, 0x3e, 0x23, 0x01, 0xa4, 0x41, 0x23, 0x02,
    0xa4, 0x33, 0x47, 0x23, 0x02, 0xa4, 0x33, 0x4a, 0x23, 0x02, 0xa4, 0xa4, 0x4d, 0x23, 0x0a, 0xcf,
    0x01, 0x01, 0xfc, 0xcf, 0xcf, 0xcf, 0x33, 0xa4, 0x33, 0x59, 0x23, 0x01, 0x33, 0x5f, 0x23, 0x01,
    0x33, 0x62, 0x23, 0x02, 0xa4, 0x33, 0x67, 0x23, 0x02, 0x33, 0x73, 0x6a, 0x23, 0x03, 0x31, 0x3f,
    0x5d, 0xa3, 0x23, 0x03, 0x5d, 0x69, 0xc7, 0xa9, 0x23, 0x02, 0xa4, 0xa4, 0xae, 0x23, 0x01, 0x33,
    0xb0, 0x23, 0x04, 0xcf, 0xcf, 0xfc, 0xfc, 0xbc, 0x23, 0x02, 0xfc, 0x33, 0xbf, 0x23, 0x01, 0xa4,
    0xc2, 0x23, 0x01, 0xa4, 0xc8, 0x23, 0x06, 0xa4, 0x33, 0x33, 0xce, 0x01, 0xfc, 0xd2, 0x23, 0x06,
    0xfc, 0xcf, 0xcf, 0xcf, 0x33, 0x33, 0xda, 0x23, 0x02, 0xa4, 0x33, 0xe0, 0x23, 0x0c, 0xa4, 0x33,
    0x33, 0xa4, 0x97, 0x97, 0x33, 0xf7, 0x31, 0xc6, 0x9b, 0x5d, 0x23, 0x24, 0x04, 0x05, 0x5d, 0x31,
    0x96, 0x2a, 0x24, 0x02, 0xa4, 0x97, 0x2e, 0x24, 0x03, 0xcf, 0xcf, 0xfc, 0x35, 0x24, 0x01, 0x01,
    0x3d, 0x24, 0x04, 0xfc, 0xcf, 0x33, 0xa4, 0x44, 0x24, 0x02, 0xa4, 0x33, 0x48, 0x24, 0x04, 0x33,
    0xcf, 0xcf, 0xfc, 0x53, 0x24, 0x06, 0xfc, 0xcf, 0xcf, 0xcf, 0x6b, 0x33, 0x5c, 0x24, 0x02, 0xa4,
    0x33, 0x61, 0x24, 0x01, 0xa4, 0x65, 0x24, 0x03, 0x33, 0xf6, 0x31, 0x69, 0x24, 0x02, 0x5d, 0x9b,
    0xa4, 0x24, 0x04, 0x05, 0x5d, 0x53, 0x96, 0xa9, 0x24, 0x06, 0x33, 0xa4, 0xcf, 0x6b, 0xcf, 0xfc,
    0xb8, 0x24, 0x05, 0x01, 0x01, 0x01, 0x01, 0x01, 0xbe, 0x24, 0x04, 0xfd, 0xce, 0x33, 0xa4, 0xc5,
    0x24, 0x04, 0xa4, 0x33, 0xcf, 0xcf, 0xd5, 0x24, 0x05, 0xfc, 0xcf, 0xcf, 0xce, 0x6a, 0xde, 0x24,
    0x02, 0xa4, 0x33, 0xe3, 0x24, 0x02, 0x33, 0xa4, 0xe6, 0x24, 0x01, 0xf7, 0xe8, 0x24, 0x01, 0x9b,
    0x25, 0x25, 0x0b, 0x05, 0x58, 0x31, 0x74, 0xcf, 0xce, 0xcf, 0xfd, 0x1e, 0x1e, 0x1e, 0x33, 0x25,
    0x02, 0x01, 0x01, 0x38, 0x25, 0x01, 0x01, 0x3b, 0x25, 0x0c, 0x01, 0x01, 0x01, 0x01, 0xcf, 0xcf,
    0xcf, 0x33, 0x33, 0x33, 0xcf, 0x6b, 0x48, 0x25, 0x01, 0xfc, 0x4b, 0x25, 0x01, 0x1e, 0x50, 0x25,
    0x0c, 0x01, 0x01, 0x01, 0x01, 0x01, 0x01, 0x01, 0xfd, 0xce, 0xce, 0xce, 0x6a, 0x5d, 0x25, 0x01,
    0x33, 0x60, 0x25, 0x01, 0xa4, 0x63, 0x25, 0x01, 0x01, 0x67, 0x25, 0x01, 0x5d, 0xa6, 0x25, 0x05,
    0x05, 0x62, 0x31, 0x6b, 0xfc, 0xb0, 0x25, 0x02, 0x01, 0x1e, 0xb3, 0x25, 0x05, 0x1e, 0x1e, 0x1f,
    0x1f, 0x1e, 0xbb, 0x25, 0x03, 0x1e, 0x1e, 0x1e, 0xc0, 0x25, 0x03, 0xcf, 0xcf, 0xfc, 0xc4, 0x25,
    0x05, 0xd1, 0xcf, 0xfc, 0x1e, 0x1e, 0xca, 0x25, 0x04, 0x01, 0x01, 0x01, 0x01, 0xd2, 0x25, 0x04,
    0x01, 0x01, 0x01, 0x01, 0xd8, 0x25, 0x07, 0xfc, 0xcf, 0xd1, 0xcf, 0x6b, 0xcf, 0x33, 0xe0, 0x25,
    0x05, 0x33, 0x97, 0xbc, 0xf7, 0xc6, 0xe6, 0x25, 0x01, 0x5d, 0x27, 0x26, 0x01, 0x05, 0x29, 0x26,
    0x02, 0x97, 0x6a, 0x2c, 0x26, 0x01, 0x01, 0x3f, 0x26, 0x02, 0x1e, 0xe2, 0x42, 0x26, 0x04, 0xe2,
    0x01, 0xcf, 0xfd, 0x4e, 0x26, 0x09, 0x1f, 0x1f, 0x1f, 0x1f, 0x1f, 0x1f, 0x1e, 0x1e, 0x1e, 0x5a,
    0x26, 0x09, 0xe2, 0xd1, 0xd1, 0x75, 0xd1, 0xe2, 0x96, 0xbc, 0x31, 0xa9, 0x26, 0x03, 0x62, 0x60,
    0x6a, 0xaf, 0x26, 0x04, 0x1e, 0x1e, 0x1e, 0x1e, 0xb4, 0x26, 0x01, 0x1e, 0xba, 0x26, 0x01, 0x1e,
    0xbe, 0x26, 0x05, 0xe2, 0xd1, 0xd1, 0xd1, 0x1e, 0xc4, 0x26, 0x03, 0xcf, 0xcf, 0xcf, 0xc9, 0x26,
    0x08, 0x1e, 0x1e, 0x1f, 0x1f, 0x1e, 0x1e, 0x1e, 0x1e, 0xd2, 0x26, 0x01, 0x1e, 0xd5, 0x26, 0x0f,
    0x1e, 0x1e, 0x1e, 0x1e, 0x1e, 0x1e, 0xd1, 0xe2, 0xcf, 0x75, 0x8f, 0xf6, 0x53, 0x62, 0xc6, 0x29,
    0x27, 0x04, 0x58, 0x62, 0xad, 0x73, 0x30, 0x27, 0x01, 0x1e, 0x32, 0x27, 0x02, 0x1e, 0x1e, 0x35,
    0x27, 0x01, 0x1e, 0x39, 0x27, 0x01, 0x1e, 0x3b, 0x27, 0x07, 0x1e, 0xfc, 0xcf, 0xd1, 0xd1, 0xcf,
    0x33, 0x44, 0x27, 0x06, 0x33, 0xcf, 0xcf, 0xd1, 0xfc, 0x1e, 0x4b, 0x27, 0x07, 0x1e, 0x1e, 0x1e,
    0x1e, 0x1e, 0x1e, 0x1e, 0x5a, 0x27, 0x07, 0x1e, 0x1e, 0xe2, 0x6a, 0xcf, 0xc7, 0x53, 0x62, 0x27,
    0x01, 0x5d, 0xaa, 0x27, 0x04, 0x58, 0x18, 0x9c, 0x6b, 0xb2, 0x27, 0x10, 0x01, 0x01, 0x01, 0x01,
    0x01, 0x01, 0x01, 0xfd, 0xfd, 0x6a, 0xce, 0xfd, 0xce, 0x33, 0x33, 0x33, 0xc5, 0x27, 0x06, 0xcf,
    0xcf, 0xcf, 0xcf, 0xcf, 0xfc, 0xce, 0x27, 0x09, 0x1e, 0x1e, 0x1e, 0x1e, 0x1e, 0x1e, 0x1e, 0x1e,
    0x1e, 0xd9, 0x27, 0x01, 0x1e, 0xdb, 0x27, 0x04, 0x1e, 0x73, 0x9c, 0x18, 0xe1, 0x27, 0x01, 0x3f,
    0x2a, 0x28, 0x01, 0x05, 0x2c, 0x28, 0x06, 0x97, 0x6a, 0xfd, 0x01, 0x01, 0x01, 0x37, 0x28, 0x07,
    0xfd, 0x01, 0xce, 0xce, 0xce, 0x6a, 0xce, 0x42, 0x28, 0x01, 0x33, 0x46, 0x28, 0x06, 0xcf, 0xcf,
    0xcf, 0xcf, 0xcf, 0xfc, 0x53, 0x28, 0x0e, 0x01, 0x1f, 0x01, 0x1f, 0x01, 0x1f, 0xfd, 0x6b, 0x9d,
    0xf7, 0x62, 0xc6, 0xc6, 0x5d, 0xab, 0x28, 0x01, 0x05, 0xad, 0x28, 0x11, 0x97, 0x9c, 0xfc, 0x01,
    0x01, 0x01, 0x01, 0x01, 0xfd, 0x01, 0xcf, 0xcf, 0xcf, 0xcf, 0xcf, 0x33, 0xa4, 0xbf, 0x28, 0x01,
    0x33, 0xc2, 0x28, 0x02, 0xa4, 0x33, 0xc7, 0x28, 0x09, 0xcf, 0x33, 0xcf, 0xcf, 0xcf, 0xcf, 0xfc,
    0x01, 0x01, 0xd8, 0x28, 0x08, 0xfd, 0x6a, 0x6b, 0xc6, 0x31, 0x62, 0x9b, 0x5d, 0x2c, 0x29, 0x05,
    0x5d, 0x53, 0x6b, 0x9c, 0xfc, 0x33, 0x29, 0x01, 0xfc, 0x35, 0x29, 0x06, 0xcf, 0xcf, 0xcf, 0xcf,
    0xcf, 0x33, 0x3e, 0x29, 0x03, 0xa4, 0xa4, 0x33, 0x43, 0x29, 0x03, 0xa4, 0x33, 0x33, 0x49, 0x29,
    0x06, 0x33, 0xce, 0xce, 0xce, 0xce, 0xfd, 0x52, 0x29, 0x0a, 0x01, 0x01, 0x01, 0x01, 0xfc, 0x6b,
    0x73, 0x97, 0xc6, 0x62, 0x5d, 0x29, 0x01, 0x5d, 0xac, 0x29, 0x05, 0x05, 0x5d, 0xb3, 0x6b, 0xcf,
    0xb3, 0x29, 0x0a, 0x6b, 0xcf, 0xfc, 0xcf, 0xcf, 0xcf, 0x33, 0xa4, 0xa4, 0xa4, 0xbf, 0x29, 0x03,
    0xa4, 0xa4, 0x33, 0xc4, 0x29, 0x02, 0xa4, 0x33, 0xca, 0x29, 0x08, 0x33, 0xce, 0xce, 0xce, 0xce,
    0xce, 0xfd, 0x01, 0xd5, 0x29, 0x08, 0xfc, 0x6a, 0xcf, 0x51, 0x01, 0x31, 0x5d, 0x5d, 0x2d, 0x2a,
    0x0c, 0x05, 0x5d, 0x51, 0x75, 0x53, 0x33, 0xd1, 0x6b, 0xcf, 0xfc, 0x33, 0xa4, 0x3a, 0x2a, 0x04,
    0x97, 0x33, 0x33, 0xa4, 0x3f, 0x2a, 0x01, 0xa4, 0x41, 0x2a, 0x01, 0x97, 0x44, 0x2a, 0x01, 0xa4,
    0x46, 0x2a, 0x01, 0x33, 0x4b, 0x2a, 0x07, 0xcf, 0xcf, 0xcf, 0xcf, 0xcf, 0xcf, 0xcf, 0x53, 0x2a,
    0x09, 0xe2, 0x75, 0x6b, 0x9c, 0x51, 0x01, 0x31, 0x5d, 0x5d, 0xae, 0x2a, 0x08, 0x5d, 0x6c, 0x33,
    0xa4, 0x53, 0x33, 0xd1, 0x33, 0xb7, 0x2a, 0x01, 0x33, 0xb9, 0x2a, 0x04, 0xa4, 0xa4, 0x97, 0x97,
    0xbf, 0x2a, 0x01, 0xa4, 0xc1, 0x2a, 0x02, 0x33, 0xa4, 0xc5, 0x2a, 0x02, 0xa4, 0x33, 0xcc, 0x2a,
    0x0f, 0xcf, 0xcf, 0xcf, 0xcf, 0xcf, 0xcf, 0x33, 0x96, 0x9c, 0xcf, 0x51, 0x62, 0xf7, 0x5d, 0x5d,
    0x2e, 0x2b, 0x07, 0x05, 0x5d, 0x6c, 0x62, 0x62, 0x62, 0x33, 0x38, 0x2b, 0x01, 0x33, 0x3a, 0x2b,
    0x02, 0xa4, 0xa4, 0x40, 0x2b, 0x03, 0xa4, 0x97, 0xa4, 0x45, 0x2b, 0x01, 0xa4, 0x47, 0x2b, 0x01,
    0x33, 0x4e, 0x2b, 0x0c, 0x33, 0xcf, 0xcf, 0xcf, 0xbc, 0xa4, 0xc6, 0x97, 0x31, 0x6c, 0x3f, 0x9b,
    0xaf, 0x2b, 0x07, 0x05, 0x5d, 0x3f, 0x62, 0xa4, 0x62, 0x33, 0xb7, 0x2b, 0x01, 0xa4, 0xbc, 0x2b,
    0x03, 0xa4, 0xa4, 0x33, 0xc1, 0x2b, 0x01, 0xa4, 0xc3, 0x2b, 0x02, 0x33, 0x33, 0xc6, 0x2b, 0x03,
    0xa4, 0x33, 0x33, 0xcf, 0x2b, 0x0a, 0x33, 0xa5, 0xa4, 0x53, 0x62, 0xc6, 0x31, 0x9b, 0x5d, 0x5d,
    0x30, 0x2c, 0x07, 0x5d, 0x5d, 0x0c, 0x62, 0xa4, 0x53, 0x33, 0x38, 0x2c, 0x02, 0xa4, 0x33, 0x3d,
    0x2c, 0x01, 0xa4, 0x42, 0x2c, 0x02, 0xa4, 0xa4, 0x45, 0x2c, 0x01, 0x33, 0x47, 0x2c, 0x02, 0xa4,
    0xa4, 0x4a, 0x2c, 0x01, 0x33, 0x4f, 0x2c, 0x01, 0xa5, 0x51, 0x2c, 0x07, 0xa4, 0x62, 0xc6, 0x31,
    0x6c, 0x9b, 0x5d, 0xb0, 0x2c, 0x0a, 0x05, 0x9b, 0x3f, 0x0c, 0x62, 0x62, 0x53, 0x33, 0xa4, 0x33,
    0xbe, 0x2c, 0x02, 0xa4, 0x33, 0xc4, 0x2c, 0x03, 0xa4, 0x33, 0x33, 0xc9, 0x2c, 0x0e, 0x97, 0xa4,
    0x33, 0x33, 0xa4, 0x01, 0x60, 0x62, 0xa4, 0xc6, 0x3f, 0x5d, 0x5d, 0x3f, 0x31, 0x2d, 0x0a, 0x05,
    0x9b, 0x3f, 0x3f, 0x62, 0x62, 0x53, 0x33, 0xa4, 0x33, 0x3e, 0x2d, 0x01, 0xa4, 0x40, 0x2d, 0x01,
    0x33, 0x45, 0x2d, 0x02, 0xa4, 0x33, 0x49, 0x2d, 0x01, 0xa4, 0x4b, 0x2d, 0x0b, 0x33, 0x96, 0x53,
    0xf7, 0x51, 0x51, 0xc6, 0x6c, 0x5d, 0x5d, 0x5d, 0xb2, 0x2d, 0x08, 0x5d, 0x9b, 0x3f, 0x3a, 0x62,
    0x62, 0x53, 0x97, 0xbb, 0x2d, 0x01, 0x33, 0xbf, 0x2d, 0x01, 0xa4, 0xc1, 0x2d, 0x01, 0x33, 0xc5,
    0x2d, 0x01, 0xa4, 0xc7, 0x2d, 0x01, 0x33, 0xc9, 0x2d, 0x0c, 0x33, 0xa4, 0x01, 0xa4, 0x51, 0x62,
    0x51, 0xc6, 0x6c, 0x5d, 0x9b, 0x5d, 0x33, 0x2e, 0x06, 0x3f, 0x5d, 0x0c, 0x3a, 0x62, 0x62, 0x3a,
    0x2e, 0x01, 0x97, 0x3c, 0x2e, 0x01, 0x33, 0x40, 0x2e, 0x01, 0xa4, 0x42, 0x2e, 0x01, 0x33, 0x46,
    0x2e, 0x01, 0xa4, 0x48, 0x2e, 0x02, 0x33, 0xa5, 0x4b, 0x2e, 0x08, 0x53, 0xc6, 0xa4, 0x51, 0x9a,
    0x3f, 0x5d, 0x5d, 0xb3, 0x2e, 0x06, 0x05, 0x9b, 0x3f, 0x0c, 0x3a, 0x62, 0xba, 0x2e, 0x03, 0x53,
    0x97, 0x33, 0xc1, 0x2e, 0x01, 0xa4, 0xc3, 0x2e, 0x01, 0x33, 0xc6, 0x2e, 0x04, 0x33, 0xa4, 0xa5,
    0xa4, 0xcc, 0x2e, 0x06, 0x62, 0x51, 0x9a, 0x6c, 0x5d, 0x5d, 0x34, 0x2f, 0x07, 0x5d, 0x5d, 0x3f,
    0x3f, 0x3a, 0xa4, 0x62, 0x3c, 0x2f, 0x02, 0x97, 0x33, 0x43, 0x2f, 0x01, 0xa4, 0x46, 0x2f, 0x0b,
    0x96, 0x53, 0x53, 0xa4, 0x62, 0x62, 0x0c, 0x9a, 0x6c, 0x9b, 0x5d, 0xb5, 0x2f, 0x0a, 0x5d, 0x3f,
    0x3f, 0x3f, 0x3a, 0x62, 0x62, 0xa4, 0x97, 0x33, 0xc4, 0x2f, 0x06, 0xa4, 0xa4, 0x33, 0x53, 0x62,
    0x62, 0xcb, 0x2f, 0x05, 0x0c, 0x3f, 0x6c, 0x5d, 0x9b, 0x35, 0x30, 0x0b, 0x05, 0x5d, 0x6c, 0x0c,
    0x3f, 0x3a, 0x62, 0x62, 0xa4, 0x33, 0x33, 0x42, 0x30, 0x03, 0x33, 0xa4, 0xa5, 0x46, 0x30, 0x09,
    0x62, 0x33, 0x62, 0x62, 0xf0, 0x9a, 0x6c, 0x5d, 0x5d, 0xb6, 0x30, 0x07, 0x3f, 0x5d, 0x6c, 0x0c,
    0x3f, 0x62, 0x62, 0xbe, 0x30, 0x02, 0x53, 0x33, 0xc2, 0x30, 0x0c, 0xa5, 0x53, 0xa4, 0xc6, 0x51,
    0x62, 0x3f, 0x9b, 0x6c, 0x3f, 0x3f, 0x5d, 0x37, 0x31, 0x06, 0x5d, 0x5d, 0x6c, 0x3f, 0x3f, 0x62,
    0x3e, 0x31, 0x06, 0xc6, 0x60, 0x97, 0xa5, 0xa4, 0x62, 0x45, 0x31, 0x08, 0xc6, 0x62, 0x3f, 0x9b,
    0x6c, 0x6c, 0x3f, 0x5d, 0xb7, 0x31, 0x06, 0x05, 0x5d, 0x6c, 0x3f, 0x3f, 0x3f, 0xbe, 0x31, 0x02,
    0x51, 0xc6, 0xc1, 0x31, 0x02, 0x60, 0x62, 0xc4, 0x31, 0x01, 0xa4, 0xc6, 0x31, 0x06, 0x9b, 0x9b,
    0x6c, 0x6c, 0x3f, 0x3f, 0x38, 0x32, 0x13, 0x5d, 0x5d, 0x9b, 0x0c, 0x0c, 0x9b, 0xc7, 0x62, 0x31,
    0x31, 0x51, 0x62, 0x3f, 0x0c, 0x9b, 0x3f, 0x6c, 0x3f, 0x5d, 0xb9, 0x32, 0x08, 0x5d, 0x9b, 0x3f,
    0x9a, 0x6c, 0x6c, 0x62, 0x62, 0xc2, 0x32, 0x08, 0xc6, 0x0c, 0x0c, 0x9b, 0x6c, 0x3f, 0x3f, 0x5d,
    0x39, 0x33, 0x07, 0x05, 0x9b, 0x5d, 0x6c, 0x6c, 0x5d, 0x9e, 0x41, 0x33, 0x08, 0x62, 0x6c, 0x83,
    0x9a, 0x3f, 0x9b, 0x9b, 0x5d, 0xba, 0x33, 0x0e, 0x5d, 0x9b, 0x5d, 0x3f, 0x5d, 0x3f, 0x05, 0x3f,
    0x5d, 0x6c, 0x9b, 0x5d, 0x9b, 0x5d, 0x3b, 0x34, 0x04, 0x5d, 0x5d, 0x5d, 0x5d, 0x41, 0x34, 0x06,
    0x05, 0x5d, 0x5d, 0x5d, 0x9b, 0x9b, 0xbb, 0x34, 0x02, 0x05, 0x5d, 0xc2, 0x34, 0x04, 0x05, 0x5d,
    0x5d, 0x5d, 0x43, 0x35, 0x02, 0x05, 0x5d, 0xc2, 0x17, 0x02, 0x0c, 0x0c, 0x40, 0x18, 0x01, 0xf0,
    0x42, 0x18, 0x04, 0xfc, 0xfc, 0xf0, 0x0c, 0xb9, 0x18, 0x01, 0x0c, 0xbc, 0x18, 0x0b, 0xee, 0xee,
    0x01, 0x01, 0x01, 0x01, 0x01, 0x01, 0xf1, 0xfd, 0xf1, 0xc8, 0x18, 0x01, 0x0c, 0x35, 0x19, 0x01,
    0x0c, 0x37, 0x19, 0x03, 0x33, 0x3f, 0x9b, 0x3b, 0x19, 0x07, 0x33, 0xcf, 0xfc, 0x1e, 0x1e, 0x01,
    0x01, 0x43, 0x19, 0x01, 0x1e, 0x45, 0x19, 0x03, 0x1e, 0xfc, 0xfc, 0x4a, 0x19, 0x01, 0x0c, 0xb0,
    0x19, 0x01, 0x0c, 0xb3, 0x19, 0x04, 0x33, 0x3f, 0x9b, 0x33, 0xb8, 0x19, 0x01, 0x33, 0xba, 0x19,
    0x01, 0xa4, 0xbd, 0x19, 0x03, 0x33, 0xcf, 0xfc, 0xc2, 0x19, 0x04, 0xfc, 0xfc, 0xfd, 0xfd, 0xc9,
    0x19, 0x04, 0x3f, 0x33, 0x33, 0x0c, 0x2c, 0x1a, 0x01, 0x0c, 0x2e, 0x1a, 0x03, 0xfc, 0xf0, 0xf0,
    0x32, 0x1a, 0x03, 0xfc, 0xcf, 0x97, 0x37, 0x1a, 0x01, 0xa4, 0x39, 0x1a, 0x02, 0xa4, 0x33, 0x3c,
    0x1a, 0x01, 0xa4, 0x3e, 0x1a, 0x01, 0x97, 0x41, 0x1a, 0x01, 0xfc, 0x43, 0x1a, 0x01, 0xa4, 0x45,
    0x1a, 0x05, 0xa4, 0xa4, 0xa4, 0xa4, 0x33, 0x4c, 0x1a, 0x02, 0x3f, 0x33, 0x4f, 0x1a, 0x01, 0x0c,
    0xa7, 0x1a, 0x0f, 0x0c, 0x0c, 0xe2, 0xfd, 0xf0, 0x01, 0x01, 0x01, 0x01, 0x01, 0x01, 0x01, 0xce,
    0xce, 0xce, 0xb9, 0x1a, 0x02, 0x33, 0x33, 0xbc, 0x1a, 0x02, 0x33, 0xcf, 0xc1, 0x1a, 0x06, 0xcf,
    0xfc, 0x33, 0xa4, 0xa4, 0x33, 0xca, 0x1a, 0x02, 0xa4, 0xa4, 0xce, 0x1a, 0x04, 0xfc, 0xf0, 0xfd,
    0x0c, 0x23, 0x1b, 0x04, 0x0c, 0x0c, 0x97, 0x33, 0x28, 0x1b, 0x0e, 0xd1, 0xce, 0x1f, 0x01, 0x1f,
    0x1f, 0x1f, 0x1f, 0x1f, 0x1f, 0x1f, 0x1f, 0x1f, 0xe2, 0x38, 0x1b, 0x0e, 0x33, 0xce, 0xcf, 0x01,
    0x01, 0x01, 0x01, 0x01, 0x01, 0x01, 0x01, 0xce, 0xfd, 0x33, 0x47, 0x1b, 0x02, 0xa4, 0x33, 0x4a,
    0x1b, 0x01, 0x33, 0x50, 0x1b, 0x03, 0x1e, 0xf0, 0xf0, 0x9e, 0x1b, 0x02, 0x0c, 0x0c, 0xa1, 0x1b,
    0x02, 0x33, 0x3f, 0xa4, 0x1b, 0x01, 0x97, 0xa9, 0x1b, 0x09, 0x33, 0xd1, 0x1e, 0x1f, 0x1f, 0x1f,
    0x1f, 0x1f, 0x1f, 0xb4, 0x1b, 0x08, 0x75, 0xfc, 0xcf, 0x33, 0xe2, 0x1f, 0x1e, 0x1e, 0xbd, 0x1b,
    0x09, 0x1e, 0x1f, 0x1f, 0x01, 0x1f, 0x1e, 0x1e, 0x1e, 0x33, 0xc7, 0x1b, 0x02, 0x33, 0x1e, 0xca,
    0x1b, 0x01, 0x01, 0xcc, 0x1b, 0x01, 0x01, 0xd0, 0x1b, 0x06, 0x01, 0x01, 0x01, 0xf1, 0xf1, 0xfc,
    0x1c, 0x1c, 0x01, 0x0c, 0x1e, 0x1c, 0x01, 0x3f, 0x21, 0x1c, 0x01, 0x33, 0x24, 0x1c, 0x01, 0xa4,
    0x26, 0x1c, 0x02, 0xa4, 0x33, 0x2a, 0x1c, 0x04, 0x33, 0xcf, 0x01, 0x01, 0x30, 0x1c, 0x06, 0xce,
    0xce, 0xce, 0xa4, 0x33, 0xa4, 0x39, 0x1c, 0x02, 0xcf, 0xfc, 0x3c, 0x1c, 0x06, 0x1f, 0x01, 0x1f,
    0x1f, 0x01, 0xe2, 0x43, 0x1c, 0x02, 0xfd, 0xfc, 0x48, 0x1c, 0x02, 0x33, 0xfc, 0x4b, 0x1c, 0x01,
    0x1e, 0x52, 0x1c, 0x06, 0x1e, 0x1e, 0x1e, 0x1e, 0xfc, 0x0c, 0x9b, 0x1c, 0x05, 0x0c, 0x3f, 0x53,
    0xa4, 0x33, 0xa1, 0x1c, 0x02, 0x97, 0xa4, 0xa4, 0x1c, 0x02, 0xa4, 0x33, 0xa7, 0x1c, 0x03, 0xa4,
    0x33, 0x33, 0xad, 0x1c, 0x02, 0xcf, 0xcf, 0xb3, 0x1c, 0x01, 0xa4, 0xba, 0x1c, 0x05, 0x33, 0xfd,
    0x01, 0x01, 0xfd, 0xc0, 0x1c, 0x02, 0xfc, 0xcf, 0xc4, 0x1c, 0x03, 0xa4, 0x33, 0x33, 0xd0, 0x1c,
    0x04, 0x01, 0x01, 0x01, 0x01, 0xd5, 0x1c, 0x01, 0xe2, 0xd8, 0x1c, 0x03, 0x3f, 0x3f, 0x0c, 0x1b,
    0x1d, 0x04, 0x6c, 0x3f, 0x3f, 0x33, 0x22, 0x1d, 0x01, 0xa4, 0x25, 0x1d, 0x01, 0x33, 0x27, 0x1d,
    0x04, 0xfc, 0xcf, 0xfc, 0xcf, 0x2c, 0x1d, 0x02, 0xcf, 0xd1, 0x2f, 0x1d, 0x02, 0xa4, 0x33, 0x32,
    0x1d, 0x01, 0xa4, 0x36, 0x1d, 0x01, 0x33, 0x38, 0x1d, 0x09, 0xa4, 0x33, 0x33, 0x33, 0x33, 0xfc,
    0xcf, 0xa4, 0x97, 0x46, 0x1d, 0x01, 0x33, 0x4f, 0x1d, 0x01, 0x01, 0x52, 0x1d, 0x01, 0xfc, 0x55,
    0x1d, 0x04, 0xa4, 0x33, 0xa4, 0x33, 0x5b, 0x1d, 0x04, 0x3f, 0x3f, 0x0c, 0x0c, 0x9c, 0x1d, 0x03,
    0x3f, 0x3f, 0xa4, 0xa1, 0x1d, 0x01, 0x33, 0xa3, 0x1d, 0x03, 0xfc, 0xcf, 0xcf, 0xac, 0x1d, 0x03,
    0x1e, 0xcf, 0xce, 0xb0, 0x1d, 0x03, 0xa4, 0x33, 0xa4, 0xb6, 0x1d, 0x02, 0x33, 0x33, 0xb9, 0x1d,
    0x04, 0xfc, 0xcf, 0x01, 0x01, 0xbe, 0x1d, 0x01, 0x33, 0xc1, 0x1d, 0x02, 0xa4, 0x97, 0xc8, 0x1d,
    0x01, 0xa4, 0xcb, 0x1d, 0x02, 0xa4, 0xa4, 0xd1, 0x1d, 0x01, 0x33, 0xd4, 0x1d, 0x01, 0xa4, 0xd6,
    0x1d, 0x02, 0x33, 0xa4, 0xd9, 0x1d, 0x01, 0xa4, 0xde, 0x1d, 0x04, 0x3f, 0x0c, 0x0c, 0x0c, 0x1c,
    0x1e, 0x03, 0x5d, 0x0c, 0x0c, 0x20, 0x1e, 0x01, 0x6b, 0x25, 0x1e, 0x04, 0x01, 0x01, 0x01, 0x01,
    0x2d, 0x1e, 0x01, 0x1f, 0x2f, 0x1e, 0x02, 0xfc, 0xcf, 0x32, 0x1e, 0x01, 0x33, 0x34, 0x1e, 0x03,
    0xcf, 0xfc, 0xfc, 0x3f, 0x1e, 0x01, 0xfc, 0x42, 0x1e, 0x02, 0xa4, 0x97, 0x4b, 0x1e, 0x01, 0x33,
    0x51, 0x1e, 0x01, 0x33, 0x53, 0x1e, 0x03, 0xa4, 0x97, 0x33, 0x59, 0x1e, 0x01, 0xa4, 0x5b, 0x1e,
    0x03, 0xa4, 0xa4, 0x33, 0x60, 0x1e, 0x01, 0x33, 0x62, 0x1e, 0x02, 0x0c, 0x0c, 0x9d, 0x1e, 0x04,
    0x5d, 0x0c, 0xf5, 0xfc, 0xa6, 0x1e, 0x0a, 0x01, 0x01, 0x1f, 0x1f, 0x1e, 0x1e, 0x1e, 0x1e, 0x1e,
    0xfc, 0xb2, 0x1e, 0x02, 0xfc, 0xfc, 0xbc, 0x1e, 0x03, 0x01, 0x01, 0x01, 0xc4, 0x1e, 0x01, 0xa4,
    0xc8, 0x1e, 0x02, 0x33, 0xfc, 0xd2, 0x1e, 0x03, 0x33, 0x33, 0x33, 0xde, 0x1e, 0x01, 0xa4, 0xe0,
    0x1e, 0x01, 0x33, 0xe4, 0x1e, 0x01, 0x0c, 0xe6, 0x1e, 0x01, 0x0c, 0x1d, 0x1f, 0x04, 0x05, 0x9b,
    0xee, 0xad, 0x22, 0x1f, 0x0e, 0x1e, 0x1f, 0x01, 0x01, 0x1f, 0x1f, 0x01, 0x01, 0x1f, 0xe2, 0xe2,
    0xd1, 0xd1, 0x33, 0x31, 0x1f, 0x05, 0x33, 0xcf, 0x1e, 0x1e, 0x1e, 0x38, 0x1f, 0x07, 0x1e, 0x1e,
    0x1f, 0x1f, 0x1f, 0x1f, 0x1e, 0x45, 0x1f, 0x03, 0x97, 0xfc, 0xfc, 0x53, 0x1f, 0x02, 0x01, 0xfd,
    0x56, 0x1f, 0x01, 0x33, 0x59, 0x1f, 0x01, 0x33, 0x65, 0x1f, 0x02, 0x1e, 0xfc, 0x68, 0x1f, 0x02,
    0x0c, 0x0c, 0x9e, 0x1f, 0x04, 0x05, 0x5d, 0xf5, 0xfc, 0xa7, 0x1f, 0x07, 0xe2, 0xe2, 0xcf, 0xcf,
    0x33, 0x33, 0x33, 0xaf, 0x1f, 0x01, 0x33, 0xb3, 0x1f, 0x03, 0xcf, 0x1e, 0x1e, 0xb8, 0x1f, 0x01,
    0x1e, 0xba, 0x1f, 0x03, 0x1e, 0x1e, 0x1e, 0xbf, 0x1f, 0x05, 0x1e, 0x1e, 0x1e, 0xe2, 0xd1, 0xc5,
    0x1f, 0x02, 0x1e, 0x1e, 0xc8, 0x1f, 0x07, 0x01, 0x01, 0x01, 0x01, 0x01, 0x01, 0x01, 0xd3, 0x1f,
    0x04, 0x01, 0x01, 0x01, 0xfc, 0xd8, 0x1f, 0x03, 0x33, 0xa4, 0x33, 0xe8, 0x1f, 0x02, 0xfc, 0xfc,
    0xeb, 0x1f, 0x02, 0x0c, 0x0c, 0x1f, 0x20, 0x0d, 0x5d, 0x0c, 0xf4, 0x01, 0xfd, 0xfd, 0xce, 0xce,
    0xce, 0x33, 0x33, 0xa4, 0xa4, 0x2e, 0x20, 0x02, 0x97, 0x33, 0x34, 0x20, 0x0d, 0xcf, 0x01, 0x01,
    0x01, 0x01, 0x01, 0x01, 0x01, 0x1f, 0x01, 0x1f, 0xe2, 0x75, 0x46, 0x20, 0x01, 0xe2, 0x58, 0x20,
    0x01, 0xe2, 0x5a, 0x20, 0x01, 0xe2, 0x5f, 0x20, 0x05, 0x01, 0x01, 0x01, 0x01, 0x01, 0x68, 0x20,
    0x05, 0x01, 0x01, 0x01, 0xfc, 0xf0, 0x6e, 0x20, 0x01, 0x0c, 0xa0, 0x20, 0x09, 0x5d, 0x0c, 0xfc,
    0xcf, 0xcf, 0x33, 0x33, 0xa4, 0x33, 0xaa, 0x20, 0x02, 0xa4, 0xa4, 0xad, 0x20, 0x01, 0xa4, 0xb5,
    0x20, 0x0f, 0x33, 0x01, 0x01, 0x01, 0x01, 0x01, 0x01, 0xfd, 0xce, 0x33, 0x33, 0xa4, 0xa4, 0x33,
    0x33, 0xc7, 0x20, 0x02, 0x33, 0xfc, 0xcb, 0x20, 0x01, 0x1e, 0xce, 0x20, 0x03, 0x1e, 0x1e, 0x1e,
    0xd2, 0x20, 0x01, 0x1e, 0xd4, 0x20, 0x03, 0x1e, 0x01, 0xfc, 0xda, 0x20, 0x16, 0x33, 0xcf, 0xfc,
    0x1e, 0x1e, 0x1e, 0x1e, 0x1f, 0x1f, 0x1e, 0x1e, 0x1e, 0x1e, 0x1e, 0x1e, 0x1e, 0x1e, 0x1e, 0x1e,
    0xe2, 0xf0, 0x0c, 0x20, 0x21, 0x04, 0x05, 0x5d, 0x09, 0xcf, 0x27, 0x21, 0x01, 0xa4, 0x2a, 0x21,
    0x02, 0xa4, 0xa4, 0x2e, 0x21, 0x03, 0xa4, 0x33, 0x33, 0x36, 0x21, 0x01, 0x33, 0x39, 0x21, 0x04,
    0xfc, 0xcf, 0x33, 0x33, 0x3f, 0x21, 0x02, 0xa4, 0xa4, 0x42, 0x21, 0x03, 0xa4, 0x97, 0x33, 0x48,
    0x21, 0x02, 0x33, 0xfd, 0x54, 0x21, 0x02, 0xfd, 0x97, 0x57, 0x21, 0x02, 0x33, 0x33, 0x5c, 0x21,
    0x05, 0x33, 0xcf, 0x1e, 0xe2, 0x1e, 0x6c, 0x21, 0x02, 0x1e, 0xe2, 0x6f, 0x21, 0x01, 0x8f, 0xa1,
    0x21, 0x03, 0x05, 0x9b, 0x62, 0xa8, 0x21, 0x01, 0x33, 0xaa, 0x21, 0x02, 0xa4, 0xa4, 0xae, 0x21,
    0x01, 0xa4, 0xb0, 0x21, 0x02, 0xa4, 0x33, 0xb3, 0x21, 0x02, 0x33, 0xa4, 0xb6, 0x21, 0x08, 0x33,
    0xfc, 0xd1, 0x33, 0xcf, 0x33, 0xa4, 0x33, 0xc1, 0x21, 0x01, 0xa4, 0xc4, 0x21, 0x01, 0x33, 0xca,
    0x21, 0x02, 0x33, 0xfc, 0xd2, 0x21, 0x02, 0xfc, 0x33, 0xd7, 0x21, 0x02, 0xa4, 0x97, 0xda, 0x21,
    0x01, 0x33, 0xde, 0x21, 0x02, 0x33, 0xcf, 0xe1, 0x21, 0x01, 0xfc, 0xe6, 0x21, 0x0a, 0x01, 0x01,
    0x01, 0x01, 0x1f, 0x1e, 0xe2, 0x74, 0x97, 0x9a, 0x22, 0x22, 0x03, 0x5d, 0x51, 0x33, 0x29, 0x22,
    0x01, 0x33, 0x2f, 0x22, 0x01, 0xa4, 0x31, 0x22, 0x08, 0x97, 0x33, 0x33, 0xce, 0xcf, 0xfc, 0xd1,
    0x1e, 0x3c, 0x22, 0x02, 0xa4, 0xa4, 0x40, 0x22, 0x02, 0xa4, 0xa4, 0x45, 0x22, 0x02, 0x33, 0x33,
    0x4b, 0x22, 0x08, 0x33, 0xcf, 0xe2, 0x1e, 0xfc, 0xfc, 0x33, 0x33, 0x55, 0x22, 0x01, 0xa4, 0x57,
    0x22, 0x01, 0xa4, 0x59, 0x22, 0x01, 0x33, 0x5c, 0x22, 0x01, 0x33, 0x60, 0x22, 0x02, 0x33, 0xce,
    0x63, 0x22, 0x01, 0xfd, 0x67, 0x22, 0x09, 0x01, 0x01, 0x01, 0x01, 0x01, 0x60, 0xa4, 0x01, 0x9b,
    0xa3, 0x22, 0x02, 0x5d, 0x97, 0xa9, 0x22, 0x02, 0x33, 0x33, 0xaf, 0x22, 0x09, 0x33, 0x97, 0x6b,
    0xcf, 0xfc, 0xfc, 0xcf, 0x01, 0x01, 0xb9, 0x22, 0x01, 0x1e, 0xbd, 0x22, 0x03, 0xa4, 0xa4, 0x33,
    0xc5, 0x22, 0x01, 0xa4, 0xc9, 0x22, 0x01, 0x97, 0xcd, 0x22, 0x03, 0x33, 0x33, 0x33, 0xd1, 0x22,
    0x03, 0xa4, 0x33, 0x97, 0xd5, 0x22, 0x04, 0x97, 0x33, 0xa4, 0xa4, 0xda, 0x22, 0x01, 0x33, 0xdc,
    0x22, 0x01, 0xa4, 0xe2, 0x22, 0x04, 0x33, 0xcf, 0xcf, 0xfc, 0xe9, 0x22, 0x04, 0xfc, 0x96, 0x6b,
    0xc7, 0x23, 0x23, 0x03, 0x05, 0x9e, 0x33, 0x29, 0x23, 0x02, 0xa4, 0x33, 0x2c, 0x23, 0x07, 0x33,
    0x33, 0xcf, 0xcf, 0xcf, 0xfc, 0xcf, 0x37, 0x23, 0x01, 0x1e, 0x39, 0x23, 0x02, 0x1e, 0xe2, 0x4a,
    0x23, 0x03, 0xa4, 0x33, 0xfc, 0x4e, 0x23, 0x03, 0xfc, 0xcf, 0x33, 0x54, 0x23, 0x03, 0xa4, 0x97,
    0x33, 0x5c, 0x23, 0x01, 0xa4, 0x5f, 0x23, 0x01, 0x33, 0x64, 0x23, 0x04, 0x33, 0xcf, 0xcf, 0xfc,
    0x69, 0x23, 0x06, 0x60, 0xf6, 0x53, 0x31, 0x3f, 0x5d, 0xa4, 0x23, 0x02, 0x05, 0xc6, 0xa9, 0x23,
    0x07, 0x97, 0x33, 0xfc, 0xcf, 0xcf, 0xfc, 0xcf, 0xbb, 0x23, 0x02, 0xfc, 0x33, 0xca, 0x23, 0x03,
    0xfd, 0x01, 0x01, 0xd0, 0x23, 0x03, 0xcf, 0xcf, 0x33, 0xd5, 0x23, 0x03, 0xa4, 0x33, 0x33, 0xde,
    0x23, 0x01, 0xa4, 0xe0, 0x23, 0x02, 0xa4, 0x33, 0xe3, 0x23, 0x03, 0x97, 0x33, 0xa4, 0xe7, 0x23,
    0x03, 0x97, 0xf7, 0xde, 0xec, 0x23, 0x02, 0x9b, 0x5d, 0x25, 0x24, 0x09, 0x58, 0x51, 0x33, 0xd1,
    0xd1, 0x75, 0xfc, 0xe2, 0xcf, 0x35, 0x24, 0x01, 0x01, 0x3b, 0x24, 0x03, 0x01, 0xfc, 0x33, 0x46,
    0x24, 0x03, 0x33, 0xcf, 0xfc, 0x51, 0x24, 0x03, 0xfc, 0xcf, 0x33, 0x56, 0x24, 0x02, 0xa4, 0x97,
    0x60, 0x24, 0x02, 0xa4, 0x97, 0x66, 0x24, 0x03, 0x6a, 0xf6, 0xc6, 0x6b, 0x24, 0x01, 0x5d, 0xa6,
    0x24, 0x01, 0x62, 0xa8, 0x24, 0x03, 0xcf, 0xfc, 0x6b, 0xb5, 0x24, 0x03, 0x01, 0x01, 0x01, 0xbd,
    0x24, 0x02, 0xfd, 0x33, 0xc2, 0x24, 0x01, 0x33, 0xc4, 0x24, 0x03, 0x33, 0xcf, 0xfc, 0xd3, 0x24,
    0x03, 0xcf, 0xcf, 0x33, 0xd7, 0x24, 0x01, 0xa4, 0xd9, 0x24, 0x02, 0xa4, 0x33, 0xe1, 0x24, 0x01,
    0xa4, 0xe3, 0x24, 0x03, 0x33, 0x97, 0xa5, 0xe7, 0x24, 0x04, 0x31, 0xa4, 0x5d, 0x3f, 0x27, 0x25,
    0x01, 0x31, 0x29, 0x25, 0x0b, 0x1e, 0x1f, 0x1e, 0x1f, 0x1e, 0x1e, 0x1e, 0x1e, 0x1e, 0x1e, 0x1e,
    0x35, 0x25, 0x06, 0x01, 0x01, 0x1f, 0x01, 0x01, 0x01, 0x3e, 0x25, 0x01, 0xfc, 0x42, 0x25, 0x03,
    0x33, 0xfc, 0xfc, 0x54, 0x25, 0x04, 0xfc, 0xcf, 0xcf, 0x33, 0x59, 0x25, 0x05, 0xa4, 0x33, 0xa4,
    0x33, 0x33, 0x63, 0x25, 0x03, 0x01, 0x18, 0x31, 0x68, 0x25, 0x01, 0x5d, 0xa8, 0x25, 0x01, 0x60,
    0xb0, 0x25, 0x02, 0x01, 0x1e, 0xb3, 0x25, 0x02, 0x1e, 0x1e, 0xbb, 0x25, 0x0b, 0x1e, 0x1e, 0x1e,
    0x1e, 0xfc, 0x33, 0xd1, 0xe2, 0x1e, 0x1e, 0x1e, 0xd4, 0x25, 0x01, 0x01, 0xd6, 0x25, 0x03, 0xcf,
    0xcf, 0x33, 0xda, 0x25, 0x01, 0xa4, 0xdc, 0x25, 0x01, 0xa4, 0xe1, 0x25, 0x04, 0x6b, 0x19, 0xf7,
    0xc6, 0x27, 0x26, 0x01, 0x05, 0x29, 0x26, 0x01, 0xfc, 0x2d, 0x26, 0x05, 0x1e, 0x1e, 0x1e, 0x1e,
    0x1e, 0x33, 0x26, 0x01, 0x1e, 0x3d, 0x26, 0x03, 0xe2, 0xd1, 0xcf, 0x41, 0x26, 0x03, 0x1e, 0xfc,
    0x01, 0x45, 0x26, 0x01, 0x01, 0x54, 0x26, 0x0a, 0x01, 0x01, 0x01, 0xfc, 0xcf, 0xcf, 0x33, 0xa4,
    0x33, 0xa4, 0x5f, 0x26, 0x05, 0xfc, 0x01, 0x53, 0x31, 0xa4, 0x65, 0x26, 0x01, 0x5d, 0xa8, 0x26,
    0x03, 0x58, 0x51, 0xfc, 0xb1, 0x26, 0x01, 0x1e, 0xb3, 0x26, 0x01, 0x1e, 0xb5, 0x26, 0x02, 0x1e,
    0x1e, 0xbb, 0x26, 0x04, 0xe2, 0xd1, 0xd1, 0x33, 0xc1, 0x26, 0x04, 0x33, 0x1e, 0xe2, 0x1e, 0xc6,
    0x26, 0x08, 0x1e, 0x1e, 0x1e, 0x01, 0x1e, 0x01, 0x1f, 0x01, 0xd1, 0x26, 0x01, 0x1f, 0xd3, 0x26,
    0x03, 0x1e, 0x1e, 0x01, 0xd8, 0x26, 0x03, 0xfc, 0xcf, 0xcf, 0xdc, 0x26, 0x02, 0x97, 0x33, 0xe0,
    0x26, 0x02, 0x53, 0x62, 0x2a, 0x27, 0x13, 0x33, 0x01, 0x01, 0x01, 0x01, 0x01, 0x01, 0x01, 0x01,
    0x01, 0x01, 0x01, 0x01, 0x01, 0xfc, 0xe2, 0x6b, 0xe2, 0x33, 0x42, 0x27, 0x05, 0x33, 0xcf, 0xe2,
    0x1e, 0x1e, 0x48, 0x27, 0x03, 0x1e, 0x1e, 0x1e, 0x53, 0x27, 0x0c, 0x1e, 0x1e, 0x1e, 0x1e, 0x1e,
    0x1e, 0x1e, 0xfc, 0xfc, 0x97, 0x19, 0xa4, 0x60, 0x27, 0x02, 0xa4, 0x62, 0xa9, 0x27, 0x01, 0x05,
    0xab, 0x27, 0x03, 0x72, 0x01, 0x01, 0xb2, 0x27, 0x09, 0x01, 0x01, 0x01, 0x01, 0xfd, 0xce, 0xce,
    0x33, 0x33, 0xbd, 0x27, 0x01, 0x33, 0xc3, 0x27, 0x02, 0x33, 0xcf, 0xc6, 0x27, 0x01, 0x1e, 0xcc,
    0x27, 0x02, 0x1e, 0x1e, 0xd9, 0x27, 0x04, 0xfc, 0x1e, 0x74, 0xbc, 0xde, 0x27, 0x02, 0xc6, 0xc6,
    0x2a, 0x28, 0x0f, 0x58, 0x51, 0xfc, 0x01, 0x01, 0x01, 0x01, 0x01, 0x01, 0x01, 0xfd, 0xce, 0xce,
    0x33, 0xcf, 0x3c, 0x28, 0x02, 0xa4, 0x33, 0x44, 0x28, 0x02, 0x33, 0xcf, 0x4e, 0x28, 0x01, 0x1e,
    0x50, 0x28, 0x04, 0x1e, 0x1e, 0x1e, 0x1e, 0x55, 0x28, 0x01, 0x1e, 0x57, 0x28, 0x04, 0x1e, 0xe2,
    0x96, 0xf6, 0x5c, 0x28, 0x01, 0xf7, 0x5e, 0x28, 0x02, 0xc6, 0x5d, 0xaa, 0x28, 0x04, 0x05, 0x58,
    0xad, 0xfc, 0xb2, 0x28, 0x05, 0xfc, 0xcf, 0xcf, 0x33, 0xcf, 0xb9, 0x28, 0x01, 0xa4, 0xbe, 0x28,
    0x02, 0x33, 0x33, 0xc5, 0x28, 0x02, 0x33, 0xcf, 0xc8, 0x28, 0x01, 0xfc, 0xd0, 0x28, 0x0b, 0x1f,
    0x1f, 0x1f, 0x1f, 0x1f, 0x01, 0xfd, 0x6b, 0x60, 0xf7, 0xc6, 0xdc, 0x28, 0x02, 0x62, 0x5d, 0x2b,
    0x29, 0x03, 0x9b, 0x51, 0x9c, 0x2f, 0x29, 0x04, 0xfc, 0xcf, 0xcf, 0xcf, 0x34, 0x29, 0x01, 0xcf,
    0x38, 0x29, 0x03, 0xa4, 0x33, 0xa4, 0x3e, 0x29, 0x03, 0xa4, 0x97, 0x33, 0x46, 0x29, 0x04, 0x33,
    0xce, 0xce, 0xfd, 0x54, 0x29, 0x03, 0xfd, 0x6a, 0x96, 0x58, 0x29, 0x02, 0xde, 0xa4, 0x5c, 0x29,
    0x01, 0x5d, 0xab, 0x29, 0x08, 0x05, 0x58, 0x51, 0xd1, 0xcf, 0xcf, 0x33, 0x6b, 0xb5, 0x29, 0x01,
    0x33, 0xb8, 0x29, 0x02, 0xa4, 0x33, 0xbb, 0x29, 0x03, 0xa4, 0xa4, 0xa4, 0xbf, 0x29, 0x01, 0x97,
    0xc1, 0x29, 0x01, 0x33, 0xc7, 0x29, 0x04, 0x33, 0xcf, 0xcf, 0xfc, 0xcc, 0x29, 0x03, 0x01, 0x01,
    0x01, 0xd0, 0x29, 0x02, 0x01, 0x01, 0xd3, 0x29, 0x05, 0xfc, 0x6a, 0x33, 0x01, 0x62, 0xd9, 0x29,
    0x02, 0xc6, 0x5d, 0x2c, 0x2a, 0x05, 0x5d, 0x69, 0x62, 0x33, 0xd1, 0x36, 0x2a, 0x01, 0x33, 0x3b,
    0x2a, 0x04, 0x33, 0x33, 0xa4, 0xa4, 0x40, 0x2a, 0x02, 0x97, 0x33, 0x48, 0x2a, 0x03, 0x33, 0xcf,
    0xcf, 0x51, 0x2a, 0x06, 0xfc, 0xcf, 0x33, 0xf7, 0xc6, 0x31, 0x58, 0x2a, 0x02, 0x9b, 0x5d, 0xac,
    0x2a, 0x05, 0x05, 0x5d, 0x51, 0x53, 0x33, 0xb5, 0x2a, 0x03, 0xa4, 0x33, 0x33, 0xba, 0x2a, 0x03,
    0xa4, 0xa4, 0xa4, 0xbe, 0x2a, 0x03, 0xa4, 0xa4, 0xa4, 0xc9, 0x2a, 0x04, 0x33, 0xcf, 0xcf, 0x1e,
    0xcf, 0x2a, 0x07, 0xfc, 0x6a, 0x9c, 0x33, 0xc7, 0x53, 0x62, 0xd7, 0x2a, 0x02, 0x5d, 0x9b, 0x2d,
    0x2b, 0x04, 0x5d, 0x69, 0x62, 0x53, 0x35, 0x2b, 0x01, 0xa4, 0x38, 0x2b, 0x01, 0x33, 0x3f, 0x2b,
    0x01, 0xa4, 0x41, 0x2b, 0x02, 0x97, 0x33, 0x46, 0x2b, 0x01, 0xa4, 0x4a, 0x2b, 0x0a, 0x33, 0xcf,
    0xcf, 0xcf, 0x33, 0x73, 0x6b, 0xad, 0xde, 0xc6, 0x55, 0x2b, 0x02, 0x9b, 0x5d, 0xad, 0x2b, 0x04,
    0x05, 0x5d, 0x09, 0x62, 0xb6, 0x2b, 0x02, 0x33, 0xa4, 0xc2, 0x2b, 0x03, 0x33, 0x33, 0x33, 0xc6,
    0x2b, 0x02, 0x33, 0xa4, 0xcb, 0x2b, 0x03, 0x33, 0x33, 0xbc, 0xcf, 0x2b, 0x02, 0x60, 0xc7, 0xd2,
    0x2b, 0x01, 0x53, 0xd4, 0x2b, 0x02, 0x5d, 0x5d, 0x2e, 0x2c, 0x05, 0x5d, 0x6c, 0x62, 0x62, 0x33,
    0x35, 0x2c, 0x01, 0xa4, 0x37, 0x2c, 0x03, 0x33, 0xa4, 0x33, 0x41, 0x2c, 0x01, 0xa4, 0x43, 0x2c,
    0x01, 0x97, 0x45, 0x2c, 0x09, 0x97, 0x33, 0x33, 0xa4, 0x33, 0x33, 0xa5, 0x53, 0x53, 0x4f, 0x2c,
    0x06, 0xc7, 0x62, 0xc6, 0x5d, 0x5d, 0x5d, 0xaf, 0x2c, 0x03, 0x5d, 0x9e, 0xa4, 0xb3, 0x2c, 0x01,
    0x33, 0xb6, 0x2c, 0x04, 0xa4, 0x33, 0xa4, 0x33, 0xc2, 0x2c, 0x05, 0xa4, 0x33, 0xa4, 0x33, 0x33,
    0xc8, 0x2c, 0x08, 0x97, 0x97, 0x18, 0x53, 0x51, 0xc6, 0xa5, 0x31, 0xd1, 0x2c, 0x02, 0x9b, 0x5d,
    0x2f, 0x2d, 0x04, 0x05, 0x3f, 0x09, 0xa4, 0x36, 0x2d, 0x05, 0xa4, 0xa4, 0x33, 0xa4, 0x33, 0x43,
    0x2d, 0x0f, 0xa4, 0x33, 0xa4, 0x33, 0x33, 0xa5, 0xf7, 0xf7, 0x51, 0x01, 0xf7, 0x31, 0x5d, 0x5d,
    0x5d, 0xb0, 0x2d, 0x04, 0x3f, 0x6c, 0x62, 0xa4, 0xb7, 0x2d, 0x01, 0xa4, 0xb9, 0x2d, 0x01, 0x97,
    0xbb, 0x2d, 0x01, 0x33, 0xc3, 0x2d, 0x01, 0xa4, 0xc5, 0x2d, 0x01, 0x97, 0xc7, 0x2d, 0x0a, 0x60,
    0x53, 0x51, 0xc6, 0xc7, 0xc6, 0x5d, 0x5d, 0x5d, 0x5d, 0x30, 0x2e, 0x03, 0x05, 0x5d, 0x0c, 0x34,
    0x2e, 0x02, 0x62, 0x33, 0x38, 0x2e, 0x03, 0xa4, 0x33, 0xa4, 0x3c, 0x2e, 0x01, 0x33, 0x43, 0x2e,
    0x0c, 0x33, 0xa4, 0xbc, 0xa4, 0x53, 0x51, 0x01, 0x62, 0x31, 0x5d, 0x9b, 0x5d, 0xb1, 0x2e, 0x04,
    0x5d, 0x6c, 0x3a, 0xa4, 0xb6, 0x2e, 0x01, 0x33, 0xb8, 0x2e, 0x01, 0xa4, 0xba, 0x2e, 0x03, 0x33,
    0xa4, 0x33, 0xc2, 0x2e, 0x0c, 0xec, 0xa5, 0x53, 0x53, 0x33, 0xc6, 0xc7, 0xc6, 0x3f, 0x3f, 0x5d,
    0x5d, 0x31, 0x2f, 0x05, 0x05, 0x5d, 0x9a, 0x62, 0x62, 0x39, 0x2f, 0x02, 0xa4, 0x33, 0x3c, 0x2f,
    0x02, 0xa4, 0x33, 0x40, 0x2f, 0x01, 0x33, 0x42, 0x2f, 0x01, 0xbc, 0x44, 0x2f, 0x08, 0x53, 0x51,
    0x01, 0x31, 0x31, 0x9b, 0x5d, 0x5d, 0xb2, 0x2f, 0x04, 0x5d, 0x6c, 0x0c, 0x62, 0xb9, 0x2f, 0x01,
    0xa4, 0xbc, 0x2f, 0x02, 0xa4, 0xa4, 0xbf, 0x2f, 0x01, 0xa4, 0xc2, 0x2f, 0x09, 0x53, 0x62, 0xa4,
    0xa4, 0x62, 0x6c, 0x5d, 0x5d, 0x3f, 0x32, 0x30, 0x08, 0x05, 0x5d, 0x9a, 0x3a, 0x62, 0x53, 0x33,
    0xa4, 0x3d, 0x30, 0x03, 0x48, 0xa5, 0x60, 0x41, 0x30, 0x09, 0x62, 0x51, 0xc6, 0xc7, 0xc6, 0x5d,
    0x3f, 0x5d, 0x5d, 0xb3, 0x30, 0x03, 0x5d, 0x5d, 0x0c, 0xb7, 0x30, 0x07, 0x62, 0x53, 0x33, 0xa4,
    0x33, 0xa4, 0xbc, 0xbf, 0x30, 0x01, 0x53, 0xc1, 0x30, 0x07, 0xa4, 0xc7, 0x31, 0x9b, 0x5d, 0x5d,
    0x5d, 0x34, 0x31, 0x08, 0x5d, 0x6c, 0x3f, 0x62, 0x62, 0x60, 0xa4, 0xbc, 0x3d, 0x31, 0x0a, 0x53,
    0xc6, 0x97, 0xc6, 0xc7, 0x9b, 0x5d, 0x3f, 0x5d, 0x5d, 0xb4, 0x31, 0x0b, 0x05, 0x5d, 0x0c, 0x09,
    0x8e, 0xf6, 0xa4, 0x53, 0x62, 0x62, 0x51, 0xc0, 0x31, 0x06, 0x31, 0x6c, 0x5d, 0x3f, 0x9b, 0x3f,
    0x35, 0x32, 0x05, 0x5d, 0x6c, 0x9b, 0xc7, 0x31, 0x3b, 0x32, 0x09, 0x51, 0x33, 0xc6, 0xc7, 0x3f,
    0x6c, 0x5d, 0x5d, 0x5d, 0xb5, 0x32, 0x04, 0x05, 0x3f, 0x6c, 0x6c, 0xbb, 0x32, 0x08, 0x62, 0xc7,
    0x31, 0x6c, 0x3f, 0x3f, 0x5d, 0x5d, 0x36, 0x33, 0x04, 0x5d, 0x6c, 0x5d, 0x3a, 0x3c, 0x33, 0x06,
    0x6c, 0x6c, 0x5d, 0x9b, 0x5d, 0x5d, 0xb6, 0x33, 0x0a, 0x05, 0x5d, 0x5d, 0x5d, 0x51, 0x9b, 0x5d,
    0x3f, 0x5d, 0x3f, 0x37, 0x34, 0x02, 0x5d, 0x5d, 0x3b, 0x34, 0x04, 0x5d, 0x5d, 0x5d, 0x5d, 0xbb,
    0x34, 0x02, 0x05, 0x5d, 0xc2, 0x17, 0x02, 0x0c, 0x0c, 0x3e, 0x18, 0x0a, 0x0c, 0x0c, 0xf0, 0xf0,
    0xfc, 0xfc, 0xfc, 0x0c, 0xf0, 0x0c, 0xb9, 0x18, 0x11, 0x0c, 0x0c, 0x0c, 0xe2, 0xe2, 0xfd, 0xf1,
    0xf1, 0xf1, 0x01, 0x01, 0x01, 0x01, 0x01, 0xf0, 0x0c, 0x0c, 0x35, 0x19, 0x01, 0x0c, 0x37, 0x19,
    0x03, 0x33, 0x33, 0xa4, 0x3e, 0x19, 0x0e, 0xd1, 0xd1, 0xfc, 0x1e, 0x1e, 0x1f, 0x1e, 0x1f, 0x01,
    0x01, 0xfd, 0xf1, 0x0c, 0x0c, 0xb3, 0x19, 0x03, 0x3f, 0x3f, 0x9b, 0xb8, 0x19, 0x04, 0x33, 0x33,
    0xa4, 0xa4, 0xbf, 0x19, 0x04, 0x33, 0xcf, 0xcf, 0xfc, 0xc4, 0x19, 0x07, 0xfc, 0xe2, 0xd1, 0xd1,
    0x33, 0x33, 0xd1, 0xcc, 0x19, 0x02, 0x0c, 0x0c, 0x2a, 0x1a, 0x02, 0x0c, 0x0c, 0x2d, 0x1a, 0x02,
    0x0c, 0xf0, 0x34, 0x1a, 0x04, 0xfc, 0xcf, 0xd1, 0x33, 0x39, 0x1a, 0x01, 0xa4, 0x3c, 0x1a, 0x01,
    0xa4, 0x3f, 0x1a, 0x08, 0x33, 0x97, 0x33, 0x33, 0x97, 0x33, 0xcf, 0xa4, 0x48, 0x1a, 0x03, 0xa4,
    0x33, 0x33, 0xa4, 0x1a, 0x04, 0x0c, 0x0c, 0x0c, 0x97, 0xa9, 0x1a, 0x03, 0xd1, 0xce, 0xcf, 0xad,
    0x1a, 0x04, 0x01, 0x01, 0x01, 0x01, 0xb5, 0x1a, 0x03, 0x01, 0xcf, 0xcf, 0xb9, 0x1a, 0x01, 0x33,
    0xbc, 0x1a, 0x04, 0x33, 0xfc, 0xfc, 0xfc, 0xc3, 0x1a, 0x05, 0xfc, 0xd1, 0x97, 0x33, 0x33, 0xcc,
    0x1a, 0x05, 0x33, 0x33, 0x33, 0xcf, 0xf1, 0x1f, 0x1b, 0x06, 0x0c, 0x0c, 0x3f, 0x3f, 0x33, 0x33,
    0x26, 0x1b, 0x01, 0xa4, 0x2a, 0x1b, 0x06, 0xd1, 0xcf, 0xd1, 0x1e, 0x1e, 0x1e, 0x33, 0x1b, 0x05,
    0x1e, 0x1e, 0x1e, 0xfc, 0xfc, 0x39, 0x1b, 0x0d, 0xfd, 0x1e, 0x1f, 0x1f, 0x01, 0x01, 0x01, 0x01,
    0x01, 0x01, 0x01, 0x01, 0xfd, 0x49, 0x1b, 0x0a, 0x33, 0x33, 0xcf, 0xcf, 0x6b, 0xfc, 0xfc, 0xfc,
    0xcf, 0xf0, 0x9e, 0x1b, 0x03, 0x0c, 0x0c, 0x33, 0xa3, 0x1b, 0x02, 0xa4, 0xa4, 0xa8, 0x1b, 0x01,
    0x33, 0xab, 0x1b, 0x03, 0xcf, 0xce, 0xfd, 0xb4, 0x1b, 0x03, 0x97, 0xfd, 0xcf, 0xb8, 0x1b, 0x03,
    0x33, 0xd1, 0xee, 0xbc, 0x1b, 0x01, 0x1e, 0xc0, 0x1b, 0x01, 0x1e, 0xc5, 0x1b, 0x08, 0xfc, 0xfc,
    0xfc, 0xe2, 0xfc, 0xfd, 0xfc, 0xce, 0xd0, 0x1b, 0x07, 0x01, 0x01, 0x01, 0x01, 0xf1, 0xfc, 0x0c,
    0x1d, 0x1c, 0x03, 0x0c, 0x3f, 0x3f, 0x21, 0x1c, 0x02, 0x33, 0xa4, 0x26, 0x1c, 0x02, 0xa4, 0x33,
    0x2b, 0x1c, 0x03, 0xa4, 0xcf, 0xfc, 0x30, 0x1c, 0x01, 0xcf, 0x35, 0x1c, 0x02, 0xa4, 0xa4, 0x3a,
    0x1c, 0x03, 0x33, 0xf0, 0xfd, 0x3e, 0x1c, 0x01, 0x01, 0x41, 0x1c, 0x02, 0xfd, 0xfd, 0x45, 0x1c,
    0x02, 0x33, 0x33, 0x49, 0x1c, 0x01, 0xe2, 0x4d, 0x1c, 0x0a, 0x1e, 0x1e, 0x1e, 0x1e, 0x1e, 0x1e,
    0x1e, 0x1e, 0x1e, 0xf0, 0x58, 0x1c, 0x01, 0x0c, 0x9d, 0x1c, 0x05, 0x6c, 0x3f, 0x3f, 0x33, 0x33,
    0xa3, 0x1c, 0x01, 0xa4, 0xa7, 0x1c, 0x01, 0xa4, 0xaa, 0x1c, 0x05, 0xfc, 0xfc, 0x1e, 0xcf, 0xcf,
    0xb1, 0x1c, 0x01, 0xa4, 0xb3, 0x1c, 0x02, 0xa4, 0x33, 0xb6, 0x1c, 0x02, 0xa4, 0x33, 0xbb, 0x1c,
    0x04, 0x33, 0xf0, 0xfc, 0xfc, 0xc0, 0x1c, 0x02, 0xfc, 0x33, 0xc6, 0x1c, 0x01, 0x97, 0xca, 0x1c,
    0x01, 0xcf, 0xcc, 0x1c, 0x10, 0x1e, 0x1e, 0x1e, 0x1e, 0x1f, 0x1f, 0x01, 0x01, 0xfd, 0xfd, 0xce,
    0xce, 0x3f, 0x33, 0x0c, 0x0c, 0x1e, 0x1d, 0x03, 0x0c, 0x3f, 0x3a, 0x22, 0x1d, 0x05, 0x97, 0x33,
    0x33, 0xfc, 0xfc, 0x2d, 0x1d, 0x03, 0x1e, 0xcf, 0xcf, 0x37, 0x1d, 0x04, 0xa4, 0xa4, 0x33, 0x33,
    0x3c, 0x1d, 0x03, 0x33, 0x0c, 0x33, 0x40, 0x1d, 0x04, 0xa4, 0xa4, 0x33, 0xa4, 0x45, 0x1d, 0x01,
    0x33, 0x4c, 0x1d, 0x01, 0xce, 0x51, 0x1d, 0x07, 0xfc, 0xe2, 0xd1, 0xd1, 0xd1, 0xd1, 0x97, 0x59,
    0x1d, 0x05, 0xcf, 0x3f, 0x33, 0x3f, 0x0c, 0x9e, 0x1d, 0x03, 0x9b, 0x3f, 0x3f, 0xa2, 0x1d, 0x01,
    0xfc, 0xa7, 0x1d, 0x04, 0x01, 0x01, 0x01, 0x01, 0xad, 0x1d, 0x01, 0x01, 0xaf, 0x1d, 0x02, 0xcf,
    0x33, 0xb2, 0x1d, 0x01, 0xa4, 0xb9, 0x1d, 0x02, 0xcf, 0xcf, 0xbe, 0x1d, 0x01, 0xfc, 0xc2, 0x1d,
    0x02, 0xa4, 0x33, 0xc8, 0x1d, 0x01, 0xa4, 0xcf, 0x1d, 0x08, 0xfc, 0x6b, 0xce, 0xce, 0x33, 0x33,
    0x6a, 0x33, 0xd8, 0x1d, 0x02, 0x33, 0xa4, 0xdc, 0x1d, 0x04, 0x3f, 0x33, 0x3f, 0x0c, 0x1f, 0x1e,
    0x03, 0x0c, 0xf0, 0xfc, 0x23, 0x1e, 0x01, 0x1e, 0x25, 0x1e, 0x04, 0x01, 0x1f, 0x1f, 0x1f, 0x2a,
    0x1e, 0x03, 0x1e, 0x1e, 0x1e, 0x2e, 0x1e, 0x04, 0x1e, 0x1e, 0x1e, 0x33, 0x33, 0x1e, 0x02, 0x97,
    0xfc, 0x3f, 0x1e, 0x01, 0x1e, 0x4b, 0x1e, 0x01, 0x33, 0x4d, 0x1e, 0x09, 0xce, 0xcf, 0xfc, 0x33,
    0xcf, 0xa4, 0x33, 0xa4, 0x33, 0x59, 0x1e, 0x01, 0xa4, 0x5b, 0x1e, 0x03, 0xa4, 0xa4, 0x33, 0x5f,
    0x1e, 0x04, 0x33, 0x0c, 0x0c, 0x0c, 0x9f, 0x1e, 0x12, 0x05, 0x0c, 0xf0, 0x01, 0x01, 0x01, 0x01,
    0x01, 0x01, 0x1f, 0x1f, 0x1f, 0x1f, 0xe2, 0xe2, 0xd1, 0x33, 0x33, 0xbc, 0x1e, 0x06, 0x01, 0x01,
    0x01, 0x01, 0x01, 0x0c, 0xc5, 0x1e, 0x01, 0xa4, 0xc8, 0x1e, 0x05, 0x33, 0xcf, 0xcf, 0xfc, 0xfc,
    0xd2, 0x1e, 0x01, 0x33, 0xd4, 0x1e, 0x05, 0xa4, 0x97, 0x33, 0xa4, 0xa4, 0xde, 0x1e, 0x07, 0xa4,
    0x33, 0x33, 0xfc, 0xf0, 0xf0, 0x0c, 0x20, 0x1f, 0x0f, 0x5d, 0xf0, 0xfc, 0x01, 0x01, 0x01, 0x01,
    0xfd, 0xfd, 0xce, 0xce, 0x33, 0x33, 0xa4, 0x33, 0x33, 0x1f, 0x02, 0x1e, 0x1e, 0x36, 0x1f, 0x02,
    0x1e, 0x1e, 0x3b, 0x1f, 0x04, 0x1e, 0x1e, 0x1e, 0x1e, 0x42, 0x1f, 0x02, 0xf0, 0x33, 0x45, 0x1f,
    0x01, 0x97, 0x47, 0x1f, 0x02, 0xfc, 0xfc, 0x53, 0x1f, 0x02, 0xfc, 0x33, 0x56, 0x1f, 0x01, 0xa4,
    0x59, 0x1f, 0x01, 0x33, 0x5d, 0x1f, 0x0a, 0x97, 0xfc, 0xcf, 0xcf, 0xcf, 0xcf, 0xfc, 0xfc, 0xee,
    0x0c, 0xa0, 0x1f, 0x07, 0x05, 0x0c, 0xfc, 0xfc, 0xcf, 0xcf, 0x6b, 0xa8, 0x1f, 0x01, 0x33, 0xaa,
    0x1f, 0x02, 0xa4, 0xa4, 0xaf, 0x1f, 0x01, 0x33, 0xb3, 0x1f, 0x01, 0x33, 0xb8, 0x1f, 0x01, 0x1e,
    0xba, 0x1f, 0x03, 0x1e, 0x1e, 0x1e, 0xbf, 0x1f, 0x05, 0x1e, 0x1e, 0x1e, 0xfc, 0x33, 0xc7, 0x1f,
    0x02, 0x01, 0x01, 0xca, 0x1f, 0x19, 0x01, 0x01, 0x01, 0x01, 0x01, 0x01, 0x01, 0x01, 0x01, 0x01,
    0x01, 0xfd, 0x33, 0xa4, 0x33, 0xa4, 0x33, 0x33, 0xcf, 0xcf, 0xcf, 0xcf, 0xcf, 0xfc, 0xcf, 0xe5,
    0x1f, 0x05, 0xfc, 0xf0, 0xf0, 0x0c, 0x0c, 0x21, 0x20, 0x04, 0x05, 0xf0, 0x33, 0x33, 0x2d, 0x20,
    0x03, 0xa4, 0x97, 0x33, 0x34, 0x20, 0x01, 0x33, 0x40, 0x20, 0x02, 0x97, 0x33, 0x45, 0x20, 0x02,
    0x33, 0x1e, 0x4b, 0x20, 0x21, 0x1e, 0x1f, 0x1f, 0x1f, 0x1f, 0x1f, 0x1f, 0x1f, 0x1f, 0x1f, 0x1f,
    0xe2, 0xd1, 0x33, 0x97, 0xe2, 0xd1, 0xcf, 0xce, 0xfd, 0xce, 0x01, 0x01, 0x01, 0x01, 0x01, 0x01,
    0x01, 0xfd, 0xf1, 0xf1, 0xf1, 0x0c, 0xa2, 0x20, 0x02, 0x0c, 0x33, 0xaa, 0x20, 0x02, 0xa4, 0xa4,
    0xad, 0x20, 0x02, 0xa4, 0xa4, 0xb5, 0x20, 0x01, 0xcf, 0xbb, 0x20, 0x01, 0xfc, 0xbf, 0x20, 0x02,
    0xa4, 0x33, 0xc3, 0x20, 0x01, 0x33, 0xc6, 0x20, 0x03, 0x33, 0xfc, 0x1e, 0xcd, 0x20, 0x01, 0x1e,
    0xcf, 0x20, 0x01, 0x1e, 0xd2, 0x20, 0x02, 0x1e, 0x1e, 0xd5, 0x20, 0x04, 0x01, 0xfc, 0xfc, 0x33,
    0xda, 0x20, 0x03, 0x97, 0xfc, 0xcf, 0xe1, 0x20, 0x02, 0x01, 0x01, 0xe9, 0x20, 0x05, 0xfc, 0xf0,
    0xf0, 0xf0, 0x0c, 0x22, 0x21, 0x02, 0x05, 0x33, 0x28, 0x21, 0x01, 0x33, 0x30, 0x21, 0x02, 0x97,
    0x33, 0x33, 0x21, 0x02, 0x33, 0x33, 0x36, 0x21, 0x04, 0xd1, 0xfc, 0xfc, 0xfc, 0x3f, 0x21, 0x01,
    0xa4, 0x41, 0x21, 0x01, 0x33, 0x43, 0x21, 0x02, 0xa4, 0x33, 0x47, 0x21, 0x17, 0xcf, 0xfc, 0x01,
    0x01, 0x01, 0x01, 0x01, 0x01, 0x1f, 0x01, 0x1f, 0x1f, 0x1f, 0xe2, 0x75, 0xd1, 0xe2, 0x33, 0x33,
    0xd1, 0xd1, 0xe2, 0x1e, 0x60, 0x21, 0x10, 0x1e, 0x1e, 0x1e, 0x1e, 0x1e, 0x1e, 0x1e, 0x1e, 0x1e,
    0x1e, 0x1e, 0xe2, 0xf0, 0xee, 0xee, 0x0c, 0xa3, 0x21, 0x01, 0x5d, 0xa7, 0x21, 0x01, 0xa4, 0xa9,
    0x21, 0x01, 0x33, 0xb1, 0x21, 0x01, 0x33, 0xb4, 0x21, 0x02, 0x97, 0xcf, 0xb7, 0x21, 0x01, 0xcf,
    0xb9, 0x21, 0x02, 0xa4, 0x33, 0xbc, 0x21, 0x05, 0xa4, 0x97, 0xa4, 0xa4, 0xa4, 0xc3, 0x21, 0x01,
    0xa4, 0xc8, 0x21, 0x11, 0x3f, 0xce, 0xfd, 0x01, 0x01, 0x01, 0x01, 0x01, 0x01, 0x01, 0xfd, 0xce,
    0xce, 0x33, 0x33, 0xa4, 0x33, 0xdb, 0x21, 0x04, 0x33, 0xcf, 0xcf, 0xfc, 0xe2, 0x21, 0x04, 0x01,
    0x01, 0x01, 0x01, 0xea, 0x21, 0x06, 0x1e, 0x1e, 0x1e, 0xe2, 0x0c, 0x9a, 0x23, 0x22, 0x01, 0x5d,
    0x29, 0x22, 0x01, 0xa4, 0x2f, 0x22, 0x05, 0x33, 0x33, 0x6b, 0xfc, 0xfd, 0x37, 0x22, 0x02, 0xe2,
    0xd1, 0x3d, 0x22, 0x01, 0xa4, 0x3f, 0x22, 0x01, 0xa4, 0x41, 0x22, 0x02, 0xa4, 0x33, 0x44, 0x22,
    0x01, 0xa4, 0x46, 0x22, 0x01, 0x33, 0x49, 0x22, 0x03, 0x3f, 0xcf, 0xfc, 0x4d, 0x22, 0x01, 0x1e,
    0x4f, 0x22, 0x04, 0xfc, 0xfc, 0xcf, 0x33, 0x55, 0x22, 0x01, 0xa4, 0x57, 0x22, 0x03, 0x33, 0xa4,
    0x33, 0x5d, 0x22, 0x13, 0xd1, 0xcf, 0xcf, 0xfc, 0x1f, 0x1f, 0x1f, 0x1f, 0x1f, 0x1f, 0x1f, 0x1f,
    0x01, 0x01, 0x01, 0xfc, 0x6b, 0x6a, 0x97, 0xa4, 0x22, 0x01, 0x9e, 0xa9, 0x22, 0x08, 0x33, 0x33,
    0x33, 0x33, 0xcf, 0xcf, 0xfc, 0xfc, 0xb7, 0x22, 0x03, 0x1e, 0xcf, 0xd1, 0xbd, 0x22, 0x01, 0xa4,
    0xc2, 0x22, 0x02, 0xa4, 0x33, 0xc6, 0x22, 0x02, 0xa4, 0x33, 0xc9, 0x22, 0x0b, 0x33, 0x0c, 0x33,
    0xd1, 0xfc, 0xcf, 0x33, 0x33, 0xa4, 0x33, 0x33, 0xd5, 0x22, 0x02, 0xa4, 0x33, 0xd9, 0x22, 0x02,
    0x97, 0x33, 0xde, 0x22, 0x05, 0x33, 0xcf, 0xd1, 0xcf, 0xfc, 0xe5, 0x22, 0x06, 0x1e, 0x1e, 0x1e,
    0x1e, 0x1e, 0xe2, 0xec, 0x22, 0x06, 0x6a, 0xcf, 0xad, 0xf0, 0xf0, 0x0c, 0x24, 0x23, 0x02, 0x05,
    0x33, 0x27, 0x23, 0x07, 0x33, 0x33, 0x6b, 0xcf, 0xcf, 0xfc, 0xfc, 0x37, 0x23, 0x01, 0x1e, 0x39,
    0x23, 0x02, 0xcf, 0x33, 0x3c, 0x23, 0x01, 0xa4, 0x3e, 0x23, 0x01, 0xa4, 0x44, 0x23, 0x06, 0xa4,
    0xa4, 0x33, 0xa4, 0x33, 0xa4, 0x4b, 0x23, 0x04, 0x0c, 0xfc, 0xcf, 0x33, 0x51, 0x23, 0x01, 0x33,
    0x55, 0x23, 0x02, 0x97, 0xa4, 0x58, 0x23, 0x01, 0xa4, 0x5c, 0x23, 0x01, 0xa4, 0x60, 0x23, 0x05,
    0x33, 0xcf, 0xcf, 0xcf, 0xfc, 0x69, 0x23, 0x09, 0xfc, 0x74, 0x82, 0x82, 0xd1, 0xb3, 0x0c, 0xee,
    0x9a, 0xa5, 0x23, 0x09, 0x97, 0xcf, 0xcf, 0xcf, 0xfd, 0xfd, 0x01, 0x01, 0x01, 0xb9, 0x23, 0x03,
    0xfc, 0xcf, 0x33, 0xbd, 0x23, 0x01, 0xa4, 0xbf, 0x23, 0x01, 0xa4, 0xc6, 0x23, 0x03, 0xa4, 0x33,
    0xa4, 0xca, 0x23, 0x01, 0x6a, 0xcd, 0x23, 0x03, 0xfc, 0xcf, 0xcf, 0xd1, 0x23, 0x01, 0xa4, 0xda,
    0x23, 0x01, 0x33, 0xde, 0x23, 0x01, 0xa4, 0xe1, 0x23, 0x10, 0x33, 0xfd, 0xfd, 0xce, 0xce, 0xfd,
    0xfd, 0x6a, 0x72, 0x6a, 0xac, 0x6a, 0x51, 0xf0, 0x83, 0x3f, 0x26, 0x24, 0x05, 0xad, 0xfc, 0x1e,
    0x1e, 0x1e, 0x2c, 0x24, 0x01, 0x1e, 0x32, 0x24, 0x0b, 0x01, 0x01, 0x01, 0x01, 0x01, 0x01, 0x01,
    0x01, 0x01, 0xce, 0x33, 0x3f, 0x24, 0x02, 0x33, 0xa4, 0x45, 0x24, 0x01, 0x33, 0x47, 0x24, 0x03,
    0xcf, 0x01, 0x01, 0x4e, 0x24, 0x05, 0xfc, 0xcf, 0xcf, 0x33, 0xa4, 0x56, 0x24, 0x02, 0xa4, 0x33,
    0x5a, 0x24, 0x02, 0x33, 0x33, 0x60, 0x24, 0x02, 0xa4, 0x33, 0x63, 0x24, 0x03, 0x33, 0xcf, 0xfc,
    0x67, 0x24, 0x0a, 0x6a, 0x6b, 0xad, 0x97, 0x51, 0x9b, 0x83, 0x3f, 0x6c, 0x5d, 0xa6, 0x24, 0x02,
    0xb3, 0xfc, 0xa9, 0x24, 0x08, 0x1e, 0x1e, 0x1e, 0x1e, 0x1e, 0x1e, 0x1e, 0x1e, 0xb5, 0x24, 0x02,
    0x01, 0x01, 0xbb, 0x24, 0x03, 0xce, 0xce, 0x33, 0xc0, 0x24, 0x02, 0x33, 0xa4, 0xc3, 0x24, 0x02,
    0x33, 0x33, 0xcb, 0x24, 0x01, 0x1e, 0xcd, 0x24, 0x08, 0x1e, 0x1e, 0xf0, 0xcf, 0xcf, 0xcf, 0xa4,
    0xa4, 0xd7, 0x24, 0x01, 0xa4, 0xdb, 0x24, 0x01, 0xa4, 0xdd, 0x24, 0x01, 0x33, 0xe1, 0x24, 0x01,
    0xa4, 0xe4, 0x24, 0x0d, 0x33, 0x74, 0x82, 0x9c, 0x33, 0xad, 0xa5, 0x9b, 0x6c, 0x5d, 0x3f, 0x5d,
    0x5d, 0x26, 0x25, 0x03, 0x09, 0x9c, 0x1e, 0x2a, 0x25, 0x04, 0x1e, 0x1e, 0x1e, 0x1e, 0x34, 0x25,
    0x03, 0x1e, 0x1e, 0x1e, 0x38, 0x25, 0x02, 0x1e, 0x1e, 0x3b, 0x25, 0x06, 0xfc, 0xcf, 0xcf, 0x33,
    0x33, 0x33, 0x42, 0x25, 0x01, 0xfc, 0x50, 0x25, 0x07, 0xf0, 0xcf, 0xcf, 0xcf, 0x33, 0xa4, 0x33,
    0x59, 0x25, 0x02, 0xa4, 0x33, 0x5f, 0x25, 0x02, 0xa4, 0x33, 0x62, 0x25, 0x0d, 0x97, 0x97, 0xbc,
    0x53, 0x51, 0xb3, 0x62, 0x3f, 0x6c, 0x5d, 0x9b, 0x5d, 0x5d, 0xa6, 0x25, 0x03, 0x5d, 0xad, 0xfc,
    0xb0, 0x25, 0x05, 0x1e, 0x1e, 0x1e, 0x1e, 0x1e, 0xb9, 0x25, 0x01, 0x1e, 0xbb, 0x25, 0x09, 0x1e,
    0xe2, 0xe2, 0xd1, 0xe2, 0xe2, 0x1e, 0x1e, 0x1e, 0xc5, 0x25, 0x01, 0x1e, 0xd1, 0x25, 0x07, 0xf0,
    0xfc, 0xcf, 0xce, 0xcf, 0xa4, 0x33, 0xda, 0x25, 0x01, 0xa4, 0xe0, 0x25, 0x0d, 0x97, 0xfc, 0xa5,
    0xa4, 0x51, 0xc6, 0xc7, 0x6c, 0x6c, 0x5d, 0x3f, 0x5d, 0x5d, 0x27, 0x26, 0x02, 0x09, 0xad, 0x2d,
    0x26, 0x03, 0x1e, 0x1e, 0x1e, 0x31, 0x26, 0x02, 0x1e, 0x1e, 0x38, 0x26, 0x16, 0x1e, 0xe2, 0xe2,
    0xd1, 0xd1, 0x33, 0xcf, 0xce, 0xfc, 0x01, 0x01, 0x01, 0x01, 0x01, 0x01, 0x01, 0x01, 0x01, 0x01,
    0x01, 0x01, 0x01, 0x53, 0x26, 0x05, 0xfd, 0xce, 0xce, 0xce, 0x97, 0x5b, 0x26, 0x02, 0xa4, 0x33,
    0x5f, 0x26, 0x0c, 0xcf, 0xa4, 0x60, 0xbf, 0xa5, 0xde, 0x31, 0x6c, 0x5d, 0x3f, 0x5d, 0x9b, 0xa7,
    0x26, 0x15, 0x0c, 0xac, 0xfd, 0x01, 0x01, 0x01, 0x01, 0x01, 0x01, 0x01, 0x1f, 0x01, 0x01, 0x01,
    0x01, 0xfc, 0xe2, 0xe2, 0xd1, 0xd1, 0x33, 0xbe, 0x26, 0x07, 0xcf, 0xce, 0xcf, 0xfc, 0x1e, 0x1e,
    0x1e, 0xc6, 0x26, 0x07, 0x1e, 0x1e, 0x1e, 0x01, 0x1e, 0x01, 0x1f, 0xce, 0x26, 0x03, 0x01, 0x01,
    0x01, 0xd2, 0x26, 0x07, 0x01, 0x01, 0xfc, 0xce, 0xcf, 0xcf, 0x97, 0xdc, 0x26, 0x0d, 0xa4, 0x33,
    0xa4, 0x8f, 0xa4, 0xc7, 0xc6, 0xc6, 0x6c, 0x5d, 0x3f, 0x9b, 0x5d, 0x27, 0x27, 0x11, 0x05, 0xf0,
    0xad, 0xfc, 0x01, 0x01, 0x01, 0x01, 0x01, 0x01, 0x01, 0x01, 0xfd, 0xfd, 0xce, 0xce, 0x6a, 0x39,
    0x27, 0x03, 0x33, 0xa4, 0x33, 0x3e, 0x27, 0x06, 0x33, 0xcf, 0xcf, 0xcf, 0xe2, 0x1e, 0x49, 0x27,
    0x01, 0x1e, 0x4e, 0x27, 0x03, 0x1e, 0x1e, 0x1e, 0x52, 0x27, 0x01, 0x1e, 0x55, 0x27, 0x05, 0xfc,
    0xcf, 0xcf, 0xcf, 0xcf, 0x5b, 0x27, 0x03, 0x33, 0xa4, 0x8f, 0x5f, 0x27, 0x08, 0xc7, 0xf7, 0x31,
    0x3f, 0x5d, 0x3f, 0x5d, 0x5d, 0xa8, 0x27, 0x06, 0x0c, 0xf5, 0xad, 0x01, 0x01, 0x01, 0xb0, 0x27,
    0x08, 0xfc, 0xfc, 0xcf, 0xcf, 0xcf, 0xcf, 0x33, 0xa4, 0xbb, 0x27, 0x01, 0xa4, 0xbf, 0x27, 0x07,
    0x33, 0xcf, 0xcf, 0xd1, 0xe2, 0x1e, 0x1e, 0xc7, 0x27, 0x16, 0x1e, 0x1e, 0x1e, 0x1e, 0x1e, 0x1e,
    0x1e, 0x1e, 0x1e, 0x1e, 0x1e, 0x1e, 0x1e, 0x1e, 0x1e, 0xee, 0xd1, 0xd1, 0x33, 0xfc, 0x01, 0xa5,
    0xde, 0x27, 0x02, 0xc6, 0xf7, 0xe1, 0x27, 0x04, 0x5d, 0x5d, 0x5d, 0x5d, 0x28, 0x28, 0x04, 0x0c,
    0xee, 0xb3, 0xfc, 0x2d, 0x28, 0x08, 0xfc, 0xfc, 0xfc, 0xcf, 0xcf, 0xcf, 0xcf, 0x33, 0x39, 0x28,
    0x01, 0x33, 0x3d, 0x28, 0x02, 0x33, 0x33, 0x40, 0x28, 0x05, 0xcf, 0xcf, 0xd1, 0xcf, 0xe2, 0x49,
    0x28, 0x05, 0x1e, 0x1e, 0x1e, 0x1e, 0x1e, 0x4f, 0x28, 0x01, 0x1e, 0x57, 0x28, 0x01, 0xee, 0x5a,
    0x28, 0x01, 0x53, 0x5c, 0x28, 0x01, 0xf7, 0x5f, 0x28, 0x04, 0x3f, 0x5d, 0x9b, 0x5d, 0xa8, 0x28,
    0x0b, 0x05, 0xee, 0x09, 0x51, 0xcf, 0xcf, 0xcf, 0xfc, 0xcf, 0xcf, 0x33, 0xb9, 0x28, 0x01, 0x97,
    0xbd, 0x28, 0x02, 0xa4, 0x33, 0xc1, 0x28, 0x05, 0xcf, 0xcf, 0xcf, 0xcf, 0xfc, 0xca, 0x28, 0x01,
    0x1e, 0xcc, 0x28, 0x04, 0x1e, 0x1e, 0x1e, 0x1e, 0xd8, 0x28, 0x03, 0xef, 0x53, 0x62, 0xdc, 0x28,
    0x04, 0x62, 0x9b, 0x5d, 0x5d, 0x29, 0x29, 0x06, 0x0c, 0x3f, 0xa4, 0x33, 0xcf, 0x6b, 0x30, 0x29,
    0x01, 0x33, 0x33, 0x29, 0x03, 0x97, 0xa4, 0xa4, 0x3a, 0x29, 0x01, 0xa4, 0x3f, 0x29, 0x01, 0x33,
    0x41, 0x29, 0x13, 0x33, 0xcf, 0xcf, 0xcf, 0xcf, 0xfc, 0x01, 0x01, 0x01, 0x01, 0x1f, 0x01, 0x01,
    0x1f, 0x1f, 0x1f, 0x1f, 0x01, 0xfd, 0x55, 0x29, 0x06, 0x01, 0xf6, 0xf7, 0x31, 0x62, 0x62, 0x5c,
    0x29, 0x02, 0x5d, 0x5d, 0xa9, 0x29, 0x05, 0x0c, 0x3f, 0x3a, 0x62, 0x33, 0xb0, 0x29, 0x01, 0x33,
    0xb2, 0x29, 0x01, 0xa4, 0xb4, 0x29, 0x02, 0x33, 0xa4, 0xba, 0x29, 0x01, 0xa4, 0xbd, 0x29, 0x01,
    0xa4, 0xbf, 0x29, 0x01, 0x33, 0xc2, 0x29, 0x09, 0x33, 0xce, 0xce, 0xce, 0xce, 0xfd, 0x01, 0x01,
    0x01, 0xcc, 0x29, 0x0b, 0x01, 0x01, 0x01, 0x01, 0x01, 0xfc, 0x6b, 0x33, 0xf6, 0x53, 0xc6, 0xd8,
    0x29, 0x04, 0xc6, 0xc6, 0x5d, 0x0c, 0x29, 0x2a, 0x05, 0x05, 0x3f, 0x3f, 0x62, 0x53, 0x2f, 0x2a,
    0x03, 0xa4, 0x33, 0x33, 0x33, 0x2a, 0x03, 0xa4, 0x97, 0xa4, 0x38, 0x2a, 0x03, 0xa4, 0x33, 0xa4,
    0x3e, 0x2a, 0x01, 0xa4, 0x40, 0x2a, 0x01, 0x33, 0x43, 0x2a, 0x08, 0xcf, 0xce, 0xce, 0xce, 0xcf,
    0xfd, 0x01, 0x01, 0x4c, 0x2a, 0x09, 0x01, 0x01, 0x01, 0xfc, 0x6a, 0x96, 0xa4, 0x53, 0x31, 0x58,
    0x2a, 0x01, 0x5d, 0xaa, 0x2a, 0x05, 0x0c, 0x3f, 0x3a, 0x62, 0x33, 0xb1, 0x2a, 0x01, 0x33, 0xb5,
    0x2a, 0x02, 0xa4, 0x33, 0xb8, 0x2a, 0x01, 0xa4, 0xbe, 0x2a, 0x02, 0xa4, 0xa4, 0xc4, 0x2a, 0x06,
    0xcf, 0xcf, 0xcf, 0xcf, 0xcf, 0xfc, 0xcc, 0x2a, 0x05, 0xe2, 0xfc, 0xcf, 0x8f, 0xa5, 0xd2, 0x2a,
    0x01, 0xa4, 0xd4, 0x2a, 0x01, 0x62, 0x2a, 0x2b, 0x05, 0x6c, 0x3f, 0x3f, 0x62, 0x53, 0x32, 0x2b,
    0x01, 0x33, 0x35, 0x2b, 0x01, 0xa4, 0x3b, 0x2b, 0x01, 0xa4, 0x3f, 0x2b, 0x01, 0xa4, 0x41, 0x2b,
    0x02, 0x33, 0x33, 0x44, 0x2b, 0x06, 0x33, 0xcf, 0x6b, 0xcf, 0xcf, 0xcf, 0x4c, 0x2b, 0x07, 0x6a,
    0x6b, 0x53, 0xde, 0xc6, 0xc6, 0x62, 0x54, 0x2b, 0x01, 0x51, 0xaa, 0x2b, 0x07, 0x05, 0x3f, 0x3f,
    0x3a, 0x62, 0x33, 0xa4, 0xb2, 0x2b, 0x01, 0x33, 0xb6, 0x2b, 0x01, 0x33, 0xbb, 0x2b, 0x04, 0xa4,
    0xa4, 0x33, 0x33, 0xc1, 0x2b, 0x02, 0xa4, 0x33, 0xc5, 0x2b, 0x04, 0x33, 0xfc, 0x6b, 0x33, 0xca,
    0x2b, 0x06, 0xa5, 0x60, 0x60, 0x18, 0x62, 0xf7, 0xd1, 0x2b, 0x03, 0xc6, 0x33, 0x5d, 0x2b, 0x2c,
    0x05, 0x0c, 0x3f, 0x3f, 0x62, 0x53, 0x31, 0x2c, 0x02, 0xa4, 0x33, 0x35, 0x2c, 0x01, 0xa4, 0x37,
    0x2c, 0x01, 0x33, 0x3d, 0x2c, 0x02, 0xa4, 0x33, 0x41, 0x2c, 0x01, 0xa4, 0x43, 0x2c, 0x01, 0x97,
    0x45, 0x2c, 0x01, 0xa4, 0x47, 0x2c, 0x08, 0x96, 0xa4, 0x53, 0x60, 0xc7, 0x31, 0x53, 0x62, 0x51,
    0x2c, 0x01, 0x5d, 0xab, 0x2c, 0x05, 0x5d, 0x3f, 0x3f, 0x3f, 0x62, 0xb1, 0x2c, 0x02, 0xa4, 0x33,
    0xb6, 0x2c, 0x02, 0xa4, 0x33, 0xbd, 0x2c, 0x02, 0xa4, 0x33, 0xc1, 0x2c, 0x02, 0xa4, 0x97, 0xc4,
    0x2c, 0x08, 0xec, 0xa5, 0xbc, 0x53, 0x97, 0xc6, 0xde, 0x53, 0xcd, 0x2c, 0x04, 0x62, 0x62, 0x5d,
    0x5d, 0x2b, 0x2d, 0x05, 0x05, 0x3f, 0x3f, 0x3f, 0x3a, 0x31, 0x2d, 0x01, 0x97, 0x33, 0x2d, 0x01,
    0x33, 0x36, 0x2d, 0x03, 0xa4, 0xa4, 0x33, 0x3d, 0x2d, 0x01, 0xa4, 0x3f, 0x2d, 0x01, 0x33, 0x41,
    0x2d, 0x0a, 0x33, 0xa4, 0x01, 0x8f, 0x53, 0x53, 0x51, 0x01, 0xf7, 0x31, 0x4c, 0x2d, 0x03, 0xc6,
    0x9b, 0x5d, 0xac, 0x2d, 0x04, 0x0c, 0x3f, 0x3f, 0x3f, 0xb1, 0x2d, 0x03, 0x53, 0xa4, 0x33, 0xb7,
    0x2d, 0x01, 0xa4, 0xb9, 0x2d, 0x01, 0x33, 0xbe, 0x2d, 0x0b, 0xa4, 0x33, 0xa4, 0xa5, 0xbc, 0xa4,
    0x53, 0x51, 0x62, 0xf7, 0xf7, 0xcb, 0x2d, 0x02, 0x5d, 0x5d, 0x2c, 0x2e, 0x09, 0x5d, 0x3f, 0x3f,
    0x3f, 0x3a, 0x62, 0x97, 0x33, 0x33, 0x38, 0x2e, 0x02, 0xa4, 0x33, 0x3c, 0x2e, 0x04, 0x33, 0xec,
    0xa4, 0xa4, 0x41, 0x2e, 0x0b, 0xa4, 0x53, 0x51, 0xc6, 0xde, 0x62, 0x31, 0x51, 0x9b, 0x5d, 0x5d,
    0xac, 0x2e, 0x07, 0x05, 0x3f, 0x3f, 0x3f, 0x3f, 0x62, 0xf7, 0xb4, 0x2e, 0x01, 0x33, 0xb8, 0x2e,
    0x01, 0xa4, 0xbb, 0x2e, 0x05, 0xec, 0xa4, 0xa5, 0x53, 0xa4, 0xc1, 0x2e, 0x09, 0x62, 0x8e, 0x01,
    0x31, 0x31, 0x33, 0x5d, 0x5d, 0x5d, 0x2d, 0x2f, 0x08, 0x0c, 0x3f, 0x3f, 0x3f, 0x3a, 0x62, 0x01,
    0x33, 0x38, 0x2f, 0x01, 0x33, 0x3a, 0x2f, 0x02, 0x33, 0xbc, 0x3d, 0x2f, 0x0c, 0x53, 0x62, 0xa4,
    0x33, 0x62, 0xde, 0x62, 0x6c, 0x5d, 0x9b, 0x5d, 0x5d, 0xad, 0x2f, 0x0c, 0x5d, 0x3f, 0x3f, 0x3f,
    0x3f, 0xc6, 0x53, 0x33, 0x33, 0x33, 0xa4, 0xa5, 0xba, 0x2f, 0x05, 0xa4, 0x53, 0x62, 0x62, 0x97,
    0xc0, 0x2f, 0x07, 0x62, 0x62, 0x6c, 0x5d, 0x9b, 0x9b, 0x5d, 0x2d, 0x30, 0x0c, 0x05, 0x0c, 0x3f,
    0x3f, 0x3f, 0x9e, 0x51, 0x49, 0xa4, 0xa5, 0x53, 0xa4, 0x3a, 0x30, 0x0c, 0x62, 0x62, 0xa4, 0x8e,
    0xc7, 0xf7, 0x3f, 0x5d, 0x5d, 0x5d, 0x5d, 0x5d, 0xae, 0x30, 0x0b, 0x0c, 0x3f, 0x3f, 0x0c, 0x9b,
    0x62, 0xde, 0x33, 0x53, 0x62, 0x62, 0xba, 0x30, 0x0a, 0xc6, 0x51, 0xc6, 0x8f, 0x3f, 0x6c, 0x3f,
    0x9b, 0x5d, 0x5d, 0x2e, 0x31, 0x07, 0x05, 0x0c, 0x9b, 0x9a, 0x9b, 0x3f, 0x31, 0x36, 0x31, 0x0c,
    0x62, 0x62, 0xa4, 0x33, 0xc6, 0xde, 0x3f, 0x6c, 0x5d, 0x9b, 0x5d, 0x5d, 0xae, 0x31, 0x07, 0x05,
    0x9a, 0x6c, 0x3f, 0x6c, 0x3f, 0x58, 0xb6, 0x31, 0x0b, 0x97, 0x51, 0x8e, 0xa5, 0x9b, 0x6c, 0x5d,
    0x5d, 0x5d, 0x9b, 0x5d, 0x2f, 0x32, 0x06, 0x6c, 0x6c, 0x5d, 0x5d, 0x3f, 0x5d, 0x36, 0x32, 0x09,
    0x31, 0xc6, 0x9a, 0x6c, 0x9b, 0x5d, 0x3f, 0x5d, 0x5d, 0xaf, 0x32, 0x0f, 0x05, 0x5d, 0x9b, 0x5d,
    0x9b, 0x3f, 0x05, 0x3f, 0x6c, 0x6c, 0x5d, 0x9b, 0x5d, 0x5d, 0x5d, 0x2f, 0x33, 0x04, 0x05, 0x5d,
    0x5d, 0x5d, 0x36, 0x33, 0x06, 0x5d, 0x6c, 0x5d, 0x3f, 0x9b, 0x5d, 0xb0, 0x33, 0x01, 0x5d, 0xb6,
    0x33, 0x05, 0x05, 0x5d, 0x5d, 0x5d, 0x0c, 0x37, 0x34, 0x02, 0x5d, 0x5d, 0x42, 0x18, 0x01, 0x0c,
    0x45, 0x18, 0x04, 0x0c, 0xf0, 0x0c, 0x0c, 0xbf, 0x18, 0x05, 0x0c, 0x0c, 0xee, 0x1e, 0x1e, 0xc8,
    0x18, 0x03, 0xf0, 0xfc, 0x0c, 0x39, 0x19, 0x01, 0x3f, 0x3d, 0x19, 0x01, 0x33, 0x40, 0x19, 0x02,
    0x33, 0x1e, 0x43, 0x19, 0x08, 0x1f, 0x1e, 0x1f, 0x1f, 0x1f, 0x1f, 0x1f, 0xf0, 0x4c, 0x19, 0x01,
    0x0c, 0xaf, 0x19, 0x01, 0x0c, 0xb3, 0x19, 0x05, 0xf0, 0xf0, 0xf0, 0xfc, 0x33, 0xb9, 0x19, 0x02,
    0x97, 0x33, 0xbc, 0x19, 0x01, 0xa4, 0xbe, 0x19, 0x01, 0x33, 0xc2, 0x19, 0x09, 0xfd, 0xfc, 0x01,
    0xe2, 0xe2, 0xe2, 0xfd, 0xfd, 0xd1, 0xcc, 0x19, 0x03, 0x3f, 0x0c, 0x0c, 0x29, 0x1a, 0x01, 0x0c,
    0x2c, 0x1a, 0x03, 0xe2, 0xee, 0xf0, 0x36, 0x1a, 0x05, 0x1e, 0xfc, 0x33, 0xa4, 0x33, 0x3e, 0x1a,
    0x01, 0xa4, 0x40, 0x1a, 0x02, 0x97, 0x33, 0x43, 0x1a, 0x02, 0xfc, 0xfc, 0x4a, 0x1a, 0x02, 0x33,
    0x33, 0x4e, 0x1a, 0x03, 0x3f, 0x0c, 0x0c, 0xa2, 0x1a, 0x02, 0x0c, 0x0c, 0xa5, 0x1a, 0x05, 0x33,
    0x33, 0xa4, 0x33, 0x33, 0xac, 0x1a, 0x01, 0xfd, 0xae, 0x1a, 0x09, 0x1e, 0x1e, 0x1e, 0x1f, 0x1f,
    0x1f, 0x1f, 0x1e, 0x1e, 0xb8, 0x1a, 0x03, 0xcf, 0x33, 0x33, 0xbc, 0x1a, 0x04, 0x33, 0x33, 0x33,
    0x33, 0xc4, 0x1a, 0x04, 0xd1, 0x33, 0x33, 0x97, 0xcb, 0x1a, 0x03, 0xa4, 0xa4, 0x33, 0xd0, 0x1a,
    0x03, 0x3f, 0x0c, 0x0c, 0x1f, 0x1b, 0x01, 0x0c, 0x24, 0x1b, 0x03, 0x33, 0xa4, 0x97, 0x28, 0x1b,
    0x01, 0xa4, 0x2d, 0x1b, 0x0e, 0xfc, 0x01, 0x01, 0x1f, 0x1f, 0x1f, 0x01, 0xfc, 0xfc, 0xfc, 0xcf,
    0x33, 0x33, 0xe2, 0x3d, 0x1b, 0x01, 0x1e, 0x45, 0x1b, 0x01, 0x01, 0x47, 0x1b, 0x03, 0x97, 0x97,
    0x33, 0x4d, 0x1b, 0x02, 0xa4, 0x97, 0x51, 0x1b, 0x04, 0x33, 0x3f, 0x0c, 0x0c, 0xa0, 0x1b, 0x01,
    0x3f, 0xa8, 0x1b, 0x02, 0x33, 0xa4, 0xad, 0x1b, 0x0b, 0x33, 0x1f, 0xfd, 0xfd, 0xfd, 0x33, 0x33,
    0x33, 0xce, 0xcf, 0x33, 0xba, 0x1b, 0x03, 0x3f, 0xe2, 0x1e, 0xc1, 0x1b, 0x08, 0x1e, 0x1f, 0x1f,
    0x1f, 0x01, 0x01, 0xcf, 0x33, 0xcd, 0x1b, 0x01, 0xcf, 0xd2, 0x1b, 0x01, 0x1e, 0xd4, 0x1b, 0x02,
    0xf0, 0x0c, 0x20, 0x1c, 0x01, 0x3f, 0x22, 0x1c, 0x01, 0xa4, 0x29, 0x1c, 0x05, 0x33, 0x33, 0x97,
    0xcf, 0xfc, 0x2f, 0x1c, 0x02, 0x33, 0xcf, 0x34, 0x1c, 0x03, 0xa4, 0xa4, 0xa4, 0x3b, 0x1c, 0x01,
    0x3f, 0x3d, 0x1c, 0x01, 0x01, 0x3f, 0x1c, 0x05, 0x01, 0x1f, 0x01, 0x1f, 0x01, 0x47, 0x1c, 0x01,
    0xd1, 0x4a, 0x1c, 0x01, 0xe2, 0xa0, 0x1c, 0x02, 0x0c, 0x33, 0xa3, 0x1c, 0x07, 0x97, 0x33, 0x33,
    0xcf, 0xcf, 0xfc, 0xfc, 0xac, 0x1c, 0x01, 0x1e, 0xb1, 0x1c, 0x02, 0xa4, 0xa4, 0xb4, 0x1c, 0x01,
    0x33, 0xb6, 0x1c, 0x03, 0xa4, 0x33, 0xa4, 0xbc, 0x1c, 0x01, 0x3f, 0xc2, 0x1c, 0x01, 0xcf, 0xc5,
    0x1c, 0x02, 0xa4, 0x97, 0xca, 0x1c, 0x02, 0xd1, 0xfc, 0x20, 0x1d, 0x05, 0x05, 0x33, 0xfc, 0xfc,
    0xfc, 0x28, 0x1d, 0x07, 0x01, 0x01, 0x01, 0x01, 0x01, 0x01, 0x01, 0x33, 0x1d, 0x01, 0xa4, 0x37,
    0x1d, 0x01, 0xa4, 0x3a, 0x1d, 0x01, 0x33, 0x3c, 0x1d, 0x03, 0xfd, 0xf0, 0xfc, 0x41, 0x1d, 0x02,
    0xa4, 0x33, 0x45, 0x1d, 0x01, 0x97, 0x4c, 0x1d, 0x01, 0xcf, 0x51, 0x1d, 0x01, 0x1e, 0x57, 0x1d,
    0x04, 0xe2, 0xe2, 0xfc, 0x0c, 0xa1, 0x1d, 0x01, 0x0c, 0xa5, 0x1d, 0x07, 0x1e, 0x1e, 0x1f, 0x1f,
    0x1f, 0x1f, 0x1e, 0xad, 0x1d, 0x02, 0x01, 0x01, 0xb4, 0x1d, 0x02, 0x33, 0x33, 0xb7, 0x1d, 0x04,
    0xfc, 0xcf, 0xcf, 0xcf, 0xbf, 0x1d, 0x01, 0xcf, 0xc2, 0x1d, 0x02, 0xa4, 0x33, 0xc7, 0x1d, 0x03,
    0xa4, 0x97, 0x33, 0xcd, 0x1d, 0x04, 0xcf, 0xfc, 0x01, 0x01, 0xd3, 0x1d, 0x06, 0xfd, 0xfd, 0xfd,
    0x33, 0x6a, 0x33, 0x21, 0x1e, 0x01, 0x0c, 0x23, 0x1e, 0x01, 0x1e, 0x26, 0x1e, 0x01, 0x1e, 0x28,
    0x1e, 0x01, 0x1e, 0x2a, 0x1e, 0x01, 0x1e, 0x2f, 0x1e, 0x02, 0xe2, 0xe2, 0x32, 0x1e, 0x05, 0xe2,
    0x75, 0xe2, 0x1e, 0x1e, 0x3f, 0x1e, 0x02, 0x1e, 0xcf, 0x4b, 0x1e, 0x01, 0x33, 0x4d, 0x1e, 0x01,
    0xa4, 0x4f, 0x1e, 0x01, 0xfc, 0x51, 0x1e, 0x03, 0xfc, 0x97, 0x33, 0x58, 0x1e, 0x02, 0xa4, 0x97,
    0x5e, 0x1e, 0x01, 0x3f, 0xa2, 0x1e, 0x0c, 0xfd, 0x01, 0x01, 0x01, 0x01, 0x01, 0x01, 0x01, 0xfd,
    0xfd, 0x97, 0x33, 0xb1, 0x1e, 0x05, 0x33, 0x1e, 0x1e, 0x1e, 0x1e, 0xb7, 0x1e, 0x0b, 0x01, 0x01,
    0x01, 0x01, 0x01, 0x01, 0x01, 0x01, 0x01, 0x01, 0xf1, 0xc4, 0x1e, 0x02, 0xa4, 0xa4, 0xcb, 0x1e,
    0x01, 0x33, 0xcd, 0x1e, 0x02, 0xfc, 0x01, 0xd0, 0x1e, 0x02, 0xcf, 0xfc, 0xd3, 0x1e, 0x03, 0xa4,
    0xa4, 0x33, 0xd8, 0x1e, 0x01, 0x97, 0xe0, 0x1e, 0x01, 0x3f, 0x24, 0x1f, 0x05, 0xfc, 0xfc, 0xfc,
    0x33, 0x33, 0x32, 0x1f, 0x01, 0x33, 0x34, 0x1f, 0x05, 0x1e, 0x1e, 0x1e, 0x1e, 0x1e, 0x3b, 0x1f,
    0x09, 0x1e, 0x1e, 0x1e, 0x1e, 0x1e, 0x1e, 0x1e, 0xee, 0x33, 0x45, 0x1f, 0x02, 0xa4, 0xcf, 0x49,
    0x1f, 0x01, 0xfc, 0x50, 0x1f, 0x04, 0x1e, 0x1e, 0xcf, 0x33, 0x55, 0x1f, 0x02, 0xa4, 0x97, 0x5d,
    0x1f, 0x02, 0x97, 0x33, 0x62, 0x1f, 0x01, 0x3f, 0x64, 0x1f, 0x01, 0x0c, 0xa2, 0x1f, 0x02, 0x0c,
    0x33, 0xa7, 0x1f, 0x01, 0x33, 0xab, 0x1f, 0x01, 0x97, 0xb3, 0x1f, 0x01, 0x33, 0xb8, 0x1f, 0x02,
    0x1e, 0x1e, 0xbc, 0x1f, 0x01, 0x1e, 0xc1, 0x1f, 0x02, 0xd1, 0xcf, 0xc5, 0x1f, 0x04, 0x1e, 0x1e,
    0x1f, 0x01, 0xd3, 0x1f, 0x06, 0xcf, 0xfc, 0x33, 0xa4, 0x97, 0x33, 0xe0, 0x1f, 0x06, 0xa4, 0x97,
    0x33, 0xfc, 0xfc, 0x0c, 0x2a, 0x20, 0x02, 0xa4, 0xa4, 0x33, 0x20, 0x05, 0x33, 0xfc, 0x01, 0x01,
    0x01, 0x3d, 0x20, 0x02, 0xce, 0xfd, 0x45, 0x20, 0x01, 0xfc, 0x47, 0x20, 0x04, 0x1e, 0x1e, 0x1e,
    0x1e, 0x51, 0x20, 0x02, 0x01, 0x01, 0x54, 0x20, 0x03, 0x01, 0xce, 0x33, 0x59, 0x20, 0x02, 0xa4,
    0x33, 0x5e, 0x20, 0x03, 0x33, 0x33, 0xfc, 0x62, 0x20, 0x01, 0x01, 0x66, 0x20, 0x02, 0xfc, 0x0c,
    0xa6, 0x20, 0x03, 0xa4, 0x97, 0x33, 0xae, 0x20, 0x01, 0x33, 0xba, 0x20, 0x01, 0xfc, 0xbc, 0x20,
    0x01, 0x33, 0xbf, 0x20, 0x02, 0xa4, 0x33, 0xc6, 0x20, 0x01, 0xe2, 0xc8, 0x20, 0x05, 0x1e, 0x1e,
    0x1e, 0x1e, 0x1e, 0xcf, 0x20, 0x02, 0x1e, 0x1e, 0xd3, 0x20, 0x08, 0x01, 0x01, 0x01, 0xcf, 0xfc,
    0x33, 0xa4, 0x97, 0xdc, 0x20, 0x02, 0x33, 0xcf, 0xe8, 0x20, 0x02, 0xfc, 0x0c, 0x26, 0x21, 0x03,
    0xa4, 0xa4, 0x33, 0x2e, 0x21, 0x03, 0xa4, 0x33, 0xa4, 0x32, 0x21, 0x05, 0xa4, 0x33, 0x33, 0x33,
    0xe2, 0x38, 0x21, 0x03, 0x33, 0x6b, 0x33, 0x3d, 0x21, 0x02, 0xa4, 0xa4, 0x40, 0x21, 0x02, 0xa4,
    0x33, 0x49, 0x21, 0x02, 0x1e, 0x1e, 0x4d, 0x21, 0x02, 0x1e, 0x1e, 0x50, 0x21, 0x08, 0x1e, 0x1e,
    0x1e, 0x1e, 0x1e, 0x1e, 0x1e, 0x1e, 0x59, 0x21, 0x01, 0x33, 0x5b, 0x21, 0x05, 0x1e, 0x1e, 0x1e,
    0x1e, 0x1e, 0x6a, 0x21, 0x02, 0xfc, 0x0c, 0xa7, 0x21, 0x01, 0xa4, 0xa9, 0x21, 0x01, 0x33, 0xb1,
    0x21, 0x06, 0x33, 0x33, 0xfd, 0xfd, 0xfc, 0xfc, 0xb9, 0x21, 0x03, 0xa4, 0x97, 0x33, 0xbe, 0x21,
    0x01, 0x97, 0xc1, 0x21, 0x01, 0xa4, 0xc8, 0x21, 0x0d, 0xf0, 0x01, 0x01, 0x01, 0x01, 0x01, 0x1f,
    0x01, 0x01, 0x1f, 0x1f, 0x1f, 0xfd, 0xd6, 0x21, 0x01, 0xfc, 0xd9, 0x21, 0x03, 0xcf, 0x33, 0xfc,
    0xdd, 0x21, 0x04, 0x01, 0x01, 0x01, 0x01, 0xe5, 0x21, 0x01, 0x01, 0xec, 0x21, 0x02, 0xfc, 0x0c,
    0x24, 0x22, 0x01, 0x33, 0x27, 0x22, 0x03, 0xa4, 0x97, 0xa4, 0x2c, 0x22, 0x05, 0x33, 0x33, 0x33,
    0xfc, 0xfc, 0x33, 0x22, 0x03, 0x01, 0x01, 0x1e, 0x37, 0x22, 0x01, 0x33, 0x3e, 0x22, 0x02, 0x33,
    0xa4, 0x49, 0x22, 0x09, 0xf1, 0x01, 0x01, 0x01, 0x01, 0x01, 0x01, 0x01, 0xfc, 0x53, 0x22, 0x05,
    0xa4, 0xa4, 0x33, 0xa4, 0x33, 0x5b, 0x22, 0x02, 0x33, 0xd1, 0x61, 0x22, 0x0f, 0x1f, 0x1e, 0x1f,
    0x1f, 0x1f, 0x1f, 0x1f, 0x1f, 0x01, 0x01, 0x01, 0x01, 0xf0, 0xfc, 0x0c, 0xa4, 0x22, 0x01, 0x3a,
    0xa8, 0x22, 0x01, 0x33, 0xaa, 0x22, 0x03, 0xcf, 0xfc, 0xfc, 0xb6, 0x22, 0x02, 0xfc, 0x1e, 0xca,
    0x22, 0x03, 0xf0, 0xfc, 0x1e, 0xce, 0x22, 0x03, 0xfc, 0xfc, 0x33, 0xd7, 0x22, 0x01, 0xa4, 0xd9,
    0x22, 0x01, 0x33, 0xdc, 0x22, 0x09, 0xcf, 0xcf, 0xfc, 0x1e, 0x1e, 0x1e, 0x1e, 0x1e, 0x1e, 0xeb,
    0x22, 0x01, 0x1e, 0xef, 0x22, 0x03, 0xf0, 0xfc, 0x0c, 0x24, 0x23, 0x05, 0x0c, 0x33, 0xd1, 0xe2,
    0xe2, 0x37, 0x23, 0x01, 0xe2, 0x3b, 0x23, 0x02, 0xa4, 0xa4, 0x43, 0x23, 0x03, 0xa4, 0x97, 0xa4,
    0x47, 0x23, 0x01, 0xa4, 0x49, 0x23, 0x04, 0xa4, 0x33, 0x0c, 0xfc, 0x4e, 0x23, 0x02, 0xa4, 0x33,
    0x51, 0x23, 0x01, 0x33, 0x54, 0x23, 0x03, 0xa4, 0xa4, 0xa4, 0x58, 0x23, 0x01, 0xa4, 0x5e, 0x23,
    0x03, 0x33, 0xcf, 0xfc, 0x62, 0x23, 0x04, 0x1e, 0x1e, 0x1e, 0x1e, 0x67, 0x23, 0x03, 0x1e, 0x1e,
    0x1e, 0x6f, 0x23, 0x03, 0xe2, 0x1e, 0x96, 0xa4, 0x23, 0x02, 0x0c, 0xfc, 0xa9, 0x23, 0x02, 0x01,
    0x01, 0xad, 0x23, 0x0a, 0x01, 0x01, 0x01, 0x01, 0x01, 0x01, 0x01, 0x01, 0x01, 0x01, 0xb9, 0x23,
    0x01, 0x33, 0xbd, 0x23, 0x02, 0xa4, 0x33, 0xc5, 0x23, 0x02, 0xa4, 0xa4, 0xc8, 0x23, 0x03, 0x33,
    0xfd, 0x6b, 0xcc, 0x23, 0x02, 0xcf, 0x33, 0xcf, 0x23, 0x03, 0xa4, 0xa4, 0x97, 0xd3, 0x23, 0x04,
    0xa4, 0xa4, 0x97, 0x33, 0xd8, 0x23, 0x03, 0xa4, 0x33, 0x33, 0xdf, 0x23, 0x13, 0x33, 0xcf, 0xfc,
    0x01, 0x01, 0x01, 0x1f, 0x01, 0x1f, 0x1f, 0x01, 0x1f, 0x1f, 0x1f, 0xe2, 0x1e, 0x8f, 0xd1, 0x9a,
    0x25, 0x24, 0x08, 0xf5, 0x1e, 0x1e, 0x1e, 0x1e, 0x1e, 0x1e, 0x1e, 0x2e, 0x24, 0x04, 0x01, 0x01,
    0x01, 0x01, 0x38, 0x24, 0x01, 0xfd, 0x3a, 0x24, 0x01, 0xce, 0x3d, 0x24, 0x01, 0xa4, 0x3f, 0x24,
    0x01, 0x33, 0x43, 0x24, 0x07, 0x33, 0x33, 0xfc, 0xfc, 0xcf, 0x01, 0x01, 0x4d, 0x24, 0x02, 0xcf,
    0x33, 0x51, 0x24, 0x02, 0xa4, 0x97, 0x55, 0x24, 0x01, 0xa4, 0x58, 0x24, 0x01, 0xa4, 0x5a, 0x24,
    0x02, 0x33, 0x33, 0x60, 0x24, 0x11, 0xce, 0x33, 0xce, 0xfd, 0x01, 0x01, 0x01, 0x01, 0x01, 0x01,
    0xfd, 0xfd, 0x97, 0x72, 0xa4, 0xef, 0x62, 0xa5, 0x24, 0x02, 0xf0, 0x1e, 0xb1, 0x24, 0x01, 0x1e,
    0xb7, 0x24, 0x04, 0x01, 0x01, 0x01, 0x01, 0xbd, 0x24, 0x02, 0xa4, 0x33, 0xc1, 0x24, 0x04, 0x33,
    0xfc, 0xfc, 0xcf, 0xca, 0x24, 0x02, 0x1e, 0x1e, 0xcd, 0x24, 0x03, 0x1e, 0xe2, 0x3f, 0xd2, 0x24,
    0x03, 0xa4, 0x97, 0xa4, 0xd9, 0x24, 0x01, 0xa4, 0xdb, 0x24, 0x01, 0xa4, 0xdd, 0x24, 0x01, 0x33,
    0xe2, 0x24, 0x05, 0x33, 0xcf, 0xcf, 0x1e, 0x1e, 0xe8, 0x24, 0x06, 0xfc, 0xfc, 0x96, 0x6b, 0xf6,
    0x31, 0x25, 0x25, 0x02, 0x0c, 0xfc, 0x29, 0x25, 0x01, 0x1e, 0x2d, 0x25, 0x01, 0x1e, 0x31, 0x25,
    0x01, 0x1e, 0x38, 0x25, 0x01, 0x1e, 0x3b, 0x25, 0x01, 0x33, 0x3d, 0x25, 0x05, 0x33, 0xcf, 0xfc,
    0xfc, 0xcf, 0x4e, 0x25, 0x03, 0x1e, 0xfc, 0x3f, 0x52, 0x25, 0x01, 0xa4, 0x55, 0x25, 0x02, 0xa4,
    0x33, 0x5a, 0x25, 0x03, 0xa4, 0xa4, 0x33, 0x5f, 0x25, 0x02, 0xa4, 0x33, 0x62, 0x25, 0x0b, 0xa4,
    0xfc, 0xd1, 0xd1, 0xfc, 0xe2, 0xcf, 0xa4, 0xef, 0x62, 0xf7, 0x6e, 0x25, 0x02, 0xc6, 0x5d, 0xa5,
    0x25, 0x02, 0x0c, 0xad, 0xad, 0x25, 0x01, 0x1e, 0xaf, 0x25, 0x01, 0x1e, 0xb1, 0x25, 0x03, 0x1e,
    0x1e, 0x1e, 0xb9, 0x25, 0x06, 0xfc, 0xe2, 0xcf, 0xfc, 0xe2, 0xd1, 0xc1, 0x25, 0x02, 0x1e, 0x1e,
    0xd0, 0x25, 0x04, 0xfc, 0x3f, 0x33, 0xa4, 0xd6, 0x25, 0x02, 0xa4, 0x33, 0xdc, 0x25, 0x02, 0xa4,
    0x33, 0xdf, 0x25, 0x03, 0x33, 0x97, 0x33, 0xe5, 0x25, 0x03, 0x97, 0x74, 0x53, 0xe9, 0x25, 0x02,
    0x31, 0x62, 0xed, 0x25, 0x02, 0x5d, 0x5d, 0x26, 0x26, 0x15, 0xf1, 0xfd, 0x01, 0x01, 0x01, 0x01,
    0x01, 0x01, 0x01, 0x01, 0x01, 0x1f, 0x01, 0x01, 0x1f, 0x1f, 0xe2, 0xe2, 0xcf, 0x33, 0x33, 0x3c,
    0x26, 0x02, 0xcf, 0xce, 0x3f, 0x26, 0x01, 0x01, 0x41, 0x26, 0x01, 0x01, 0x44, 0x26, 0x01, 0x01,
    0x46, 0x26, 0x0e, 0x01, 0x01, 0x01, 0x01, 0x01, 0x01, 0x01, 0x01, 0x01, 0x01, 0x01, 0xfd, 0xce,
    0x33, 0x55, 0x26, 0x03, 0xa4, 0x33, 0xa4, 0x5f, 0x26, 0x0d, 0xa4, 0x33, 0x33, 0xdf, 0xa5, 0x19,
    0xef, 0x53, 0x62, 0x62, 0xc6, 0xc6, 0x5d, 0xa6, 0x26, 0x02, 0xf0, 0xfd, 0xa9, 0x26, 0x02, 0x01,
    0x01, 0xad, 0x26, 0x02, 0x01, 0x01, 0xb1, 0x26, 0x05, 0x01, 0x01, 0xfd, 0x6a, 0x6a, 0xb7, 0x26,
    0x02, 0x33, 0x33, 0xbb, 0x26, 0x01, 0x33, 0xbd, 0x26, 0x03, 0xcf, 0x1e, 0x1f, 0xc1, 0x26, 0x01,
    0x1e, 0xca, 0x26, 0x01, 0x01, 0xd2, 0x26, 0x03, 0xfd, 0xce, 0x33, 0xd6, 0x26, 0x03, 0xa4, 0x33,
    0x97, 0xe1, 0x26, 0x03, 0xa5, 0x01, 0xf7, 0xe6, 0x26, 0x01, 0x62, 0xe9, 0x26, 0x01, 0x5d, 0x26,
    0x27, 0x02, 0x0c, 0xf5, 0x2f, 0x27, 0x0a, 0xfc, 0xfc, 0xcf, 0xcf, 0x33, 0x33, 0xa4, 0x33, 0xa4,
    0x33, 0x3c, 0x27, 0x04, 0x33, 0xcf, 0xe2, 0x1e, 0x48, 0x27, 0x0f, 0x1e, 0x1e, 0x1f, 0x1f, 0x1f,
    0x1f, 0x01, 0x01, 0x01, 0x1f, 0x01, 0xfc, 0xcf, 0x33, 0xa4, 0x5a, 0x27, 0x01, 0x33, 0x5c, 0x27,
    0x01, 0x33, 0x61, 0x27, 0x02, 0xf7, 0x53, 0x64, 0x27, 0x01, 0x62, 0x67, 0x27, 0x01, 0x5d, 0xa6,
    0x27, 0x04, 0x0c, 0xee, 0xfc, 0x1e, 0xac, 0x27, 0x06, 0xfc, 0xfc, 0xcf, 0xcf, 0x33, 0x33, 0xb7,
    0x27, 0x01, 0x97, 0xbe, 0x27, 0x02, 0xcf, 0xfc, 0xcc, 0x27, 0x02, 0x1e, 0x1e, 0xd4, 0x27, 0x04,
    0xfc, 0xcf, 0x3f, 0xa4, 0xdb, 0x27, 0x01, 0xa4, 0xe0, 0x27, 0x01, 0xc6, 0x27, 0x28, 0x01, 0xee,
    0x29, 0x28, 0x04, 0xe2, 0xd1, 0xcf, 0xcf, 0x2e, 0x28, 0x02, 0x33, 0x33, 0x37, 0x28, 0x01, 0x33,
    0x39, 0x28, 0x01, 0x33, 0x3d, 0x28, 0x03, 0x33, 0xcf, 0xcf, 0x42, 0x28, 0x01, 0x1e, 0x44, 0x28,
    0x01, 0x1e, 0x46, 0x28, 0x03, 0x1e, 0x1e, 0x1e, 0x50, 0x28, 0x01, 0x1e, 0x52, 0x28, 0x07, 0x1e,
    0x1e, 0x1e, 0xe2, 0xd1, 0x0c, 0x97, 0x5a, 0x28, 0x03, 0x53, 0xf7, 0x53, 0x5f, 0x28, 0x01, 0xa4,
    0x61, 0x28, 0x02, 0xc6, 0x51, 0xa7, 0x28, 0x09, 0x3f, 0x3a, 0xd1, 0x33, 0x33, 0xa4, 0x33, 0x33,
    0x33, 0xb1, 0x28, 0x03, 0xa4, 0xa4, 0xa4, 0xb6, 0x28, 0x02, 0xa4, 0x33, 0xb9, 0x28, 0x01, 0x33,
    0xbf, 0x28, 0x02, 0xcf, 0xcf, 0xc6, 0x28, 0x01, 0x1e, 0xc8, 0x28, 0x03, 0x1e, 0x1e, 0x1e, 0xcc,
    0x28, 0x01, 0x1e, 0xd4, 0x28, 0x03, 0xe2, 0xfc, 0x96, 0xd8, 0x28, 0x03, 0xbc, 0xa4, 0x53, 0xdf,
    0x28, 0x01, 0xc6, 0x27, 0x29, 0x03, 0x0c, 0x3f, 0x33, 0x2e, 0x29, 0x05, 0x97, 0x33, 0x33, 0xa4,
    0x33, 0x34, 0x29, 0x06, 0xa4, 0xa4, 0xa4, 0x33, 0xa4, 0x33, 0x3f, 0x29, 0x04, 0xce, 0xce, 0xfd,
    0x01, 0x44, 0x29, 0x01, 0x01, 0x4a, 0x29, 0x02, 0x1e, 0x1e, 0x4d, 0x29, 0x01, 0x1e, 0x51, 0x29,
    0x06, 0x1e, 0xfc, 0x97, 0x96, 0x19, 0x53, 0x58, 0x29, 0x01, 0x53, 0x5a, 0x29, 0x01, 0xa4, 0x5d,
    0x29, 0x01, 0x51, 0xa7, 0x29, 0x03, 0x0c, 0x3f, 0x33, 0xad, 0x29, 0x06, 0xa4, 0x33, 0x33, 0x33,
    0xa4, 0x33, 0xb4, 0x29, 0x06, 0x33, 0xa4, 0xa4, 0x33, 0xa4, 0x33, 0xbf, 0x29, 0x04, 0x33, 0xce,
    0xce, 0xfd, 0xcd, 0x29, 0x08, 0x1f, 0x01, 0xfc, 0x22, 0x33, 0x01, 0x53, 0xf7, 0xd7, 0x29, 0x03,
    0x62, 0xa4, 0xc6, 0xdb, 0x29, 0x01, 0x0c, 0x28, 0x2a, 0x02, 0x3f, 0x3a, 0x2d, 0x2a, 0x05, 0xa4,
    0x33, 0xa4, 0x33, 0x33, 0x33, 0x2a, 0x03, 0xa4, 0x33, 0xa4, 0x37, 0x2a, 0x03, 0x33, 0xa4, 0x33,
    0x40, 0x2a, 0x03, 0xcf, 0xcf, 0xcf, 0x44, 0x2a, 0x03, 0x01, 0x01, 0x01, 0x48, 0x2a, 0x03, 0x01,
    0x01, 0x01, 0x4c, 0x2a, 0x08, 0x01, 0xfd, 0x6a, 0x96, 0x01, 0x01, 0xf7, 0x31, 0x57, 0x2a, 0x01,
    0xc6, 0xa8, 0x2a, 0x03, 0x3f, 0x3f, 0x33, 0xad, 0x2a, 0x02, 0xa4, 0x33, 0xb1, 0x2a, 0x01, 0x33,
    0xb5, 0x2a, 0x04, 0xa4, 0x33, 0x33, 0xa4, 0xc0, 0x2a, 0x04, 0x33, 0xcf, 0xcf, 0xcf, 0xca, 0x2a,
    0x04, 0xfc, 0x6b, 0x96, 0x8f, 0xcf, 0x2a, 0x04, 0xef, 0xa4, 0x31, 0xa4, 0xd6, 0x2a, 0x01, 0x5d,
    0x28, 0x2b, 0x03, 0x0c, 0x3f, 0x53, 0x2d, 0x2b, 0x02, 0xa4, 0x33, 0x32, 0x2b, 0x01, 0x33, 0x36,
    0x2b, 0x01, 0xa4, 0x3b, 0x2b, 0x01, 0xa4, 0x41, 0x2b, 0x04, 0x33, 0xd1, 0xd1, 0xfc, 0x47, 0x2b,
    0x0c, 0xfc, 0xfc, 0x6b, 0x96, 0xcf, 0x01, 0xf7, 0x31, 0xc6, 0xc6, 0xc6, 0x62, 0x54, 0x2b, 0x01,
    0x0c, 0xa8, 0x2b, 0x03, 0x0c, 0x3f, 0x3a, 0xad, 0x2b, 0x02, 0xa4, 0x33, 0xb0, 0x2b, 0x01, 0xa4,
    0xb2, 0x2b, 0x01, 0x33, 0xb6, 0x2b, 0x03, 0xa4, 0xa4, 0x33, 0xbb, 0x2b, 0x04, 0xa4, 0xa4, 0x33,
    0x33, 0xc2, 0x2b, 0x03, 0xcf, 0xd1, 0xcf, 0xc6, 0x2b, 0x03, 0x6b, 0x6a, 0x8f, 0xca, 0x2b, 0x04,
    0x01, 0x31, 0x31, 0xa4, 0xcf, 0x2b, 0x01, 0xa4, 0xd1, 0x2b, 0x02, 0x5d, 0x0c, 0x29, 0x2c, 0x03,
    0x3f, 0x3f, 0x33, 0x2d, 0x2c, 0x02, 0xa4, 0x33, 0x31, 0x2c, 0x02, 0xa4, 0x33, 0x37, 0x2c, 0x01,
    0xa4, 0x3b, 0x2c, 0x04, 0xa4, 0xa4, 0xa4, 0x33, 0x42, 0x2c, 0x01, 0x97, 0x44, 0x2c, 0x08, 0xa5,
    0xa4, 0x33, 0xf6, 0xc6, 0x31, 0x53, 0x62, 0x4d, 0x2c, 0x04, 0x62, 0x51, 0x5d, 0x5d, 0xa9, 0x2c,
    0x03, 0x3f, 0x3f, 0x62, 0xad, 0x2c, 0x01, 0xa4, 0xb0, 0x2c, 0x03, 0xa4, 0xa4, 0x33, 0xb7, 0x2c,
    0x02, 0xa4, 0xa4, 0xbb, 0x2c, 0x06, 0x33, 0x33, 0xa4, 0x33, 0x33, 0x33, 0xc2, 0x2c, 0x06, 0x96,
    0x60, 0x48, 0x01, 0xde, 0x31, 0xca, 0x2c, 0x01, 0xc6, 0xcc, 0x2c, 0x03, 0x5d, 0x3f, 0x5d, 0x29,
    0x2d, 0x03, 0x0c, 0x3f, 0x3a, 0x2e, 0x2d, 0x02, 0xa4, 0x33, 0x31, 0x2d, 0x01, 0xa4, 0x33, 0x2d,
    0x01, 0x33, 0x38, 0x2d, 0x02, 0xa4, 0x33, 0x3c, 0x2d, 0x0b, 0xa4, 0x97, 0xa4, 0x96, 0xa5, 0x60,
    0xf7, 0xc7, 0xde, 0x53, 0x31, 0x48, 0x2d, 0x05, 0xc6, 0x97, 0x5d, 0x5d, 0x5d, 0xa9, 0x2d, 0x04,
    0x0c, 0x3f, 0x3f, 0x33, 0xaf, 0x2d, 0x05, 0xa4, 0x33, 0x33, 0xa4, 0x33, 0xba, 0x2d, 0x0c, 0x33,
    0xec, 0xa4, 0xa5, 0x18, 0x33, 0xf7, 0xf6, 0xde, 0xa4, 0x31, 0xc6, 0xc7, 0x2d, 0x04, 0x9b, 0x9b,
    0x5d, 0x5d, 0x2a, 0x2e, 0x03, 0x3f, 0x3f, 0x62, 0x2f, 0x2e, 0x02, 0xa4, 0x33, 0x32, 0x2e, 0x03,
    0xa4, 0x33, 0x33, 0x37, 0x2e, 0x0c, 0x33, 0x33, 0xa4, 0xa5, 0xa5, 0x97, 0x48, 0xf7, 0xc6, 0x62,
    0xc6, 0x31, 0x44, 0x2e, 0x05, 0x51, 0x5d, 0x5d, 0x5d, 0x0c, 0xaa, 0x2e, 0x03, 0x3f, 0x3f, 0x3a,
    0xae, 0x2e, 0x01, 0xa4, 0xb2, 0x2e, 0x01, 0xa4, 0xb4, 0x2e, 0x0d, 0x33, 0x33, 0xa4, 0xa5, 0xa5,
    0x53, 0x97, 0x48, 0xa4, 0xc7, 0x53, 0xc6, 0x62, 0xc3, 0x2e, 0x04, 0x9b, 0x5d, 0x5d, 0x0c, 0x2a,
    0x2f, 0x05, 0x0c, 0x3f, 0x3f, 0x33, 0xa4, 0x30, 0x2f, 0x01, 0x33, 0x32, 0x2f, 0x05, 0x33, 0x97,
    0x97, 0xa4, 0xbc, 0x38, 0x2f, 0x06, 0x60, 0xf7, 0x62, 0x18, 0xa4, 0x31, 0x3f, 0x2f, 0x05, 0xc6,
    0x3f, 0x5d, 0x5d, 0x5d, 0xaa, 0x2f, 0x05, 0x0c, 0x3f, 0x3f, 0x62, 0xa4, 0xb0, 0x2f, 0x0c, 0x33,
    0xa4, 0x01, 0xa5, 0x53, 0x97, 0x60, 0xc6, 0xc7, 0xa4, 0xc6, 0xf7, 0xbe, 0x2f, 0x04, 0x9b, 0x9b,
    0x5d, 0x5d, 0x2b, 0x30, 0x0a, 0x3f, 0x3f, 0x09, 0xdf, 0xa4, 0xa5, 0xbc, 0xa4, 0x60, 0xbf, 0x36,
    0x30, 0x04, 0xc7, 0xf7, 0xc6, 0xc6, 0x3b, 0x30, 0x05, 0x5d, 0x9b, 0x5d, 0x5d, 0x9b, 0xab, 0x30,
    0x04, 0x0c, 0x9b, 0x9a, 0x97, 0xb0, 0x30, 0x05, 0x53, 0x60, 0xc6, 0x62, 0x18, 0xb6, 0x30, 0x01,
    0x31, 0xb8, 0x30, 0x06, 0x51, 0x3f, 0x5d, 0x5d, 0x5d, 0x0c, 0x2b, 0x31, 0x11, 0x9a, 0x6c, 0x3f,
    0x69, 0x33, 0xc6, 0xc7, 0xc6, 0x62, 0x31, 0x53, 0x5d, 0x5d, 0x9b, 0x3f, 0x5d, 0x5d, 0xab, 0x31,
    0x0f, 0x6c, 0x6c, 0x5d, 0x58, 0xa5, 0x53, 0x62, 0x31, 0x62, 0x5d, 0x5d, 0x9b, 0x5d, 0x5d, 0x3f,
    0x2b, 0x32, 0x0d, 0x6c, 0x5d, 0x5d, 0x5d, 0xf7, 0x31, 0x5d, 0x5d, 0x3f, 0x5d, 0x5d, 0x5d, 0x5d,
    0xac, 0x32, 0x09, 0x5d, 0x5d, 0x0c, 0x05, 0x5d, 0x9b, 0x5d, 0x9b, 0x3f, 0x2f, 0x33, 0x04, 0x05,
    0x5d, 0x5d, 0x5d, 0xb0, 0x33, 0x01, 0x5d, 0x43, 0x18, 0x03, 0x0c, 0x0c, 0x0c, 0x49, 0x18, 0x01,
    0x0c, 0xbc, 0x18, 0x04, 0x0c, 0x0c, 0x0c, 0x0c, 0xc1, 0x18, 0x03, 0xe2, 0xe2, 0xe2, 0xca, 0x18,
    0x02, 0xfc, 0x0c, 0x36, 0x19, 0x02, 0x0c, 0x0c, 0x39, 0x19, 0x03, 0x0c, 0x33, 0x33, 0x3d, 0x19,
    0x01, 0xa4, 0x3f, 0x19, 0x01, 0xa4, 0x41, 0x19, 0x04, 0xcf, 0xe2, 0x1e, 0x1e, 0x49, 0x19, 0x01,
    0x1e, 0x4b, 0x19, 0x01, 0xfc, 0xaf, 0x19, 0x01, 0x0c, 0xb3, 0x19, 0x01, 0xfc, 0xb7, 0x19, 0x06,
    0xfc, 0xd1, 0x97, 0x33, 0xa4, 0x97, 0xbe, 0x19, 0x03, 0x33, 0xa4, 0x33, 0xc2, 0x19, 0x01, 0xce,
    0xc5, 0x19, 0x03, 0xfd, 0xfd, 0xfd, 0xc9, 0x19, 0x03, 0xfd, 0x33, 0x33, 0xcd, 0x19, 0x01, 0x3f,
    0x2c, 0x1a, 0x02, 0xe2, 0xee, 0x32, 0x1a, 0x04, 0x01, 0x01, 0x01, 0x01, 0x38, 0x1a, 0x03, 0xfc,
    0xcf, 0x33, 0x3c, 0x1a, 0x01, 0xa4, 0x40, 0x1a, 0x06, 0x33, 0x33, 0x33, 0xfc, 0xfc, 0xfc, 0x4a,
    0x1a, 0x03, 0xa4, 0x33, 0xa4, 0x4f, 0x1a, 0x01, 0x3f, 0xa2, 0x1a, 0x01, 0x0c, 0xa5, 0x1a, 0x02,
    0x3f, 0x3f, 0xa9, 0x1a, 0x01, 0x33, 0xab, 0x1a, 0x06, 0x33, 0x33, 0xcf, 0xe2, 0x1e, 0x1e, 0xb2,
    0x1a, 0x01, 0x1e, 0xb9, 0x1a, 0x03, 0xfc, 0xfc, 0x33, 0xbd, 0x1a, 0x03, 0x33, 0x33, 0xcf, 0xc4,
    0x1a, 0x04, 0xcf, 0xcf, 0x33, 0xa4, 0xc9, 0x1a, 0x01, 0x33, 0xcc, 0x1a, 0x02, 0xa4, 0x97, 0xd1,
    0x1a, 0x02, 0x0c, 0x0c, 0x20, 0x1b, 0x03, 0x0c, 0x3f, 0x3f, 0x24, 0x1b, 0x01, 0x33, 0x26, 0x1b,
    0x01, 0x33, 0x29, 0x1b, 0x01, 0x33, 0x2d, 0x1b, 0x02, 0x33, 0xce, 0x34, 0x1b, 0x01, 0xfd, 0x37,
    0x1b, 0x02, 0x33, 0x33, 0x3a, 0x1b, 0x04, 0x33, 0xd1, 0x1f, 0x1e, 0x40, 0x1b, 0x03, 0x01, 0x01,
    0x01, 0x46, 0x1b, 0x01, 0xcf, 0x48, 0x1b, 0x02, 0xa4, 0x97, 0x4e, 0x1b, 0x01, 0xa4, 0x50, 0x1b,
    0x05, 0x33, 0x33, 0x33, 0x0c, 0x0c, 0xa1, 0x1b, 0x02, 0x3f, 0x3f, 0xa6, 0x1b, 0x01, 0x33, 0xa9,
    0x1b, 0x01, 0xa4, 0xab, 0x1b, 0x01, 0x33, 0xae, 0x1b, 0x01, 0xd1, 0xb2, 0x1b, 0x01, 0xcf, 0xb7,
    0x1b, 0x02, 0x33, 0x33, 0xbb, 0x1b, 0x04, 0x33, 0xfc, 0x1e, 0x1e, 0xc1, 0x1b, 0x0e, 0x1e, 0x1f,
    0x1f, 0x1f, 0x1f, 0x1f, 0xcf, 0x33, 0x33, 0x33, 0x33, 0x33, 0x33, 0xfc, 0xd2, 0x1b, 0x01, 0x1e,
    0xd5, 0x1b, 0x01, 0x0c, 0x21, 0x1c, 0x03, 0x3f, 0x3f, 0x33, 0x28, 0x1c, 0x01, 0x33, 0x2c, 0x1c,
    0x03, 0xcf, 0xcf, 0x33, 0x33, 0x1c, 0x04, 0xa4, 0xa4, 0xa4, 0x33, 0x38, 0x1c, 0x02, 0xa4, 0x33,
    0x3c, 0x1c, 0x05, 0x33, 0xfc, 0x01, 0x01, 0x1e, 0x42, 0x1c, 0x03, 0x1e, 0x1e, 0xfc, 0x47, 0x1c,
    0x04, 0xe2, 0xcf, 0xd1, 0xe2, 0x56, 0x1c, 0x02, 0x0c, 0x0c, 0xa1, 0x1c, 0x02, 0x0c, 0x3f, 0xa5,
    0x1c, 0x03, 0x97, 0xfc, 0xcf, 0xae, 0x1c, 0x03, 0x1e, 0xcf, 0x33, 0xb2, 0x1c, 0x03, 0xa4, 0xa4,
    0x33, 0xb8, 0x1c, 0x03, 0xa4, 0xa4, 0x33, 0xbd, 0x1c, 0x02, 0x33, 0xfc, 0xc3, 0x1c, 0x01, 0xcf,
    0xc5, 0x1c, 0x03, 0xa4, 0x97, 0x33, 0xca, 0x1c, 0x02, 0xd1, 0xfc, 0xd1, 0x1c, 0x03, 0x1f, 0x01,
    0x01, 0xd8, 0x1c, 0x02, 0x0c, 0x0c, 0x21, 0x1d, 0x03, 0x0c, 0xf0, 0xfc, 0x2a, 0x1d, 0x05, 0x01,
    0x01, 0x01, 0x01, 0x01, 0x30, 0x1d, 0x01, 0xcf, 0x33, 0x1d, 0x01, 0xa4, 0x39, 0x1d, 0x01, 0x33,
    0x3c, 0x1d, 0x02, 0xce, 0xcf, 0x41, 0x1d, 0x02, 0xa4, 0x33, 0x45, 0x1d, 0x01, 0x97, 0x4c, 0x1d,
    0x02, 0xfc, 0xfc, 0x50, 0x1d, 0x01, 0x1e, 0x55, 0x1d, 0x05, 0x1e, 0x1e, 0x1e, 0x1e, 0x0c, 0x5b,
    0x1d, 0x01, 0x0c, 0xa2, 0x1d, 0x02, 0xf0, 0xfc, 0xa5, 0x1d, 0x01, 0x1e, 0xb0, 0x1d, 0x04, 0xfd,
    0x33, 0x33, 0x33, 0xb5, 0x1d, 0x03, 0x33, 0x33, 0xcf, 0xbf, 0x1d, 0x01, 0xcf, 0xc2, 0x1d, 0x02,
    0xa4, 0x33, 0xc7, 0x1d, 0x03, 0xa4, 0x97, 0x33, 0xcd, 0x1d, 0x01, 0xfc, 0xcf, 0x1d, 0x03, 0x01,
    0x01, 0x01, 0xd5, 0x1d, 0x07, 0xfd, 0xfd, 0x01, 0xd1, 0xd1, 0x33, 0x33, 0xdd, 0x1d, 0x01, 0x0c,
    0x22, 0x1e, 0x04, 0xf0, 0xfc, 0x01, 0x01, 0x27, 0x1e, 0x01, 0x1e, 0x2a, 0x1e, 0x01, 0x1e, 0x2c,
    0x1e, 0x06, 0xe2, 0xe2, 0xe2, 0xe2, 0xfc, 0xfc, 0x40, 0x1e, 0x01, 0xcf, 0x4b, 0x1e, 0x01, 0x33,
    0x4d, 0x1e, 0x01, 0xa4, 0x50, 0x1e, 0x02, 0x33, 0x97, 0x54, 0x1e, 0x03, 0x33, 0x33, 0x33, 0x58,
    0x1e, 0x02, 0xa4, 0x33, 0x5d, 0x1e, 0x01, 0x33, 0x5f, 0x1e, 0x01, 0x0c, 0xa2, 0x1e, 0x02, 0x0c,
    0xf0, 0xa6, 0x1e, 0x03, 0xfc, 0xfc, 0xfc, 0xaa, 0x1e, 0x05, 0xfc, 0xfd, 0x6a, 0xce, 0x33, 0xb1,
    0x1e, 0x02, 0x33, 0xe2, 0xb6, 0x1e, 0x05, 0x1e, 0x1f, 0x1f, 0x01, 0x01, 0xc1, 0x1e, 0x01, 0xce,
    0xcb, 0x1e, 0x07, 0xcf, 0xfc, 0xfc, 0xfd, 0xfc, 0x33, 0x33, 0xd3, 0x1e, 0x01, 0xa4, 0xd6, 0x1e,
    0x05, 0xa4, 0x97, 0x33, 0xa4, 0x33, 0xdf, 0x1e, 0x01, 0x33, 0xe1, 0x1e, 0x01, 0x0c, 0x22, 0x1f,
    0x06, 0x0c, 0xf0, 0x33, 0x33, 0x33, 0xa4, 0x2d, 0x1f, 0x02, 0xa4, 0x33, 0x32, 0x1f, 0x01, 0x33,
    0x34, 0x1f, 0x01, 0x1e, 0x36, 0x1f, 0x01, 0x1e, 0x3f, 0x1f, 0x04, 0x1e, 0x1e, 0x1e, 0xe2, 0x45,
    0x1f, 0x03, 0x33, 0xcf, 0xfc, 0x4a, 0x1f, 0x01, 0xfc, 0x50, 0x1f, 0x02, 0x1e, 0xe2, 0x55, 0x1f,
    0x01, 0xa4, 0x5b, 0x1f, 0x03, 0xa4, 0x33, 0x33, 0x60, 0x1f, 0x02, 0x33, 0x3f, 0x63, 0x1f, 0x01,
    0x0c, 0xa3, 0x1f, 0x01, 0x3f, 0xa6, 0x1f, 0x01, 0xa4, 0xa8, 0x1f, 0x01, 0x33, 0xb3, 0x1f, 0x05,
    0x33, 0x01, 0x01, 0x01, 0x01, 0xba, 0x1f, 0x03, 0x1e, 0x1e, 0x1e, 0xbe, 0x1f, 0x02, 0x1e, 0x1e,
    0xc5, 0x1f, 0x03, 0x1e, 0x1f, 0x1f, 0xd4, 0x1f, 0x01, 0x33, 0xd7, 0x1f, 0x01, 0x33, 0xdc, 0x1f,
    0x02, 0xa4, 0x33, 0xe0, 0x1f, 0x02, 0xa4, 0xa4, 0xe3, 0x1f, 0x02, 0x0c, 0x0c, 0x23, 0x20, 0x01,
    0x3f, 0x2d, 0x20, 0x03, 0xa4, 0x97, 0x33, 0x33, 0x20, 0x01, 0x33, 0x38, 0x20, 0x06, 0x01, 0x01,
    0x01, 0x01, 0xce, 0x33, 0x40, 0x20, 0x01, 0x33, 0x44, 0x20, 0x01, 0x33, 0x46, 0x20, 0x04, 0x1e,
    0x1e, 0x1e, 0x1e, 0x4b, 0x20, 0x01, 0x01, 0x51, 0x20, 0x02, 0x01, 0x01, 0x54, 0x20, 0x01, 0x01,
    0x5e, 0x20, 0x01, 0xa4, 0x60, 0x20, 0x07, 0x33, 0xcf, 0xce, 0xfc, 0xfc, 0xf0, 0x0c, 0xa3, 0x20,
    0x01, 0x0c, 0xa6, 0x20, 0x03, 0xa4, 0x97, 0x33, 0xad, 0x20, 0x02, 0xa4, 0x33, 0xb2, 0x20, 0x01,
    0x33, 0xb4, 0x20, 0x01, 0x33, 0xb7, 0x20, 0x05, 0xfc, 0xfc, 0xfc, 0x33, 0x33, 0xbf, 0x20, 0x02,
    0xa4, 0x33, 0xc5, 0x20, 0x02, 0xcf, 0x1e, 0xc8, 0x20, 0x01, 0x1e, 0xcf, 0x20, 0x07, 0x1e, 0x1e,
    0x1e, 0x1e, 0x01, 0x01, 0xfd, 0xd7, 0x20, 0x01, 0x33, 0xda, 0x20, 0x03, 0x33, 0x33, 0x33, 0xde,
    0x20, 0x03, 0xcf, 0xfc, 0xfc, 0xe5, 0x20, 0x04, 0xfc, 0xf0, 0xf0, 0x0c, 0x23, 0x21, 0x01, 0x0c,
    0x26, 0x21, 0x03, 0xa4, 0xa4, 0x33, 0x2e, 0x21, 0x02, 0xa4, 0x33, 0x32, 0x21, 0x02, 0x97, 0x33,
    0x35, 0x21, 0x06, 0x33, 0x33, 0x33, 0xa4, 0x97, 0x33, 0x3c, 0x21, 0x01, 0xa4, 0x3e, 0x21, 0x01,
    0xa4, 0x46, 0x21, 0x01, 0xcf, 0x49, 0x21, 0x02, 0x1e, 0x1e, 0x51, 0x21, 0x08, 0x1e, 0x1e, 0x1e,
    0x1e, 0x1e, 0xfc, 0xcf, 0x33, 0x5a, 0x21, 0x03, 0xd1, 0xfc, 0xfc, 0x67, 0x21, 0x04, 0xfc, 0xf0,
    0xf0, 0x0c, 0xa4, 0x21, 0x01, 0x33, 0xa8, 0x21, 0x01, 0x33, 0xac, 0x21, 0x07, 0x33, 0x33, 0x33,
    0x33, 0x6b, 0xfd, 0xfc, 0xb6, 0x21, 0x01, 0xcf, 0xb9, 0x21, 0x03, 0xa4, 0x97, 0x33, 0xbe, 0x21,
    0x01, 0x33, 0xc1, 0x21, 0x01, 0xa4, 0xc7, 0x21, 0x0a, 0xce, 0x01, 0x01, 0x01, 0x01, 0x01, 0x01,
    0x1f, 0x01, 0x01, 0xd2, 0x21, 0x07, 0x1e, 0x1e, 0xe2, 0xe2, 0xcf, 0x33, 0x33, 0xda, 0x21, 0x07,
    0xfd, 0x1e, 0x1e, 0x1f, 0x1f, 0x01, 0x01, 0xe2, 0x21, 0x03, 0x01, 0x01, 0x01, 0xe9, 0x21, 0x04,
    0xfc, 0xf0, 0xf0, 0x0c, 0x24, 0x22, 0x01, 0x33, 0x26, 0x22, 0x02, 0x33, 0x97, 0x2a, 0x22, 0x05,
    0xcf, 0xcf, 0xfc, 0xfc, 0xfc, 0x36, 0x22, 0x01, 0xcf, 0x40, 0x22, 0x03, 0xa4, 0x97, 0x33, 0x47,
    0x22, 0x08, 0x33, 0xcf, 0x01, 0x01, 0x01, 0x01, 0x01, 0x01, 0x51, 0x22, 0x05, 0xfd, 0x33, 0x97,
    0x97, 0x33, 0x59, 0x22, 0x05, 0x33, 0xcf, 0xfc, 0x1e, 0x1e, 0x5f, 0x22, 0x02, 0x01, 0x01, 0x62,
    0x22, 0x0b, 0x01, 0x01, 0x01, 0x01, 0x01, 0x01, 0x01, 0x01, 0xfd, 0xf1, 0xf1, 0x6e, 0x22, 0x01,
    0x0c, 0xa4, 0x22, 0x06, 0x33, 0xd1, 0xd1, 0xd1, 0xfc, 0xfc, 0xb4, 0x22, 0x02, 0x1e, 0x1e, 0xb7,
    0x22, 0x01, 0xcf, 0xc1, 0x22, 0x03, 0xa4, 0x97, 0x33, 0xc8, 0x22, 0x03, 0x33, 0xd1, 0x1e, 0xcf,
    0x22, 0x02, 0xfc, 0x33, 0xda, 0x22, 0x02, 0x33, 0xcf, 0xde, 0x22, 0x01, 0x1e, 0xe0, 0x22, 0x01,
    0x1e, 0xe2, 0x22, 0x0d, 0x1f, 0x1f, 0x1e, 0x1f, 0x1f, 0x1f, 0x1f, 0x1f, 0x1f, 0x1e, 0xfc, 0xf0,
    0xf0, 0xf0, 0x22, 0x01, 0x0c, 0x25, 0x23, 0x05, 0xfc, 0x1e, 0x1e, 0x1f, 0x01, 0x37, 0x23, 0x02,
    0x33, 0xcf, 0x3a, 0x23, 0x02, 0xa4, 0x97, 0x43, 0x23, 0x05, 0xa4, 0x97, 0x33, 0x33, 0xa4, 0x49,
    0x23, 0x01, 0x33, 0x4c, 0x23, 0x04, 0xcf, 0xa4, 0x97, 0x33, 0x57, 0x23, 0x01, 0x33, 0x5c, 0x23,
    0x03, 0xcf, 0xcf, 0xfc, 0x60, 0x23, 0x02, 0x1e, 0x1e, 0x66, 0x23, 0x01, 0x1e, 0x68, 0x23, 0x0a,
    0x1e, 0x1e, 0x1f, 0x1f, 0x1f, 0x1f, 0xe2, 0xee, 0xf0, 0x0c, 0xa6, 0x23, 0x02, 0x1e, 0x1e, 0xab,
    0x23, 0x02, 0x01, 0x01, 0xb4, 0x23, 0x05, 0x01, 0x01, 0x01, 0xfc, 0xcf, 0xbe, 0x23, 0x01, 0x33,
    0xc2, 0x23, 0x02, 0xa4, 0x33, 0xc5, 0x23, 0x02, 0xa4, 0x33, 0xc8, 0x23, 0x04, 0xfc, 0x01, 0xcf,
    0xcf, 0xce, 0x23, 0x06, 0xa4, 0xa4, 0xa4, 0x33, 0xa4, 0x97, 0xd5, 0x23, 0x02, 0x33, 0xa4, 0xd8,
    0x23, 0x02, 0xa4, 0x33, 0xdd, 0x23, 0x03, 0xcf, 0xcf, 0xfc, 0xe4, 0x23, 0x01, 0x1e, 0xe7, 0x23,
    0x01, 0x1e, 0xe9, 0x23, 0x01, 0x1e, 0xec, 0x23, 0x03, 0x1e, 0x1e, 0x1e, 0xf0, 0x23, 0x02, 0xee,
    0x9a, 0x28, 0x24, 0x02, 0x1e, 0x1e, 0x2d, 0x24, 0x03, 0x1e, 0x01, 0x01, 0x38, 0x24, 0x02, 0x33,
    0xce, 0x3b, 0x24, 0x03, 0xa4, 0x33, 0xa4, 0x42, 0x24, 0x01, 0x33, 0x44, 0x24, 0x01, 0xfc, 0x4b,
    0x24, 0x02, 0xcf, 0xcf, 0x4f, 0x24, 0x07, 0xa4, 0xa4, 0x97, 0x33, 0xa4, 0xa4, 0xa4, 0x57, 0x24,
    0x02, 0xa4, 0x97, 0x5e, 0x24, 0x02, 0x33, 0xce, 0x61, 0x24, 0x01, 0xfd, 0x65, 0x24, 0x0d, 0x01,
    0x01, 0x1f, 0x1f, 0x01, 0x1f, 0x1f, 0xe2, 0x1f, 0x6b, 0x6d, 0xcf, 0x0c, 0xa9, 0x24, 0x01, 0x1e,
    0xb2, 0x24, 0x02, 0x1e, 0x1e, 0xb8, 0x24, 0x06, 0xfc, 0xcf, 0xcf, 0xa4, 0x33, 0xa4, 0xbf, 0x24,
    0x03, 0x33, 0xfc, 0xfc, 0xc8, 0x24, 0x01, 0x1e, 0xca, 0x24, 0x01, 0x1e, 0xcc, 0x24, 0x03, 0xcf,
    0xcf, 0x33, 0xd0, 0x24, 0x04, 0xa4, 0x33, 0xa4, 0x33, 0xd7, 0x24, 0x01, 0xa4, 0xd9, 0x24, 0x01,
    0xa4, 0xdf, 0x24, 0x12, 0x33, 0xcf, 0xcf, 0xfc, 0x01, 0x01, 0x01, 0x01, 0x01, 0x01, 0xfd, 0xfd,
    0x01, 0x6b, 0x9c, 0x33, 0xc6, 0xc7, 0x25, 0x25, 0x01, 0xfc, 0x2c, 0x25, 0x01, 0x1e, 0x31, 0x25,
    0x01, 0x1e, 0x34, 0x25, 0x04, 0x1e, 0x1e, 0x1e, 0x1e, 0x39, 0x25, 0x05, 0xe2, 0xfc, 0x33, 0xcf,
    0xfc, 0x4c, 0x25, 0x05, 0xfc, 0xcf, 0xd1, 0x33, 0xa4, 0x52, 0x25, 0x01, 0xa4, 0x58, 0x25, 0x01,
    0xa4, 0x5a, 0x25, 0x03, 0xa4, 0xa4, 0x33, 0x61, 0x25, 0x02, 0xcf, 0xcf, 0x64, 0x25, 0x02, 0x1e,
    0x1e, 0x67, 0x25, 0x01, 0xfc, 0x69, 0x25, 0x08, 0x6b, 0x8f, 0x33, 0xf6, 0xc6, 0xf7, 0x62, 0x6c,
    0xa5, 0x25, 0x05, 0xfd, 0x01, 0x01, 0x01, 0x01, 0xaf, 0x25, 0x01, 0x1e, 0xb1, 0x25, 0x03, 0x1e,
    0x1e, 0x1e, 0xb5, 0x25, 0x02, 0xe2, 0xe2, 0xba, 0x25, 0x03, 0xfc, 0xd1, 0x1e, 0xc1, 0x25, 0x02,
    0x1e, 0x1e, 0xcd, 0x25, 0x07, 0xfc, 0xcf, 0xcf, 0x33, 0xa4, 0x33, 0xa4, 0xd9, 0x25, 0x05, 0xa4,
    0xa4, 0x33, 0xa4, 0x33, 0xdf, 0x25, 0x02, 0x33, 0x33, 0xe2, 0x25, 0x0c, 0x33, 0xcf, 0xfc, 0xfc,
    0x1e, 0x33, 0x60, 0xf7, 0xde, 0x31, 0xc6, 0x62, 0xef, 0x25, 0x02, 0x5d, 0x5d, 0x25, 0x26, 0x01,
    0xf0, 0x31, 0x26, 0x07, 0xfd, 0xfd, 0x1f, 0x1f, 0xce, 0x33, 0x33, 0x3a, 0x26, 0x02, 0xcf, 0xce,
    0x3d, 0x26, 0x01, 0x01, 0x40, 0x26, 0x03, 0x01, 0x01, 0x01, 0x45, 0x26, 0x01, 0x01, 0x4e, 0x26,
    0x04, 0xfc, 0xcf, 0xcf, 0x33, 0x53, 0x26, 0x01, 0x33, 0x55, 0x26, 0x02, 0xa4, 0x33, 0x5a, 0x26,
    0x05, 0xa4, 0xa4, 0x33, 0xa4, 0x33, 0x60, 0x26, 0x01, 0x33, 0x62, 0x26, 0x09, 0x33, 0x33, 0x96,
    0x8f, 0xa5, 0x53, 0x62, 0xa4, 0x31, 0x6c, 0x26, 0x04, 0x5d, 0x3f, 0x5d, 0x5d, 0xa5, 0x26, 0x01,
    0x0c, 0xa7, 0x26, 0x02, 0x01, 0x01, 0xab, 0x26, 0x04, 0x01, 0x01, 0xfc, 0xfc, 0xb1, 0x26, 0x06,
    0xcf, 0x6b, 0x97, 0x97, 0xa4, 0x33, 0xba, 0x26, 0x06, 0x33, 0xfc, 0xd1, 0x1e, 0x1e, 0x1e, 0xc1,
    0x26, 0x01, 0x1e, 0xc4, 0x26, 0x10, 0x01, 0x01, 0x01, 0x01, 0x01, 0x01, 0x01, 0x01, 0x01, 0x01,
    0x01, 0xce, 0xce, 0xce, 0x33, 0xa4, 0xd6, 0x26, 0x03, 0xa4, 0x33, 0x33, 0xdd, 0x26, 0x01, 0xa4,
    0xdf, 0x26, 0x05, 0x33, 0xa4, 0x33, 0x01, 0xf6, 0xe5, 0x26, 0x03, 0x62, 0x31, 0xf7, 0xe9, 0x26,
    0x06, 0x62, 0x3f, 0x5d, 0x5d, 0x5d, 0x5d, 0x25, 0x27, 0x03, 0x0c, 0xe2, 0x1e, 0x29, 0x27, 0x02,
    0xfc, 0xfc, 0x2c, 0x27, 0x05, 0xcf, 0xcf, 0xcf, 0x33, 0x33, 0x33, 0x27, 0x01, 0xa4, 0x35, 0x27,
    0x02, 0xa4, 0x33, 0x3b, 0x27, 0x03, 0xcf, 0xe2, 0x1e, 0x40, 0x27, 0x02, 0x1e, 0x1e, 0x43, 0x27,
    0x07, 0x1e, 0x1f, 0x1f, 0x1f, 0x1f, 0x01, 0x01, 0x50, 0x27, 0x07, 0xce, 0xce, 0xce, 0x33, 0xa4,
    0x33, 0xa4, 0x5c, 0x27, 0x0a, 0x97, 0x33, 0x97, 0x01, 0xf6, 0x18, 0x53, 0x31, 0x31, 0xc6, 0x67,
    0x27, 0x05, 0x62, 0x5d, 0x3f, 0x5d, 0x5d, 0xa5, 0x27, 0x01, 0x0c, 0xa7, 0x27, 0x07, 0x1e, 0xcf,
    0x75, 0xfc, 0xfc, 0x33, 0x33, 0xb5, 0x27, 0x01, 0x33, 0xb7, 0x27, 0x01, 0x33, 0xbb, 0x27, 0x03,
    0x33, 0xcf, 0xcf, 0xbf, 0x27, 0x03, 0x1e, 0x1e, 0x1e, 0xc8, 0x27, 0x10, 0x1e, 0x1e, 0x1f, 0x1f,
    0x1f, 0x1f, 0x01, 0x01, 0x01, 0xcf, 0xcf, 0xcf, 0x33, 0xa4, 0x33, 0xa4, 0xda, 0x27, 0x08, 0x33,
    0x33, 0x01, 0xf6, 0x18, 0x53, 0xf7, 0x31, 0xe3, 0x27, 0x01, 0x62, 0xe5, 0x27, 0x04, 0x3f, 0x5d,
    0x5d, 0x0c, 0x25, 0x28, 0x07, 0x0c, 0x3f, 0xd1, 0x33, 0x33, 0xa4, 0x33, 0x2d, 0x28, 0x01, 0x33,
    0x34, 0x28, 0x02, 0xa4, 0x33, 0x37, 0x28, 0x01, 0x33, 0x3c, 0x28, 0x02, 0xcf, 0xfc, 0x40, 0x28,
    0x02, 0x1e, 0x1e, 0x44, 0x28, 0x02, 0x1e, 0x1e, 0x4a, 0x28, 0x06, 0x1e, 0x1e, 0x1e, 0x1e, 0x1e,
    0x1e, 0x51, 0x28, 0x05, 0xe2, 0xcf, 0xcf, 0xcf, 0x97, 0x58, 0x28, 0x04, 0x97, 0x01, 0xf7, 0x18,
    0x5d, 0x28, 0x03, 0x31, 0xc6, 0xc6, 0x61, 0x28, 0x05, 0xc6, 0x51, 0x5d, 0x5d, 0x0c, 0xa5, 0x28,
    0x02, 0x0c, 0x3f, 0xac, 0x28, 0x05, 0x97, 0x33, 0x33, 0xa4, 0x33, 0xb2, 0x28, 0x06, 0xa4, 0xa4,
    0xa4, 0x33, 0xa4, 0x33, 0xbc, 0x28, 0x03, 0x33, 0xcf, 0xcf, 0xc7, 0x28, 0x01, 0x1e, 0xca, 0x28,
    0x03, 0x1e, 0x1e, 0x1e, 0xd2, 0x28, 0x02, 0xe2, 0xd1, 0xd6, 0x28, 0x01, 0xa5, 0xd8, 0x28, 0x04,
    0xbc, 0xa4, 0x53, 0x31, 0xdd, 0x28, 0x06, 0xc6, 0xc6, 0xc6, 0x5d, 0x5d, 0x0c, 0x25, 0x29, 0x03,
    0x0c, 0x3f, 0x33, 0x2c, 0x29, 0x01, 0x33, 0x2e, 0x29, 0x05, 0x33, 0xa4, 0xa4, 0xa4, 0x33, 0x36,
    0x29, 0x02, 0xa4, 0x33, 0x3d, 0x29, 0x02, 0xce, 0xce, 0x41, 0x29, 0x01, 0x01, 0x44, 0x29, 0x01,
    0x01, 0x48, 0x29, 0x01, 0x1e, 0x4a, 0x29, 0x03, 0x1e, 0x1e, 0x1e, 0x4f, 0x29, 0x01, 0x1e, 0x51,
    0x29, 0x01, 0xfc, 0x53, 0x29, 0x01, 0x01, 0x55, 0x29, 0x01, 0x18, 0x58, 0x29, 0x04, 0x53, 0xc6,
    0xc6, 0x62, 0x5d, 0x29, 0x03, 0x97, 0x5d, 0x5d, 0xa6, 0x29, 0x02, 0x3f, 0x33, 0xac, 0x29, 0x04,
    0x33, 0xa4, 0x33, 0x33, 0xb1, 0x29, 0x02, 0xa4, 0x33, 0xb6, 0x29, 0x02, 0xa4, 0x33, 0xbd, 0x29,
    0x03, 0x33, 0xce, 0xfd, 0xcb, 0x29, 0x0b, 0x1f, 0x01, 0x1e, 0xfc, 0xdf, 0x48, 0xa5, 0x19, 0x53,
    0xf7, 0xf7, 0xd7, 0x29, 0x01, 0x62, 0xd9, 0x29, 0x01, 0xc6, 0xdb, 0x29, 0x02, 0x5d, 0x5d, 0x26,
    0x2a, 0x02, 0x3f, 0x3f, 0x2c, 0x2a, 0x03, 0x33, 0xa4, 0x33, 0x33, 0x2a, 0x02, 0xa4, 0x33, 0x37,
    0x2a, 0x01, 0x33, 0x3e, 0x2a, 0x02, 0xcf, 0xcf, 0x43, 0x2a, 0x0f, 0x01, 0x01, 0x01, 0x01, 0x01,
    0x01, 0x01, 0x01, 0xfc, 0x23, 0x97, 0xa4, 0x19, 0xa4, 0xf7, 0x55, 0x2a, 0x01, 0xc6, 0x57, 0x2a,
    0x01, 0xc6, 0x59, 0x2a, 0x01, 0x0c, 0xa6, 0x2a, 0x02, 0x3f, 0x3f, 0xaa, 0x2a, 0x02, 0xa4, 0x33,
    0xad, 0x2a, 0x02, 0xa4, 0x33, 0xb3, 0x2a, 0x01, 0xa4, 0xb5, 0x2a, 0x03, 0xa4, 0x33, 0x33, 0xbe,
    0x2a, 0x03, 0x33, 0xcf, 0xfc, 0xc7, 0x2a, 0x08, 0xfc, 0xfc, 0x23, 0x97, 0x01, 0x19, 0xbc, 0x53,
    0xd0, 0x2a, 0x01, 0xc6, 0xd2, 0x2a, 0x01, 0x62, 0xd5, 0x2a, 0x02, 0x62, 0x0c, 0x26, 0x2b, 0x03,
    0x3f, 0x3f, 0x33, 0x2a, 0x2b, 0x01, 0xa4, 0x2d, 0x2b, 0x02, 0xa4, 0x33, 0x34, 0x2b, 0x01, 0xa4,
    0x36, 0x2b, 0x01, 0xa4, 0x3f, 0x2b, 0x0f, 0xd1, 0xd1, 0xe2, 0x1e, 0x1e, 0xfc, 0xfc, 0x23, 0x97,
    0x97, 0x18, 0xa5, 0x53, 0xf7, 0x53, 0x50, 0x2b, 0x01, 0xc6, 0x53, 0x2b, 0x01, 0x51, 0xa6, 0x2b,
    0x03, 0x3f, 0x3f, 0x33, 0xaa, 0x2b, 0x02, 0xa4, 0x33, 0xad, 0x2b, 0x02, 0xa4, 0x33, 0xb4, 0x2b,
    0x01, 0xa4, 0xb6, 0x2b, 0x04, 0xa4, 0xa4, 0x97, 0xa4, 0xbf, 0x2b, 0x0c, 0x33, 0xcf, 0x33, 0xfc,
    0x3d, 0x6b, 0x96, 0x18, 0xa5, 0x18, 0x53, 0xc6, 0xcc, 0x2b, 0x02, 0xc6, 0xa4, 0xcf, 0x2b, 0x02,
    0x62, 0x51, 0x26, 0x2c, 0x03, 0x0c, 0x3f, 0x3f, 0x2b, 0x2c, 0x01, 0xa4, 0x2d, 0x2c, 0x02, 0x97,
    0x33, 0x39, 0x2c, 0x01, 0x33, 0x3d, 0x2c, 0x0b, 0xa4, 0x33, 0x33, 0xec, 0xa4, 0x97, 0x18, 0xa5,
    0xf7, 0x53, 0x53, 0x49, 0x2c, 0x03, 0xc6, 0x62, 0xa4, 0x4d, 0x2c, 0x02, 0x51, 0x0c, 0xa6, 0x2c,
    0x03, 0x0c, 0x3f, 0x3f, 0xab, 0x2c, 0x01, 0xa4, 0xad, 0x2c, 0x01, 0x97, 0xb8, 0x2c, 0x02, 0xa4,
    0x33, 0xbc, 0x2c, 0x01, 0x33, 0xbe, 0x2c, 0x08, 0xa4, 0x96, 0x8f, 0xf7, 0x01, 0x53, 0xc6, 0xc6,
    0xc7, 0x2c, 0x01, 0xc6, 0xca, 0x2c, 0x02, 0xc6, 0x3f, 0x26, 0x2d, 0x04, 0x0c, 0x3f, 0x3f, 0x33,
    0x2b, 0x2d, 0x01, 0xa4, 0x2d, 0x2d, 0x03, 0x33, 0xa4, 0x33, 0x37, 0x2d, 0x02, 0xa4, 0x97, 0x3b,
    0x2d, 0x0b, 0xa4, 0x01, 0x8f, 0xf7, 0xf6, 0xf6, 0x31, 0x31, 0x62, 0xc6, 0x62, 0x48, 0x2d, 0x02,
    0x5d, 0x0c, 0xa6, 0x2d, 0x04, 0x0c, 0x3f, 0x3f, 0x33, 0xac, 0x2d, 0x02, 0xa4, 0x33, 0xaf, 0x2d,
    0x03, 0xa4, 0x33, 0x33, 0xb4, 0x2d, 0x02, 0x33, 0x33, 0xb8, 0x2d, 0x0a, 0xa4, 0xa4, 0x8f, 0xbf,
    0xa4, 0xf6, 0xef, 0x62, 0x31, 0x31, 0xc3, 0x2d, 0x01, 0xa4, 0xc5, 0x2d, 0x02, 0x97, 0x5d, 0x26,
    0x2e, 0x04, 0x0c, 0x3f, 0x3f, 0x3f, 0x2b, 0x2e, 0x02, 0xa4, 0x33, 0x2f, 0x2e, 0x04, 0xa4, 0x33,
    0x33, 0x33, 0x34, 0x2e, 0x05, 0xa4, 0xa5, 0xa5, 0x8f, 0x97, 0x3a, 0x2e, 0x06, 0xf6, 0xf6, 0xc6,
    0xc6, 0x31, 0xc6, 0x42, 0x2e, 0x03, 0x51, 0x5d, 0x0c, 0xa7, 0x2e, 0x03, 0x3f, 0x3f, 0x3f, 0xab,
    0x2e, 0x01, 0xa4, 0xae, 0x2e, 0x02, 0x97, 0x33, 0xb1, 0x2e, 0x02, 0xa4, 0xa4, 0xb4, 0x2e, 0x07,
    0x53, 0x33, 0xf7, 0xf6, 0xc7, 0xf7, 0xa4, 0xbc, 0x2e, 0x01, 0x62, 0xbe, 0x2e, 0x01, 0x62, 0xc0,
    0x2e, 0x03, 0x5d, 0x5d, 0x5d, 0x27, 0x2f, 0x06, 0x3f, 0x3f, 0x3f, 0x33, 0x33, 0x33, 0x2f, 0x2f,
    0x0b, 0xa5, 0x8f, 0xa4, 0x33, 0x60, 0xf7, 0xc6, 0xde, 0xa4, 0xf7, 0x31, 0x3b, 0x2f, 0x05, 0xc6,
    0xc6, 0x5d, 0x5d, 0x5d, 0xa7, 0x2f, 0x05, 0x3f, 0x0c, 0x3f, 0x97, 0xa4, 0xad, 0x2f, 0x08, 0xbc,
    0xf7, 0xa4, 0x60, 0xf7, 0x01, 0xa5, 0x53, 0xb6, 0x2f, 0x01, 0x31, 0xb9, 0x2f, 0x05, 0x62, 0x5d,
    0x9b, 0x5d, 0x5d, 0x27, 0x30, 0x04, 0x9b, 0x9a, 0x9a, 0x6c, 0x2c, 0x30, 0x0a, 0xa4, 0x60, 0x8e,
    0xc6, 0xc7, 0xbc, 0x62, 0x53, 0x31, 0xc6, 0x37, 0x30, 0x04, 0x9b, 0x5d, 0x5d, 0x5d, 0xa7, 0x30,
    0x07, 0x6c, 0x9b, 0x6c, 0x6c, 0x97, 0xa4, 0xa5, 0xaf, 0x30, 0x03, 0x62, 0x31, 0x31, 0xb3, 0x30,
    0x06, 0x5d, 0x9b, 0x3f, 0x5d, 0x5d, 0x0c, 0x28, 0x31, 0x05, 0x5d, 0x5d, 0x3f, 0xc7, 0xf7, 0x2e,
    0x31, 0x08, 0x31, 0x62, 0x5d, 0x5d, 0x5d, 0x5d, 0x5d, 0x3f, 0xa8, 0x31, 0x0c, 0x5d, 0x5d, 0x5d,
    0x31, 0x31, 0x5d, 0x5d, 0x3f, 0x3f, 0x5d, 0x5d, 0x5d, 0x28, 0x32, 0x02, 0x5d, 0x0c, 0x2b, 0x32,
    0x06, 0x6c, 0x5d, 0x5d, 0x5d, 0x9b, 0x5d, 0xac, 0x32, 0x03, 0x5d, 0x5d, 0x0c, 0x48, 0x18, 0x02,
    0x0c, 0x0c, 0xc0, 0x18, 0x0d, 0x0c, 0x0c, 0x0c, 0x0c, 0xfc, 0xfc, 0xfc, 0xfc, 0xfc, 0xf0, 0xf0,
    0x0c, 0x0c, 0x38, 0x19, 0x01, 0x0c, 0x3c, 0x19, 0x0d, 0x33, 0x97, 0x3f, 0x9b, 0x3f, 0x3f, 0x0c,
    0xfc, 0x1e, 0x1e, 0x1e, 0x1e, 0x1e, 0x4c, 0x19, 0x01, 0xfc, 0xae, 0x19, 0x02, 0x0c, 0x0c, 0xb3,
    0x19, 0x01, 0xfc, 0xb8, 0x19, 0x03, 0x1e, 0xfc, 0xcf, 0xbc, 0x19, 0x01, 0x33, 0xc0, 0x19, 0x02,
    0x33, 0xa4, 0xc3, 0x19, 0x0d, 0x33, 0xfd, 0x01, 0x1f, 0x1f, 0x1f, 0xe2, 0xe2, 0xe2, 0xcf, 0xce,
    0xfd, 0x0c, 0x25, 0x1a, 0x10, 0x0c, 0x0c, 0x0c, 0x3f, 0x33, 0x33, 0x33, 0x97, 0x3f, 0xcf, 0xcf,
    0xcf, 0x1e, 0x01, 0x1f, 0x1f, 0x36, 0x1a, 0x01, 0x01, 0x38, 0x1a, 0x06, 0x01, 0x01, 0xce, 0x33,
    0xa4, 0xa4, 0x42, 0x1a, 0x03, 0x33, 0x33, 0x33, 0x46, 0x1a, 0x0a, 0xce, 0xce, 0xce, 0x33, 0x97,
    0x33, 0x97, 0x33, 0xd1, 0xd1, 0xa3, 0x1a, 0x04, 0x0c, 0x0c, 0x0c, 0x3f, 0xab, 0x1a, 0x01, 0x97,
    0xad, 0x1a, 0x05, 0x33, 0x33, 0xcf, 0xcf, 0x1e, 0xb3, 0x1a, 0x02, 0x1e, 0x1e, 0xb7, 0x1a, 0x03,
    0x1e, 0x1e, 0x1e, 0xbb, 0x1a, 0x01, 0xcf, 0xbd, 0x1a, 0x01, 0x33, 0xbf, 0x1a, 0x08, 0xfc, 0xfc,
    0xfc, 0xfc, 0xfc, 0xcf, 0xcf, 0x33, 0xc8, 0x1a, 0x02, 0xa4, 0x33, 0xd1, 0x1a, 0x02, 0x0c, 0x0c,
    0x23, 0x1b, 0x03, 0x3f, 0x3f, 0x33, 0x27, 0x1b, 0x03, 0xa4, 0x97, 0x33, 0x2d, 0x1b, 0x01, 0x33,
    0x2f, 0x1b, 0x07, 0xce, 0xce, 0xfd, 0x01, 0x01, 0x01, 0xfc, 0x39, 0x1b, 0x02, 0x33, 0x33, 0x3c,
    0x1b, 0x03, 0xce, 0x1e, 0x1e, 0x40, 0x1b, 0x03, 0x01, 0x01, 0x01, 0x45, 0x1b, 0x01, 0x1e, 0x49,
    0x1b, 0x02, 0xa4, 0x33, 0x4f, 0x1b, 0x01, 0x33, 0x52, 0x1b, 0x01, 0x33, 0xa3, 0x1b, 0x02, 0x3f,
    0x3f, 0xa6, 0x1b, 0x01, 0x33, 0xa8, 0x1b, 0x01, 0x33, 0xab, 0x1b, 0x04, 0x33, 0x33, 0x33, 0x33,
    0xb2, 0x1b, 0x01, 0xcf, 0xb8, 0x1b, 0x01, 0x33, 0xbc, 0x1b, 0x03, 0x33, 0xfc, 0x1e, 0xc0, 0x1b,
    0x07, 0x1e, 0x1e, 0x1e, 0x1f, 0x1f, 0x1f, 0x1e, 0xcb, 0x1b, 0x0b, 0x33, 0x33, 0x33, 0x33, 0xcf,
    0xcf, 0xcf, 0x6b, 0xfc, 0xfc, 0x0c, 0x23, 0x1c, 0x0f, 0x0c, 0x3f, 0x33, 0x33, 0xd1, 0xfc, 0xfc,
    0xfc, 0xfc, 0xcf, 0xcf, 0xcf, 0xcf, 0xcf, 0xcf, 0x33, 0x1c, 0x01, 0xa4, 0x35, 0x1c, 0x02, 0x33,
    0x33, 0x38, 0x1c, 0x02, 0xa4, 0x97, 0x3d, 0x1c, 0x03, 0x33, 0x01, 0x01, 0x42, 0x1c, 0x01, 0x1e,
    0x44, 0x1c, 0x04, 0x1e, 0xfc, 0xfc, 0xfc, 0x49, 0x1c, 0x08, 0x33, 0xe2, 0xe2, 0xe2, 0xfc, 0xcf,
    0xcf, 0xcf, 0x52, 0x1c, 0x01, 0x01, 0x54, 0x1c, 0x01, 0x01, 0xa3, 0x1c, 0x05, 0x0c, 0x0c, 0x6b,
    0xe2, 0xd1, 0xab, 0x1c, 0x04, 0x01, 0x01, 0x01, 0x1e, 0xb0, 0x1c, 0x02, 0xfc, 0xcf, 0xb3, 0x1c,
    0x03, 0xa4, 0x97, 0x33, 0xb9, 0x1c, 0x03, 0xa4, 0x97, 0x33, 0xbf, 0x1c, 0x02, 0xfd, 0xfd, 0xc2,
    0x1c, 0x0a, 0xfc, 0xfc, 0x33, 0x33, 0x75, 0xe2, 0xd1, 0xd1, 0x33, 0xe2, 0xcd, 0x1c, 0x0c, 0x1e,
    0x1e, 0x1e, 0x1e, 0x01, 0x01, 0x01, 0x01, 0x01, 0x01, 0xfd, 0x0c, 0x23, 0x1d, 0x02, 0x0c, 0xf0,
    0x28, 0x1d, 0x07, 0x1f, 0x01, 0x1e, 0x1e, 0x1e, 0x1e, 0x1e, 0x31, 0x1d, 0x02, 0xce, 0x33, 0x38,
    0x1d, 0x01, 0x33, 0x3c, 0x1d, 0x01, 0x33, 0x3e, 0x1d, 0x05, 0xcf, 0x33, 0xcf, 0x6b, 0xfc, 0x44,
    0x1d, 0x02, 0xa4, 0x33, 0x47, 0x1d, 0x01, 0xa4, 0x4b, 0x1d, 0x03, 0x33, 0xfc, 0x1e, 0x50, 0x1d,
    0x05, 0x1e, 0x1e, 0x1f, 0x1f, 0x1e, 0x58, 0x1d, 0x01, 0xf0, 0x5a, 0x1d, 0x01, 0x0c, 0xa3, 0x1d,
    0x09, 0x0c, 0xfc, 0x01, 0x1f, 0x1f, 0x1f, 0x1f, 0x1f, 0x1e, 0xad, 0x1d, 0x04, 0x1e, 0x1e, 0x1e,
    0xfd, 0xb4, 0x1d, 0x02, 0x97, 0x33, 0xb7, 0x1d, 0x01, 0xcf, 0xbf, 0x1d, 0x01, 0xcf, 0xc5, 0x1d,
    0x02, 0x33, 0xa4, 0xc8, 0x1d, 0x02, 0x97, 0x33, 0xcc, 0x1d, 0x02, 0x33, 0xfc, 0xcf, 0x1d, 0x01,
    0x1e, 0xd1, 0x1d, 0x06, 0x1e, 0x1f, 0x1f, 0x1f, 0x1f, 0x1f, 0xd8, 0x1d, 0x02, 0x1e, 0x1f, 0xdb,
    0x1d, 0x01, 0x0c, 0x23, 0x1e, 0x03, 0x0c, 0xfd, 0x01, 0x27, 0x1e, 0x07, 0xfc, 0xfc, 0xfc, 0xe2,
    0xd1, 0x33, 0x97, 0x2f, 0x1e, 0x08, 0xd1, 0xcf, 0xcf, 0xd1, 0x1e, 0x1e, 0x1f, 0x1e, 0x40, 0x1e,
    0x01, 0x33, 0x48, 0x1e, 0x02, 0xa4, 0x33, 0x4c, 0x1e, 0x12, 0x33, 0x33, 0xce, 0x01, 0xce, 0x6a,
    0xfd, 0xce, 0xfc, 0xfc, 0xe2, 0xd1, 0xd1, 0xd1, 0x33, 0x33, 0x3f, 0x0c, 0xa4, 0x1e, 0x0b, 0xfc,
    0xcf, 0x33, 0x97, 0x33, 0xcf, 0xcf, 0xce, 0xce, 0xce, 0x33, 0xb2, 0x1e, 0x01, 0x33, 0xb7, 0x1e,
    0x02, 0x1f, 0x1f, 0xbd, 0x1e, 0x04, 0x01, 0x01, 0x01, 0x01, 0xc3, 0x1e, 0x02, 0xa4, 0x97, 0xc9,
    0x1e, 0x05, 0xa4, 0x33, 0xcf, 0xfc, 0xcf, 0xcf, 0x1e, 0x0c, 0xfc, 0xfc, 0xcf, 0x33, 0x33, 0x33,
    0x33, 0xa4, 0x97, 0x33, 0xa4, 0x33, 0xdc, 0x1e, 0x04, 0x3f, 0x33, 0x3f, 0x0c, 0x24, 0x1f, 0x01,
    0x33, 0x27, 0x1f, 0x02, 0xa4, 0x33, 0x2a, 0x1f, 0x02, 0xa4, 0xa4, 0x2d, 0x1f, 0x02, 0xa4, 0x33,
    0x33, 0x1f, 0x01, 0xfc, 0x36, 0x1f, 0x03, 0x1e, 0x1e, 0x1e, 0x3d, 0x1f, 0x02, 0x1e, 0x1e, 0x41,
    0x1f, 0x02, 0xfc, 0x33, 0x44, 0x1f, 0x10, 0xa4, 0x33, 0xcf, 0xcf, 0x33, 0x33, 0x33, 0xfc, 0xfc,
    0xfc, 0xfc, 0xfc, 0xcf, 0x33, 0xa4, 0x33, 0x56, 0x1f, 0x01, 0x33, 0x58, 0x1f, 0x02, 0xa4, 0x33,
    0x5b, 0x1f, 0x02, 0xa4, 0x33, 0x5e, 0x1f, 0x03, 0x33, 0x3f, 0x0c, 0xa4, 0x1f, 0x01, 0x33, 0xa7,
    0x1f, 0x02, 0xa4, 0x33, 0xaa, 0x1f, 0x02, 0xa4, 0x33, 0xad, 0x1f, 0x02, 0xa4, 0x33, 0xb8, 0x1f,
    0x05, 0x01, 0x01, 0x01, 0x01, 0x1f, 0xbe, 0x1f, 0x02, 0x1e, 0x1e, 0xc1, 0x1f, 0x02, 0xd1, 0x33,
    0xc5, 0x1f, 0x03, 0xfc, 0xfd, 0x01, 0xd0, 0x1f, 0x03, 0xfc, 0xcf, 0xcf, 0xd4, 0x1f, 0x01, 0xa4,
    0xd6, 0x1f, 0x03, 0xa4, 0xa4, 0xa4, 0xda, 0x1f, 0x01, 0xa4, 0xdc, 0x1f, 0x02, 0xa4, 0x33, 0xe0,
    0x1f, 0x03, 0x3f, 0x3f, 0x0c, 0x27, 0x20, 0x01, 0xa4, 0x2e, 0x20, 0x02, 0xa4, 0x33, 0x3b, 0x20,
    0x02, 0xcf, 0x33, 0x43, 0x20, 0x02, 0xcf, 0xfc, 0x46, 0x20, 0x01, 0x1e, 0x48, 0x20, 0x02, 0x1e,
    0x1e, 0x4b, 0x20, 0x01, 0x01, 0x4d, 0x20, 0x08, 0x01, 0x01, 0x01, 0x01, 0xfd, 0xce, 0xce, 0xce,
    0x5a, 0x20, 0x01, 0xa4, 0x5e, 0x20, 0x02, 0xa4, 0x33, 0x61, 0x20, 0x04, 0x33, 0x3f, 0x0c, 0x0c,
    0xa8, 0x20, 0x01, 0x33, 0xb0, 0x20, 0x03, 0x33, 0xa4, 0x33, 0xb4, 0x20, 0x03, 0x33, 0xfc, 0xfc,
    0xb8, 0x20, 0x02, 0x33, 0x33, 0xbd, 0x20, 0x04, 0xa4, 0x33, 0xa4, 0x33, 0xc3, 0x20, 0x02, 0x33,
    0xd1, 0xc8, 0x20, 0x0e, 0x1e, 0x1e, 0x1e, 0x1f, 0x1f, 0x1f, 0x1f, 0x1e, 0x1e, 0x1e, 0x1e, 0xcf,
    0xcf, 0x33, 0xd9, 0x20, 0x01, 0xa4, 0xdd, 0x20, 0x09, 0xa4, 0x33, 0x33, 0x33, 0xcf, 0xfc, 0xf0,
    0xf0, 0x0c, 0x28, 0x21, 0x01, 0x33, 0x2d, 0x21, 0x08, 0x33, 0x33, 0x33, 0x33, 0xfc, 0xfc, 0xfd,
    0x33, 0x38, 0x21, 0x06, 0x97, 0x33, 0xa4, 0x33, 0xa4, 0xa4, 0x44, 0x21, 0x04, 0xcf, 0xcf, 0x1e,
    0x1e, 0x49, 0x21, 0x0e, 0x1e, 0x1e, 0x1e, 0x1e, 0x1e, 0x1f, 0x1f, 0x1f, 0x1f, 0x1f, 0x1f, 0xd1,
    0xd1, 0x33, 0x5b, 0x21, 0x09, 0x33, 0x33, 0xcf, 0x6b, 0xfc, 0xfc, 0xfc, 0xfc, 0xcf, 0x65, 0x21,
    0x03, 0xf0, 0xf0, 0x0c, 0xa4, 0x21, 0x01, 0x33, 0xa6, 0x21, 0x02, 0x33, 0x97, 0xa9, 0x21, 0x07,
    0x33, 0xcf, 0xcf, 0xfc, 0xfc, 0xfc, 0xfc, 0xb1, 0x21, 0x01, 0x01, 0xb3, 0x21, 0x03, 0x1f, 0xfd,
    0x33, 0xb8, 0x21, 0x03, 0xa4, 0x97, 0x33, 0xbc, 0x21, 0x02, 0xa4, 0xa4, 0xc4, 0x21, 0x0e, 0x33,
    0xcf, 0xcf, 0x01, 0x01, 0x1f, 0x01, 0x01, 0x1f, 0x1f, 0x1f, 0x01, 0x01, 0x1e, 0xd4, 0x21, 0x02,
    0x1e, 0xd1, 0xd7, 0x21, 0x08, 0x33, 0x33, 0xcf, 0xce, 0xe2, 0xe2, 0xe2, 0xd1, 0xe1, 0x21, 0x03,
    0x01, 0x01, 0x01, 0xe5, 0x21, 0x05, 0xfc, 0xf0, 0xf0, 0xf0, 0x0c, 0x23, 0x22, 0x07, 0x0c, 0xfc,
    0xce, 0xe2, 0xe2, 0xe2, 0xd1, 0x35, 0x22, 0x01, 0xd1, 0x38, 0x22, 0x02, 0xa4, 0x33, 0x3e, 0x22,
    0x04, 0xa4, 0x33, 0xa4, 0x33, 0x45, 0x22, 0x05, 0x33, 0xce, 0xfd, 0x01, 0x01, 0x4e, 0x22, 0x0c,
    0x1e, 0x1f, 0x1f, 0x1f, 0xd1, 0xe2, 0xe2, 0x33, 0x33, 0x33, 0xa4, 0xfc, 0x5f, 0x22, 0x04, 0x01,
    0x01, 0x01, 0x01, 0x67, 0x22, 0x04, 0xf0, 0xf0, 0xf0, 0x0c, 0xa3, 0x22, 0x05, 0x0c, 0xfc, 0x1e,
    0x1e, 0x1e, 0xa9, 0x22, 0x04, 0x01, 0x01, 0x01, 0x01, 0xb4, 0x22, 0x03, 0x1e, 0xe2, 0x33, 0xb8,
    0x22, 0x02, 0xa4, 0x33, 0xbf, 0x22, 0x04, 0xa4, 0x33, 0xa4, 0x33, 0xc6, 0x22, 0x0a, 0xcf, 0xcf,
    0xfc, 0x1e, 0x1f, 0x01, 0x01, 0x01, 0xfd, 0xfc, 0xd1, 0x22, 0x02, 0x33, 0x33, 0xd7, 0x22, 0x04,
    0xcf, 0xd1, 0xd1, 0xe2, 0xde, 0x22, 0x0f, 0x1e, 0x1e, 0x1e, 0x1e, 0x01, 0x01, 0x1e, 0x01, 0x01,
    0x01, 0xfd, 0xf1, 0xf1, 0xf0, 0x0c, 0x23, 0x23, 0x02, 0x0c, 0xe2, 0x26, 0x23, 0x03, 0x1e, 0x1e,
    0x1f, 0x2a, 0x23, 0x01, 0x01, 0x2c, 0x23, 0x01, 0x01, 0x2e, 0x23, 0x05, 0x01, 0x01, 0x01, 0x01,
    0x01, 0x35, 0x23, 0x02, 0xfc, 0xcf, 0x38, 0x23, 0x04, 0xa4, 0x33, 0xa4, 0x33, 0x40, 0x23, 0x0a,
    0xa4, 0x33, 0xa4, 0x33, 0xa4, 0x33, 0x33, 0xd1, 0xcf, 0xfc, 0x4c, 0x23, 0x03, 0x33, 0xa4, 0x33,
    0x57, 0x23, 0x06, 0x33, 0xce, 0xcf, 0xcf, 0xcf, 0x01, 0x60, 0x23, 0x0f, 0x1e, 0x1e, 0x1e, 0x1e,
    0x1e, 0x1e, 0x1e, 0x1e, 0x1e, 0xfc, 0xf1, 0xf1, 0xf1, 0xf1, 0x0c, 0xa3, 0x23, 0x15, 0x0c, 0xfc,
    0x1e, 0x1e, 0x1e, 0x1e, 0x1e, 0x1e, 0x1e, 0x1e, 0x1e, 0x1f, 0x1f, 0x1f, 0x01, 0x01, 0x01, 0x01,
    0x01, 0xcf, 0x33, 0xc0, 0x23, 0x04, 0xa4, 0x33, 0xa4, 0x97, 0xc5, 0x23, 0x01, 0x33, 0xc8, 0x23,
    0x04, 0xcf, 0xcf, 0xa4, 0x33, 0xce, 0x23, 0x01, 0xa4, 0xd2, 0x23, 0x03, 0xa4, 0x33, 0xa4, 0xd6,
    0x23, 0x01, 0xa4, 0xd9, 0x23, 0x04, 0xcf, 0xcf, 0xd1, 0xd1, 0xde, 0x23, 0x01, 0x01, 0xe3, 0x23,
    0x04, 0x01, 0x1f, 0x1f, 0x01, 0xe8, 0x23, 0x08, 0x1e, 0x1e, 0x1e, 0xee, 0xf0, 0xf0, 0xf0, 0x0c,
    0x23, 0x24, 0x02, 0x0c, 0xf0, 0x26, 0x24, 0x02, 0x1e, 0x1e, 0x29, 0x24, 0x03, 0x1e, 0x1e, 0x1e,
    0x2e, 0x24, 0x0a, 0x1e, 0x1e, 0x01, 0x01, 0x01, 0x01, 0x01, 0x01, 0xce, 0xce, 0x3b, 0x24, 0x02,
    0xa4, 0x33, 0x3f, 0x24, 0x05, 0x33, 0x33, 0x33, 0xfc, 0xfd, 0x47, 0x24, 0x04, 0xfc, 0xcf, 0xcf,
    0xcf, 0x4f, 0x24, 0x06, 0xa4, 0xa4, 0x33, 0xa4, 0x97, 0xa4, 0x57, 0x24, 0x02, 0xa4, 0x33, 0x5a,
    0x24, 0x0c, 0xcf, 0xcf, 0xcf, 0xd1, 0xe2, 0x1f, 0x1f, 0x1f, 0x1f, 0x1f, 0x1f, 0x1e, 0x67, 0x24,
    0x0b, 0x1e, 0x1f, 0x01, 0x1f, 0x1f, 0xe2, 0xee, 0xf0, 0xee, 0xf0, 0x0c, 0xa3, 0x24, 0x04, 0xf1,
    0xf1, 0x01, 0x01, 0xaa, 0x24, 0x03, 0x1e, 0x1e, 0x1e, 0xb4, 0x24, 0x05, 0x1e, 0x1e, 0xfc, 0xcf,
    0x33, 0xba, 0x24, 0x02, 0x33, 0x97, 0xbd, 0x24, 0x03, 0xcf, 0xfc, 0xfc, 0xc7, 0x24, 0x06, 0x1e,
    0xe2, 0xcf, 0xcf, 0xcf, 0xa4, 0xd2, 0x24, 0x01, 0xa4, 0xd4, 0x24, 0x01, 0xa4, 0xd7, 0x24, 0x01,
    0xa4, 0xdb, 0x24, 0x06, 0xcf, 0xcf, 0xcf, 0xcf, 0xe2, 0x1e, 0xe2, 0x24, 0x0f, 0x1e, 0x1f, 0x1f,
    0x1f, 0x1f, 0x01, 0x01, 0x01, 0x01, 0x01, 0x01, 0xfc, 0x0c, 0x9b, 0x9a, 0x23, 0x25, 0x0c, 0xf1,
    0xf1, 0x01, 0x01, 0x01, 0x01, 0x01, 0x01, 0x01, 0x1f, 0x1f, 0x1f, 0x34, 0x25, 0x08, 0xfc, 0xfc,
    0xfc, 0x1e, 0x1e, 0xe2, 0xe2, 0xfc, 0x49, 0x25, 0x06, 0xcf, 0xcf, 0xcf, 0x33, 0xa4, 0x33, 0x51,
    0x25, 0x02, 0xa4, 0xa4, 0x55, 0x25, 0x02, 0xa4, 0x33, 0x58, 0x25, 0x01, 0xa4, 0x5c, 0x25, 0x05,
    0xcf, 0xcf, 0xcf, 0xcf, 0xcf, 0x64, 0x25, 0x0d, 0x1e, 0x1e, 0x1e, 0x1e, 0x1e, 0x1e, 0xe2, 0xe2,
    0x74, 0x75, 0x9c, 0x3f, 0x6c, 0xa3, 0x25, 0x08, 0xf0, 0xf0, 0x01, 0x01, 0x01, 0x01, 0x01, 0x01,
    0xac, 0x25, 0x0e, 0x01, 0x1f, 0x01, 0xfc, 0xe2, 0xe2, 0xd1, 0xd1, 0xd1, 0x33, 0x33, 0x1e, 0x1e,
    0xfc, 0xbe, 0x25, 0x03, 0x1e, 0x1e, 0x1e, 0xc8, 0x25, 0x06, 0x1e, 0xfc, 0xcf, 0xcf, 0xcf, 0x97,
    0xd1, 0x25, 0x02, 0xa4, 0x33, 0xd6, 0x25, 0x01, 0x33, 0xd9, 0x25, 0x03, 0xa4, 0xa4, 0x33, 0xdd,
    0x25, 0x08, 0xce, 0xce, 0xce, 0xce, 0xce, 0xfd, 0x01, 0x01, 0xe7, 0x25, 0x0a, 0xfc, 0xfc, 0x75,
    0x6d, 0x82, 0x75, 0xd1, 0xad, 0x51, 0x51, 0x23, 0x26, 0x02, 0xee, 0xf0, 0x26, 0x26, 0x0f, 0x01,
    0x01, 0x01, 0xfd, 0xfd, 0xfd, 0xce, 0xce, 0xce, 0xce, 0xce, 0x33, 0x33, 0xd1, 0xd1, 0x37, 0x26,
    0x03, 0xcf, 0xcf, 0xcf, 0x3b, 0x26, 0x01, 0x01, 0x3f, 0x26, 0x01, 0x01, 0x42, 0x26, 0x02, 0x01,
    0x01, 0x4a, 0x26, 0x05, 0xcf, 0xcf, 0xcf, 0x6b, 0x33, 0x53, 0x26, 0x01, 0x33, 0x55, 0x26, 0x01,
    0xa4, 0x5a, 0x26, 0x16, 0xa4, 0xa4, 0x33, 0xa4, 0xfc, 0x6b, 0xcf, 0xcf, 0xcf, 0xfd, 0xfd, 0xfd,
    0x6b, 0x9d, 0xce, 0xce, 0x9d, 0x51, 0x51, 0xcf, 0xc6, 0xc7, 0xa2, 0x26, 0x03, 0x0c, 0xee, 0x0c,
    0xa6, 0x26, 0x0b, 0xfc, 0xfc, 0xcf, 0xcf, 0xcf, 0xcf, 0xcf, 0x33, 0x33, 0xce, 0xfd, 0xb2, 0x26,
    0x03, 0xa4, 0xa4, 0x33, 0xb7, 0x26, 0x05, 0x33, 0xcf, 0xcf, 0xe2, 0x1e, 0xbf, 0x26, 0x01, 0x01,
    0xc1, 0x26, 0x01, 0x01, 0xc3, 0x26, 0x01, 0x01, 0xca, 0x26, 0x06, 0xfc, 0xcf, 0xcf, 0x6b, 0xfc,
    0x33, 0xd3, 0x26, 0x01, 0xa4, 0xd7, 0x26, 0x01, 0x33, 0xdd, 0x26, 0x01, 0xa4, 0xdf, 0x26, 0x11,
    0xcf, 0xcf, 0xfc, 0x6b, 0x6a, 0x9c, 0xcf, 0x60, 0x60, 0x51, 0xcf, 0xa5, 0xc7, 0xde, 0x31, 0x62,
    0x6c, 0x22, 0x27, 0x0a, 0x0c, 0x3f, 0x3f, 0x33, 0x75, 0xd1, 0xcf, 0x33, 0x33, 0xcf, 0x30, 0x27,
    0x01, 0xa4, 0x33, 0x27, 0x01, 0xa4, 0x37, 0x27, 0x05, 0x33, 0xcf, 0xcf, 0xcf, 0x1e, 0x3d, 0x27,
    0x01, 0x1e, 0x44, 0x27, 0x01, 0x01, 0x4b, 0x27, 0x06, 0xfd, 0xce, 0xce, 0xce, 0xce, 0x33, 0x54,
    0x27, 0x02, 0xa4, 0x33, 0x57, 0x27, 0x01, 0xa4, 0x5c, 0x27, 0x01, 0xa4, 0x5e, 0x27, 0x07, 0x33,
    0xa4, 0x6a, 0x73, 0x33, 0x60, 0x9c, 0x66, 0x27, 0x0a, 0xc7, 0xa4, 0x31, 0x53, 0xc6, 0xc6, 0x6c,
    0x5d, 0x5d, 0x5d, 0xa2, 0x27, 0x0c, 0x0c, 0x3f, 0x3f, 0x33, 0x97, 0x6b, 0x33, 0xa4, 0x33, 0x33,
    0xa4, 0xa4, 0xb0, 0x27, 0x01, 0xa4, 0xb2, 0x27, 0x01, 0x33, 0xb5, 0x27, 0x01, 0x33, 0xb8, 0x27,
    0x04, 0xcf, 0xcf, 0xcf, 0xe2, 0xbe, 0x27, 0x01, 0x1e, 0xca, 0x27, 0x07, 0x01, 0x01, 0xce, 0xce,
    0xce, 0x6a, 0xce, 0xd5, 0x27, 0x02, 0xa4, 0x33, 0xd8, 0x27, 0x02, 0xa4, 0x33, 0xdb, 0x27, 0x04,
    0x33, 0xa4, 0x96, 0x8f, 0xe0, 0x27, 0x03, 0xf7, 0xf6, 0xc7, 0xe4, 0x27, 0x0b, 0x31, 0xa4, 0x31,
    0x62, 0x51, 0x5d, 0x5d, 0x3f, 0x9b, 0x5d, 0x5d, 0x22, 0x28, 0x04, 0x0c, 0x3f, 0x3f, 0x33, 0x27,
    0x28, 0x02, 0xa4, 0x33, 0x2a, 0x28, 0x04, 0xa4, 0x97, 0x33, 0x33, 0x30, 0x28, 0x01, 0xa4, 0x34,
    0x28, 0x02, 0xa4, 0x33, 0x38, 0x28, 0x04, 0xcf, 0xcf, 0xcf, 0xcf, 0x3e, 0x28, 0x06, 0x1e, 0x1e,
    0x1e, 0x1e, 0x1e, 0x1e, 0x46, 0x28, 0x04, 0x1e, 0x1e, 0x1e, 0x1e, 0x4c, 0x28, 0x05, 0xfc, 0xcf,
    0xcf, 0xcf, 0xcf, 0x55, 0x28, 0x01, 0xa4, 0x57, 0x28, 0x0d, 0x33, 0x97, 0x97, 0x97, 0xbc, 0xa4,
    0xf6, 0x01, 0x31, 0x31, 0xf7, 0x31, 0x62, 0x65, 0x28, 0x08, 0x51, 0x5d, 0x9b, 0x5d, 0x5d, 0x5d,
    0x3f, 0x5d, 0xa2, 0x28, 0x04, 0x0c, 0x3f, 0x3f, 0x33, 0xa7, 0x28, 0x02, 0xa4, 0x33, 0xab, 0x28,
    0x01, 0xa4, 0xad, 0x28, 0x01, 0xa4, 0xaf, 0x28, 0x03, 0xa4, 0x97, 0x97, 0xb4, 0x28, 0x02, 0xa4,
    0x33, 0xb8, 0x28, 0x05, 0x33, 0xce, 0xce, 0xcf, 0xfc, 0xc2, 0x28, 0x04, 0x1e, 0x1e, 0x1e, 0x1e,
    0xcb, 0x28, 0x08, 0x1e, 0x1e, 0xd1, 0xd1, 0xd1, 0xd1, 0xe2, 0x33, 0xd7, 0x28, 0x04, 0x01, 0x19,
    0xa5, 0xa4, 0xdc, 0x28, 0x03, 0xc6, 0x31, 0xf7, 0xe2, 0x28, 0x06, 0x97, 0x5d, 0x5d, 0x5d, 0x9b,
    0x5d, 0x22, 0x29, 0x04, 0x3f, 0x3f, 0x3f, 0x33, 0x27, 0x29, 0x02, 0xa4, 0x33, 0x2c, 0x29, 0x01,
    0x33, 0x2f, 0x29, 0x03, 0xa4, 0xa4, 0x33, 0x33, 0x29, 0x01, 0xa4, 0x38, 0x29, 0x05, 0x33, 0xce,
    0xce, 0xce, 0xce, 0x42, 0x29, 0x01, 0x01, 0x45, 0x29, 0x03, 0x1e, 0x1e, 0x1e, 0x49, 0x29, 0x01,
    0x1e, 0x4b, 0x29, 0x06, 0x1e, 0x1e, 0xe2, 0xd1, 0xcf, 0xe2, 0x56, 0x29, 0x02, 0x53, 0x53, 0x59,
    0x29, 0x03, 0xf7, 0x62, 0x62, 0x5d, 0x29, 0x01, 0xc6, 0x60, 0x29, 0x04, 0x5d, 0x5d, 0x5d, 0x0c,
    0xa2, 0x29, 0x06, 0x3f, 0x3f, 0x3f, 0x3f, 0xa4, 0x33, 0xac, 0x29, 0x01, 0x33, 0xaf, 0x29, 0x02,
    0xa4, 0x33, 0xb3, 0x29, 0x01, 0xa4, 0xb9, 0x29, 0x05, 0xcf, 0xcf, 0xcf, 0xce, 0xfc, 0xca, 0x29,
    0x06, 0x01, 0xe2, 0xfc, 0x6b, 0x97, 0x49, 0xd1, 0x29, 0x03, 0xf6, 0xef, 0xa4, 0xd5, 0x29, 0x01,
    0xa4, 0xd8, 0x29, 0x03, 0x62, 0xa4, 0xc6, 0xdd, 0x29, 0x02, 0x5d, 0x5d, 0x22, 0x2a, 0x06, 0x3f,
    0x3f, 0x3f, 0x3f, 0xa4, 0x33, 0x2c, 0x2a, 0x01, 0x33, 0x2f, 0x2a, 0x01, 0xa4, 0x33, 0x2a, 0x02,
    0xa4, 0x33, 0x39, 0x2a, 0x05, 0xcf, 0xcf, 0xcf, 0xcf, 0xcf, 0x46, 0x2a, 0x08, 0xfd, 0xfd, 0xfd,
    0x6a, 0x6a, 0x96, 0x49, 0x18, 0x4f, 0x2a, 0x02, 0x18, 0xa4, 0x52, 0x2a, 0x01, 0x31, 0x55, 0x2a,
    0x01, 0xa4, 0x59, 0x2a, 0x02, 0x97, 0x5d, 0xa2, 0x2a, 0x06, 0x3f, 0x3f, 0x3f, 0x9b, 0xa4, 0x33,
    0xaa, 0x2a, 0x02, 0xa4, 0x33, 0xaf, 0x2a, 0x03, 0xa4, 0xa4, 0x33, 0xb3, 0x2a, 0x01, 0xa4, 0xb9,
    0x2a, 0x06, 0x33, 0xd1, 0xcf, 0xcf, 0xcf, 0xfc, 0xc2, 0x2a, 0x10, 0xfc, 0xfc, 0x23, 0x6b, 0x6a,
    0x96, 0x97, 0xbf, 0xf7, 0xa5, 0x18, 0x53, 0x31, 0x31, 0xc6, 0xc6, 0xd6, 0x2a, 0x01, 0x51, 0x21,
    0x2b, 0x07, 0x0c, 0x3f, 0x3f, 0x3f, 0x3f, 0xa4, 0x33, 0x2a, 0x2b, 0x01, 0xa4, 0x30, 0x2b, 0x02,
    0xa4, 0x33, 0x34, 0x2b, 0x01, 0xa4, 0x39, 0x2b, 0x0e, 0x33, 0xcf, 0xcf, 0xcf, 0x33, 0x33, 0xe2,
    0x75, 0x75, 0x6b, 0xcf, 0x8f, 0x60, 0xec, 0x48, 0x2b, 0x06, 0xa4, 0xef, 0x62, 0x31, 0x31, 0x62,
    0x4f, 0x2b, 0x02, 0xc6, 0xc6, 0x53, 0x2b, 0x01, 0x0c, 0xa1, 0x2b, 0x07, 0x0c, 0x3f, 0x3f, 0x3f,
    0x3f, 0xa4, 0x33, 0xaa, 0x2b, 0x02, 0xa4, 0x33, 0xb0, 0x2b, 0x02, 0xa4, 0x33, 0xb3, 0x2b, 0x03,
    0xa4, 0x97, 0xa4, 0xb8, 0x2b, 0x05, 0xa4, 0x97, 0x33, 0xec, 0xa4, 0xbe, 0x2b, 0x10, 0xa5, 0x96,
    0x9c, 0x60, 0x33, 0x48, 0xf7, 0xf6, 0xde, 0xa4, 0xc6, 0x31, 0x62, 0xc6, 0xc6, 0xc6, 0xcf, 0x2b,
    0x02, 0x5d, 0x0c, 0x21, 0x2c, 0x06, 0x0c, 0x3f, 0x3f, 0x3f, 0x9b, 0x33, 0x2b, 0x2c, 0x01, 0xa4,
    0x2d, 0x2c, 0x01, 0x33, 0x2f, 0x2c, 0x01, 0xa4, 0x33, 0x2c, 0x04, 0x33, 0x33, 0x33, 0x33, 0x38,
    0x2c, 0x0a, 0xa4, 0x96, 0xa5, 0x18, 0xf7, 0xa4, 0x97, 0x60, 0xbf, 0xc6, 0x43, 0x2c, 0x05, 0xde,
    0x62, 0x53, 0xf7, 0xa4, 0x49, 0x2c, 0x01, 0xc6, 0x4b, 0x2c, 0x03, 0xc6, 0x5d, 0x0c, 0xa1, 0x2c,
    0x06, 0x0c, 0x3f, 0x3f, 0x3f, 0x9b, 0x33, 0xab, 0x2c, 0x01, 0xa4, 0xad, 0x2c, 0x01, 0x33, 0xaf,
    0x2c, 0x05, 0xa4, 0x33, 0x33, 0xec, 0xa4, 0xb5, 0x2c, 0x08, 0xa5, 0xa5, 0x01, 0xbc, 0x60, 0x53,
    0x60, 0x53, 0xbe, 0x2c, 0x04, 0xc6, 0xc7, 0xde, 0x53, 0xc3, 0x2c, 0x01, 0x62, 0xc8, 0x2c, 0x03,
    0x9b, 0x5d, 0x5d, 0x21, 0x2d, 0x06, 0x0c, 0x3f, 0x3f, 0x3f, 0x9b, 0x33, 0x2b, 0x2d, 0x09, 0x97,
    0x33, 0xdf, 0xa4, 0xa4, 0xa5, 0xa5, 0xa5, 0xa4, 0x35, 0x2d, 0x01, 0x53, 0x38, 0x2d, 0x09, 0x60,
    0x60, 0x62, 0xc6, 0xa5, 0x18, 0x31, 0x31, 0x31, 0x42, 0x2d, 0x06, 0xc6, 0x62, 0x9b, 0x5d, 0x5d,
    0x5d, 0xa1, 0x2d, 0x05, 0x3f, 0x3f, 0x3f, 0x3f, 0x3f, 0xa7, 0x2d, 0x09, 0x33, 0x33, 0xec, 0xa4,
    0xa4, 0xa4, 0x96, 0x53, 0x53, 0xb1, 0x2d, 0x01, 0xa4, 0xb3, 0x2d, 0x06, 0x53, 0x51, 0x51, 0x62,
    0x62, 0xa4, 0xba, 0x2d, 0x0c, 0xde, 0x31, 0x62, 0x53, 0x31, 0x51, 0x5d, 0x5d, 0x5d, 0x3f, 0x5d,
    0x0c, 0x21, 0x2e, 0x12, 0x3f, 0x0c, 0x0c, 0xd3, 0x9b, 0x97, 0xa5, 0xa5, 0xbc, 0x53, 0xa4, 0x97,
    0x53, 0x53, 0x62, 0x62, 0x33, 0x51, 0x35, 0x2e, 0x0e, 0xc7, 0xc7, 0xde, 0xc6, 0xc6, 0x31, 0x60,
    0x5d, 0x5d, 0x5d, 0x9b, 0x5d, 0x5d, 0x0c, 0xa1, 0x2e, 0x06, 0x9b, 0x3f, 0x9a, 0x9a, 0x3f, 0x6c,
    0xa8, 0x2e, 0x18, 0xa4, 0x53, 0x53, 0xa4, 0x62, 0x62, 0x51, 0x33, 0xa4, 0xa4, 0xc6, 0x62, 0x31,
    0x62, 0x31, 0x60, 0x5d, 0x9b, 0x3f, 0x9b, 0x5d, 0x5d, 0x5d, 0x5d, 0x21, 0x2f, 0x1c, 0x6c, 0x9b,
    0x9b, 0x6c, 0x3f, 0x6c, 0x62, 0x62, 0x62, 0x62, 0x97, 0x51, 0x62, 0xc6, 0xc7, 0xde, 0xa4, 0x62,
    0x69, 0x6c, 0x5d, 0x5d, 0x9b, 0x9b, 0x5d, 0x5d, 0x5d, 0x5d, 0xa2, 0x2f, 0x09, 0x5d, 0x5d, 0x5d,
    0x9b, 0x3f, 0xa4, 0x51, 0x62, 0xc6, 0xad, 0x2f, 0x0d, 0xde, 0x60, 0x9b, 0x6c, 0x6c, 0x9b, 0x3f,
    0x3f, 0x9b, 0x5d, 0x5d, 0x5d, 0x5d, 0x22, 0x30, 0x15, 0x5d, 0x9b, 0x5d, 0x5d, 0x9b, 0xa4, 0xc7,
    0xc7, 0x31, 0x3f, 0x9b, 0x6c, 0x5d, 0x5d, 0x5d, 0x3f, 0x5d, 0x3f, 0x5d, 0x5d, 0x5d, 0xa2, 0x30,
    0x11, 0x5d, 0x5d, 0x5d, 0x5d, 0x05, 0x6c, 0x9b, 0x6c, 0x6c, 0x9b, 0x3f, 0x3f, 0x9b, 0x5d, 0x5d,
    0x5d, 0x5d, 0x28, 0x31, 0x08, 0x5d, 0x5d, 0x3f, 0x5d, 0x9b, 0x3f, 0x5d, 0x5d, 0xa8, 0x31, 0x05,
    0x5d, 0x5d, 0x5d, 0x5d, 0x5d, 0x28, 0x32, 0x02, 0x5d, 0x0c, 0xc9, 0x18, 0x01, 0x0c, 0xcc, 0x18,
    0x02, 0x0c, 0xf0, 0x37, 0x19, 0x02, 0x0c, 0x0c, 0x3d, 0x19, 0x01, 0x0c, 0x43, 0x19, 0x05, 0x0c,
    0xd1, 0x1e, 0x1e, 0x1e, 0x4b, 0x19, 0x01, 0x01, 0x4d, 0x19, 0x03, 0xf0, 0xf0, 0x0c, 0xaa, 0x19,
    0x04, 0x0c, 0x0c, 0x0c, 0x0c, 0xb2, 0x19, 0x01, 0xfd, 0xb5, 0x19, 0x01, 0x1e, 0xbb, 0x19, 0x01,
    0xd1, 0xbf, 0x19, 0x04, 0xa4, 0xa4, 0xa4, 0xa4, 0xc4, 0x19, 0x01, 0x33, 0xc6, 0x19, 0x01, 0x1e,
    0xcc, 0x19, 0x02, 0x1e, 0x01, 0xcf, 0x19, 0x02, 0xfd, 0x0c, 0x25, 0x1a, 0x03, 0x0c, 0x0c, 0x33,
    0x2c, 0x1a, 0x01, 0xa4, 0x31, 0x1a, 0x01, 0xe2, 0x33, 0x1a, 0x06, 0x1e, 0x1e, 0x1f, 0x1f, 0x1e,
    0x01, 0x3b, 0x1a, 0x04, 0xfd, 0x33, 0xa4, 0xa4, 0x42, 0x1a, 0x02, 0x33, 0x33, 0x45, 0x1a, 0x02,
    0x33, 0xfd, 0x50, 0x1a, 0x01, 0xe2, 0xa5, 0x1a, 0x02, 0x0c, 0x33, 0xa9, 0x1a, 0x01, 0xa4, 0xab,
    0x1a, 0x04, 0xa4, 0xa4, 0x33, 0x33, 0xb1, 0x1a, 0x07, 0xcf, 0x01, 0x01, 0x01, 0x1e, 0x1e, 0x1e,
    0xba, 0x1a, 0x03, 0x1e, 0x1e, 0xfc, 0xc6, 0x1a, 0x03, 0x33, 0x33, 0xa4, 0xcd, 0x1a, 0x01, 0xa4,
    0xd1, 0x1a, 0x02, 0x3f, 0x0c, 0x25, 0x1b, 0x04, 0x0c, 0x33, 0xa4, 0x97, 0x2d, 0x1b, 0x01, 0x97,
    0x31, 0x1b, 0x01, 0x33, 0x33, 0x1b, 0x03, 0xfc, 0xfc, 0xfc, 0x39, 0x1b, 0x02, 0x97, 0x33, 0x3d,
    0x1b, 0x01, 0xe2, 0x3f, 0x1b, 0x01, 0x1e, 0x45, 0x1b, 0x01, 0x1e, 0x47, 0x1b, 0x02, 0xe2, 0x33,
    0x4a, 0x1b, 0x02, 0x33, 0x33, 0x4d, 0x1b, 0x01, 0xa4, 0x4f, 0x1b, 0x01, 0xa4, 0x53, 0x1b, 0x02,
    0x33, 0x0c, 0xa5, 0x1b, 0x01, 0x3f, 0xa8, 0x1b, 0x04, 0x33, 0x33, 0x33, 0x33, 0xae, 0x1b, 0x04,
    0x33, 0x33, 0x33, 0x33, 0xb7, 0x1b, 0x02, 0xa4, 0xa4, 0xba, 0x1b, 0x01, 0xa4, 0xbd, 0x1b, 0x01,
    0x33, 0xc0, 0x1b, 0x01, 0x1e, 0xc5, 0x1b, 0x01, 0x01, 0xc8, 0x1b, 0x02, 0xfc, 0x33, 0xcb, 0x1b,
    0x01, 0x97, 0xd0, 0x1b, 0x06, 0xa4, 0x33, 0xa4, 0x33, 0x33, 0x0c, 0x25, 0x1c, 0x02, 0x0c, 0xe2,
    0x28, 0x1c, 0x01, 0x1e, 0x32, 0x1c, 0x01, 0x33, 0x39, 0x1c, 0x02, 0xa4, 0x33, 0x3e, 0x1c, 0x01,
    0xfc, 0x42, 0x1c, 0x01, 0x1e, 0x46, 0x1c, 0x02, 0x1e, 0x1e, 0x49, 0x1c, 0x0d, 0xfd, 0x33, 0x33,
    0x97, 0x33, 0x33, 0x33, 0x33, 0xfc, 0xfd, 0xcf, 0xce, 0xcf, 0xa5, 0x1c, 0x02, 0xf0, 0x1e, 0xa8,
    0x1c, 0x01, 0x1e, 0xad, 0x1c, 0x01, 0x01, 0xb2, 0x1c, 0x01, 0x33, 0xb4, 0x1c, 0x02, 0xa4, 0x97,
    0xba, 0x1c, 0x01, 0xa4, 0xbc, 0x1c, 0x07, 0xa4, 0x33, 0x33, 0x01, 0x01, 0xfc, 0xfd, 0xc6, 0x1c,
    0x02, 0xe2, 0xe2, 0xca, 0x1c, 0x01, 0x33, 0xd6, 0x1c, 0x02, 0x1e, 0x0c, 0x25, 0x1d, 0x01, 0xfc,
    0x28, 0x1d, 0x03, 0x1e, 0x1e, 0x1e, 0x2f, 0x1d, 0x01, 0x1e, 0x31, 0x1d, 0x01, 0x01, 0x35, 0x1d,
    0x02, 0xa4, 0x33, 0x3d, 0x1d, 0x02, 0x33, 0xce, 0x40, 0x1d, 0x03, 0xcf, 0xcf, 0xfc, 0x47, 0x1d,
    0x01, 0xa4, 0x4b, 0x1d, 0x01, 0x33, 0x4e, 0x1d, 0x01, 0x1e, 0x54, 0x1d, 0x01, 0x01, 0x58, 0x1d,
    0x02, 0xf0, 0x0c, 0xa4, 0x1d, 0x02, 0x0c, 0xfd, 0xab, 0x1d, 0x05, 0x01, 0x1e, 0xe2, 0xe2, 0xe2,
    0xb3, 0x1d, 0x04, 0xe2, 0x75, 0xe2, 0xcf, 0xbf, 0x1d, 0x01, 0x1e, 0xc3, 0x1d, 0x01, 0x33, 0xc5,
    0x1d, 0x01, 0x97, 0xc8, 0x1d, 0x02, 0x97, 0x33, 0xcc, 0x1d, 0x01, 0x33, 0xcf, 0x1d, 0x03, 0x1e,
    0x1e, 0x1e, 0x24, 0x1e, 0x03, 0x0c, 0xfc, 0xfc, 0x28, 0x1e, 0x04, 0xfc, 0xfc, 0xfc, 0xcf, 0x2d,
    0x1e, 0x03, 0xa4, 0x97, 0x33, 0x33, 0x1e, 0x03, 0x1e, 0x1e, 0x01, 0x39, 0x1e, 0x02, 0x01, 0x01,
    0x43, 0x1e, 0x01, 0xa4, 0x4d, 0x1e, 0x01, 0x33, 0xa4, 0x1e, 0x01, 0x0c, 0xa7, 0x1e, 0x01, 0xa4,
    0xae, 0x1e, 0x02, 0xa4, 0x33, 0xb3, 0x1e, 0x0e, 0x1e, 0x1e, 0x1e, 0x1e, 0x1f, 0x1f, 0x1e, 0x1e,
    0x01, 0x01, 0x01, 0x01, 0x01, 0x01, 0xcb, 0x1e, 0x01, 0xa4, 0xd1, 0x1e, 0x01, 0xfc, 0xd5, 0x1e,
    0x01, 0xfc, 0xd7, 0x1e, 0x01, 0xa4, 0xdc, 0x1e, 0x02, 0x3f, 0x0c, 0x28, 0x1f, 0x08, 0x97, 0x33,
    0xa4, 0x97, 0xa4, 0xa4, 0x97, 0x33, 0x33, 0x1f, 0x01, 0xfd, 0x37, 0x1f, 0x02, 0x1e, 0x1e, 0x3a,
    0x1f, 0x01, 0x1e, 0x3d, 0x1f, 0x01, 0x1e, 0x44, 0x1f, 0x01, 0xa4, 0x48, 0x1f, 0x03, 0x33, 0x33,
    0x33, 0x4d, 0x1f, 0x02, 0xfd, 0xfc, 0x5e, 0x1f, 0x01, 0x0c, 0xb3, 0x1f, 0x03, 0xfc, 0x01, 0x01,
    0xbc, 0x1f, 0x02, 0x1f, 0x1e, 0xc0, 0x1f, 0x02, 0xe2, 0xe2, 0xc4, 0x1f, 0x03, 0x33, 0xfc, 0xfc,
    0xce, 0x1f, 0x01, 0x1e, 0xd8, 0x1f, 0x01, 0x97, 0xdb, 0x1f, 0x01, 0x33, 0xdf, 0x1f, 0x01, 0x33,
    0x30, 0x20, 0x01, 0xa4, 0x33, 0x20, 0x01, 0x33, 0x37, 0x20, 0x04, 0xfc, 0xfc, 0xfc, 0xfc, 0x3c,
    0x20, 0x04, 0x33, 0x33, 0x33, 0x33, 0x42, 0x20, 0x06, 0x33, 0x01, 0x01, 0x1e, 0x1e, 0x1e, 0x4c,
    0x20, 0x01, 0x01, 0x55, 0x20, 0x01, 0x33, 0x5b, 0x20, 0x01, 0x33, 0x60, 0x20, 0x02, 0x33, 0x0c,
    0xa7, 0x20, 0x01, 0xa4, 0xad, 0x20, 0x03, 0xa4, 0x33, 0x33, 0xb1, 0x20, 0x03, 0x97, 0x33, 0x33,
    0xb5, 0x20, 0x03, 0x33, 0x33, 0x33, 0xc3, 0x20, 0x02, 0xe2, 0x1e, 0xca, 0x20, 0x01, 0x01, 0xcc,
    0x20, 0x03, 0x01, 0x01, 0x01, 0xd2, 0x20, 0x01, 0xcf, 0xd5, 0x20, 0x01, 0xa4, 0xdb, 0x20, 0x04,
    0xa4, 0x33, 0xa4, 0x33, 0xe2, 0x20, 0x01, 0x0c, 0x23, 0x21, 0x01, 0x0c, 0x26, 0x21, 0x04, 0x33,
    0x97, 0x33, 0x33, 0x2b, 0x21, 0x07, 0xcf, 0xcf, 0xfc, 0xfc, 0xfc, 0xfc, 0x01, 0x33, 0x21, 0x02,
    0xfd, 0x33, 0x37, 0x21, 0x02, 0xa4, 0x33, 0x3b, 0x21, 0x01, 0x97, 0x3d, 0x21, 0x02, 0xa4, 0x33,
    0x43, 0x21, 0x01, 0x33, 0x45, 0x21, 0x04, 0x1e, 0x1e, 0x1e, 0x1e, 0x4c, 0x21, 0x02, 0x1f, 0x01,
    0x53, 0x21, 0x01, 0xce, 0x56, 0x21, 0x02, 0xa4, 0x33, 0x5e, 0x21, 0x07, 0xa4, 0x33, 0x33, 0x33,
    0x33, 0x3f, 0xf0, 0xa3, 0x21, 0x07, 0x0c, 0xd1, 0xd1, 0xfc, 0xfc, 0xfc, 0xfc, 0xb3, 0x21, 0x02,
    0x1e, 0x33, 0xb7, 0x21, 0x03, 0xa4, 0x97, 0x33, 0xbb, 0x21, 0x02, 0xa4, 0xa4, 0xbe, 0x21, 0x02,
    0xa4, 0x33, 0xc3, 0x21, 0x02, 0x33, 0xfc, 0xc7, 0x21, 0x01, 0x1e, 0xca, 0x21, 0x02, 0x1e, 0x1e,
    0xce, 0x21, 0x03, 0x1e, 0x1e, 0x1e, 0xd4, 0x21, 0x01, 0xcf, 0xdb, 0x21, 0x0b, 0x33, 0x33, 0x33,
    0xa4, 0xfc, 0xfc, 0xfd, 0xfd, 0xce, 0xfc, 0x0c, 0x25, 0x22, 0x03, 0x01, 0x1f, 0x1e, 0x29, 0x22,
    0x01, 0x1e, 0x33, 0x22, 0x02, 0x1e, 0xcf, 0x37, 0x22, 0x03, 0xa4, 0x97, 0x33, 0x44, 0x22, 0x02,
    0xce, 0xfd, 0x47, 0x22, 0x03, 0x01, 0x01, 0x1f, 0x4c, 0x22, 0x02, 0x1e, 0x1e, 0x53, 0x22, 0x0a,
    0x1e, 0x1e, 0x33, 0x33, 0x97, 0x97, 0xfc, 0xfc, 0xfc, 0xcf, 0x60, 0x22, 0x02, 0x01, 0x01, 0x65,
    0x22, 0x02, 0xfc, 0xf0, 0xa3, 0x22, 0x03, 0xfc, 0x1e, 0x1e, 0xa9, 0x22, 0x01, 0x01, 0xab, 0x22,
    0x02, 0x01, 0x01, 0xb4, 0x22, 0x02, 0xcf, 0x33, 0xb7, 0x22, 0x03, 0xa4, 0x97, 0x33, 0xbe, 0x22,
    0x03, 0xa4, 0x97, 0x33, 0xc4, 0x22, 0x06, 0x33, 0xcf, 0x01, 0x01, 0x01, 0x01, 0xce, 0x22, 0x03,
    0x1f, 0x1e, 0xe2, 0xd3, 0x22, 0x08, 0x33, 0x33, 0x33, 0xd1, 0x1e, 0x1e, 0x1e, 0x1e, 0xe4, 0x22,
    0x01, 0x1e, 0xe6, 0x22, 0x03, 0xfc, 0xf0, 0x0c, 0x23, 0x23, 0x03, 0xfc, 0x1e, 0x1e, 0x2a, 0x23,
    0x04, 0x01, 0x01, 0x01, 0x01, 0x30, 0x23, 0x03, 0x01, 0x01, 0x01, 0x34, 0x23, 0x02, 0xcf, 0x33,
    0x37, 0x23, 0x03, 0xa4, 0x97, 0x33, 0x40, 0x23, 0x04, 0xa4, 0x33, 0xa4, 0x33, 0x45, 0x23, 0x03,
    0xcf, 0xfc, 0x1e, 0x4d, 0x23, 0x02, 0x33, 0xce, 0x50, 0x23, 0x02, 0xa4, 0x33, 0x56, 0x23, 0x03,
    0x33, 0xcf, 0x01, 0x5a, 0x23, 0x03, 0x1e, 0x1e, 0x01, 0x65, 0x23, 0x01, 0x1e, 0x68, 0x23, 0x02,
    0xee, 0x0c, 0xa2, 0x23, 0x02, 0x0c, 0xfc, 0xa5, 0x23, 0x01, 0x1e, 0xa7, 0x23, 0x01, 0x1e, 0xac,
    0x23, 0x0a, 0x1e, 0x1e, 0x1f, 0x1f, 0x1f, 0x01, 0x01, 0x01, 0xfd, 0xce, 0xb8, 0x23, 0x01, 0xa4,
    0xbf, 0x23, 0x03, 0xa4, 0x97, 0x33, 0xc3, 0x23, 0x02, 0x97, 0x33, 0xc7, 0x23, 0x05, 0xfc, 0xcf,
    0x33, 0xa4, 0x33, 0xd0, 0x23, 0x02, 0xa4, 0x33, 0xd7, 0x23, 0x02, 0x33, 0xd1, 0xdb, 0x23, 0x04,
    0x1e, 0x1e, 0x01, 0x01, 0xe3, 0x23, 0x04, 0x01, 0x01, 0x01, 0x01, 0xe9, 0x23, 0x02, 0xfc, 0xf0,
    0x22, 0x24, 0x02, 0x0c, 0xfd, 0x2e, 0x24, 0x02, 0x1e, 0x1e, 0x31, 0x24, 0x01, 0x1e, 0x34, 0x24,
    0x02, 0xfc, 0xcf, 0x38, 0x24, 0x01, 0x33, 0x3c, 0x24, 0x07, 0x33, 0x33, 0x33, 0xfc, 0xfc, 0xfd,
    0x01, 0x46, 0x24, 0x02, 0xcf, 0x33, 0x49, 0x24, 0x01, 0xa4, 0x58, 0x24, 0x02, 0x33, 0xcf, 0x5b,
    0x24, 0x0b, 0x1e, 0x1e, 0x1e, 0x1e, 0x1e, 0x1f, 0x1f, 0x1f, 0x1e, 0x1e, 0x1e, 0x68, 0x24, 0x05,
    0x01, 0x01, 0xfd, 0xf1, 0x0c, 0xa2, 0x24, 0x01, 0xf1, 0xa7, 0x24, 0x01, 0x01, 0xaa, 0x24, 0x01,
    0x1e, 0xac, 0x24, 0x01, 0x1e, 0xb3, 0x24, 0x03, 0x1e, 0xe2, 0xe2, 0xb7, 0x24, 0x06, 0x33, 0xcf,
    0xcf, 0xfc, 0xfc, 0xfc, 0xc6, 0x24, 0x03, 0xfc, 0xd1, 0x33, 0xca, 0x24, 0x01, 0xa4, 0xcc, 0x24,
    0x01, 0xa4, 0xce, 0x24, 0x02, 0xa4, 0xa4, 0xd1, 0x24, 0x01, 0x33, 0xd3, 0x24, 0x02, 0xa4, 0x97,
    0xd9, 0x24, 0x02, 0x33, 0xcf, 0xdc, 0x24, 0x02, 0x1e, 0x1e, 0xe1, 0x24, 0x0d, 0x1e, 0x1e, 0x1e,
    0x1f, 0x1f, 0x1f, 0x01, 0x01, 0x01, 0x01, 0xfc, 0xf0, 0x0c, 0x22, 0x25, 0x04, 0xf0, 0x01, 0x01,
    0x01, 0x2e, 0x25, 0x03, 0xfd, 0xe2, 0xe2, 0x33, 0x25, 0x01, 0x1e, 0x35, 0x25, 0x02, 0xfc, 0xe2,
    0x39, 0x25, 0x02, 0x1e, 0x1e, 0x44, 0x25, 0x02, 0x1e, 0x1e, 0x47, 0x25, 0x02, 0xcf, 0xcf, 0x4b,
    0x25, 0x05, 0xa4, 0x33, 0xa4, 0x97, 0x33, 0x51, 0x25, 0x06, 0xa4, 0xa4, 0xa4, 0x33, 0xa4, 0x33,
    0x5a, 0x25, 0x02, 0xcf, 0xcf, 0x5e, 0x25, 0x01, 0x1e, 0x61, 0x25, 0x03, 0x1e, 0x1e, 0x1e, 0x67,
    0x25, 0x08, 0x1e, 0x1e, 0x1f, 0x1f, 0x1f, 0x1f, 0xee, 0xf0, 0xa1, 0x25, 0x02, 0x0c, 0xf0, 0xa7,
    0x25, 0x04, 0xfc, 0xfc, 0xfc, 0x01, 0xad, 0x25, 0x02, 0xce, 0x6a, 0xb0, 0x25, 0x02, 0x33, 0x33,
    0xb5, 0x25, 0x02, 0xcf, 0xcf, 0xb8, 0x25, 0x01, 0x01, 0xba, 0x25, 0x04, 0x1e, 0x1e, 0x1e, 0x1e,
    0xc5, 0x25, 0x01, 0x1e, 0xc7, 0x25, 0x03, 0xfc, 0xd1, 0x33, 0xcb, 0x25, 0x01, 0xa4, 0xcd, 0x25,
    0x01, 0xa4, 0xd4, 0x25, 0x01, 0x33, 0xd6, 0x25, 0x01, 0x33, 0xdb, 0x25, 0x0d, 0xce, 0xcf, 0x01,
    0x01, 0x01, 0x01, 0x01, 0x1f, 0x1f, 0x1f, 0x1e, 0x1e, 0x1e, 0xe9, 0x25, 0x08, 0x1e, 0x1e, 0x1e,
    0x1e, 0x1e, 0xf0, 0x0c, 0x0c, 0x21, 0x26, 0x03, 0x0c, 0x0c, 0x1e, 0x25, 0x26, 0x07, 0x6b, 0xfc,
    0xcf, 0xcf, 0x33, 0x33, 0x33, 0x35, 0x26, 0x02, 0xd1, 0xd1, 0x3c, 0x26, 0x01, 0x01, 0x3e, 0x26,
    0x05, 0x01, 0x01, 0x01, 0x01, 0x01, 0x48, 0x26, 0x02, 0xcf, 0xcf, 0x4b, 0x26, 0x01, 0xa4, 0x4d,
    0x26, 0x01, 0xa4, 0x53, 0x26, 0x03, 0xa4, 0x33, 0xa4, 0x5c, 0x26, 0x06, 0xce, 0xce, 0x01, 0x01,
    0x01, 0x01, 0x63, 0x26, 0x0a, 0x01, 0x1f, 0x01, 0x1f, 0x1f, 0x1f, 0x1f, 0x1f, 0xe2, 0xe2, 0x6e,
    0x26, 0x02, 0x6b, 0x96, 0xa1, 0x26, 0x05, 0x0c, 0x33, 0xd1, 0x33, 0x33, 0xa7, 0x26, 0x01, 0x33,
    0xad, 0x26, 0x01, 0xa4, 0xb0, 0x26, 0x01, 0x33, 0xb5, 0x26, 0x05, 0xcf, 0xd1, 0xfc, 0x1e, 0x1e,
    0xbb, 0x26, 0x03, 0x1e, 0x1e, 0x1e, 0xc0, 0x26, 0x01, 0x01, 0xc3, 0x26, 0x08, 0x01, 0x01, 0x01,
    0x01, 0x01, 0xfd, 0xce, 0x33, 0xcd, 0x26, 0x03, 0x97, 0x33, 0x33, 0xd5, 0x26, 0x01, 0x33, 0xd7,
    0x26, 0x01, 0x33, 0xdc, 0x26, 0x0d, 0xcf, 0xcf, 0xcf, 0x01, 0x01, 0x01, 0x01, 0x01, 0x01, 0x01,
    0xfd, 0xe2, 0xe2, 0xea, 0x26, 0x06, 0x74, 0x74, 0x8f, 0x60, 0x33, 0x82, 0x21, 0x27, 0x02, 0x3f,
    0x33, 0x25, 0x27, 0x02, 0xa4, 0x97, 0x29, 0x27, 0x02, 0xa4, 0xa4, 0x2d, 0x27, 0x01, 0xa4, 0x30,
    0x27, 0x01, 0xa4, 0x35, 0x27, 0x04, 0x33, 0xcf, 0xfc, 0x1e, 0x3a, 0x27, 0x01, 0x1e, 0x3e, 0x27,
    0x0f, 0x1f, 0x1f, 0x1f, 0x1f, 0x1f, 0x01, 0x01, 0x01, 0x01, 0x01, 0x01, 0xce, 0xce, 0x33, 0xa4,
    0x50, 0x27, 0x01, 0x33, 0x55, 0x27, 0x03, 0xa4, 0x33, 0xa4, 0x5d, 0x27, 0x03, 0x33, 0xcf, 0xcf,
    0x62, 0x27, 0x02, 0xfc, 0xfc, 0x65, 0x27, 0x05, 0x6b, 0x96, 0x97, 0x60, 0x9d, 0x6c, 0x27, 0x04,
    0xf6, 0xc7, 0x31, 0x31, 0xa1, 0x27, 0x02, 0x3f, 0x33, 0xa5, 0x27, 0x06, 0xa4, 0x97, 0xa4, 0x97,
    0xa4, 0xa4, 0xac, 0x27, 0x01, 0xa4, 0xae, 0x27, 0x01, 0x33, 0xb0, 0x27, 0x01, 0xa4, 0xb2, 0x27,
    0x01, 0x33, 0xb5, 0x27, 0x03, 0x33, 0xcf, 0xcf, 0xbc, 0x27, 0x02, 0x1e, 0x1e, 0xc1, 0x27, 0x0b,
    0x1e, 0x1e, 0x1f, 0x1f, 0x1f, 0x1f, 0x1f, 0x01, 0xfc, 0xcf, 0xcf, 0xce, 0x27, 0x02, 0x33, 0xa4,
    0xd5, 0x27, 0x06, 0xa4, 0xa4, 0x33, 0xa4, 0x97, 0xa4, 0xdd, 0x27, 0x01, 0x33, 0xdf, 0x27, 0x0f,
    0xcf, 0x6b, 0x96, 0x96, 0x33, 0x9c, 0x01, 0xf7, 0xa5, 0x31, 0x31, 0x62, 0xa4, 0xf7, 0x31, 0x20,
    0x28, 0x03, 0x0c, 0x3f, 0x33, 0x25, 0x28, 0x0a, 0xa4, 0x33, 0xa4, 0x97, 0xa4, 0xa4, 0xa4, 0x33,
    0x97, 0x33, 0x30, 0x28, 0x01, 0xa4, 0x35, 0x28, 0x03, 0x33, 0xcf, 0xcf, 0x3b, 0x28, 0x01, 0x1e,
    0x3d, 0x28, 0x01, 0x1e, 0x40, 0x28, 0x02, 0x1e, 0x1e, 0x44, 0x28, 0x02, 0x1e, 0x1e, 0x47, 0x28,
    0x07, 0x01, 0x01, 0x01, 0xcf, 0xcf, 0x33, 0xa4, 0x51, 0x28, 0x01, 0x33, 0x56, 0x28, 0x03, 0xa4,
    0x33, 0xa4, 0x5c, 0x28, 0x0c, 0x97, 0x96, 0xa5, 0xf7, 0xf6, 0xf7, 0xef, 0x53, 0x62, 0xc6, 0x62,
    0xf7, 0x6a, 0x28, 0x05, 0xc6, 0x62, 0x62, 0x9b, 0x5d, 0xa0, 0x28, 0x03, 0x0c, 0x3f, 0x33, 0xa5,
    0x28, 0x04, 0xa4, 0x33, 0xa4, 0x33, 0xab, 0x28, 0x03, 0xa4, 0x33, 0xa4, 0xaf, 0x28, 0x03, 0x33,
    0xa4, 0x33, 0xb5, 0x28, 0x06, 0x33, 0xce, 0xce, 0xfc, 0x01, 0x01, 0xbd, 0x28, 0x05, 0x1e, 0x1e,
    0x1e, 0x1e, 0x1e, 0xc4, 0x28, 0x09, 0x1e, 0x1e, 0x1e, 0x1e, 0x1e, 0x1e, 0xe2, 0xcf, 0xcf, 0xcf,
    0x28, 0x01, 0x33, 0xd1, 0x28, 0x01, 0x33, 0xd4, 0x28, 0x0f, 0x33, 0x33, 0x33, 0x97, 0x96, 0x01,
    0xa4, 0xf6, 0x01, 0xf6, 0xef, 0x62, 0xc6, 0xc6, 0xf7, 0xe6, 0x28, 0x09, 0xa4, 0x62, 0x9b, 0x5d,
    0x9b, 0x5d, 0x5d, 0x5d, 0x5d, 0x20, 0x29, 0x02, 0x3f, 0x3f, 0x24, 0x29, 0x05, 0xa4, 0xa4, 0x33,
    0xa4, 0x33, 0x2f, 0x29, 0x01, 0x33, 0x31, 0x29, 0x01, 0x33, 0x36, 0x29, 0x03, 0xce, 0xce, 0xfd,
    0x3c, 0x29, 0x0a, 0x01, 0x01, 0x1f, 0x01, 0x1f, 0x1e, 0x1e, 0x1e, 0x1e, 0x1e, 0x47, 0x29, 0x03,
    0x1e, 0x1e, 0x1e, 0x4b, 0x29, 0x03, 0xcf, 0xcf, 0x33, 0x4f, 0x29, 0x02, 0x33, 0x33, 0x53, 0x29,
    0x07, 0xa5, 0x01, 0x01, 0xf6, 0xa5, 0xef, 0xf7, 0x5b, 0x29, 0x03, 0x62, 0xc6, 0x31, 0x61, 0x29,
    0x09, 0x62, 0x62, 0x51, 0x5d, 0x9b, 0x5d, 0x5d, 0x5d, 0x5d, 0xa0, 0x29, 0x02, 0x3f, 0x3f, 0xa4,
    0x29, 0x01, 0xa4, 0xa6, 0x29, 0x02, 0xa4, 0x33, 0xaf, 0x29, 0x02, 0x97, 0x33, 0xb6, 0x29, 0x06,
    0xcf, 0xcf, 0xce, 0x01, 0x01, 0x01, 0xbd, 0x29, 0x01, 0x01, 0xc0, 0x29, 0x0a, 0x1f, 0x1f, 0x1f,
    0x1f, 0x1f, 0x1f, 0x1f, 0x1f, 0x1f, 0x1f, 0xcd, 0x29, 0x01, 0x97, 0xd0, 0x29, 0x03, 0x01, 0xf6,
    0xef, 0xd4, 0x29, 0x01, 0x53, 0xd6, 0x29, 0x03, 0xc6, 0x31, 0x31, 0xda, 0x29, 0x01, 0xc6, 0xdf,
    0x29, 0x06, 0x5d, 0x9b, 0x5d, 0x5d, 0x5d, 0x0c, 0x1f, 0x2a, 0x03, 0x0c, 0x3f, 0x3f, 0x23, 0x2a,
    0x05, 0xa4, 0xa4, 0x33, 0xa4, 0x33, 0x2d, 0x2a, 0x03, 0xa4, 0xa4, 0x97, 0x36, 0x2a, 0x03, 0xcf,
    0xcf, 0xcf, 0x3e, 0x2a, 0x06, 0x01, 0x01, 0x01, 0x01, 0x01, 0x01, 0x45, 0x2a, 0x01, 0x01, 0x48,
    0x2a, 0x01, 0x97, 0x4a, 0x2a, 0x01, 0x01, 0x4c, 0x2a, 0x04, 0x19, 0xef, 0xa4, 0xa4, 0x52, 0x2a,
    0x04, 0x31, 0xc6, 0x62, 0x62, 0x59, 0x2a, 0x07, 0xa4, 0xc6, 0x5d, 0x5d, 0x5d, 0x5d, 0x0c, 0x9f,
    0x2a, 0x03, 0x0c, 0x3f, 0x3f, 0xa4, 0x2a, 0x04, 0xa4, 0x97, 0xa4, 0x33, 0xae, 0x2a, 0x04, 0xa4,
    0x97, 0xa4, 0x33, 0xb6, 0x2a, 0x05, 0xd1, 0xd1, 0xcf, 0xfc, 0x1e, 0xc0, 0x2a, 0x02, 0xfc, 0xfc,
    0xc3, 0x2a, 0x02, 0x97, 0x48, 0xc8, 0x2a, 0x01, 0x18, 0xcb, 0x2a, 0x02, 0x53, 0xf7, 0xce, 0x2a,
    0x01, 0x62, 0xd0, 0x2a, 0x06, 0xc6, 0xc6, 0xc6, 0x62, 0xc6, 0x62, 0xd7, 0x2a, 0x04, 0x3f, 0x5d,
    0x5d, 0x5d, 0x1f, 0x2b, 0x03, 0x3f, 0x3f, 0x33, 0x23, 0x2b, 0x01, 0xa4, 0x26, 0x2b, 0x02, 0xa4,
    0x33, 0x2d, 0x2b, 0x04, 0xa4, 0xa4, 0x33, 0xa4, 0x32, 0x2b, 0x01, 0x33, 0x36, 0x2b, 0x04, 0x33,
    0xcf, 0xcf, 0xfc, 0x3b, 0x2b, 0x0b, 0xfc, 0xfc, 0xdf, 0x97, 0x97, 0xa4, 0x01, 0x01, 0xbc, 0xef,
    0x53, 0x48, 0x2b, 0x01, 0x53, 0x4a, 0x2b, 0x01, 0x31, 0x4c, 0x2b, 0x03, 0x62, 0xc6, 0xc6, 0x50,
    0x2b, 0x01, 0xc6, 0x53, 0x2b, 0x03, 0x9b, 0x3f, 0x5d, 0x9f, 0x2b, 0x03, 0x3f, 0x3f, 0x33, 0xa3,
    0x2b, 0x01, 0xa4, 0xa6, 0x2b, 0x02, 0xa4, 0x33, 0xad, 0x2b, 0x01, 0xa4, 0xb0, 0x2b, 0x01, 0xa4,
    0xb2, 0x2b, 0x14, 0x33, 0xa4, 0x33, 0x97, 0x33, 0x33, 0xa4, 0x97, 0x96, 0x49, 0x01, 0xbc, 0x01,
    0xa5, 0x53, 0xf7, 0x53, 0xf7, 0x53, 0x31, 0xc7, 0x2b, 0x01, 0xc6, 0xcb, 0x2b, 0x01, 0xc6, 0xcf,
    0x2b, 0x01, 0x0c, 0x1f, 0x2c, 0x03, 0x3f, 0x3f, 0x33, 0x23, 0x2c, 0x03, 0xa4, 0x33, 0xa4, 0x2d,
    0x2c, 0x14, 0xa4, 0x33, 0xa4, 0x33, 0x33, 0x33, 0x33, 0x97, 0x96, 0x96, 0x01, 0x18, 0xf6, 0xa5,
    0xbc, 0xf7, 0x53, 0xf7, 0xf7, 0x31, 0x42, 0x2c, 0x01, 0xc6, 0x44, 0x2c, 0x01, 0xc6, 0x47, 0x2c,
    0x01, 0xc6, 0x4b, 0x2c, 0x01, 0x5d, 0x9e, 0x2c, 0x04, 0x0c, 0x3f, 0x3f, 0x33, 0xa3, 0x2c, 0x03,
    0xa4, 0x33, 0xa4, 0xaa, 0x2c, 0x05, 0x33, 0x33, 0x33, 0xa4, 0xa4, 0xb0, 0x2c, 0x10, 0x33, 0x96,
    0x49, 0x18, 0x53, 0xf6, 0xa5, 0xf6, 0xef, 0x31, 0x53, 0x31, 0x31, 0x62, 0x62, 0xc6, 0xc1, 0x2c,
    0x02, 0x62, 0xc6, 0xc4, 0x2c, 0x01, 0xc6, 0xc6, 0x2c, 0x02, 0x5d, 0x9b, 0x1e, 0x2d, 0x04, 0x0c,
    0x3f, 0x3f, 0x33, 0x23, 0x2d, 0x01, 0x33, 0x25, 0x2d, 0x03, 0x97, 0x33, 0x33, 0x2a, 0x2d, 0x11,
    0xa5, 0x96, 0x96, 0x50, 0xf7, 0xa4, 0xa5, 0x01, 0xf6, 0xf7, 0x53, 0x31, 0x62, 0xc6, 0x53, 0xf7,
    0x62, 0x3c, 0x2d, 0x02, 0x62, 0xc6, 0x3f, 0x2d, 0x01, 0xc6, 0x41, 0x2d, 0x03, 0x5d, 0x9b, 0x5d,
    0x9e, 0x2d, 0x04, 0x3f, 0x0c, 0x0c, 0x33, 0xa3, 0x2d, 0x0c, 0xa4, 0xa4, 0xa5, 0x96, 0x96, 0x97,
    0xbf, 0xf7, 0xa4, 0xa4, 0xf6, 0xf7, 0xb0, 0x2d, 0x04, 0x62, 0xc6, 0x62, 0x31, 0xb5, 0x2d, 0x02,
    0x62, 0xc6, 0xb8, 0x2d, 0x03, 0x62, 0xc6, 0xc6, 0xbc, 0x2d, 0x04, 0x5d, 0x3f, 0x5d, 0x0c, 0x1e,
    0x2e, 0x08, 0x9b, 0x6c, 0x5d, 0xa5, 0x33, 0x60, 0xbf, 0xa4, 0x27, 0x2e, 0x0b, 0xf6, 0xa5, 0xef,
    0x31, 0x62, 0xc6, 0x31, 0x53, 0x62, 0xc6, 0x62, 0x33, 0x2e, 0x02, 0x62, 0xc6, 0x37, 0x2e, 0x05,
    0x5d, 0x5d, 0x5d, 0x5d, 0x0c, 0x9f, 0x2e, 0x09, 0x5d, 0x9b, 0xf7, 0xa4, 0xa5, 0xc7, 0x62, 0x31,
    0x62, 0xa9, 0x2e, 0x03, 0x53, 0xf7, 0x62, 0xae, 0x2e, 0x01, 0xc6, 0xb0, 0x2e, 0x08, 0xc6, 0x62,
    0x5d, 0x5d, 0x5d, 0x5d, 0x5d, 0x0c, 0x1f, 0x2f, 0x03, 0x9b, 0x5d, 0x31, 0x23, 0x2f, 0x04, 0xa4,
    0xf7, 0x62, 0x31, 0x28, 0x2f, 0x02, 0xc6, 0x62, 0x2b, 0x2f, 0x01, 0xc6, 0x2d, 0x2f, 0x07, 0x5d,
    0x5d, 0x5d, 0x5d, 0x3f, 0x5d, 0x05, 0x9f, 0x2f, 0x03, 0x5d, 0x5d, 0x5d, 0xa3, 0x2f, 0x0c, 0xc6,
    0x62, 0xc6, 0x62, 0x97, 0x5d, 0x5d, 0x5d, 0x9b, 0x3f, 0x5d, 0x0c, 0x20, 0x30, 0x0b, 0x5d, 0x0c,
    0x58, 0x9b, 0x5d, 0x5d, 0x9b, 0x3f, 0x5d, 0x5d, 0x5d, 0xa2, 0x30, 0x05, 0x5d, 0x5d, 0x5d, 0x5d,
    0x05, 0xc4, 0x18, 0x06, 0x0c, 0x0c, 0x0c, 0x0c, 0x0c, 0x0c, 0xcd, 0x18, 0x01, 0xf0, 0x34, 0x19,
    0x03, 0x0c, 0x0c, 0x0c, 0x3d, 0x19, 0x0b, 0x0c, 0x0c, 0x0c, 0x0c, 0x0c, 0x0c, 0x0c, 0x33, 0xe2,
    0xe2, 0xe2, 0x4b, 0x19, 0x01, 0x01, 0x4e, 0x19, 0x03, 0x01, 0xfc, 0x0c, 0xaa, 0x19, 0x02, 0x33,
    0x33, 0xad, 0x19, 0x04, 0x33, 0x33, 0x33, 0x33, 0xb2, 0x19, 0x04, 0xce, 0xcf, 0xfc, 0x1e, 0xb7,
    0x19, 0x01, 0x01, 0xbb, 0x19, 0x03, 0x1e, 0xcf, 0xcf, 0xc4, 0x19, 0x05, 0xa4, 0xcf, 0xcf, 0xd1,
    0x1e, 0xcb, 0x19, 0x02, 0x1e, 0x1f, 0xce, 0x19, 0x04, 0x01, 0x01, 0xfc, 0x0c, 0x27, 0x1a, 0x03,
    0x3f, 0x3f, 0x33, 0x2e, 0x1a, 0x03, 0xa4, 0xa4, 0xa4, 0x32, 0x1a, 0x04, 0xcf, 0xcf, 0xfc, 0x1e,
    0x38, 0x1a, 0x03, 0x1e, 0x1f, 0x01, 0x3c, 0x1a, 0x03, 0xfd, 0xce, 0x97, 0x40, 0x1a, 0x01, 0xa4,
    0x43, 0x1a, 0x0b, 0x33, 0xa4, 0x33, 0x33, 0xce, 0xfd, 0xfd, 0xfc, 0xfc, 0xe2, 0xe2, 0x4f, 0x1a,
    0x01, 0x1e, 0x51, 0x1a, 0x02, 0xf0, 0x0c, 0xa6, 0x1a, 0x04, 0x0c, 0x3f, 0x3f, 0xa4, 0xab, 0x1a,
    0x02, 0xa4, 0xa4, 0xae, 0x1a, 0x01, 0x33, 0xb0, 0x1a, 0x01, 0x33, 0xb2, 0x1a, 0x03, 0xce, 0xce,
    0xfd, 0xb6, 0x1a, 0x05, 0x01, 0x01, 0x1f, 0x1e, 0x1e, 0xbc, 0x1a, 0x02, 0x1e, 0xd1, 0xbf, 0x1a,
    0x02, 0x33, 0x33, 0xc2, 0x1a, 0x01, 0x33, 0xc4, 0x1a, 0x03, 0x33, 0x33, 0x33, 0xc8, 0x1a, 0x0c,
    0x33, 0x33, 0x33, 0x33, 0x33, 0x33, 0xce, 0xce, 0xcf, 0xd1, 0xee, 0x0c, 0x26, 0x1b, 0x03, 0x0c,
    0x3f, 0x97, 0x2b, 0x1b, 0x01, 0xa4, 0x2d, 0x1b, 0x06, 0xa4, 0x33, 0x33, 0x33, 0x33, 0xfc, 0x39,
    0x1b, 0x01, 0xa4, 0x3d, 0x1b, 0x02, 0x33, 0xd1, 0x40, 0x1b, 0x01, 0x1e, 0x47, 0x1b, 0x02, 0x1f,
    0xfd, 0x4b, 0x1b, 0x03, 0x97, 0x33, 0xa4, 0x4f, 0x1b, 0x02, 0xa4, 0xa4, 0xa6, 0x1b, 0x0e, 0x3f,
    0x3f, 0xd1, 0xe2, 0xfc, 0xfc, 0xfc, 0xfc, 0xcf, 0xcf, 0xcf, 0xce, 0xce, 0xcf, 0xb6, 0x1b, 0x02,
    0xa4, 0xa4, 0xb9, 0x1b, 0x02, 0x33, 0xa4, 0xbe, 0x1b, 0x01, 0xd1, 0xc4, 0x1b, 0x01, 0x01, 0xc9,
    0x1b, 0x04, 0xfc, 0x33, 0xa4, 0xa4, 0xd0, 0x1b, 0x01, 0xa4, 0x26, 0x1c, 0x03, 0xee, 0xe2, 0x1e,
    0x2c, 0x1c, 0x01, 0x01, 0x32, 0x1c, 0x02, 0xfc, 0xcf, 0x35, 0x1c, 0x02, 0x33, 0xa4, 0x3a, 0x1c,
    0x02, 0x33, 0xa4, 0x3e, 0x1c, 0x02, 0x33, 0xfc, 0x41, 0x1c, 0x02, 0x1e, 0x1e, 0x45, 0x1c, 0x04,
    0x1e, 0x1f, 0x1f, 0x01, 0x4c, 0x1c, 0x06, 0xa4, 0x33, 0x33, 0x33, 0x33, 0x33, 0xa6, 0x1c, 0x03,
    0xf0, 0xee, 0x1e, 0xab, 0x1c, 0x09, 0x1f, 0x1f, 0x1e, 0x1e, 0x01, 0x01, 0x01, 0xfd, 0xcf, 0xb5,
    0x1c, 0x02, 0xa4, 0xa4, 0xbb, 0x1c, 0x07, 0x33, 0x97, 0x33, 0xa4, 0xfc, 0x01, 0x01, 0xc3, 0x1c,
    0x05, 0xfd, 0xfc, 0xfc, 0xe2, 0xe2, 0xc9, 0x1c, 0x0f, 0x1e, 0xcf, 0xe2, 0xd1, 0x6b, 0xcf, 0xcf,
    0xcf, 0xcf, 0xcf, 0xfc, 0xfc, 0xfc, 0xe2, 0x0c, 0x25, 0x1d, 0x05, 0x0c, 0xfc, 0x01, 0x01, 0x1f,
    0x2c, 0x1d, 0x01, 0x1e, 0x32, 0x1d, 0x02, 0xfc, 0xcf, 0x35, 0x1d, 0x02, 0xa4, 0x33, 0x38, 0x1d,
    0x04, 0x33, 0x33, 0x33, 0x33, 0x3d, 0x1d, 0x02, 0x33, 0xce, 0x40, 0x1d, 0x02, 0x33, 0x33, 0x43,
    0x1d, 0x08, 0x33, 0x33, 0x33, 0x33, 0x33, 0x33, 0xd1, 0xd1, 0x4c, 0x1d, 0x03, 0x1e, 0x1e, 0x1e,
    0x52, 0x1d, 0x03, 0x01, 0x01, 0x01, 0x56, 0x1d, 0x01, 0x01, 0x58, 0x1d, 0x02, 0xfc, 0x0c, 0xa5,
    0x1d, 0x08, 0x0c, 0xf1, 0x01, 0x01, 0x01, 0x01, 0xfd, 0xe2, 0xb3, 0x1d, 0x04, 0xe2, 0xe2, 0x1f,
    0x1e, 0xbf, 0x1d, 0x01, 0x1e, 0xc3, 0x1d, 0x01, 0x33, 0xc5, 0x1d, 0x02, 0xa4, 0xa4, 0xc8, 0x1d,
    0x02, 0xa4, 0x33, 0xcc, 0x1d, 0x02, 0xcf, 0x1e, 0xd0, 0x1d, 0x07, 0x1e, 0x01, 0x1e, 0x1e, 0x1e,
    0x1e, 0x1e, 0xd9, 0x1d, 0x02, 0xfd, 0x0c, 0x26, 0x1e, 0x06, 0x33, 0x33, 0x6b, 0xfc, 0xcf, 0xcf,
    0x2e, 0x1e, 0x02, 0xa4, 0x33, 0x33, 0x1e, 0x04, 0xe2, 0x1e, 0x1e, 0x1e, 0x39, 0x1e, 0x01, 0x01,
    0x48, 0x1e, 0x02, 0x97, 0x33, 0x4d, 0x1e, 0x07, 0x33, 0x01, 0x01, 0x1f, 0x1f, 0x1f, 0x1f, 0x55,
    0x1e, 0x05, 0x01, 0x1f, 0x1f, 0x1f, 0x1e, 0x5b, 0x1e, 0x01, 0x0c, 0xa5, 0x1e, 0x01, 0x3f, 0xab,
    0x1e, 0x02, 0xa4, 0xa4, 0xb3, 0x1e, 0x01, 0xfc, 0xb6, 0x1e, 0x02, 0x1e, 0x1e, 0xbb, 0x1e, 0x01,
    0x1e, 0xc0, 0x1e, 0x01, 0xfd, 0xc3, 0x1e, 0x02, 0xa4, 0x33, 0xc8, 0x1e, 0x05, 0xa4, 0x97, 0x33,
    0xa4, 0x33, 0xce, 0x1e, 0x02, 0xfd, 0x01, 0xd1, 0x1e, 0x0c, 0xfc, 0xe2, 0xfc, 0xe2, 0x1e, 0xd1,
    0xd1, 0xfc, 0xcf, 0xcf, 0x33, 0x3f, 0x24, 0x1f, 0x01, 0x0c, 0x29, 0x1f, 0x01, 0x33, 0x2b, 0x1f,
    0x05, 0x33, 0xa4, 0xa4, 0x97, 0x33, 0x33, 0x1f, 0x04, 0xfd, 0x01, 0x01, 0x01, 0x39, 0x1f, 0x02,
    0x1e, 0x1e, 0x41, 0x1f, 0x01, 0x33, 0x43, 0x1f, 0x02, 0xa4, 0x33, 0x48, 0x1f, 0x02, 0x33, 0x97,
    0x4b, 0x1f, 0x08, 0x33, 0x33, 0xce, 0xfc, 0xfc, 0x33, 0x33, 0x97, 0x54, 0x1f, 0x0a, 0x33, 0x33,
    0x33, 0x33, 0x75, 0xe2, 0xcf, 0xcf, 0x33, 0x3f, 0xa7, 0x1f, 0x01, 0xa4, 0xad, 0x1f, 0x03, 0xa4,
    0x97, 0x33, 0xb3, 0x1f, 0x01, 0xfc, 0xb6, 0x1f, 0x03, 0x01, 0x01, 0x01, 0xbc, 0x1f, 0x01, 0x1e,
    0xc4, 0x1f, 0x0f, 0x33, 0xfc, 0xfc, 0xfc, 0xcf, 0x6b, 0xfc, 0xcf, 0xcf, 0xcf, 0xd1, 0xfc, 0x33,
    0xa4, 0x33, 0xd4, 0x1f, 0x01, 0xa4, 0xd7, 0x1f, 0x05, 0xa4, 0x97, 0x33, 0xa4, 0x33, 0xdd, 0x1f,
    0x03, 0x33, 0x3f, 0x0c, 0x28, 0x20, 0x01, 0x33, 0x30, 0x20, 0x03, 0x97, 0x33, 0x33, 0x34, 0x20,
    0x03, 0xfc, 0xfc, 0xfc, 0x38, 0x20, 0x03, 0x33, 0x33, 0x33, 0x3c, 0x20, 0x02, 0xa4, 0x33, 0x41,
    0x20, 0x06, 0x33, 0xe2, 0x1f, 0x1f, 0x1e, 0x1e, 0x50, 0x20, 0x02, 0xcf, 0x33, 0x53, 0x20, 0x01,
    0xa4, 0x55, 0x20, 0x03, 0x33, 0xa4, 0xa4, 0x59, 0x20, 0x03, 0xa4, 0x97, 0x33, 0x5e, 0x20, 0x03,
    0x33, 0x3f, 0x0c, 0xa3, 0x20, 0x05, 0x0c, 0x33, 0x33, 0x33, 0x33, 0xab, 0x20, 0x09, 0xcf, 0xcf,
    0x6b, 0xfc, 0xfc, 0xfd, 0xfc, 0xfc, 0x33, 0xb6, 0x20, 0x01, 0xa4, 0xb9, 0x20, 0x02, 0xa4, 0xa4,
    0xbc, 0x20, 0x03, 0xa4, 0x97, 0x33, 0xc1, 0x20, 0x03, 0x33, 0xcf, 0x1e, 0xc5, 0x20, 0x01, 0x01,
    0xca, 0x20, 0x02, 0x01, 0x01, 0xd0, 0x20, 0x02, 0xfc, 0xcf, 0xd4, 0x20, 0x04, 0x33, 0xa4, 0xa4,
    0x33, 0xdb, 0x20, 0x02, 0xa4, 0x33, 0xdf, 0x20, 0x03, 0x33, 0x3f, 0x3f, 0x23, 0x21, 0x08, 0xfc,
    0xd1, 0xd1, 0xe2, 0xfc, 0xfc, 0xfc, 0xcf, 0x31, 0x21, 0x01, 0x01, 0x33, 0x21, 0x01, 0x33, 0x36,
    0x21, 0x02, 0xa4, 0x97, 0x39, 0x21, 0x06, 0x33, 0x97, 0xa4, 0xa4, 0x97, 0x33, 0x42, 0x21, 0x03,
    0xcf, 0xe2, 0x1e, 0x48, 0x21, 0x0b, 0x1e, 0x1f, 0x1e, 0x1e, 0x01, 0x01, 0x01, 0x01, 0x01, 0xce,
    0xce, 0x54, 0x21, 0x01, 0xa4, 0x56, 0x21, 0x02, 0xa4, 0x33, 0x60, 0x21, 0x03, 0x3f, 0x3f, 0x3f,
    0xa2, 0x21, 0x04, 0x0c, 0xfc, 0x1e, 0x1e, 0xa7, 0x21, 0x01, 0x01, 0xb3, 0x21, 0x01, 0xcf, 0xb6,
    0x21, 0x03, 0xa4, 0xa4, 0x33, 0xbb, 0x21, 0x01, 0xa4, 0xbe, 0x21, 0x02, 0xa4, 0x33, 0xc2, 0x21,
    0x02, 0xcf, 0xfc, 0xc6, 0x21, 0x01, 0x1e, 0xc8, 0x21, 0x01, 0x1e, 0xca, 0x21, 0x07, 0x1f, 0x1f,
    0x1f, 0x1f, 0x01, 0x1e, 0x1e, 0xd2, 0x21, 0x04, 0xcf, 0xcf, 0xa4, 0x33, 0xdb, 0x21, 0x02, 0xa4,
    0x33, 0xde, 0x21, 0x07, 0xa4, 0x33, 0x33, 0x0c, 0x0c, 0x3f, 0x0c, 0x22, 0x22, 0x05, 0xf0, 0xfc,
    0x1e, 0x1e, 0x01, 0x28, 0x22, 0x02, 0x1e, 0x01, 0x33, 0x22, 0x01, 0xd1, 0x37, 0x22, 0x02, 0xa4,
    0x33, 0x3e, 0x22, 0x02, 0xa4, 0x33, 0x42, 0x22, 0x05, 0xcf, 0xcf, 0x01, 0x01, 0x01, 0x48, 0x22,
    0x01, 0x1e, 0x4a, 0x22, 0x02, 0x1e, 0x1e, 0x4d, 0x22, 0x19, 0x1e, 0x1f, 0x1f, 0x1f, 0x1f, 0xe2,
    0xcf, 0xcf, 0xa4, 0x33, 0xa4, 0x33, 0x33, 0x33, 0x33, 0xa4, 0xfc, 0xcf, 0xcf, 0xce, 0xce, 0xf0,
    0xf0, 0xf0, 0x0c, 0xa1, 0x22, 0x04, 0x0c, 0xf0, 0x1e, 0x1e, 0xa7, 0x22, 0x03, 0x1e, 0x1e, 0x01,
    0xac, 0x22, 0x02, 0x01, 0x01, 0xb2, 0x22, 0x02, 0xfc, 0xcf, 0xb5, 0x22, 0x04, 0xa4, 0x33, 0xa4,
    0x33, 0xbe, 0x22, 0x02, 0xa4, 0x33, 0xc2, 0x22, 0x0d, 0x33, 0xce, 0xfd, 0x01, 0x01, 0x01, 0x01,
    0x1f, 0x1f, 0x1f, 0x1f, 0x01, 0x1e, 0xd0, 0x22, 0x17, 0x1e, 0xfc, 0xfd, 0x33, 0x33, 0x33, 0xd1,
    0xd1, 0xcf, 0xcf, 0xcf, 0xcf, 0xcf, 0x6b, 0xfc, 0xcf, 0x6b, 0xcf, 0xcf, 0xf0, 0xf0, 0xf0, 0x0c,
    0x21, 0x23, 0x02, 0xf0, 0xf0, 0x26, 0x23, 0x01, 0x1e, 0x29, 0x23, 0x04, 0x1f, 0x1e, 0x01, 0x01,
    0x30, 0x23, 0x01, 0x01, 0x32, 0x23, 0x02, 0xfc, 0xcf, 0x35, 0x23, 0x04, 0xa4, 0x33, 0xa4, 0x33,
    0x3d, 0x23, 0x01, 0xa4, 0x3f, 0x23, 0x02, 0xa4, 0x33, 0x42, 0x23, 0x03, 0x33, 0xcf, 0xcf, 0x46,
    0x23, 0x0e, 0x01, 0x01, 0x01, 0x01, 0xfd, 0xe2, 0xfc, 0xe2, 0x1f, 0xd1, 0x75, 0xfc, 0xcf, 0x33,
    0x56, 0x23, 0x12, 0x97, 0xfc, 0xcf, 0xfc, 0xe2, 0xe2, 0xfc, 0xfc, 0xfc, 0xfc, 0xcf, 0x6b, 0xcf,
    0xcf, 0xf0, 0xee, 0xf0, 0xf0, 0xa0, 0x23, 0x04, 0x0c, 0xf1, 0xfd, 0x01, 0xa7, 0x23, 0x01, 0x1e,
    0xad, 0x23, 0x03, 0x1e, 0x01, 0x01, 0xb2, 0x23, 0x05, 0xfd, 0xce, 0x33, 0xa4, 0x33, 0xb8, 0x23,
    0x01, 0xa4, 0xbf, 0x23, 0x02, 0xa4, 0x33, 0xc3, 0x23, 0x04, 0xfc, 0xe2, 0xfc, 0xfc, 0xca, 0x23,
    0x0f, 0x33, 0x33, 0x33, 0x33, 0x33, 0x33, 0x97, 0xe2, 0xcf, 0xcf, 0xd1, 0xd1, 0xcf, 0xfc, 0x1e,
    0xdd, 0x23, 0x01, 0x01, 0xdf, 0x23, 0x01, 0x01, 0xe1, 0x23, 0x01, 0x01, 0xe4, 0x23, 0x06, 0x1e,
    0xf0, 0xf0, 0xf0, 0xf0, 0x0c, 0x20, 0x24, 0x03, 0x0c, 0xf0, 0xfc, 0x24, 0x24, 0x08, 0x01, 0x01,
    0x01, 0x01, 0x1e, 0x1e, 0x1e, 0x1e, 0x31, 0x24, 0x04, 0x1e, 0xfc, 0xcf, 0x33, 0x38, 0x24, 0x01,
    0x33, 0x3a, 0x24, 0x02, 0x33, 0x33, 0x3f, 0x24, 0x08, 0xfc, 0xfc, 0xfd, 0x01, 0xce, 0xcf, 0x6b,
    0x33, 0x49, 0x24, 0x01, 0xa4, 0x4d, 0x24, 0x02, 0xa4, 0x33, 0x52, 0x24, 0x02, 0xa4, 0x33, 0x55,
    0x24, 0x04, 0xcf, 0xce, 0xd1, 0xe2, 0x5b, 0x24, 0x02, 0x1e, 0x1e, 0x60, 0x24, 0x02, 0x01, 0x01,
    0x66, 0x24, 0x05, 0xf0, 0xf0, 0xf0, 0xf0, 0x0c, 0xa0, 0x24, 0x06, 0xf0, 0xf0, 0x01, 0x01, 0x01,
    0x01, 0xa8, 0x24, 0x02, 0x01, 0x01, 0xab, 0x24, 0x0d, 0xfc, 0xe2, 0xe2, 0xe2, 0xe2, 0xe2, 0xe2,
    0xe2, 0x1e, 0xe2, 0xfc, 0xfc, 0xfc, 0xbe, 0x24, 0x02, 0x01, 0x01, 0xc2, 0x24, 0x06, 0x1e, 0xfc,
    0xcf, 0xcf, 0x97, 0x33, 0xca, 0x24, 0x01, 0xa4, 0xce, 0x24, 0x03, 0xa4, 0xa4, 0xa4, 0xd2, 0x24,
    0x08, 0xa4, 0xa4, 0x33, 0x33, 0xcf, 0xcf, 0xcf, 0xfd, 0xdc, 0x24, 0x02, 0x1e, 0x1e, 0xdf, 0x24,
    0x03, 0x1e, 0x1e, 0x1e, 0xe4, 0x24, 0x08, 0x01, 0x1f, 0x01, 0xf1, 0xf1, 0xf1, 0xf1, 0x0c, 0x1f,
    0x25, 0x04, 0x0c, 0x0c, 0x0c, 0xfc, 0x26, 0x25, 0x13, 0x01, 0x01, 0x01, 0xce, 0xce, 0x6a, 0xfd,
    0xce, 0x33, 0x33, 0x33, 0xd1, 0x1e, 0x01, 0xe2, 0x1e, 0x1e, 0x1e, 0x1e, 0x3f, 0x25, 0x01, 0x01,
    0x43, 0x25, 0x05, 0xfc, 0xd1, 0xd1, 0xcf, 0xa4, 0x4c, 0x25, 0x01, 0x97, 0x4e, 0x25, 0x03, 0xa4,
    0x97, 0xa4, 0x53, 0x25, 0x02, 0xa4, 0x33, 0x56, 0x25, 0x04, 0xd1, 0xcf, 0xd1, 0xcf, 0x5c, 0x25,
    0x03, 0x01, 0x01, 0x1e, 0x61, 0x25, 0x05, 0x1e, 0x1e, 0x1e, 0x1e, 0x1e, 0x68, 0x25, 0x05, 0xf0,
    0xf1, 0xf1, 0xf1, 0xf1, 0x9f, 0x25, 0x0e, 0x3f, 0x3f, 0x33, 0xcf, 0xcf, 0xfc, 0xcf, 0xcf, 0x33,
    0x33, 0x33, 0xcf, 0x6b, 0xce, 0xae, 0x25, 0x02, 0xa4, 0x33, 0xb2, 0x25, 0x04, 0xce, 0xcf, 0xcf,
    0x01, 0xb7, 0x25, 0x02, 0x1e, 0x01, 0xba, 0x25, 0x01, 0x1e, 0xbf, 0x25, 0x01, 0x1e, 0xc2, 0x25,
    0x01, 0x01, 0xc4, 0x25, 0x06, 0xcf, 0xd1, 0xcf, 0x33, 0xa4, 0x33, 0xcc, 0x25, 0x02, 0xa4, 0xa4,
    0xd0, 0x25, 0x02, 0xa4, 0x33, 0xd4, 0x25, 0x01, 0x33, 0xd6, 0x25, 0x09, 0x33, 0xcf, 0xcf, 0xd1,
    0xcf, 0x1f, 0x1e, 0x1e, 0x01, 0xe1, 0x25, 0x07, 0x01, 0x1f, 0x1e, 0x1e, 0x1e, 0x1e, 0x1e, 0xe9,
    0x25, 0x05, 0xf0, 0xf0, 0xf0, 0xf0, 0xf0, 0x1e, 0x26, 0x09, 0x0c, 0x3f, 0x3f, 0x33, 0x97, 0xcf,
    0xcf, 0xa4, 0x33, 0x2b, 0x26, 0x02, 0xa4, 0x33, 0x32, 0x26, 0x05, 0xd1, 0xcf, 0xd1, 0x1e, 0x1e,
    0x38, 0x26, 0x02, 0x01, 0x01, 0x3c, 0x26, 0x01, 0x01, 0x3e, 0x26, 0x01, 0x01, 0x44, 0x26, 0x06,
    0xcf, 0xcf, 0xcf, 0xcf, 0xa4, 0x33, 0x4b, 0x26, 0x03, 0xa4, 0xa4, 0xa4, 0x50, 0x26, 0x02, 0xa4,
    0x33, 0x53, 0x26, 0x02, 0xa4, 0x33, 0x57, 0x26, 0x0a, 0x33, 0xcf, 0xcf, 0xcf, 0xcf, 0x1f, 0x1f,
    0x1f, 0x1f, 0x1f, 0x62, 0x26, 0x0e, 0x01, 0x01, 0x1f, 0x01, 0x1e, 0x1e, 0x1e, 0x1e, 0xee, 0xee,
    0xee, 0xf0, 0xf0, 0x0c, 0x9e, 0x26, 0x05, 0x3f, 0x3f, 0x3f, 0x33, 0xa4, 0xa6, 0x26, 0x02, 0x97,
    0xa4, 0xaa, 0x26, 0x01, 0xa4, 0xad, 0x26, 0x01, 0xa4, 0xb2, 0x26, 0x04, 0xcf, 0xd1, 0xcf, 0x1e,
    0xb8, 0x26, 0x04, 0x1e, 0x1e, 0x1e, 0x01, 0xbf, 0x26, 0x03, 0x01, 0x01, 0x01, 0xc4, 0x26, 0x06,
    0xfc, 0xcf, 0xcf, 0xcf, 0x97, 0x33, 0xcd, 0x26, 0x01, 0x33, 0xd1, 0x26, 0x01, 0x33, 0xd5, 0x26,
    0x01, 0x33, 0xd8, 0x26, 0x04, 0xcf, 0xcf, 0xcf, 0xcf, 0xdd, 0x26, 0x01, 0x1e, 0xdf, 0x26, 0x06,
    0x1f, 0x1f, 0x1f, 0x1f, 0x1f, 0x01, 0xe7, 0x26, 0x09, 0x1f, 0x1f, 0x01, 0x1e, 0xee, 0x0c, 0x0c,
    0x0c, 0xee, 0x1d, 0x27, 0x04, 0x0c, 0x3f, 0x3f, 0x3f, 0x22, 0x27, 0x02, 0xa4, 0x33, 0x26, 0x27,
    0x02, 0x97, 0xa4, 0x29, 0x27, 0x01, 0xa4, 0x2b, 0x27, 0x01, 0x33, 0x2d, 0x27, 0x01, 0xa4, 0x32,
    0x27, 0x05, 0xcf, 0xcf, 0xcf, 0xe2, 0x1e, 0x39, 0x27, 0x05, 0x1e, 0x1e, 0x1f, 0x1e, 0x01, 0x40,
    0x27, 0x0a, 0x01, 0x01, 0x01, 0x01, 0xfd, 0xcf, 0xcf, 0xcf, 0xcf, 0x33, 0x4c, 0x27, 0x01, 0xa4,
    0x4f, 0x27, 0x03, 0xa4, 0x33, 0x33, 0x55, 0x27, 0x02, 0xa4, 0x33, 0x58, 0x27, 0x06, 0x33, 0xce,
    0xce, 0xce, 0xcf, 0xfc, 0x60, 0x27, 0x01, 0x1e, 0x62, 0x27, 0x02, 0x1e, 0x1e, 0x66, 0x27, 0x03,
    0xe2, 0xfc, 0xfc, 0x6a, 0x27, 0x06, 0x6a, 0x6a, 0x9a, 0x9a, 0x6c, 0x6c, 0x9d, 0x27, 0x05, 0x3f,
    0x3f, 0x3f, 0x3f, 0xa4, 0xa6, 0x27, 0x01, 0x97, 0xa8, 0x27, 0x01, 0xa4, 0xaa, 0x27, 0x01, 0xa4,
    0xad, 0x27, 0x02, 0xa4, 0x33, 0xb1, 0x27, 0x05, 0x33, 0xcf, 0xcf, 0xcf, 0xe2, 0xb7, 0x27, 0x04,
    0x1e, 0x1e, 0x1e, 0x1e, 0xbc, 0x27, 0x06, 0x1e, 0x1f, 0x1f, 0x1f, 0x1f, 0x01, 0xc3, 0x27, 0x07,
    0x01, 0x01, 0xce, 0xce, 0xce, 0x6a, 0x33, 0xce, 0x27, 0x01, 0x33, 0xd0, 0x27, 0x01, 0xa4, 0xd5,
    0x27, 0x03, 0xa4, 0xa4, 0x33, 0xd9, 0x27, 0x07, 0x6b, 0x6b, 0xce, 0xce, 0xce, 0xfd, 0x01, 0xe1,
    0x27, 0x0e, 0xe2, 0xfc, 0xe2, 0x1e, 0x74, 0x75, 0x74, 0x9c, 0x9c, 0xcf, 0x6b, 0x9c, 0x6c, 0x5d,
    0x1c, 0x28, 0x07, 0x0c, 0x3f, 0x3f, 0x3f, 0x97, 0xa4, 0x33, 0x25, 0x28, 0x02, 0xa4, 0x33, 0x29,
    0x28, 0x02, 0xa4, 0xa4, 0x2d, 0x28, 0x02, 0xa4, 0x33, 0x31, 0x28, 0x05, 0x33, 0xce, 0xcf, 0xcf,
    0xfc, 0x37, 0x28, 0x01, 0x1e, 0x39, 0x28, 0x02, 0x1e, 0x1e, 0x3c, 0x28, 0x01, 0x1e, 0x3f, 0x28,
    0x0b, 0x1e, 0x1f, 0x1f, 0x1f, 0x1f, 0x01, 0xcf, 0xcf, 0xce, 0x6a, 0xce, 0x4d, 0x28, 0x01, 0xa4,
    0x51, 0x28, 0x02, 0xa4, 0x33, 0x56, 0x28, 0x02, 0xa4, 0x33, 0x59, 0x28, 0x16, 0xfc, 0xfc, 0xcf,
    0xfc, 0xfd, 0xce, 0x6a, 0x6b, 0x6a, 0x72, 0x82, 0xcf, 0x75, 0xd1, 0x82, 0xb3, 0xb3, 0x6b, 0xad,
    0xcf, 0x6b, 0x5d, 0x9c, 0x28, 0x05, 0xf0, 0x3f, 0x3f, 0x3f, 0x97, 0xa5, 0x28, 0x02, 0xa4, 0x33,
    0xa8, 0x28, 0x01, 0xa4, 0xaf, 0x28, 0x01, 0x33, 0xb1, 0x28, 0x07, 0x33, 0xce, 0xce, 0xce, 0xfc,
    0x01, 0x01, 0xb9, 0x28, 0x01, 0x1e, 0xbb, 0x28, 0x04, 0x1e, 0x1e, 0x1e, 0x1e, 0xc0, 0x28, 0x0a,
    0x1e, 0x1e, 0x1f, 0x1f, 0x01, 0xfc, 0xcf, 0xcf, 0xcf, 0xcf, 0xcf, 0x28, 0x01, 0x33, 0xd1, 0x28,
    0x01, 0xa4, 0xd6, 0x28, 0x19, 0x33, 0x33, 0x33, 0xa4, 0x33, 0x74, 0x6a, 0x6a, 0x73, 0xcf, 0x6b,
    0x6b, 0x9d, 0xac, 0xac, 0xac, 0x33, 0x33, 0x97, 0x51, 0x97, 0x51, 0xb3, 0xb3, 0x5d, 0x1b, 0x29,
    0x05, 0x0c, 0x3f, 0x3f, 0x3f, 0x3f, 0x21, 0x29, 0x01, 0x33, 0x24, 0x29, 0x03, 0xa4, 0xa4, 0x33,
    0x29, 0x29, 0x01, 0x33, 0x2f, 0x29, 0x01, 0x33, 0x31, 0x29, 0x05, 0x33, 0xcf, 0xce, 0xce, 0xce,
    0x38, 0x29, 0x06, 0x01, 0x1f, 0x01, 0x1f, 0x1e, 0x1e, 0x3f, 0x29, 0x0c, 0x1e, 0x1e, 0x1e, 0x1e,
    0x1e, 0x1e, 0xfc, 0xd1, 0xcf, 0xcf, 0x6b, 0xcf, 0x4f, 0x29, 0x01, 0x33, 0x51, 0x29, 0x09, 0x33,
    0x33, 0xa4, 0xa4, 0xa5, 0xa5, 0x96, 0x8f, 0xa4, 0x5b, 0x29, 0x13, 0x33, 0x97, 0x60, 0x51, 0x51,
    0xad, 0xcf, 0xa4, 0xc6, 0xc7, 0x01, 0xc7, 0xc7, 0xc6, 0xde, 0x83, 0x6c, 0x6c, 0x6c, 0x9b, 0x29,
    0x07, 0x0c, 0x3f, 0x3f, 0x3f, 0x3f, 0xa4, 0x33, 0xa4, 0x29, 0x01, 0xa4, 0xa9, 0x29, 0x03, 0xa4,
    0xa4, 0x33, 0xaf, 0x29, 0x01, 0x33, 0xb1, 0x29, 0x07, 0x33, 0xcf, 0xcf, 0xcf, 0xce, 0x01, 0x01,
    0xbb, 0x29, 0x05, 0x1f, 0x01, 0x1f, 0x1f, 0x1f, 0xc2, 0x29, 0x14, 0x1e, 0x1e, 0x1e, 0x1e, 0xd1,
    0xd1, 0xd1, 0x75, 0xcf, 0x33, 0x33, 0x33, 0xa4, 0x96, 0x96, 0x96, 0x8f, 0x97, 0x33, 0x33, 0xd7,
    0x29, 0x16, 0xf7, 0xf6, 0xa5, 0xc7, 0xc7, 0xde, 0xde, 0x62, 0x31, 0xf7, 0x31, 0x62, 0x62, 0x97,
    0x9b, 0x6c, 0x6c, 0x9b, 0x6c, 0x6c, 0x6c, 0x5d, 0x1b, 0x2a, 0x05, 0x3f, 0x3f, 0x3f, 0x3f, 0x97,
    0x23, 0x2a, 0x03, 0xa4, 0xa4, 0x33, 0x29, 0x2a, 0x01, 0xa4, 0x2d, 0x2a, 0x03, 0xa4, 0xa4, 0x33,
    0x31, 0x2a, 0x05, 0xcf, 0xcf, 0xcf, 0xcf, 0xcf, 0x38, 0x2a, 0x0e, 0x01, 0x01, 0x01, 0x01, 0x01,
    0x1e, 0x01, 0x1f, 0x1f, 0x1f, 0x1f, 0x1e, 0xfd, 0xfc, 0x48, 0x2a, 0x01, 0x97, 0x4a, 0x2a, 0x04,
    0xa5, 0x01, 0x18, 0xf7, 0x4f, 0x2a, 0x04, 0xa5, 0x01, 0xf6, 0xf6, 0x54, 0x2a, 0x19, 0xbc, 0xde,
    0x31, 0x31, 0x31, 0x53, 0xf7, 0x31, 0x31, 0xc6, 0x31, 0x51, 0x5d, 0x5d, 0x9b, 0x3f, 0x5d, 0x5d,
    0x5d, 0x5d, 0x3f, 0x3f, 0x3f, 0x9b, 0x5d, 0x9a, 0x2a, 0x07, 0x0c, 0x3f, 0x3f, 0x3f, 0x3f, 0x97,
    0x33, 0xa4, 0x2a, 0x02, 0xa4, 0x33, 0xa9, 0x2a, 0x03, 0xa4, 0x33, 0x33, 0xad, 0x2a, 0x03, 0xa4,
    0xa4, 0x33, 0xb1, 0x2a, 0x15, 0xcf, 0xcf, 0xcf, 0xcf, 0xcf, 0x1e, 0x1e, 0xfc, 0xfc, 0xfc, 0xfc,
    0xfc, 0xfc, 0x23, 0x6b, 0x97, 0x97, 0x97, 0x01, 0x01, 0x01, 0xc7, 0x2a, 0x01, 0x19, 0xc9, 0x2a,
    0x01, 0x53, 0xcd, 0x2a, 0x01, 0x53, 0xcf, 0x2a, 0x09, 0xc6, 0xc6, 0x31, 0xf7, 0xa4, 0xf7, 0x31,
    0x31, 0x62, 0xdb, 0x2a, 0x12, 0x5d, 0x3f, 0x3f, 0x9b, 0x9b, 0x5d, 0x5d, 0x9b, 0x3f, 0x5d, 0x5d,
    0x5d, 0x5d, 0x3f, 0x5d, 0x5d, 0x5d, 0x5d, 0x1a, 0x2b, 0x05, 0x3f, 0x3f, 0x3f, 0x3f, 0x9b, 0x23,
    0x2b, 0x01, 0xa4, 0x28, 0x2b, 0x01, 0xa4, 0x2c, 0x2b, 0x03, 0x33, 0x97, 0x97, 0x30, 0x2b, 0x01,
    0x33, 0x33, 0x2b, 0x0b, 0xec, 0xec, 0xa4, 0x97, 0x6b, 0x6b, 0x6b, 0x6a, 0x96, 0x96, 0x49, 0x3f,
    0x2b, 0x05, 0x18, 0xbc, 0xf6, 0xf6, 0xef, 0x46, 0x2b, 0x02, 0x53, 0xf7, 0x49, 0x2b, 0x01, 0x53,
    0x4c, 0x2b, 0x02, 0x62, 0xc6, 0x54, 0x2b, 0x0f, 0x62, 0x62, 0x3f, 0x9b, 0x5d, 0x5d, 0x5d, 0x5d,
    0x5d, 0x3f, 0x5d, 0x5d, 0x5d, 0x5d, 0x5d, 0x99, 0x2b, 0x06, 0x0c, 0x3f, 0x3f, 0x3f, 0x9b, 0x3f,
    0xa2, 0x2b, 0x05, 0x33, 0x97, 0x33, 0x33, 0x33, 0xa8, 0x2b, 0x02, 0xa4, 0x33, 0xab, 0x2b, 0x02,
    0xec, 0xec, 0xae, 0x2b, 0x0b, 0xa4, 0xa4, 0xa4, 0x96, 0x96, 0xa5, 0xa4, 0x8f, 0x60, 0x60, 0xf7,
    0xba, 0x2b, 0x05, 0xa5, 0xa5, 0x01, 0x18, 0xf7, 0xc0, 0x2b, 0x02, 0x53, 0xf7, 0xc4, 0x2b, 0x01,
    0x62, 0xc8, 0x2b, 0x04, 0x62, 0x62, 0xa4, 0xc6, 0xce, 0x2b, 0x0c, 0xc6, 0x51, 0x5d, 0x5d, 0x5d,
    0x9b, 0x5d, 0x5d, 0x5d, 0x5d, 0x5d, 0x5d, 0x19, 0x2c, 0x0a, 0x0c, 0x0c, 0x0c, 0x3f, 0x3f, 0x0c,
    0xec, 0xec, 0xa4, 0xa4, 0x24, 0x2c, 0x05, 0x97, 0xa4, 0xa4, 0xa4, 0xa4, 0x2a, 0x2c, 0x0a, 0xa5,
    0xa5, 0xa5, 0x01, 0x96, 0xa5, 0x96, 0x60, 0x60, 0x53, 0x35, 0x2c, 0x05, 0xf6, 0xf6, 0xf6, 0xde,
    0xf7, 0x3b, 0x2c, 0x05, 0x62, 0xc6, 0x31, 0x31, 0xa4, 0x42, 0x2c, 0x01, 0x62, 0x45, 0x2c, 0x02,
    0xa4, 0xc6, 0x49, 0x2c, 0x01, 0x62, 0x4b, 0x2c, 0x05, 0x5d, 0x5d, 0x5d, 0x5d, 0x0c, 0x99, 0x2c,
    0x10, 0x9a, 0x6c, 0x3f, 0x5d, 0x3f, 0x8f, 0xbc, 0xbc, 0xbc, 0x53, 0xa4, 0x60, 0x53, 0x53, 0x53,
    0x53, 0xaa, 0x2c, 0x05, 0x33, 0x33, 0x33, 0xa4, 0xf7, 0xb0, 0x2c, 0x0b, 0xa4, 0xc7, 0xc7, 0xde,
    0xf7, 0x31, 0x62, 0x53, 0x53, 0xc6, 0xa4, 0xbe, 0x2c, 0x02, 0x62, 0xa4, 0xc4, 0x2c, 0x01, 0xc6,
    0x1a, 0x2d, 0x0a, 0x5d, 0x5d, 0x6c, 0x9b, 0x33, 0x53, 0x53, 0x53, 0x53, 0x97, 0x25, 0x2d, 0x10,
    0x60, 0x60, 0x60, 0x62, 0xa4, 0xa5, 0xc7, 0xc7, 0xde, 0x31, 0x62, 0x62, 0xc6, 0x31, 0x31, 0xf7,
    0x38, 0x2d, 0x01, 0x62, 0x3e, 0x2d, 0x03, 0x5d, 0x9b, 0x5d, 0x9a, 0x2d, 0x04, 0x5d, 0x5d, 0x5d,
    0x5d, 0x9f, 0x2d, 0x04, 0x51, 0x33, 0x33, 0xa4, 0xa4, 0x2d, 0x0c, 0xa4, 0xc7, 0xc7, 0xc7, 0xc6,
    0x31, 0x53, 0x62, 0xc6, 0x31, 0xc6, 0x31, 0xb4, 0x2d, 0x08, 0x51, 0x33, 0x9b, 0x5d, 0x5d, 0x5d,
    0x9b, 0x5d, 0x1a, 0x2e, 0x06, 0x5d, 0x5d, 0x5d, 0x5d, 0xa4, 0x31, 0x21, 0x2e, 0x0a, 0xc7, 0x62,
    0x31, 0x53, 0x62, 0xc6, 0x31, 0x62, 0x31, 0x62, 0x2c, 0x2e, 0x0b, 0x5d, 0x5d, 0x3f, 0x3f, 0x9b,
    0x5d, 0x5d, 0x5d, 0x5d, 0x5d, 0x5d, 0x9b, 0x2e, 0x17, 0x5d, 0x5d, 0x5d, 0x5d, 0x51, 0x97, 0x6c,
    0x9b, 0x3f, 0x5d, 0x5d, 0x5d, 0x5d, 0x9b, 0x3f, 0x9b, 0x5d, 0x5d, 0x5d, 0x9b, 0x3f, 0x5d, 0x5d,
    0x1f, 0x2f, 0x0e, 0x9b, 0x5d, 0x5d, 0x9b, 0x3f, 0x9b, 0x5d, 0x5d, 0x5d, 0x9b, 0x3f, 0x5d, 0x5d,
    0x5d, 0x9f, 0x2f, 0x09, 0x5d, 0x5d, 0x5d, 0x5d, 0x9b, 0x3f, 0x5d, 0x5d, 0x0c, 0x20, 0x30, 0x03,
    0x5d, 0x0c, 0x05, 0x2d, 0x19, 0x07, 0x3f, 0x3f, 0x9b, 0x3f, 0x3f, 0x3f, 0x3f, 0x35, 0x19, 0x0b,
    0x33, 0x33, 0xe2, 0xe2, 0xfc, 0xfc, 0xfc, 0xfc, 0xfc, 0xfd, 0xfd, 0x41, 0x19, 0x06, 0x33, 0x97,
    0x33, 0x33, 0x33, 0x33, 0x48, 0x19, 0x04, 0xcf, 0xcf, 0x1e, 0x1e, 0x4e, 0x19, 0x01, 0x01, 0x50,
    0x19, 0x04, 0xfc, 0xf1, 0xf1, 0xf0, 0xaa, 0x19, 0x02, 0x3f, 0x3f, 0xb1, 0x19, 0x07, 0x97, 0xa4,
    0xa4, 0x33, 0xcf, 0xfc, 0x01, 0xb9, 0x19, 0x01, 0x1e, 0xbc, 0x19, 0x01, 0x01, 0xbe, 0x19, 0x03,
    0xcf, 0xcf, 0x97, 0xc2, 0x19, 0x02, 0xa4, 0x33, 0xc5, 0x19, 0x01, 0xa4, 0xc8, 0x19, 0x05, 0xcf,
    0xd1, 0xe2, 0x1e, 0x1f, 0xcf, 0x19, 0x01, 0x01, 0xd1, 0x19, 0x04, 0xfc, 0xf0, 0xf0, 0x0c, 0x29,
    0x1a, 0x03, 0x0c, 0x3f, 0x33, 0x2f, 0x1a, 0x03, 0xa4, 0xa4, 0x33, 0x33, 0x1a, 0x0e, 0x33, 0x33,
    0xcf, 0x1f, 0x1f, 0x1e, 0x1e, 0x1e, 0x1f, 0x01, 0x1f, 0xfc, 0xce, 0x97, 0x42, 0x1a, 0x01, 0xa4,
    0x44, 0x1a, 0x02, 0xa4, 0x33, 0x47, 0x1a, 0x08, 0x33, 0x33, 0xce, 0xcf, 0x01, 0x1e, 0x1e, 0x1e,
    0x51, 0x1a, 0x05, 0x1e, 0xfc, 0xf1, 0xf1, 0x0c, 0xa9, 0x1a, 0x07, 0x3f, 0x3f, 0x97, 0x33, 0x33,
    0x33, 0x33, 0xb1, 0x1a, 0x03, 0x33, 0x33, 0x33, 0xb5, 0x1a, 0x09, 0xfc, 0xfd, 0xfd, 0xfd, 0xfc,
    0xfc, 0xe2, 0xe2, 0xe2, 0xbf, 0x1a, 0x02, 0x33, 0x33, 0xc2, 0x1a, 0x01, 0x33, 0xce, 0x1a, 0x05,
    0xfd, 0xfd, 0xfc, 0xe2, 0xe2, 0xd4, 0x1a, 0x02, 0x0c, 0x0c, 0x28, 0x1b, 0x0d, 0x0c, 0x3f, 0x33,
    0x6b, 0xcf, 0xd1, 0xfc, 0xfc, 0xfc, 0xfc, 0xfc, 0xfc, 0xfc, 0x36, 0x1b, 0x03, 0x33, 0x33, 0x33,
    0x3f, 0x1b, 0x02, 0xd1, 0xe2, 0x43, 0x1b, 0x01, 0x1e, 0x47, 0x1b, 0x07, 0x01, 0x01, 0xcf, 0xcf,
    0x97, 0x33, 0xa4, 0x50, 0x1b, 0x01, 0xa4, 0x52, 0x1b, 0x01, 0xa4, 0x54, 0x1b, 0x03, 0x33, 0x3f,
    0x0c, 0xa8, 0x1b, 0x02, 0xee, 0xe2, 0xad, 0x1b, 0x01, 0x1e, 0xb0, 0x1b, 0x03, 0x01, 0x01, 0x01,
    0xb4, 0x1b, 0x03, 0xcf, 0xcf, 0xa4, 0xb9, 0x1b, 0x01, 0x33, 0xbb, 0x1b, 0x01, 0xa4, 0xbf, 0x1b,
    0x02, 0xd1, 0xe2, 0xc3, 0x1b, 0x01, 0x1f, 0xc6, 0x1b, 0x01, 0x01, 0xca, 0x1b, 0x01, 0xfc, 0xcc,
    0x1b, 0x01, 0xa4, 0xce, 0x1b, 0x01, 0x33, 0xd0, 0x1b, 0x03, 0xa4, 0x33, 0xa4, 0xd5, 0x1b, 0x03,
    0x33, 0x3f, 0x0c, 0x27, 0x1c, 0x03, 0x0c, 0xf0, 0x01, 0x2c, 0x1c, 0x06, 0x01, 0x1e, 0x1e, 0x1e,
    0x1e, 0x1e, 0x33, 0x1c, 0x02, 0x01, 0x33, 0x36, 0x1c, 0x02, 0xa4, 0xa4, 0x3b, 0x1c, 0x01, 0xa4,
    0x3f, 0x1c, 0x06, 0x33, 0xfc, 0x1e, 0x1e, 0x1e, 0x1e, 0x46, 0x1c, 0x03, 0x1f, 0x1f, 0x01, 0x4a,
    0x1c, 0x05, 0xce, 0xce, 0x33, 0x33, 0xa4, 0x52, 0x1c, 0x02, 0x33, 0xa4, 0x56, 0x1c, 0x02, 0x33,
    0x3f, 0xab, 0x1c, 0x0a, 0x1e, 0x1f, 0x1f, 0x1f, 0x1f, 0x1f, 0x1f, 0x1f, 0x1e, 0x33, 0xb6, 0x1c,
    0x03, 0xa4, 0xa4, 0x33, 0xbc, 0x1c, 0x02, 0x33, 0x33, 0xc0, 0x1c, 0x03, 0xfd, 0x01, 0x01, 0xc4,
    0x1c, 0x04, 0x01, 0x01, 0x1e, 0x1e, 0xc9, 0x1c, 0x05, 0x1e, 0x1e, 0xfc, 0x33, 0xa4, 0xcf, 0x1c,
    0x01, 0x33, 0xd3, 0x1c, 0x03, 0x33, 0x33, 0x33, 0xd7, 0x1c, 0x01, 0x33, 0x26, 0x1d, 0x0e, 0x0c,
    0xfd, 0xce, 0xce, 0x6b, 0xe2, 0xcf, 0xd1, 0xd1, 0xd1, 0x6b, 0xfc, 0xcf, 0xcf, 0x35, 0x1d, 0x0b,
    0xd1, 0xcf, 0xcf, 0xcf, 0xcf, 0xcf, 0xcf, 0xfc, 0xce, 0xce, 0xfc, 0x41, 0x1d, 0x02, 0x33, 0x97,
    0x44, 0x1d, 0x04, 0x33, 0x33, 0x33, 0x33, 0x49, 0x1d, 0x02, 0xd1, 0xd1, 0x4c, 0x1d, 0x02, 0xd1,
    0x1e, 0x56, 0x1d, 0x04, 0x01, 0x01, 0xfc, 0x0c, 0xa6, 0x1d, 0x0d, 0x0c, 0xcf, 0xcf, 0xcf, 0x6b,
    0x33, 0x33, 0x97, 0x33, 0x33, 0x33, 0x33, 0x33, 0xb4, 0x1d, 0x04, 0xe2, 0x01, 0x1e, 0x01, 0xc0,
    0x1d, 0x01, 0x33, 0xc3, 0x1d, 0x01, 0x33, 0xc6, 0x1d, 0x01, 0xa4, 0xcc, 0x1d, 0x02, 0xcf, 0xe2,
    0xd0, 0x1d, 0x02, 0x01, 0x01, 0xd9, 0x1d, 0x01, 0xfc, 0x25, 0x1e, 0x01, 0x0c, 0x28, 0x1e, 0x02,
    0xa4, 0x97, 0x2e, 0x1e, 0x02, 0xa4, 0x33, 0x35, 0x1e, 0x01, 0x1e, 0x37, 0x1e, 0x06, 0x1e, 0x1e,
    0x01, 0x01, 0x01, 0x01, 0x43, 0x1e, 0x01, 0xa4, 0x48, 0x1e, 0x02, 0x97, 0x33, 0x4f, 0x1e, 0x02,
    0x1e, 0x1e, 0x53, 0x1e, 0x01, 0x1e, 0x56, 0x1e, 0x03, 0x01, 0x01, 0x01, 0x5a, 0x1e, 0x01, 0x0c,
    0xa5, 0x1e, 0x01, 0xf0, 0xa8, 0x1e, 0x02, 0xa4, 0x33, 0xab, 0x1e, 0x02, 0xa4, 0xa4, 0xae, 0x1e,
    0x02, 0xa4, 0x33, 0xb3, 0x1e, 0x01, 0xfd, 0xb6, 0x1e, 0x03, 0x1e, 0x1e, 0x1e, 0xbc, 0x1e, 0x01,
    0x1e, 0xcf, 0x1e, 0x01, 0x01, 0xd3, 0x1e, 0x01, 0x1e, 0xd7, 0x1e, 0x04, 0x1e, 0x01, 0x01, 0x01,
    0x24, 0x1f, 0x01, 0x0c, 0x28, 0x1f, 0x01, 0xa4, 0x2d, 0x1f, 0x03, 0xa4, 0x97, 0x33, 0x31, 0x1f,
    0x04, 0xa4, 0x33, 0xfc, 0x01, 0x37, 0x1f, 0x04, 0x01, 0x01, 0x1e, 0x1e, 0x40, 0x1f, 0x01, 0xfc,
    0x43, 0x1f, 0x02, 0xa4, 0x33, 0x4a, 0x1f, 0x02, 0x33, 0xa4, 0x50, 0x1f, 0x08, 0xfd, 0xfd, 0xfd,
    0xfd, 0xe2, 0xfc, 0xe2, 0xe2, 0x59, 0x1f, 0x01, 0x1e, 0xa3, 0x1f, 0x01, 0x0c, 0xa5, 0x1f, 0x0a,
    0x33, 0x33, 0x33, 0x33, 0x33, 0x33, 0x33, 0x33, 0x33, 0x97, 0xb0, 0x1f, 0x03, 0x33, 0x33, 0x33,
    0xb4, 0x1f, 0x0c, 0xfc, 0xfc, 0xfc, 0xfc, 0xfc, 0xfd, 0xfd, 0xfd, 0xfc, 0xfc, 0xe2, 0xe2, 0xc8,
    0x1f, 0x02, 0x33, 0x97, 0xcb, 0x1f, 0x04, 0x33, 0x33, 0x33, 0x33, 0xd0, 0x1f, 0x02, 0x33, 0x97,
    0xd3, 0x1f, 0x06, 0x33, 0x33, 0x33, 0x33, 0x33, 0x97, 0xda, 0x1f, 0x04, 0x33, 0x33, 0x33, 0x0c,
    0x23, 0x20, 0x15, 0xf0, 0xd1, 0xd1, 0xd1, 0x6b, 0xfc, 0xcf, 0xcf, 0xcf, 0xcf, 0xcf, 0xcf, 0xcf,
    0xfc, 0xfc, 0x33, 0x33, 0x33, 0x97, 0x33, 0x33, 0x3c, 0x20, 0x02, 0xa4, 0x33, 0x40, 0x20, 0x02,
    0x33, 0xe2, 0x44, 0x20, 0x01, 0x1e, 0x4f, 0x20, 0x01, 0xcf, 0x53, 0x20, 0x01, 0xa4, 0x56, 0x20,
    0x05, 0xa4, 0xa4, 0xa4, 0x97, 0x33, 0x5d, 0x20, 0x02, 0x33, 0x0c, 0xa2, 0x20, 0x09, 0x0c, 0xfc,
    0xfc, 0xfc, 0xfc, 0xfc, 0xcf, 0xcf, 0xcf, 0xb0, 0x20, 0x03, 0x01, 0xfc, 0xcf, 0xb5, 0x20, 0x02,
    0xa4, 0xa4, 0xb8, 0x20, 0x01, 0xa4, 0xba, 0x20, 0x04, 0xa4, 0xa4, 0x97, 0x33, 0xc0, 0x20, 0x02,
    0x33, 0xfc, 0xc4, 0x20, 0x02, 0x01, 0x01, 0xcf, 0x20, 0x02, 0xfc, 0x33, 0xd3, 0x20, 0x02, 0x33,
    0x33, 0xd7, 0x20, 0x01, 0x33, 0xde, 0x20, 0x02, 0x33, 0x0c, 0x21, 0x21, 0x03, 0x0c, 0xf0, 0x1e,
    0x26, 0x21, 0x01, 0x1e, 0x29, 0x21, 0x02, 0x01, 0x01, 0x32, 0x21, 0x01, 0xcf, 0x35, 0x21, 0x09,
    0xa4, 0xa4, 0x33, 0xa4, 0x97, 0x33, 0xa4, 0x97, 0x33, 0x40, 0x21, 0x02, 0x33, 0xd1, 0x44, 0x21,
    0x02, 0x1e, 0x1e, 0x47, 0x21, 0x01, 0x01, 0x49, 0x21, 0x01, 0x01, 0x4f, 0x21, 0x02, 0xcf, 0xcf,
    0x53, 0x21, 0x04, 0x33, 0xa4, 0xa4, 0x33, 0x5f, 0x21, 0x01, 0x3f, 0xa1, 0x21, 0x02, 0xf0, 0xfc,
    0xa5, 0x21, 0x04, 0x1e, 0x1e, 0x1f, 0x1e, 0xaa, 0x21, 0x04, 0x01, 0x01, 0x01, 0x01, 0xb1, 0x21,
    0x02, 0xcf, 0xcf, 0xb4, 0x21, 0x01, 0xa4, 0xb6, 0x21, 0x01, 0xa4, 0xba, 0x21, 0x02, 0xa4, 0x33,
    0xc0, 0x21, 0x02, 0x33, 0xcf, 0xc4, 0x21, 0x02, 0x1e, 0x1e, 0xc8, 0x21, 0x02, 0x1f, 0x1f, 0xcc,
    0x21, 0x03, 0x01, 0x01, 0x01, 0xd0, 0x21, 0x02, 0xcf, 0xcf, 0xd4, 0x21, 0x02, 0xa4, 0x33, 0xdb,
    0x21, 0x02, 0xa4, 0x33, 0xdf, 0x21, 0x02, 0x3f, 0x3f, 0x20, 0x22, 0x02, 0xf0, 0xf0, 0x24, 0x22,
    0x01, 0x1e, 0x27, 0x22, 0x04, 0x1e, 0x1e, 0x1f, 0x1e, 0x2c, 0x22, 0x09, 0x01, 0x01, 0x01, 0x01,
    0xfc, 0xcf, 0xcf, 0xa4, 0x33, 0x40, 0x22, 0x02, 0x33, 0xcf, 0x46, 0x22, 0x02, 0x1e, 0x1e, 0x4b,
    0x22, 0x03, 0x1e, 0x1f, 0x01, 0x50, 0x22, 0x07, 0xfd, 0xce, 0x33, 0xa4, 0x33, 0xa4, 0x33, 0x5a,
    0x22, 0x04, 0xa4, 0x33, 0xa4, 0x33, 0x60, 0x22, 0x02, 0x33, 0x3f, 0x9f, 0x22, 0x05, 0x0c, 0xf1,
    0xfd, 0x01, 0x1f, 0xa8, 0x22, 0x03, 0x1e, 0x1f, 0x1f, 0xac, 0x22, 0x02, 0x01, 0x1f, 0xaf, 0x22,
    0x04, 0x01, 0x01, 0xcf, 0x33, 0xb5, 0x22, 0x02, 0xa4, 0x33, 0xbb, 0x22, 0x02, 0xa4, 0x33, 0xc0,
    0x22, 0x03, 0x33, 0xce, 0xfd, 0xc4, 0x22, 0x02, 0x01, 0x01, 0xc7, 0x22, 0x02, 0x1e, 0x1e, 0xcb,
    0x22, 0x03, 0x1e, 0x1e, 0x1e, 0xcf, 0x22, 0x06, 0x1e, 0xcf, 0xcf, 0xce, 0xa4, 0x33, 0xdd, 0x22,
    0x02, 0xa4, 0x33, 0xe0, 0x22, 0x03, 0xa4, 0x33, 0x3f, 0x1e, 0x23, 0x03, 0x0c, 0xf0, 0xf0, 0x23,
    0x23, 0x06, 0x01, 0x01, 0x1f, 0x01, 0x1e, 0x1e, 0x2b, 0x23, 0x0c, 0x1e, 0x1f, 0x1f, 0x01, 0x01,
    0xce, 0xcf, 0x33, 0xa4, 0x33, 0xa4, 0x33, 0x3e, 0x23, 0x02, 0x33, 0xa4, 0x41, 0x23, 0x02, 0xcf,
    0xfc, 0x44, 0x23, 0x02, 0x01, 0x01, 0x48, 0x23, 0x03, 0x01, 0x01, 0x1f, 0x4c, 0x23, 0x01, 0x1e,
    0x4f, 0x23, 0x09, 0x1e, 0x1e, 0xcf, 0xcf, 0x33, 0xa4, 0x33, 0xa4, 0x33, 0x59, 0x23, 0x03, 0x33,
    0x33, 0x97, 0x5d, 0x23, 0x01, 0x33, 0x5f, 0x23, 0x01, 0x97, 0x61, 0x23, 0x03, 0xa4, 0x3f, 0x3f,
    0x9e, 0x23, 0x06, 0xf0, 0xf0, 0xe2, 0x01, 0x01, 0x01, 0xa6, 0x23, 0x07, 0x01, 0x01, 0x1e, 0x1f,
    0x1e, 0x1e, 0x1e, 0xaf, 0x23, 0x05, 0xfc, 0xce, 0xce, 0x97, 0x33, 0xb5, 0x23, 0x02, 0xa4, 0x33,
    0xba, 0x23, 0x02, 0xa4, 0x33, 0xc0, 0x23, 0x03, 0x33, 0xd1, 0xcf, 0xc4, 0x23, 0x01, 0x1e, 0xc8,
    0x23, 0x1d, 0x01, 0xfd, 0xfd, 0xfc, 0xe2, 0xe2, 0xe2, 0xfc, 0xfc, 0xe2, 0xcf, 0xcf, 0xd1, 0xd1,
    0xcf, 0xcf, 0xcf, 0xcf, 0xcf, 0xcf, 0xcf, 0xcf, 0xcf, 0xce, 0xcf, 0xce, 0xfc, 0xf0, 0xee, 0x1d,
    0x24, 0x23, 0x0c, 0x3f, 0x3f, 0x97, 0xfc, 0xcf, 0xce, 0xce, 0xce, 0xce, 0xce, 0x75, 0xfc, 0xd1,
    0xd1, 0xd1, 0xd1, 0xcf, 0xcf, 0x1e, 0x1e, 0xfc, 0xcf, 0xcf, 0xcf, 0xcf, 0xcf, 0xcf, 0xcf, 0xfc,
    0xfd, 0xfd, 0xfc, 0xfc, 0xe2, 0x41, 0x24, 0x06, 0x33, 0xcf, 0xa4, 0x33, 0xa4, 0x33, 0x4a, 0x24,
    0x02, 0xa4, 0x33, 0x4d, 0x24, 0x02, 0xa4, 0x33, 0x52, 0x24, 0x03, 0xd1, 0xd1, 0xcf, 0x56, 0x24,
    0x03, 0x01, 0x1e, 0x1e, 0x5d, 0x24, 0x02, 0x01, 0x01, 0x61, 0x24, 0x05, 0x1e, 0x1f, 0xfc, 0xf0,
    0xf0, 0x9c, 0x24, 0x12, 0x0c, 0x3f, 0x3f, 0x3f, 0x6b, 0xfc, 0xcf, 0xcf, 0xcf, 0xcf, 0xce, 0xce,
    0xce, 0xce, 0xd1, 0x33, 0x33, 0x33, 0xaf, 0x24, 0x06, 0xfc, 0xfc, 0xe2, 0xe2, 0x1e, 0x1e, 0xbf,
    0x24, 0x06, 0x01, 0xfc, 0xcf, 0xd1, 0x97, 0x33, 0xc6, 0x24, 0x02, 0xa4, 0x33, 0xd2, 0x24, 0x04,
    0x33, 0xce, 0xd1, 0xe2, 0xd9, 0x24, 0x01, 0x01, 0xdf, 0x24, 0x01, 0x01, 0xe3, 0x24, 0x04, 0x01,
    0xf0, 0xee, 0xf0, 0x1c, 0x25, 0x05, 0xf0, 0x3f, 0x3f, 0x33, 0x97, 0x22, 0x25, 0x07, 0x33, 0xcf,
    0x6b, 0xcf, 0xcf, 0x6b, 0xfc, 0x2b, 0x25, 0x02, 0xa4, 0x33, 0x2e, 0x25, 0x04, 0x33, 0xcf, 0xcf,
    0xcf, 0x34, 0x25, 0x02, 0x1e, 0x1e, 0x3f, 0x25, 0x05, 0x01, 0xfc, 0xcf, 0xcf, 0x33, 0x48, 0x25,
    0x01, 0xa4, 0x4b, 0x25, 0x02, 0xa4, 0xa4, 0x4f, 0x25, 0x01, 0xa4, 0x52, 0x25, 0x05, 0x33, 0xcf,
    0xcf, 0xcf, 0x1f, 0x58, 0x25, 0x01, 0x1e, 0x5c, 0x25, 0x02, 0x01, 0x01, 0x62, 0x25, 0x01, 0x1e,
    0x64, 0x25, 0x04, 0xf0, 0xf0, 0xee, 0xf0, 0x9b, 0x25, 0x04, 0xf0, 0x3f, 0x3f, 0x3f, 0xa0, 0x25,
    0x02, 0xa4, 0x33, 0xa3, 0x25, 0x03, 0xa4, 0x97, 0xa4, 0xa8, 0x25, 0x02, 0xa4, 0x33, 0xab, 0x25,
    0x01, 0xa4, 0xae, 0x25, 0x05, 0xd1, 0xcf, 0xd1, 0xcf, 0x01, 0xb7, 0x25, 0x01, 0x1e, 0xbb, 0x25,
    0x01, 0x01, 0xbf, 0x25, 0x06, 0x1e, 0xfc, 0xcf, 0xce, 0xcf, 0xa4, 0xca, 0x25, 0x02, 0xa4, 0xa4,
    0xce, 0x25, 0x01, 0x33, 0xd0, 0x25, 0x02, 0xa4, 0x33, 0xd3, 0x25, 0x04, 0xd1, 0xcf, 0xd1, 0xfc,
    0xd9, 0x25, 0x06, 0x1f, 0x01, 0x1e, 0x1e, 0x1e, 0x01, 0xe1, 0x25, 0x02, 0x01, 0x01, 0xe5, 0x25,
    0x04, 0xfc, 0xf0, 0xf0, 0xf0, 0x1a, 0x26, 0x06, 0x0c, 0x3f, 0x3f, 0x3f, 0x33, 0xa4, 0x22, 0x26,
    0x03, 0xa4, 0xa4, 0xa4, 0x27, 0x26, 0x01, 0xa4, 0x2b, 0x26, 0x07, 0xa4, 0x33, 0x33, 0xcf, 0xcf,
    0xcf, 0xd1, 0x33, 0x26, 0x01, 0x1e, 0x40, 0x26, 0x05, 0xfc, 0xcf, 0xcf, 0xcf, 0xa4, 0x49, 0x26,
    0x01, 0x97, 0x4d, 0x26, 0x01, 0xa4, 0x50, 0x26, 0x02, 0xa4, 0x33, 0x53, 0x26, 0x07, 0x33, 0xcf,
    0xd1, 0xcf, 0xe2, 0x1e, 0x01, 0x5c, 0x26, 0x0e, 0x1f, 0x1f, 0x1e, 0x1e, 0x1e, 0x01, 0x01, 0x01,
    0x01, 0x01, 0xf0, 0xf0, 0xf0, 0xf0, 0x99, 0x26, 0x05, 0x0c, 0x3f, 0x3f, 0x3f, 0x3f, 0x9f, 0x26,
    0x01, 0x33, 0xa2, 0x26, 0x01, 0xa4, 0xa6, 0x26, 0x02, 0xa4, 0x97, 0xaa, 0x26, 0x01, 0xa4, 0xad,
    0x26, 0x05, 0x33, 0xcf, 0xcf, 0xcf, 0xcf, 0xb4, 0x26, 0x01, 0x1e, 0xb8, 0x26, 0x03, 0x01, 0x01,
    0x01, 0xbc, 0x26, 0x01, 0x01, 0xc0, 0x26, 0x06, 0xfc, 0xcf, 0xcf, 0xcf, 0x33, 0x33, 0xc8, 0x26,
    0x02, 0xa4, 0x33, 0xcd, 0x26, 0x01, 0x33, 0xd1, 0x26, 0x01, 0x33, 0xd3, 0x26, 0x11, 0x33, 0xcf,
    0xcf, 0xcf, 0xcf, 0x1e, 0x1e, 0x1e, 0x1e, 0x1e, 0x1f, 0x01, 0x1f, 0x1f, 0x1f, 0x1e, 0x1e, 0xe5,
    0x26, 0x06, 0x01, 0x01, 0xf1, 0xf1, 0xf1, 0xf0, 0x19, 0x27, 0x05, 0xf0, 0x3f, 0x3f, 0x3f, 0x97,
    0x22, 0x27, 0x02, 0xa4, 0x33, 0x26, 0x27, 0x02, 0x97, 0xa4, 0x2a, 0x27, 0x02, 0xa4, 0x33, 0x2d,
    0x27, 0x06, 0xcf, 0xcf, 0xcf, 0xcf, 0xd1, 0x1e, 0x34, 0x27, 0x01, 0x1e, 0x37, 0x27, 0x04, 0x1e,
    0x1e, 0x1f, 0x01, 0x3c, 0x27, 0x01, 0x01, 0x3f, 0x27, 0x07, 0x01, 0xfc, 0xcf, 0xcf, 0xcf, 0x33,
    0x33, 0x49, 0x27, 0x01, 0x33, 0x4b, 0x27, 0x03, 0xa4, 0x33, 0x33, 0x4f, 0x27, 0x03, 0xa4, 0x33,
    0x33, 0x54, 0x27, 0x0b, 0xcf, 0xcf, 0xcf, 0xcf, 0xe2, 0x01, 0x1f, 0x1f, 0x1e, 0x1e, 0x1e, 0x60,
    0x27, 0x0c, 0x1f, 0x01, 0x1f, 0x1f, 0x01, 0x01, 0x1e, 0xfc, 0xf0, 0xf1, 0xf1, 0xf1, 0x98, 0x27,
    0x05, 0xf0, 0x3f, 0x3f, 0x3f, 0x9b, 0xa1, 0x27, 0x01, 0xa4, 0xa4, 0x27, 0x03, 0xa4, 0xa4, 0xa4,
    0xa9, 0x27, 0x01, 0xa4, 0xac, 0x27, 0x06, 0x33, 0xce, 0xce, 0xcf, 0xcf, 0xfc, 0xb4, 0x27, 0x03,
    0x1e, 0x1e, 0x1e, 0xbb, 0x27, 0x02, 0x1e, 0x01, 0xc0, 0x27, 0x06, 0xfd, 0xce, 0xcf, 0xcf, 0xcf,
    0x33, 0xc8, 0x27, 0x01, 0xa4, 0xcd, 0x27, 0x01, 0x33, 0xd0, 0x27, 0x01, 0xa4, 0xd4, 0x27, 0x05,
    0x33, 0xce, 0xce, 0xcf, 0xcf, 0xdb, 0x27, 0x06, 0x1f, 0x01, 0x1f, 0x1f, 0x01, 0x1e, 0xe3, 0x27,
    0x0a, 0x1e, 0x1f, 0x1f, 0x1f, 0x1f, 0xfc, 0xf0, 0xf0, 0xf0, 0xf0, 0x17, 0x28, 0x07, 0x0c, 0x3f,
    0x3f, 0x3f, 0x3f, 0x33, 0x33, 0x20, 0x28, 0x03, 0xa4, 0xa4, 0x33, 0x24, 0x28, 0x01, 0xa4, 0x28,
    0x28, 0x01, 0xa4, 0x2d, 0x28, 0x05, 0xcf, 0xce, 0xce, 0xce, 0xfd, 0x36, 0x28, 0x01, 0x1e, 0x38,
    0x28, 0x01, 0x1e, 0x3b, 0x28, 0x04, 0x1e, 0x1e, 0x1e, 0x1e, 0x40, 0x28, 0x06, 0xfd, 0xce, 0xce,
    0xce, 0xce, 0x33, 0x48, 0x28, 0x01, 0xa4, 0x4c, 0x28, 0x01, 0xa4, 0x51, 0x28, 0x02, 0xa4, 0x33,
    0x54, 0x28, 0x06, 0xcf, 0xce, 0xce, 0xce, 0xce, 0x01, 0x5d, 0x28, 0x07, 0x01, 0x1f, 0x1f, 0x1f,
    0x1f, 0x01, 0x1e, 0x65, 0x28, 0x09, 0x1e, 0x1e, 0x1f, 0x1f, 0xee, 0xf0, 0xf0, 0xf0, 0xf0, 0x97,
    0x28, 0x06, 0x3f, 0x3f, 0x3f, 0x3f, 0x3f, 0xfc, 0xa0, 0x28, 0x01, 0xa4, 0xa3, 0x28, 0x03, 0xa4,
    0xa4, 0x33, 0xa7, 0x28, 0x02, 0xa4, 0xa4, 0xac, 0x28, 0x06, 0xcf, 0xcf, 0xcf, 0xce, 0xce, 0xfd,
    0xb4, 0x28, 0x02, 0x01, 0x1e, 0xb7, 0x28, 0x02, 0x1e, 0x1e, 0xba, 0x28, 0x01, 0x1e, 0xbc, 0x28,
    0x01, 0x1e, 0xbf, 0x28, 0x06, 0x1e, 0xfc, 0xcf, 0xce, 0xce, 0xce, 0xca, 0x28, 0x01, 0x33, 0xcc,
    0x28, 0x03, 0xa4, 0xa4, 0x33, 0xd0, 0x28, 0x02, 0xa4, 0xa4, 0xd5, 0x28, 0x08, 0xcf, 0xcf, 0xcf,
    0xce, 0xce, 0xfd, 0x1f, 0x01, 0xde, 0x28, 0x01, 0x1e, 0xe0, 0x28, 0x09, 0x1e, 0x1e, 0x1f, 0x1f,
    0x01, 0x01, 0xfc, 0xfc, 0xfc, 0xea, 0x28, 0x04, 0x0c, 0x0c, 0xee, 0xee, 0x16, 0x29, 0x06, 0xf0,
    0x3f, 0x3f, 0x3f, 0x9b, 0x33, 0x21, 0x29, 0x01, 0x33, 0x23, 0x29, 0x02, 0xa4, 0x33, 0x26, 0x29,
    0x02, 0x33, 0x33, 0x29, 0x29, 0x01, 0x33, 0x2b, 0x29, 0x08, 0x33, 0xcf, 0xcf, 0xcf, 0xcf, 0xcf,
    0xfc, 0x01, 0x37, 0x29, 0x02, 0x1f, 0x1e, 0x3a, 0x29, 0x02, 0x1e, 0x1e, 0x3e, 0x29, 0x07, 0x1e,
    0x1e, 0xfc, 0xcf, 0xcf, 0xcf, 0xcf, 0x49, 0x29, 0x01, 0xa4, 0x4c, 0x29, 0x01, 0xa4, 0x4f, 0x29,
    0x03, 0xa4, 0x33, 0xa4, 0x53, 0x29, 0x01, 0xa4, 0x55, 0x29, 0x19, 0x33, 0xcf, 0xfc, 0xfc, 0xcf,
    0xcf, 0xfc, 0xfd, 0xfd, 0xfd, 0xfd, 0x01, 0x1e, 0x6b, 0x75, 0x74, 0x74, 0x74, 0x74, 0x6b, 0x73,
    0x8f, 0x6c, 0x6c, 0x6c, 0x95, 0x29, 0x07, 0x0c, 0x3f, 0x3f, 0x3f, 0x9b, 0x3f, 0x33, 0xa0, 0x29,
    0x02, 0xa4, 0x33, 0xa4, 0x29, 0x02, 0xa4, 0x33, 0xa9, 0x29, 0x09, 0xa4, 0xa4, 0xfc, 0xcf, 0xcf,
    0xcf, 0xcf, 0xcf, 0xfc, 0xb5, 0x29, 0x02, 0x01, 0x01, 0xbb, 0x29, 0x01, 0x1e, 0xc0, 0x29, 0x06,
    0xe2, 0xd1, 0xcf, 0xcf, 0xcf, 0xfc, 0xc9, 0x29, 0x01, 0xa4, 0xce, 0x29, 0x1f, 0xa4, 0x33, 0x33,
    0x33, 0x33, 0x33, 0x33, 0x33, 0x6b, 0x6b, 0x6a, 0x6a, 0x6a, 0x6a, 0x73, 0x73, 0xcf, 0x9c, 0x9d,
    0x9d, 0xce, 0xce, 0x6b, 0x75, 0x82, 0x82, 0x6b, 0x9c, 0x9c, 0x6c, 0x5d, 0x15, 0x2a, 0x10, 0x9b,
    0x6c, 0x9b, 0x9b, 0x5d, 0x9b, 0xa4, 0xa4, 0xa4, 0xa4, 0xa4, 0xa4, 0xa4, 0xa4, 0xa4, 0xa4, 0x26,
    0x2a, 0x03, 0xa4, 0xa4, 0xa4, 0x2a, 0x2a, 0x05, 0xa4, 0xa4, 0xa4, 0xa4, 0xa4, 0x30, 0x2a, 0x19,
    0xa4, 0x6b, 0x6b, 0x6b, 0x6b, 0xcf, 0x6b, 0x6b, 0x6a, 0x6a, 0x6a, 0xce, 0x6a, 0x75, 0x6b, 0x75,
    0x75, 0x75, 0x75, 0x75, 0x33, 0x97, 0x97, 0x97, 0x97, 0x4f, 0x2a, 0x04, 0x01, 0xa5, 0x01, 0x01,
    0x54, 0x2a, 0x09, 0x18, 0x18, 0xf7, 0xf7, 0xf7, 0xf7, 0x53, 0xf7, 0xf7, 0x5e, 0x2a, 0x04, 0xf7,
    0xc6, 0x62, 0xc6, 0x63, 0x2a, 0x0a, 0xa4, 0xc6, 0xc6, 0x62, 0xc6, 0xa4, 0xa4, 0xa4, 0x9b, 0x5d,
    0x96, 0x2a, 0x09, 0x6c, 0x5d, 0x3f, 0x9b, 0x33, 0x53, 0x53, 0x53, 0x53, 0xa0, 0x2a, 0x06, 0x33,
    0x53, 0x53, 0x53, 0x53, 0xa4, 0xa7, 0x2a, 0x08, 0x53, 0x53, 0xf7, 0x60, 0x60, 0x53, 0xf7, 0x53,
    0xb0, 0x2a, 0x1b, 0x53, 0x9c, 0x9c, 0x9c, 0x9c, 0xcf, 0x9c, 0x9c, 0x60, 0x60, 0x60, 0x33, 0x60,
    0x60, 0xbf, 0xf7, 0xf7, 0xf7, 0xf7, 0xf6, 0xa5, 0xf6, 0xf6, 0xef, 0xef, 0x53, 0x53, 0xcd, 0x2a,
    0x04, 0x53, 0x53, 0xf7, 0xa4, 0xd3, 0x2a, 0x01, 0xf7, 0xd7, 0x2a, 0x08, 0x31, 0x31, 0xc6, 0x62,
    0x31, 0x53, 0x53, 0xf7, 0xe0, 0x2a, 0x0d, 0x62, 0x31, 0xf7, 0x53, 0x31, 0xc6, 0x62, 0x31, 0x53,
    0x31, 0x31, 0x5d, 0x5d, 0x16, 0x2b, 0x04, 0x5d, 0x5d, 0x5d, 0x9b, 0x1b, 0x2b, 0x05, 0x62, 0x62,
    0x62, 0xc6, 0xa4, 0x21, 0x2b, 0x05, 0x62, 0x62, 0x62, 0x62, 0xa4, 0x27, 0x2b, 0x24, 0x62, 0xc6,
    0x62, 0x62, 0x62, 0x51, 0x51, 0x51, 0x33, 0x51, 0x51, 0x51, 0x8e, 0x8e, 0xa4, 0xc6, 0xc6, 0xc6,
    0xc6, 0xc7, 0xa5, 0xc7, 0xc7, 0xc6, 0xde, 0xde, 0x31, 0x31, 0x31, 0x53, 0x62, 0x31, 0x31, 0x31,
    0x62, 0x53, 0x4e, 0x2b, 0x01, 0xc6, 0x50, 0x2b, 0x01, 0x62, 0x53, 0x2b, 0x01, 0xc6, 0x55, 0x2b,
    0x03, 0x62, 0x62, 0xc6, 0x59, 0x2b, 0x01, 0x62, 0x5d, 0x2b, 0x02, 0x62, 0xc6, 0x63, 0x2b, 0x08,
    0x9b, 0x5d, 0x5d, 0x5d, 0x5d, 0x5d, 0x5d, 0x5d, 0x96, 0x2b, 0x04, 0x5d, 0x5d, 0x5d, 0x51, 0x9b,
    0x2b, 0x05, 0x62, 0x62, 0xc6, 0x62, 0x62, 0xa1, 0x2b, 0x13, 0x62, 0x51, 0x51, 0x51, 0x51, 0x33,
    0x62, 0xc6, 0x51, 0x62, 0x8e, 0x8e, 0xc6, 0xc6, 0xa4, 0xc6, 0xc7, 0xc7, 0xc7, 0xb5, 0x2b, 0x04,
    0xde, 0x31, 0x31, 0x31, 0xba, 0x2b, 0x0a, 0x62, 0x62, 0xc6, 0xc6, 0x31, 0x62, 0x31, 0x31, 0x31,
    0xf7, 0xc8, 0x2b, 0x01, 0xa4, 0xca, 0x2b, 0x02, 0xc6, 0xc6, 0xce, 0x2b, 0x01, 0xa4, 0xd3, 0x2b,
    0x01, 0xc6, 0xd8, 0x2b, 0x01, 0xc6, 0xda, 0x2b, 0x10, 0x5d, 0x5d, 0x5d, 0x9b, 0x3f, 0x5d, 0x5d,
    0x5d, 0x5d, 0x3f, 0x5d, 0x5d, 0x5d, 0x5d, 0x5d, 0x5d, 0x17, 0x2c, 0x0d, 0x5d, 0x5d, 0x51, 0x33,
    0x51, 0x62, 0x62, 0x51, 0x48, 0x8e, 0xc6, 0xc6, 0xc6, 0x25, 0x2c, 0x0f, 0xc6, 0xc6, 0xc6, 0xc6,
    0x62, 0xc7, 0xc7, 0xc7, 0xc7, 0xc7, 0xa5, 0xc7, 0x31, 0x31, 0x31, 0x35, 0x2c, 0x03, 0x31, 0x31,
    0x31, 0x3a, 0x2c, 0x01, 0x62, 0x3f, 0x2c, 0x01, 0x62, 0x42, 0x2c, 0x04, 0x62, 0xc6, 0xc6, 0xc6,
    0x48, 0x2c, 0x01, 0xc6, 0x4e, 0x2c, 0x1c, 0x62, 0x51, 0x5d, 0x5d, 0x5d, 0x5d, 0x5d, 0x5d, 0x5d,
    0x5d, 0x9b, 0x5d, 0x5d, 0x5d, 0x5d, 0x9b, 0x3f, 0x5d, 0x5d, 0x5d, 0x5d, 0x3f, 0x5d, 0x5d, 0x5d,
    0x5d, 0x5d, 0x5d, 0x99, 0x2c, 0x2d, 0x9a, 0x6c, 0x3f, 0x5d, 0x3f, 0x83, 0x83, 0x83, 0x83, 0x6c,
    0x3f, 0x6c, 0x6c, 0x6c, 0x6c, 0x6c, 0x3f, 0x3f, 0x3f, 0x3f, 0x3f, 0x6c, 0x9b, 0x9b, 0x5d, 0x5d,
    0x5d, 0x9b, 0x5d, 0x5d, 0x3f, 0x3f, 0x9b, 0x9b, 0x5d, 0x5d, 0x5d, 0x5d, 0x3f, 0x5d, 0x5d, 0x5d,
    0x5d, 0x5d, 0x5d, 0x1a, 0x2d, 0x24, 0x5d, 0x5d, 0x6c, 0x9b, 0x3f, 0x6c, 0x6c, 0x6c, 0x6c, 0x9b,
    0x3f, 0x6c, 0x6c, 0x6c, 0x5d, 0x9b, 0x3f, 0x5d, 0x5d, 0x5d, 0x5d, 0x5d, 0x5d, 0x5d, 0x5d, 0x5d,
    0x9b, 0x5d, 0x5d, 0x5d, 0x5d, 0x9b, 0x3f, 0x5d, 0x5d, 0x5d, 0x9a, 0x2d, 0x1c, 0x5d, 0x5d, 0x5d,
    0x5d, 0x3f, 0x5d, 0x3f, 0x3f, 0x9b, 0x9b, 0x3f, 0x5d, 0x5d, 0x5d, 0x5d, 0x5d, 0x3f, 0x5d, 0x5d,
    0x5d, 0x5d, 0x5d, 0x5d, 0x5d, 0x5d, 0x5d, 0x0c, 0x0c, 0x1a, 0x2e, 0x12, 0x5d, 0x5d, 0x5d, 0x5d,
    0x3f, 0x5d, 0x5d, 0x5d, 0x5d, 0x5d, 0x3f, 0x5d, 0x5d, 0x5d, 0x5d, 0x5d, 0x3f, 0x5d, 0x9b, 0x2e,
    0x06, 0x5d, 0x5d, 0x5d, 0x5d, 0x0c, 0x0c, 0x2d, 0x19, 0x01, 0x3f, 0x2f, 0x19, 0x02, 0xa4, 0xa4,
    0x34, 0x19, 0x02, 0x33, 0x33, 0x37, 0x19, 0x01, 0xd1, 0x3e, 0x19, 0x01, 0x01, 0x40, 0x19, 0x07,
    0xfc, 0x3f, 0x97, 0x33, 0x33, 0x33, 0x33, 0x48, 0x19, 0x0d, 0x33, 0x33, 0xe2, 0xe2, 0xfc, 0xfc,
    0xfc, 0xfc, 0xfc, 0xfd, 0xfd, 0xfc, 0x0c, 0xac, 0x19, 0x02, 0x0c, 0x33, 0xb1, 0x19, 0x01, 0xa4,
    0xb4, 0x19, 0x01, 0xa4, 0xb6, 0x19, 0x03, 0x33, 0xfc, 0x1e, 0xbc, 0x19, 0x01, 0x01, 0xbe, 0x19,
    0x01, 0x01, 0xc0, 0x19, 0x01, 0xfc, 0xc3, 0x19, 0x02, 0x33, 0xa4, 0xc7, 0x19, 0x01, 0xa4, 0xca,
    0x19, 0x02, 0x33, 0xe2, 0xcd, 0x19, 0x01, 0x1e, 0xcf, 0x19, 0x02, 0x01, 0x01, 0xd4, 0x19, 0x02,
    0xfc, 0x0c, 0x2b, 0x1a, 0x02, 0x0c, 0x33, 0x2e, 0x1a, 0x02, 0xa4, 0x33, 0x33, 0x1a, 0x01, 0x33,
    0x36, 0x1a, 0x01, 0xce, 0x3a, 0x1a, 0x01, 0x1e, 0x3c, 0x1a, 0x01, 0x1e, 0x40, 0x1a, 0x01, 0xfd,
    0x42, 0x1a, 0x02, 0xa4, 0x33, 0x47, 0x1a, 0x01, 0x33, 0x4b, 0x1a, 0x02, 0xfd, 0x01, 0x50, 0x1a,
    0x01, 0x1e, 0x52, 0x1a, 0x02, 0x1e, 0x01, 0x55, 0x1a, 0x01, 0xfd, 0xac, 0x1a, 0x0a, 0x33, 0x33,
    0x33, 0x33, 0x33, 0x33, 0x33, 0x33, 0x33, 0x33, 0xcc, 0x1a, 0x0b, 0xe2, 0xfc, 0xfc, 0xfc, 0xfd,
    0xfd, 0xfd, 0xe2, 0xe2, 0xe2, 0xee, 0x2a, 0x1b, 0x01, 0x0c, 0x2d, 0x1b, 0x01, 0x1e, 0x35, 0x1b,
    0x01, 0xfc, 0x38, 0x1b, 0x01, 0xa4, 0x3d, 0x1b, 0x01, 0xa4, 0x41, 0x1b, 0x03, 0x1e, 0x1e, 0x1e,
    0x4b, 0x1b, 0x01, 0xfc, 0x4d, 0x1b, 0x02, 0xa4, 0xa4, 0x52, 0x1b, 0x02, 0xa4, 0xa4, 0x56, 0x1b,
    0x02, 0x33, 0x0c, 0xa9, 0x1b, 0x02, 0x0c, 0xf0, 0xae, 0x1b, 0x04, 0x1e, 0x01, 0x01, 0x01, 0xb5,
    0x1b, 0x01, 0xfc, 0xba, 0x1b, 0x01, 0xa4, 0xc2, 0x1b, 0x02, 0x1e, 0x1e, 0xc6, 0x1b, 0x01, 0x01,
    0xcb, 0x1b, 0x02, 0xcf, 0x33, 0xce, 0x1b, 0x06, 0x33, 0x33, 0xa4, 0xa4, 0xa4, 0xa4, 0xd7, 0x1b,
    0x01, 0x33, 0x29, 0x1c, 0x02, 0xfd, 0x01, 0x2d, 0x1c, 0x01, 0x1e, 0x32, 0x1c, 0x01, 0x01, 0x34,
    0x1c, 0x01, 0xfd, 0x3c, 0x1c, 0x01, 0x33, 0x43, 0x1c, 0x01, 0x1e, 0x47, 0x1c, 0x02, 0x1f, 0x01,
    0x4a, 0x1c, 0x02, 0x01, 0x01, 0x4e, 0x1c, 0x01, 0xa4, 0x53, 0x1c, 0x02, 0xa4, 0x33, 0x58, 0x1c,
    0x01, 0x0c, 0xa8, 0x1c, 0x01, 0xfc, 0xaf, 0x1c, 0x01, 0x1e, 0xb2, 0x1c, 0x02, 0x1e, 0x1e, 0xb8,
    0x1c, 0x01, 0x33, 0xbe, 0x1c, 0x02, 0xa4, 0x33, 0xc5, 0x1c, 0x01, 0x01, 0xc7, 0x1c, 0x01, 0x1e,
    0xca, 0x1c, 0x01, 0x1e, 0xcc, 0x1c, 0x01, 0xfc, 0xcf, 0x1c, 0x02, 0x97, 0x33, 0xd5, 0x1c, 0x04,
    0x33, 0x97, 0x33, 0x3f, 0x30, 0x1d, 0x02, 0x97, 0x33, 0x41, 0x1d, 0x02, 0x33, 0x97, 0x44, 0x1d,
    0x04, 0x33, 0x33, 0x33, 0x33, 0x49, 0x1d, 0x10, 0x33, 0x33, 0x33, 0x33, 0xe2, 0xfc, 0xfc, 0xfc,
    0xfc, 0xfc, 0xfc, 0xfc, 0xfc, 0xfc, 0xfd, 0xfc, 0xa6, 0x1d, 0x02, 0x0c, 0x3f, 0xaa, 0x1d, 0x02,
    0xa4, 0x33, 0xae, 0x1d, 0x01, 0xa4, 0xb0, 0x1d, 0x01, 0x33, 0xb4, 0x1d, 0x02, 0x1e, 0x1e, 0xc3,
    0x1d, 0x01, 0xa4, 0xc6, 0x1d, 0x01, 0xa4, 0xce, 0x1d, 0x01, 0x1e, 0xd0, 0x1d, 0x01, 0x01, 0xda,
    0x1d, 0x01, 0x0c, 0x26, 0x1e, 0x01, 0x3f, 0x2a, 0x1e, 0x01, 0x33, 0x2e, 0x1e, 0x02, 0xa4, 0x33,
    0x35, 0x1e, 0x01, 0x1e, 0x3c, 0x1e, 0x01, 0x01, 0x40, 0x1e, 0x01, 0xfc, 0x46, 0x1e, 0x04, 0xa4,
    0xa4, 0xa4, 0x33, 0x50, 0x1e, 0x01, 0x1e, 0x53, 0x1e, 0x01, 0x01, 0x5a, 0x1e, 0x01, 0xf0, 0xa5,
    0x1e, 0x01, 0xfc, 0xae, 0x1e, 0x02, 0xa4, 0x33, 0xb4, 0x1e, 0x01, 0x01, 0xb7, 0x1e, 0x01, 0x1e,
    0xbc, 0x1e, 0x01, 0x1e, 0xc0, 0x1e, 0x01, 0xfc, 0xc2, 0x1e, 0x02, 0xa4, 0x33, 0xcf, 0x1e, 0x01,
    0x01, 0xd6, 0x1e, 0x02, 0x1e, 0x01, 0xda, 0x1e, 0x01, 0x01, 0x27, 0x1f, 0x02, 0xa4, 0x33, 0x2d,
    0x1f, 0x05, 0xa4, 0x97, 0x97, 0x33, 0xa4, 0x35, 0x1f, 0x01, 0x01, 0x3d, 0x1f, 0x01, 0x1e, 0x40,
    0x1f, 0x01, 0xfc, 0x49, 0x1f, 0x01, 0xa4, 0x4b, 0x1f, 0x01, 0xa4, 0x4e, 0x1f, 0x01, 0xfc, 0x50,
    0x1f, 0x01, 0x01, 0x5c, 0x1f, 0x01, 0x0c, 0xa4, 0x1f, 0x0e, 0xe2, 0xe2, 0xfc, 0xfc, 0xfc, 0xfc,
    0xfc, 0xfc, 0xfc, 0xfc, 0xfd, 0xfc, 0xfc, 0xfc, 0xcf, 0x1f, 0x0e, 0xe2, 0xfc, 0xfc, 0xfc, 0xfc,
    0xfc, 0xfc, 0xfd, 0xfd, 0xfd, 0xfc, 0xe2, 0xe2, 0xfc, 0x24, 0x20, 0x04, 0x1e, 0x1e, 0x1e, 0x1e,
    0x31, 0x20, 0x01, 0xfc, 0x35, 0x20, 0x01, 0xa4, 0x3b, 0x20, 0x02, 0xa4, 0x33, 0x40, 0x20, 0x01,
    0xfc, 0x4a, 0x20, 0x01, 0x01, 0x4d, 0x20, 0x02, 0x1e, 0xfc, 0xa2, 0x20, 0x01, 0xe2, 0xa4, 0x20,
    0x01, 0x1e, 0xa7, 0x20, 0x02, 0x01, 0x01, 0xac, 0x20, 0x01, 0x01, 0xb0, 0x20, 0x02, 0x1e, 0x33,
    0xb5, 0x20, 0x01, 0x97, 0xb7, 0x20, 0x01, 0xa4, 0xb9, 0x20, 0x01, 0xa4, 0xbb, 0x20, 0x02, 0xa4,
    0x33, 0xc0, 0x20, 0x01, 0xe2, 0xc3, 0x20, 0x03, 0x01, 0x01, 0x1e, 0xcc, 0x20, 0x01, 0x01, 0xcf,
    0x20, 0x01, 0x33, 0xd2, 0x20, 0x02, 0xa4, 0x33, 0xd5, 0x20, 0x01, 0xa4, 0xd8, 0x20, 0x02, 0xa4,
    0x33, 0xde, 0x20, 0x01, 0x0c, 0x21, 0x21, 0x01, 0x0c, 0x23, 0x21, 0x01, 0x1e, 0x25, 0x21, 0x05,
    0x1e, 0x1e, 0x1e, 0x01, 0x01, 0x2b, 0x21, 0x01, 0x01, 0x30, 0x21, 0x02, 0xfc, 0xcf, 0x34, 0x21,
    0x02, 0xa4, 0xa4, 0x37, 0x21, 0x01, 0xa4, 0x39, 0x21, 0x04, 0xa4, 0xa4, 0x97, 0x33, 0x40, 0x21,
    0x01, 0xfc, 0x42, 0x21, 0x01, 0x1e, 0x46, 0x21, 0x02, 0x01, 0x01, 0x5a, 0x21, 0x01, 0x33, 0x5e,
    0x21, 0x01, 0x33, 0xa0, 0x21, 0x01, 0x0c, 0xa4, 0x21, 0x02, 0x1e, 0x1e, 0xae, 0x21, 0x01, 0x01,
    0xb0, 0x21, 0x01, 0xcf, 0xb3, 0x21, 0x02, 0xa4, 0x97, 0xbf, 0x21, 0x02, 0x33, 0xfc, 0xc3, 0x21,
    0x02, 0x1e, 0x1e, 0xc6, 0x21, 0x02, 0x1f, 0x1e, 0xc9, 0x21, 0x03, 0x01, 0x01, 0x01, 0xcf, 0x21,
    0x01, 0xfc, 0xd2, 0x21, 0x02, 0xa4, 0x33, 0xd9, 0x21, 0x02, 0xa4, 0x33, 0xdf, 0x21, 0x01, 0x3f,
    0x1f, 0x22, 0x04, 0x0c, 0x01, 0x01, 0x01, 0x25, 0x22, 0x03, 0x1e, 0x1e, 0x1e, 0x2a, 0x22, 0x04,
    0x1e, 0x1e, 0x1f, 0x01, 0x2f, 0x22, 0x02, 0xfd, 0x33, 0x33, 0x22, 0x02, 0xa4, 0x33, 0x3f, 0x22,
    0x02, 0x33, 0xfc, 0x43, 0x22, 0x01, 0x1e, 0x45, 0x22, 0x01, 0x1e, 0x48, 0x22, 0x09, 0x1f, 0x1f,
    0x1f, 0x01, 0x01, 0x01, 0x01, 0xfd, 0x33, 0x53, 0x22, 0x02, 0x97, 0x33, 0x59, 0x22, 0x03, 0xa4,
    0x97, 0x33, 0x60, 0x22, 0x01, 0x0c, 0x9f, 0x22, 0x03, 0xfc, 0x01, 0x01, 0xa4, 0x22, 0x02, 0x01,
    0x1f, 0xab, 0x22, 0x03, 0x1e, 0x1e, 0x1e, 0xaf, 0x22, 0x02, 0xfd, 0xce, 0xb2, 0x22, 0x02, 0xa4,
    0x33, 0xbb, 0x22, 0x02, 0xa4, 0x33, 0xbf, 0x22, 0x02, 0x33, 0xfd, 0xc3, 0x22, 0x01, 0x01, 0xc6,
    0x22, 0x01, 0x1e, 0xc9, 0x22, 0x01, 0x1e, 0xcc, 0x22, 0x04, 0x01, 0x1f, 0x01, 0x01, 0xd3, 0x22,
    0x02, 0xa4, 0x33, 0xe0, 0x22, 0x02, 0x33, 0x0c, 0x1e, 0x23, 0x01, 0xe2, 0x23, 0x23, 0x02, 0x01,
    0x01, 0x27, 0x23, 0x02, 0x01, 0x01, 0x2d, 0x23, 0x03, 0x1e, 0x1e, 0xcf, 0x33, 0x23, 0x02, 0xa4,
    0x33, 0x39, 0x23, 0x02, 0xa4, 0x33, 0x3c, 0x23, 0x01, 0x33, 0x3e, 0x23, 0x03, 0x33, 0x33, 0xfc,
    0x42, 0x23, 0x02, 0x01, 0x01, 0x46, 0x23, 0x04, 0x01, 0x01, 0x1e, 0x1e, 0x4c, 0x23, 0x01, 0x1e,
    0x4e, 0x23, 0x03, 0x1e, 0x01, 0xcf, 0x53, 0x23, 0x03, 0xa4, 0x97, 0x33, 0x5b, 0x23, 0x02, 0xa4,
    0x33, 0x5e, 0x23, 0x02, 0x33, 0xa4, 0x61, 0x23, 0x01, 0x3f, 0x9d, 0x23, 0x12, 0x3f, 0xcf, 0xcf,
    0x75, 0xfc, 0xcf, 0xcf, 0xcf, 0xcf, 0xce, 0x6a, 0xfc, 0xfd, 0xfc, 0xfc, 0xe2, 0xe2, 0xfc, 0xb0,
    0x23, 0x03, 0x33, 0x33, 0x97, 0xb4, 0x23, 0x07, 0x33, 0x33, 0x33, 0x33, 0x33, 0x33, 0x97, 0xbc,
    0x23, 0x06, 0x33, 0x33, 0x33, 0x33, 0xe2, 0x1e, 0xc5, 0x23, 0x03, 0x01, 0x01, 0x01, 0xc9, 0x23,
    0x03, 0x1f, 0x1f, 0x1e, 0xce, 0x23, 0x01, 0x1e, 0xd0, 0x23, 0x02, 0xfc, 0x33, 0xd3, 0x23, 0x02,
    0xa4, 0x33, 0xdd, 0x23, 0x02, 0xa4, 0x33, 0xe1, 0x23, 0x02, 0x33, 0x0c, 0x1c, 0x24, 0x02, 0x0c,
    0x33, 0x20, 0x24, 0x02, 0xa4, 0x33, 0x27, 0x24, 0x03, 0xa4, 0x97, 0x33, 0x2e, 0x24, 0x02, 0xcf,
    0xcf, 0x39, 0x24, 0x01, 0x01, 0x3c, 0x24, 0x16, 0x01, 0x1e, 0x1e, 0xe2, 0xe2, 0xcf, 0xcf, 0x6b,
    0xfc, 0xcf, 0xcf, 0xcf, 0xce, 0xce, 0x6a, 0xfc, 0xcf, 0xd1, 0xd1, 0xd1, 0x33, 0xd1, 0x53, 0x24,
    0x01, 0x1e, 0x57, 0x24, 0x0d, 0xfc, 0xfc, 0xfc, 0xfc, 0xfc, 0xfc, 0xfd, 0xfd, 0xfc, 0xfc, 0xe2,
    0xe2, 0x0c, 0x9b, 0x24, 0x02, 0x0c, 0x33, 0x9f, 0x24, 0x03, 0xa4, 0x97, 0x33, 0xa6, 0x24, 0x02,
    0xa4, 0x33, 0xad, 0x24, 0x02, 0x33, 0xfd, 0xb1, 0x24, 0x01, 0x1f, 0xba, 0x24, 0x01, 0x01, 0xbe,
    0x24, 0x03, 0x1f, 0xfc, 0x33, 0xc2, 0x24, 0x03, 0xa4, 0x97, 0x33, 0xc9, 0x24, 0x02, 0xa4, 0x33,
    0xd1, 0x24, 0x03, 0xcf, 0xfc, 0x1f, 0xd5, 0x24, 0x01, 0x1e, 0xdd, 0x24, 0x01, 0x01, 0xdf, 0x24,
    0x01, 0x01, 0xe1, 0x24, 0x03, 0x1e, 0x1e, 0xf1, 0x1b, 0x25, 0x02, 0x3f, 0xcf, 0x20, 0x25, 0x05,
    0xa4, 0x33, 0xa4, 0xa4, 0xa4, 0x27, 0x25, 0x02, 0xa4, 0x33, 0x2d, 0x25, 0x03, 0xd1, 0xfc, 0x1e,
    0x32, 0x25, 0x02, 0x01, 0x01, 0x3f, 0x25, 0x02, 0xcf, 0x33, 0x42, 0x25, 0x02, 0xa4, 0x33, 0x47,
    0x25, 0x02, 0xa4, 0xa4, 0x51, 0x25, 0x02, 0x33, 0xfd, 0x55, 0x25, 0x02, 0x01, 0x1f, 0x61, 0x25,
    0x03, 0x01, 0x1e, 0xfc, 0x9a, 0x25, 0x02, 0x3f, 0xcf, 0x9e, 0x25, 0x01, 0xa4, 0xa0, 0x25, 0x04,
    0xa4, 0x33, 0x33, 0x97, 0xa5, 0x25, 0x05, 0xa4, 0xa4, 0xa4, 0x97, 0x33, 0xac, 0x25, 0x02, 0x33,
    0xcf, 0xb1, 0x25, 0x01, 0x1e, 0xb4, 0x25, 0x01, 0x01, 0xbb, 0x25, 0x01, 0x01, 0xbf, 0x25, 0x02,
    0xcf, 0x33, 0xc4, 0x25, 0x01, 0xa4, 0xc6, 0x25, 0x05, 0xa4, 0xa4, 0xa4, 0x33, 0xa4, 0xcc, 0x25,
    0x03, 0xa4, 0xa4, 0x33, 0xd1, 0x25, 0x02, 0x33, 0xcf, 0xd5, 0x25, 0x01, 0x1e, 0xd7, 0x25, 0x01,
    0x01, 0xd9, 0x25, 0x02, 0x01, 0x01, 0xe3, 0x25, 0x03, 0x01, 0xf0, 0x0c, 0x1a, 0x26, 0x01, 0x33,
    0x1d, 0x26, 0x03, 0xa4, 0xa4, 0x97, 0x24, 0x26, 0x01, 0xa4, 0x26, 0x26, 0x02, 0xa4, 0x97, 0x2c,
    0x26, 0x04, 0xcf, 0xfc, 0x1e, 0x1e, 0x33, 0x26, 0x02, 0x1e, 0x1e, 0x36, 0x26, 0x01, 0x01, 0x38,
    0x26, 0x02, 0x01, 0x01, 0x3f, 0x26, 0x02, 0xcf, 0x33, 0x44, 0x26, 0x01, 0xa4, 0x46, 0x26, 0x07,
    0x33, 0x33, 0xa4, 0xa4, 0xa4, 0x33, 0xa4, 0x51, 0x26, 0x03, 0x3f, 0xcf, 0xe2, 0x56, 0x26, 0x03,
    0x1e, 0x1e, 0x1e, 0x5a, 0x26, 0x01, 0x01, 0x5c, 0x26, 0x02, 0x01, 0x01, 0x64, 0x26, 0x02, 0xfc,
    0xf0, 0x98, 0x26, 0x02, 0x0c, 0x33, 0x9c, 0x26, 0x01, 0xa4, 0x9f, 0x26, 0x01, 0x33, 0xa4, 0x26,
    0x01, 0xa4, 0xa7, 0x26, 0x01, 0x33, 0xab, 0x26, 0x03, 0x33, 0xcf, 0xfc, 0xaf, 0x26, 0x01, 0x1e,
    0xb1, 0x26, 0x02, 0x1e, 0x1e, 0xb5, 0x26, 0x03, 0x1f, 0x1e, 0x01, 0xb9, 0x26, 0x04, 0x01, 0x01,
    0x01, 0x01, 0xbf, 0x26, 0x02, 0xcf, 0x33, 0xc3, 0x26, 0x03, 0xa4, 0x33, 0x33, 0xcb, 0x26, 0x01,
    0xa4, 0xcd, 0x26, 0x01, 0x33, 0xd2, 0x26, 0x02, 0xcf, 0xfc, 0xd5, 0x26, 0x01, 0x1e, 0xd7, 0x26,
    0x01, 0x1e, 0xd9, 0x26, 0x09, 0x1e, 0x1e, 0x1f, 0x1f, 0x01, 0x01, 0x01, 0x01, 0x01, 0xe5, 0x26,
    0x02, 0xf0, 0xf0, 0x17, 0x27, 0x03, 0x0c, 0x3f, 0xcf, 0x1b, 0x27, 0x01, 0xa4, 0x1d, 0x27, 0x01,
    0xa4, 0x23, 0x27, 0x04, 0xa4, 0x33, 0xa4, 0x33, 0x2b, 0x27, 0x02, 0xce, 0xce, 0x31, 0x27, 0x01,
    0x1e, 0x33, 0x27, 0x01, 0x1e, 0x36, 0x27, 0x03, 0x1e, 0x1f, 0x01, 0x3b, 0x27, 0x06, 0x01, 0x01,
    0x01, 0x01, 0xcf, 0x33, 0x44, 0x27, 0x02, 0x33, 0x33, 0x4b, 0x27, 0x01, 0xa4, 0x4d, 0x27, 0x01,
    0x33, 0x52, 0x27, 0x02, 0x33, 0xcf, 0x59, 0x27, 0x01, 0x1e, 0x5c, 0x27, 0x0c, 0x1f, 0x1e, 0x1f,
    0x01, 0x01, 0x01, 0x01, 0x01, 0x01, 0x01, 0xf0, 0x0c, 0x97, 0x27, 0x02, 0x3f, 0xcf, 0x9c, 0x27,
    0x01, 0x97, 0xa4, 0x27, 0x01, 0x97, 0xab, 0x27, 0x02, 0xce, 0xfd, 0xae, 0x27, 0x01, 0x01, 0xb2,
    0x27, 0x01, 0x1e, 0xb5, 0x27, 0x01, 0x1e, 0xb8, 0x27, 0x04, 0x1e, 0x1f, 0x1f, 0x01, 0xbd, 0x27,
    0x04, 0x01, 0x01, 0xce, 0x33, 0xc2, 0x27, 0x01, 0xa4, 0xc5, 0x27, 0x01, 0x33, 0xca, 0x27, 0x02,
    0xa4, 0x33, 0xcd, 0x27, 0x01, 0x33, 0xd2, 0x27, 0x05, 0x33, 0xce, 0xfc, 0x01, 0x01, 0xd9, 0x27,
    0x02, 0x1e, 0x1e, 0xdc, 0x27, 0x06, 0x1e, 0x1e, 0x1f, 0x01, 0x1f, 0x1f, 0xe4, 0x27, 0x05, 0x01,
    0x01, 0xfd, 0xf1, 0x0c, 0x16, 0x28, 0x02, 0x3f, 0x33, 0x1b, 0x28, 0x01, 0x33, 0x1d, 0x28, 0x01,
    0x33, 0x22, 0x28, 0x01, 0xa4, 0x24, 0x28, 0x01, 0xa4, 0x2a, 0x28, 0x04, 0x33, 0xcf, 0xcf, 0x01,
    0x31, 0x28, 0x05, 0x01, 0x01, 0x1e, 0x1e, 0x1e, 0x37, 0x28, 0x01, 0x1e, 0x3a, 0x28, 0x07, 0x1e,
    0x01, 0x01, 0x01, 0x01, 0xcf, 0x33, 0x42, 0x28, 0x01, 0xa4, 0x45, 0x28, 0x01, 0x33, 0x4a, 0x28,
    0x01, 0xa4, 0x4c, 0x28, 0x01, 0xa4, 0x53, 0x28, 0x02, 0xce, 0x01, 0x56, 0x28, 0x05, 0x01, 0x01,
    0x01, 0x01, 0x1e, 0x5c, 0x28, 0x02, 0x1e, 0x1e, 0x60, 0x28, 0x05, 0x1e, 0x1f, 0x01, 0x01, 0x01,
    0x67, 0x28, 0x02, 0xf1, 0xf1, 0x96, 0x28, 0x01, 0x3f, 0x99, 0x28, 0x01, 0xa4, 0x9c, 0x28, 0x01,
    0x33, 0xa2, 0x28, 0x04, 0xa4, 0x97, 0xa4, 0x33, 0xa7, 0x28, 0x01, 0xa4, 0xaa, 0x28, 0x02, 0xcf,
    0xcf, 0xae, 0x28, 0x01, 0x01, 0xb2, 0x28, 0x03, 0x01, 0x1f, 0x1e, 0xb6, 0x28, 0x01, 0x1e, 0xb8,
    0x28, 0x09, 0x1e, 0x1e, 0x1e, 0x1e, 0x01, 0x01, 0xfc, 0xcf, 0x33, 0xc2, 0x28, 0x01, 0xa4, 0xc5,
    0x28, 0x01, 0x33, 0xcb, 0x28, 0x04, 0xa4, 0x97, 0xa4, 0x33, 0xd0, 0x28, 0x01, 0xa4, 0xd3, 0x28,
    0x05, 0xcf, 0xcf, 0x01, 0x01, 0x01, 0xd9, 0x28, 0x05, 0x01, 0x01, 0x1f, 0x1f, 0x1e, 0xe2, 0x28,
    0x08, 0x1e, 0x1f, 0x01, 0x01, 0x01, 0xfc, 0xf0, 0x0c, 0x14, 0x29, 0x03, 0x0c, 0x3f, 0xcf, 0x19,
    0x29, 0x02, 0x33, 0xa4, 0x21, 0x29, 0x03, 0xa4, 0x33, 0xa4, 0x25, 0x29, 0x03, 0x33, 0x33, 0x33,
    0x29, 0x29, 0x03, 0x33, 0xd1, 0xfc, 0x30, 0x29, 0x02, 0x01, 0x01, 0x34, 0x29, 0x03, 0x1f, 0x01,
    0x1f, 0x3a, 0x29, 0x01, 0x1e, 0x3c, 0x29, 0x05, 0x1e, 0x1e, 0xfc, 0xcf, 0x33, 0x42, 0x29, 0x01,
    0xa4, 0x45, 0x29, 0x01, 0x33, 0x4b, 0x29, 0x02, 0xa4, 0x97, 0x4f, 0x29, 0x03, 0xa4, 0x33, 0xa4,
    0x53, 0x29, 0x03, 0x33, 0xcf, 0xfc, 0x57, 0x29, 0x04, 0x01, 0x01, 0x01, 0x01, 0x5c, 0x29, 0x06,
    0x1f, 0x1f, 0x1f, 0x1f, 0x1f, 0x1e, 0x63, 0x29, 0x08, 0x1e, 0x1e, 0x1f, 0x1f, 0x1f, 0xf0, 0xf0,
    0x0c, 0x94, 0x29, 0x02, 0x3f, 0x33, 0x97, 0x29, 0x03, 0xa4, 0x33, 0xa4, 0x9d, 0x29, 0x08, 0x33,
    0x33, 0x33, 0x33, 0x33, 0x33, 0x33, 0x97, 0xa6, 0x29, 0x08, 0x33, 0x33, 0x33, 0x33, 0x33, 0xfc,
    0xfc, 0xfc, 0xb3, 0x29, 0x08, 0x01, 0x01, 0x01, 0x01, 0x01, 0x01, 0x1f, 0x1f, 0xbc, 0x29, 0x01,
    0x1e, 0xbe, 0x29, 0x03, 0xe2, 0xd1, 0x33, 0xc3, 0x29, 0x01, 0x33, 0xc5, 0x29, 0x01, 0x33, 0xcb,
    0x29, 0x02, 0xa4, 0x33, 0xce, 0x29, 0x02, 0x97, 0x33, 0xd3, 0x29, 0x03, 0x33, 0xd1, 0xcf, 0xda,
    0x29, 0x05, 0x01, 0x01, 0x01, 0x01, 0x1e, 0xe0, 0x29, 0x04, 0x1f, 0x1f, 0x1f, 0x1f, 0xe5, 0x29,
    0x06, 0x1e, 0x1e, 0x1e, 0x01, 0xf0, 0xf0, 0x15, 0x2a, 0x01, 0xf7, 0x17, 0x2a, 0x06, 0xf7, 0xa4,
    0x31, 0xf7, 0x18, 0x18, 0x1e, 0x2a, 0x04, 0x18, 0xa5, 0x01, 0x01, 0x23, 0x2a, 0x0e, 0x01, 0x01,
    0xa5, 0x01, 0x01, 0x01, 0x01, 0x01, 0x01, 0x01, 0xa4, 0x01, 0xa5, 0x01, 0x33, 0x2a, 0x01, 0xa4,
    0x35, 0x2a, 0x01, 0xa4, 0x39, 0x2a, 0x17, 0x48, 0x48, 0xec, 0x48, 0x6b, 0x6b, 0x97, 0x97, 0x97,
    0x97, 0x97, 0x33, 0x97, 0x97, 0x97, 0x97, 0x97, 0x33, 0x97, 0x97, 0x97, 0x97, 0x97, 0x51, 0x2a,
    0x1a, 0xa4, 0xa4, 0xa4, 0x75, 0x6b, 0x6b, 0x6b, 0x6b, 0x6b, 0xcf, 0x6b, 0x6b, 0x6b, 0x6a, 0x6a,
    0xce, 0x6a, 0x75, 0x75, 0x75, 0x75, 0xd1, 0x75, 0x75, 0x97, 0x9b, 0x95, 0x2a, 0x02, 0x5d, 0x31,
    0x99, 0x2a, 0x02, 0xf7, 0x53, 0x9d, 0x2a, 0x01, 0xf7, 0x9f, 0x2a, 0x02, 0xf7, 0x53, 0xa2, 0x2a,
    0x01, 0xf7, 0xa6, 0x2a, 0x01, 0xa4, 0xa8, 0x2a, 0x01, 0xf7, 0xaa, 0x2a, 0x05, 0xf7, 0xf7, 0x53,
    0x53, 0x53, 0xb3, 0x2a, 0x01, 0x53, 0xb5, 0x2a, 0x01, 0x53, 0xb8, 0x2a, 0x07, 0xef, 0x53, 0xef,
    0xbc, 0xf6, 0xf6, 0xf6, 0xc0, 0x2a, 0x2b, 0xef, 0xef, 0x53, 0xf6, 0xa5, 0xf6, 0xf6, 0xf6, 0x53,
    0xf7, 0xa4, 0xf7, 0xbf, 0xbf, 0x9c, 0x9c, 0x3a, 0x69, 0x60, 0x60, 0xf7, 0xf7, 0xf7, 0xf7, 0xbf,
    0x48, 0xec, 0xbf, 0x9c, 0x9c, 0x9c, 0x6b, 0x3a, 0x60, 0x60, 0x60, 0x60, 0x97, 0x33, 0x60, 0x60,
    0x60, 0x6c, 0x15, 0x2b, 0x01, 0x5d, 0x17, 0x2b, 0x02, 0xc6, 0xc6, 0x1a, 0x2b, 0x07, 0xa4, 0x62,
    0x62, 0x62, 0x62, 0xc6, 0x62, 0x23, 0x2b, 0x01, 0x62, 0x25, 0x2b, 0x02, 0xc6, 0x62, 0x2d, 0x2b,
    0x01, 0x62, 0x2f, 0x2b, 0x01, 0x62, 0x32, 0x2b, 0x01, 0xc6, 0x34, 0x2b, 0x2f, 0x31, 0x53, 0x31,
    0xc6, 0x31, 0x31, 0x31, 0x53, 0x31, 0x31, 0x31, 0x31, 0x31, 0x31, 0x62, 0xc6, 0xa4, 0x62, 0x62,
    0x31, 0x62, 0x31, 0x53, 0xde, 0xde, 0xc7, 0x62, 0xc7, 0xa5, 0xc7, 0xc7, 0xc6, 0x31, 0x31, 0x31,
    0xc6, 0x62, 0xbc, 0xde, 0xc7, 0xc7, 0xc6, 0xa4, 0xc7, 0xc7, 0xc7, 0xc7, 0x64, 0x2b, 0x02, 0x62,
    0xc7, 0x67, 0x2b, 0x01, 0xc6, 0x69, 0x2b, 0x02, 0x31, 0x5d, 0x99, 0x2b, 0x02, 0x62, 0x62, 0x9e,
    0x2b, 0x01, 0xc6, 0xa0, 0x2b, 0x01, 0x62, 0xa3, 0x2b, 0x03, 0xc6, 0xc6, 0x62, 0xad, 0x2b, 0x01,
    0x62, 0xaf, 0x2b, 0x09, 0xa4, 0xc6, 0xc6, 0xc6, 0x62, 0xa4, 0x62, 0x62, 0xc6, 0xb9, 0x2b, 0x01,
    0xc6, 0xc2, 0x2b, 0x02, 0x62, 0xc6, 0xc8, 0x2b, 0x06, 0xa4, 0x53, 0x31, 0x31, 0x31, 0x31, 0xcf,
    0x2b, 0x0e, 0xc6, 0xc6, 0x62, 0x62, 0x31, 0x31, 0x31, 0x31, 0xc6, 0xa4, 0x31, 0x31, 0x31, 0x31,
    0xde, 0x2b, 0x05, 0xa4, 0xc6, 0xc6, 0xc6, 0x62, 0xe4, 0x2b, 0x04, 0x62, 0x62, 0x31, 0x62, 0xe9,
    0x2b, 0x01, 0x5d, 0x17, 0x2c, 0x0e, 0x5d, 0x5d, 0x5d, 0x3f, 0x5d, 0x5d, 0x5d, 0x5d, 0x9b, 0x58,
    0x58, 0x51, 0x51, 0xc6, 0x2d, 0x2c, 0x01, 0x62, 0x2f, 0x2c, 0x01, 0x62, 0x32, 0x2c, 0x01, 0xc6,
    0x34, 0x2c, 0x01, 0xc6, 0x37, 0x2c, 0x01, 0xc6, 0x39, 0x2c, 0x01, 0xc6, 0x41, 0x2c, 0x01, 0xc6,
    0x43, 0x2c, 0x01, 0xc6, 0x46, 0x2c, 0x02, 0xc6, 0xc6, 0x4a, 0x2c, 0x01, 0x62, 0x4c, 0x2c, 0x01,
    0x62, 0x4e, 0x2c, 0x01, 0x62, 0x54, 0x2c, 0x01, 0x62, 0x57, 0x2c, 0x02, 0x62, 0xc6, 0x5d, 0x2c,
    0x02, 0xa4, 0x62, 0x67, 0x2c, 0x01, 0x58, 0x69, 0x2c, 0x01, 0x5d, 0xbe, 0x2c, 0x2b, 0x05, 0x05,
    0x0c, 0x0c, 0x5d, 0x5d, 0x5d, 0x5d, 0x9b, 0x3f, 0x5d, 0x5d, 0x5d, 0x5d, 0x3f, 0x5d, 0x5d, 0x5d,
    0x5d, 0x5d, 0x9b, 0x5d, 0x5d, 0x5d, 0x5d, 0x3f, 0x5d, 0x5d, 0x5d, 0x5d, 0x5d, 0x3f, 0x5d, 0x5d,
    0x5d, 0x5d, 0x5d, 0x3f, 0x9b, 0x9b, 0x9b, 0x9b, 0x5d, 0x53, 0x2d, 0x16, 0x05, 0x05, 0x05, 0x05,
    0x0c, 0x0c, 0x0c, 0x0c, 0x5d, 0x5d, 0x5d, 0x5d, 0x5d, 0x5d, 0x5d, 0x9b, 0x3f, 0x5d, 0x5d, 0x5d,
    0x5d, 0x05, 0xb1, 0x18, 0x06, 0x0c, 0x0c, 0x0c, 0x0c, 0x0c, 0x0c, 0x2e, 0x19, 0x03, 0x3f, 0x3f,
    0xa4, 0x33, 0x19, 0x03, 0x33, 0xa4, 0x97, 0x38, 0x19, 0x09, 0xd1, 0xcf, 0x1e, 0xf0, 0xf0, 0xf0,
    0xf0, 0xf1, 0xf0, 0x42, 0x19, 0x01, 0x0c, 0x51, 0x19, 0x04, 0x0c, 0x0c, 0x0c, 0x0c, 0xad, 0x19,
    0x02, 0x0c, 0x3f, 0xb1, 0x19, 0x04, 0xa4, 0xa4, 0xa4, 0xa4, 0xb6, 0x19, 0x04, 0x33, 0x33, 0xd1,
    0xe2, 0xbb, 0x19, 0x01, 0x1e, 0xbd, 0x19, 0x02, 0x01, 0x01, 0xc1, 0x19, 0x02, 0xcf, 0xcf, 0xc5,
    0x19, 0x02, 0xa4, 0x33, 0xc8, 0x19, 0x01, 0xa4, 0xca, 0x19, 0x05, 0xa4, 0x33, 0xd1, 0xe2, 0x1e,
    0xd0, 0x19, 0x01, 0x01, 0xd5, 0x19, 0x03, 0xfc, 0xf0, 0x0c, 0x2c, 0x1a, 0x03, 0x0c, 0x3f, 0x33,
    0x30, 0x1a, 0x02, 0x33, 0x33, 0x36, 0x1a, 0x03, 0xa4, 0x6a, 0xcf, 0x3a, 0x1a, 0x03, 0x01, 0x1e,
    0x1e, 0x3e, 0x1a, 0x02, 0x1e, 0x01, 0x41, 0x1a, 0x03, 0xcf, 0xcf, 0x33, 0x4a, 0x1a, 0x04, 0x33,
    0x33, 0xce, 0xfc, 0x4f, 0x1a, 0x02, 0x1e, 0x1e, 0x55, 0x1a, 0x03, 0x01, 0xf0, 0xf0, 0xab, 0x1a,
    0x10, 0x0c, 0x3f, 0xd1, 0xcf, 0xcf, 0xce, 0xcf, 0xcf, 0xcf, 0xcf, 0xcf, 0xfd, 0xfd, 0x33, 0xe2,
    0xfc, 0xc4, 0x1a, 0x0a, 0x33, 0x33, 0x33, 0x33, 0x33, 0x33, 0x97, 0x33, 0xd1, 0xfc, 0xcf, 0x1a,
    0x01, 0x01, 0xd1, 0x1a, 0x02, 0x01, 0x01, 0xd6, 0x1a, 0x03, 0x1e, 0xf1, 0x0c, 0x2b, 0x1b, 0x01,
    0xf0, 0x30, 0x1b, 0x01, 0x1e, 0x32, 0x1b, 0x01, 0x01, 0x36, 0x1b, 0x03, 0xcf, 0x33, 0xa4, 0x3a,
    0x1b, 0x01, 0xa4, 0x3d, 0x1b, 0x01, 0xa4, 0x40, 0x1b, 0x03, 0x33, 0xd1, 0xe2, 0x44, 0x1b, 0x01,
    0x1e, 0x4c, 0x1b, 0x0d, 0x33, 0x33, 0x97, 0x33, 0x33, 0x33, 0x33, 0x97, 0x33, 0xd1, 0xd1, 0xe2,
    0xf0, 0xac, 0x1b, 0x07, 0x01, 0x1f, 0x1e, 0x01, 0x1e, 0x1f, 0x1e, 0xb4, 0x1b, 0x03, 0x01, 0xfd,
    0xcf, 0xb8, 0x1b, 0x05, 0xa4, 0xa4, 0x97, 0xa4, 0xa4, 0xbe, 0x1b, 0x01, 0xa4, 0xc0, 0x1b, 0x03,
    0x33, 0xcf, 0x1e, 0xc5, 0x1b, 0x01, 0x1e, 0xc7, 0x1b, 0x01, 0x01, 0xcc, 0x1b, 0x02, 0xfc, 0x33,
    0xcf, 0x1b, 0x01, 0x33, 0xd1, 0x1b, 0x01, 0xa4, 0xd3, 0x1b, 0x01, 0xa4, 0xd8, 0x1b, 0x02, 0x3f,
    0x0c, 0x29, 0x1c, 0x02, 0x0c, 0x01, 0x2e, 0x1c, 0x0a, 0x1f, 0x1f, 0x1f, 0x1e, 0x1f, 0x1f, 0x01,
    0xcf, 0x3f, 0xa4, 0x3c, 0x1c, 0x01, 0x33, 0x3e, 0x1c, 0x01, 0x33, 0x40, 0x1c, 0x04, 0x33, 0xfc,
    0x01, 0x1f, 0x45, 0x1c, 0x09, 0x1e, 0x1e, 0x1f, 0x1f, 0x1f, 0x01, 0x01, 0xfc, 0x33, 0x50, 0x1c,
    0x01, 0x33, 0x54, 0x1c, 0x01, 0x33, 0x58, 0x1c, 0x02, 0x33, 0x0c, 0xa9, 0x1c, 0x0b, 0xcf, 0xcf,
    0x6b, 0xfd, 0xce, 0xfd, 0xfc, 0xe2, 0xe2, 0xfc, 0xfc, 0xb5, 0x1c, 0x01, 0x33, 0xb7, 0x1c, 0x01,
    0xa4, 0xbd, 0x1c, 0x01, 0x33, 0xbf, 0x1c, 0x03, 0xa4, 0x33, 0xfc, 0xc3, 0x1c, 0x04, 0x01, 0x01,
    0x01, 0x01, 0xcb, 0x1c, 0x03, 0x1e, 0x01, 0x33, 0xcf, 0x1c, 0x01, 0xa4, 0xd6, 0x1c, 0x02, 0xa4,
    0x33, 0xd9, 0x1c, 0x01, 0x3f, 0x2a, 0x1d, 0x02, 0xa4, 0x97, 0x2d, 0x1d, 0x02, 0xa4, 0xa4, 0x30,
    0x1d, 0x02, 0x97, 0x33, 0x35, 0x1d, 0x01, 0x1e, 0x37, 0x1d, 0x01, 0x1e, 0x3e, 0x1d, 0x02, 0xfd,
    0xfc, 0x46, 0x1d, 0x07, 0x33, 0xfc, 0xfc, 0xfd, 0xfd, 0xe2, 0xe2, 0x4e, 0x1d, 0x0d, 0x33, 0x33,
    0x33, 0x33, 0x33, 0x33, 0x33, 0x33, 0x97, 0x33, 0x33, 0x33, 0x0c, 0xa6, 0x1d, 0x04, 0x0c, 0x3f,
    0xa4, 0x33, 0xab, 0x1d, 0x01, 0x33, 0xad, 0x1d, 0x01, 0xa4, 0xaf, 0x1d, 0x02, 0x33, 0x33, 0xb3,
    0x1d, 0x01, 0x33, 0xb6, 0x1d, 0x04, 0x1e, 0x01, 0x01, 0x01, 0xbe, 0x1d, 0x03, 0x1e, 0x1e, 0xfc,
    0xc3, 0x1d, 0x01, 0xa4, 0xc7, 0x1d, 0x01, 0xa4, 0xc9, 0x1d, 0x02, 0xa4, 0x33, 0xcd, 0x1d, 0x0e,
    0x33, 0x1e, 0xfc, 0xfc, 0xfc, 0xfc, 0xfc, 0xfc, 0xfc, 0xfc, 0xfc, 0xcf, 0xcf, 0x33, 0x25, 0x1e,
    0x02, 0x0c, 0x3f, 0x29, 0x1e, 0x02, 0xa4, 0x33, 0x35, 0x1e, 0x01, 0x1e, 0x37, 0x1e, 0x01, 0x1e,
    0x39, 0x1e, 0x04, 0x1f, 0x01, 0x01, 0x01, 0x40, 0x1e, 0x01, 0xfc, 0x44, 0x1e, 0x01, 0x33, 0x46,
    0x1e, 0x02, 0xa4, 0xa4, 0x49, 0x1e, 0x02, 0xa4, 0x33, 0x4d, 0x1e, 0x02, 0x33, 0x1e, 0x50, 0x1e,
    0x04, 0x1e, 0x1e, 0x1f, 0x01, 0x55, 0x1e, 0x01, 0x01, 0x5b, 0x1e, 0x01, 0x0c, 0xa4, 0x1e, 0x01,
    0x0c, 0xa6, 0x1e, 0x04, 0x33, 0x33, 0xa4, 0x33, 0xae, 0x1e, 0x01, 0xa4, 0xb2, 0x1e, 0x02, 0x3f,
    0x01, 0xb5, 0x1e, 0x01, 0x01, 0xb7, 0x1e, 0x02, 0x1e, 0x1e, 0xc0, 0x1e, 0x01, 0xcf, 0xc2, 0x1e,
    0x02, 0xa4, 0x33, 0xce, 0x1e, 0x02, 0x01, 0x01, 0xd1, 0x1e, 0x01, 0x1e, 0xd3, 0x1e, 0x03, 0x1f,
    0x1e, 0x1f, 0xd7, 0x1e, 0x03, 0x01, 0x01, 0x01, 0x23, 0x1f, 0x0d, 0x0c, 0xfc, 0xcf, 0xd1, 0x6b,
    0xfc, 0xcf, 0xcf, 0xcf, 0xcf, 0x6a, 0xfd, 0x97, 0x31, 0x1f, 0x01, 0x33, 0x33, 0x1f, 0x04, 0xfc,
    0xfc, 0xfc, 0x01, 0x39, 0x1f, 0x01, 0x1e, 0x3d, 0x1f, 0x01, 0x1e, 0x40, 0x1f, 0x01, 0xcf, 0x43,
    0x1f, 0x01, 0xa4, 0x4e, 0x1f, 0x06, 0x01, 0x01, 0x01, 0x01, 0x01, 0x01, 0x55, 0x1f, 0x01, 0x1e,
    0x57, 0x1f, 0x03, 0x1f, 0x1f, 0x01, 0xa2, 0x1f, 0x02, 0x0c, 0xfc, 0xa5, 0x1f, 0x01, 0x1e, 0xb1,
    0x1f, 0x0c, 0xfc, 0x33, 0x33, 0x97, 0x33, 0x33, 0x33, 0x33, 0xfc, 0xfc, 0xfd, 0xfd, 0xc4, 0x1f,
    0x07, 0x33, 0x33, 0x33, 0x33, 0x33, 0x33, 0x33, 0xcc, 0x1f, 0x04, 0x33, 0x33, 0xfc, 0x1e, 0xd1,
    0x1f, 0x04, 0x01, 0x01, 0x01, 0x1e, 0xd6, 0x1f, 0x03, 0x1f, 0x1f, 0x01, 0xda, 0x1f, 0x03, 0x1e,
    0x1f, 0xfc, 0x21, 0x20, 0x02, 0x0c, 0xf0, 0x24, 0x20, 0x05, 0x1e, 0x1e, 0x01, 0x1e, 0x01, 0x2b,
    0x20, 0x01, 0x01, 0x30, 0x20, 0x02, 0xf0, 0x33, 0x34, 0x20, 0x01, 0xa4, 0x3a, 0x20, 0x03, 0xa4,
    0x97, 0x33, 0x3f, 0x20, 0x01, 0x33, 0x41, 0x20, 0x01, 0x1f, 0x43, 0x20, 0x01, 0x1e, 0x49, 0x20,
    0x01, 0x01, 0x4c, 0x20, 0x02, 0xfc, 0xe2, 0x4f, 0x20, 0x0f, 0x33, 0x33, 0x33, 0x33, 0xcf, 0xcf,
    0xce, 0xce, 0xcf, 0x75, 0xe2, 0xd1, 0xd1, 0xcf, 0x0c, 0xa0, 0x20, 0x03, 0x0c, 0xf0, 0x1e, 0xa5,
    0x20, 0x05, 0x1e, 0x1e, 0x1f, 0x01, 0x01, 0xac, 0x20, 0x01, 0x01, 0xb0, 0x20, 0x01, 0xd1, 0xb3,
    0x20, 0x04, 0xa4, 0x33, 0x33, 0xa4, 0xb8, 0x20, 0x01, 0xa4, 0xba, 0x20, 0x02, 0xa4, 0x33, 0xc4,
    0x20, 0x02, 0x1e, 0x1e, 0xcc, 0x20, 0x01, 0x01, 0xce, 0x20, 0x01, 0xcf, 0xd2, 0x20, 0x01, 0xa4,
    0xd5, 0x20, 0x02, 0xa4, 0xa4, 0xda, 0x20, 0x04, 0x33, 0x33, 0x33, 0x33, 0x1f, 0x21, 0x03, 0x0c,
    0xf1, 0xf1, 0x24, 0x21, 0x02, 0x1e, 0x1e, 0x28, 0x21, 0x02, 0x1f, 0x1e, 0x2c, 0x21, 0x01, 0x01,
    0x2f, 0x21, 0x02, 0xfc, 0x33, 0x32, 0x21, 0x01, 0xa4, 0x34, 0x21, 0x01, 0xa4, 0x36, 0x21, 0x01,
    0xa4, 0x38, 0x21, 0x01, 0xa4, 0x3a, 0x21, 0x01, 0xa4, 0x3e, 0x21, 0x02, 0x33, 0xcf, 0x43, 0x21,
    0x01, 0x1e, 0x45, 0x21, 0x02, 0x01, 0x01, 0x4e, 0x21, 0x01, 0xcf, 0x51, 0x21, 0x03, 0xa4, 0x33,
    0x33, 0x56, 0x21, 0x01, 0x33, 0x58, 0x21, 0x03, 0xa4, 0x33, 0x33, 0x5d, 0x21, 0x02, 0x33, 0x0c,
    0x9e, 0x21, 0x07, 0x0c, 0xf0, 0xfc, 0x01, 0x01, 0x01, 0x1e, 0xaa, 0x21, 0x02, 0x1f, 0x01, 0xae,
    0x21, 0x02, 0xfd, 0xcf, 0xb1, 0x21, 0x04, 0xa4, 0x33, 0xa4, 0x33, 0xba, 0x21, 0x02, 0xa4, 0x33,
    0xbe, 0x21, 0x02, 0x33, 0xfc, 0xc4, 0x21, 0x05, 0x1e, 0x1f, 0x01, 0x01, 0x01, 0xcd, 0x21, 0x03,
    0x1e, 0xcf, 0x33, 0xd1, 0x21, 0x06, 0xa4, 0x97, 0x33, 0xa4, 0x33, 0xa4, 0xd8, 0x21, 0x03, 0xa4,
    0x97, 0x33, 0xde, 0x21, 0x02, 0x3f, 0x3f, 0x1d, 0x22, 0x09, 0x0c, 0xf0, 0xfc, 0x01, 0x01, 0x01,
    0x01, 0x01, 0x01, 0x27, 0x22, 0x01, 0x1e, 0x2a, 0x22, 0x03, 0x1e, 0x1e, 0x1e, 0x2e, 0x22, 0x02,
    0xce, 0x33, 0x31, 0x22, 0x02, 0xa4, 0x33, 0x38, 0x22, 0x02, 0xa4, 0x33, 0x3f, 0x22, 0x01, 0xfd,
    0x43, 0x22, 0x02, 0x1e, 0x1e, 0x47, 0x22, 0x01, 0x1f, 0x4a, 0x22, 0x02, 0x01, 0x01, 0x4e, 0x22,
    0x02, 0xcf, 0x33, 0x53, 0x22, 0x01, 0x33, 0x58, 0x22, 0x03, 0xa4, 0x97, 0x33, 0x5e, 0x22, 0x02,
    0x33, 0x3f, 0x9c, 0x22, 0x0c, 0x0c, 0x3f, 0x3f, 0xfc, 0xfc, 0xfc, 0xfd, 0xfd, 0xfd, 0xfd, 0x01,
    0x1f, 0xa9, 0x22, 0x01, 0x1e, 0xab, 0x22, 0x01, 0x1e, 0xad, 0x22, 0x07, 0xfc, 0xcf, 0x33, 0xa4,
    0x33, 0xa4, 0x33, 0xbe, 0x22, 0x02, 0xcf, 0xfd, 0xc2, 0x22, 0x01, 0x01, 0xca, 0x22, 0x02, 0x1f,
    0x01, 0xcd, 0x22, 0x03, 0x01, 0xce, 0xce, 0xd1, 0x22, 0x01, 0x33, 0xd7, 0x22, 0x02, 0xa4, 0x33,
    0xdf, 0x22, 0x02, 0x3f, 0x0c, 0x1b, 0x23, 0x17, 0x0c, 0x3f, 0x3f, 0x75, 0xfc, 0xcf, 0xcf, 0xcf,
    0xcf, 0xcf, 0x6a, 0xce, 0xce, 0xce, 0xd1, 0xd1, 0xd1, 0xe2, 0xfc, 0xe2, 0x33, 0x33, 0x33, 0x37,
    0x23, 0x04, 0xa4, 0x33, 0xa4, 0x97, 0x3c, 0x23, 0x04, 0x33, 0x97, 0xcf, 0xfc, 0x41, 0x23, 0x01,
    0x01, 0x44, 0x23, 0x04, 0x01, 0x01, 0x1e, 0x1e, 0x49, 0x23, 0x01, 0x1e, 0x4b, 0x23, 0x05, 0x1e,
    0x01, 0x1f, 0xcf, 0xce, 0x53, 0x23, 0x02, 0xa4, 0x33, 0x5f, 0x23, 0x02, 0x3f, 0x3f, 0x9a, 0x23,
    0x03, 0x0c, 0x3f, 0x3f, 0xa0, 0x23, 0x02, 0xa4, 0x33, 0xa7, 0x23, 0x12, 0xa4, 0x33, 0x33, 0x33,
    0x33, 0xfc, 0xe2, 0xe2, 0xfc, 0xfc, 0xfc, 0x33, 0x33, 0x33, 0x33, 0x33, 0x33, 0x33, 0xbf, 0x23,
    0x02, 0xfc, 0x1e, 0xc4, 0x23, 0x01, 0x01, 0xc7, 0x23, 0x02, 0x1f, 0x1f, 0xcb, 0x23, 0x06, 0x1e,
    0x1e, 0x1e, 0xcf, 0xcf, 0x33, 0xd3, 0x23, 0x02, 0xa4, 0x33, 0xd8, 0x23, 0x02, 0xa4, 0x33, 0xdd,
    0x23, 0x05, 0xa4, 0x33, 0x33, 0x3f, 0x0c, 0x19, 0x24, 0x05, 0x0c, 0x3f, 0x3f, 0x33, 0xa4, 0x20,
    0x24, 0x02, 0xa4, 0xa4, 0x27, 0x24, 0x02, 0xa4, 0x33, 0x2b, 0x24, 0x05, 0x33, 0xce, 0xcf, 0x01,
    0x1e, 0x31, 0x24, 0x01, 0x1e, 0x38, 0x24, 0x01, 0x01, 0x3b, 0x24, 0x08, 0x01, 0x1e, 0xd1, 0xd1,
    0x33, 0x75, 0xfc, 0xcf, 0x45, 0x24, 0x07, 0xfc, 0xfc, 0xfc, 0xfd, 0xfd, 0xfd, 0x1e, 0x4e, 0x24,
    0x0d, 0xd1, 0xd1, 0x33, 0x75, 0xd1, 0xcf, 0xcf, 0xcf, 0xcf, 0x33, 0x33, 0x33, 0x97, 0x5c, 0x24,
    0x01, 0x33, 0x5f, 0x24, 0x04, 0x33, 0x0c, 0x0c, 0x0c, 0x98, 0x24, 0x05, 0x3f, 0x3f, 0x3f, 0x33,
    0xa4, 0x9f, 0x24, 0x04, 0xa4, 0x97, 0x33, 0xa4, 0xa4, 0x24, 0x01, 0xa4, 0xa6, 0x24, 0x02, 0xa4,
    0x33, 0xaa, 0x24, 0x05, 0x33, 0xcf, 0xd1, 0xfc, 0x01, 0xb0, 0x24, 0x03, 0x01, 0x01, 0x1e, 0xba,
    0x24, 0x01, 0x01, 0xbc, 0x24, 0x08, 0xfc, 0xcf, 0xd1, 0x33, 0xa4, 0x33, 0xa4, 0x33, 0xc9, 0x24,
    0x02, 0xa4, 0x33, 0xd0, 0x24, 0x13, 0xa4, 0xfc, 0xfc, 0xe2, 0xe2, 0xfc, 0xfc, 0xfc, 0xcf, 0xcf,
    0x6b, 0xfc, 0xcf, 0x6a, 0x6b, 0xcf, 0xfc, 0xee, 0xee, 0x17, 0x25, 0x04, 0x3f, 0x3f, 0x3f, 0x3f,
    0x1c, 0x25, 0x01, 0x33, 0x22, 0x25, 0x01, 0xa4, 0x2a, 0x25, 0x03, 0xcf, 0xcf, 0xd1, 0x2f, 0x25,
    0x01, 0x1e, 0x31, 0x25, 0x02, 0x01, 0x01, 0x3c, 0x25, 0x03, 0xfc, 0xcf, 0xcf, 0x40, 0x25, 0x04,
    0xa4, 0x33, 0xa4, 0x33, 0x47, 0x25, 0x02, 0xa4, 0x33, 0x4e, 0x25, 0x05, 0xcf, 0xcf, 0xd1, 0xe2,
    0x01, 0x55, 0x25, 0x02, 0x01, 0x1e, 0x5a, 0x25, 0x03, 0x01, 0x01, 0x01, 0x5e, 0x25, 0x06, 0xfc,
    0xfc, 0xfc, 0xf1, 0xf0, 0x0c, 0x96, 0x25, 0x06, 0x3f, 0x3f, 0x3f, 0x3f, 0x33, 0x33, 0x9e, 0x25,
    0x01, 0xa4, 0xa2, 0x25, 0x01, 0x33, 0xa4, 0x25, 0x01, 0xa4, 0xa6, 0x25, 0x0c, 0xa4, 0xa4, 0x33,
    0x33, 0xcf, 0xcf, 0xfc, 0x1e, 0x1e, 0x1e, 0x1f, 0x1e, 0xb3, 0x25, 0x03, 0x01, 0x01, 0x01, 0xbc,
    0x25, 0x03, 0x1e, 0xcf, 0xcf, 0xc0, 0x25, 0x02, 0xa4, 0x33, 0xc3, 0x25, 0x02, 0xa4, 0xa4, 0xc6,
    0x25, 0x02, 0xa4, 0xa4, 0xce, 0x25, 0x05, 0xcf, 0xce, 0xcf, 0xfc, 0x1e, 0xd7, 0x25, 0x01, 0x01,
    0xe1, 0x25, 0x03, 0xf0, 0xf0, 0xf1, 0x15, 0x26, 0x06, 0x3f, 0x3f, 0x3f, 0x3f, 0x3f, 0x33, 0x1d,
    0x26, 0x03, 0xa4, 0xa4, 0x33, 0x21, 0x26, 0x03, 0x33, 0x33, 0xa4, 0x26, 0x26, 0x07, 0xa4, 0x33,
    0x33, 0xcf, 0xcf, 0xcf, 0x1e, 0x30, 0x26, 0x01, 0x1e, 0x32, 0x26, 0x01, 0x1f, 0x34, 0x26, 0x03,
    0x01, 0x01, 0x01, 0x3b, 0x26, 0x04, 0xfc, 0xcf, 0xcf, 0xcf, 0x43, 0x26, 0x02, 0x33, 0xa4, 0x46,
    0x26, 0x02, 0x33, 0x33, 0x4a, 0x26, 0x02, 0xa4, 0x33, 0x4e, 0x26, 0x04, 0xd1, 0xcf, 0xcf, 0xf0,
    0x53, 0x26, 0x01, 0x1e, 0x55, 0x26, 0x02, 0x1e, 0x1e, 0x59, 0x26, 0x02, 0x01, 0x01, 0x61, 0x26,
    0x04, 0xfc, 0xf0, 0xf0, 0x0c, 0x94, 0x26, 0x06, 0x3f, 0x3f, 0x3f, 0x3f, 0x33, 0x33, 0x9c, 0x26,
    0x01, 0xa4, 0xa1, 0x26, 0x01, 0x33, 0xa4, 0x26, 0x01, 0xa4, 0xa8, 0x26, 0x04, 0xce, 0xce, 0xcf,
    0xfc, 0xb0, 0x26, 0x01, 0x1e, 0xb3, 0x26, 0x02, 0x1e, 0x1f, 0xb6, 0x26, 0x01, 0x01, 0xb8, 0x26,
    0x01, 0x01, 0xbb, 0x26, 0x07, 0xfc, 0xcf, 0xcf, 0xcf, 0xa4, 0xa4, 0x33, 0xc3, 0x26, 0x03, 0xa4,
    0x97, 0xa4, 0xc8, 0x26, 0x02, 0xa4, 0x33, 0xcb, 0x26, 0x01, 0xa4, 0xce, 0x26, 0x04, 0x33, 0xcf,
    0xd1, 0xd1, 0xd5, 0x26, 0x01, 0x1e, 0xd7, 0x26, 0x02, 0x1e, 0x1e, 0xdb, 0x26, 0x02, 0x01, 0x01,
    0xe2, 0x26, 0x03, 0xf0, 0xf0, 0xf0, 0x13, 0x27, 0x06, 0x3f, 0x3f, 0x3f, 0x3f, 0x33, 0x33, 0x1b,
    0x27, 0x01, 0xa4, 0x1f, 0x27, 0x01, 0xa4, 0x23, 0x27, 0x02, 0xa4, 0x33, 0x27, 0x27, 0x06, 0x33,
    0xce, 0xce, 0xce, 0x01, 0x01, 0x2f, 0x27, 0x01, 0x1e, 0x31, 0x27, 0x01, 0x1e, 0x35, 0x27, 0x02,
    0x1e, 0x01, 0x3a, 0x27, 0x01, 0x01, 0x3c, 0x27, 0x03, 0xcf, 0xcf, 0xcf, 0x40, 0x27, 0x01, 0x33,
    0x44, 0x27, 0x01, 0x33, 0x47, 0x27, 0x01, 0xa4, 0x4c, 0x27, 0x01, 0x33, 0x4e, 0x27, 0x07, 0x33,
    0xcf, 0xcf, 0xd1, 0xfc, 0x1e, 0x1e, 0x58, 0x27, 0x05, 0x1f, 0x1e, 0x1e, 0x1e, 0x01, 0x5e, 0x27,
    0x03, 0x01, 0x01, 0x1e, 0x62, 0x27, 0x04, 0xfc, 0xf0, 0xf0, 0xf0, 0x92, 0x27, 0x06, 0x3f, 0x3f,
    0x3f, 0x9b, 0x0c, 0x33, 0x9c, 0x27, 0x01, 0x33, 0x9e, 0x27, 0x03, 0xa4, 0xa4, 0x33, 0xa4, 0x27,
    0x01, 0x33, 0xa6, 0x27, 0x05, 0x33, 0xcf, 0xcf, 0xce, 0xce, 0xad, 0x27, 0x01, 0x01, 0xb0, 0x27,
    0x02, 0x1e, 0x1e, 0xb3, 0x27, 0x02, 0x1e, 0x1e, 0xb6, 0x27, 0x03, 0x1e, 0x1e, 0x01, 0xbb, 0x27,
    0x04, 0xce, 0xce, 0xcf, 0xcf, 0xc0, 0x27, 0x01, 0x33, 0xc2, 0x27, 0x01, 0xa4, 0xc8, 0x27, 0x01,
    0x33, 0xca, 0x27, 0x02, 0xa4, 0x33, 0xce, 0x27, 0x08, 0x33, 0xcf, 0xcf, 0xcf, 0xfc, 0x1f, 0x1e,
    0x1e, 0xd7, 0x27, 0x06, 0x01, 0x01, 0x1f, 0x1f, 0x1e, 0x1e, 0xde, 0x27, 0x09, 0x01, 0x01, 0x01,
    0x01, 0x1e, 0xf0, 0xf0, 0xf0, 0x0c, 0x12, 0x28, 0x07, 0x9b, 0x9b, 0x0c, 0x0c, 0x33, 0x33, 0x33,
    0x1b, 0x28, 0x01, 0x33, 0x1f, 0x28, 0x02, 0xa4, 0x33, 0x23, 0x28, 0x02, 0x33, 0xa4, 0x26, 0x28,
    0x05, 0xcf, 0xcf, 0xcf, 0xcf, 0xfc, 0x2c, 0x28, 0x01, 0x01, 0x30, 0x28, 0x03, 0x01, 0x1e, 0x1e,
    0x35, 0x28, 0x02, 0x1e, 0x1e, 0x38, 0x28, 0x07, 0x1e, 0x1f, 0xfc, 0xce, 0xce, 0xce, 0x6a, 0x42,
    0x28, 0x01, 0xa4, 0x46, 0x28, 0x01, 0xa4, 0x4a, 0x28, 0x01, 0xa4, 0x4e, 0x28, 0x12, 0x33, 0xcf,
    0xcf, 0xcf, 0xcf, 0x1f, 0x01, 0x1f, 0x1e, 0x1e, 0x1e, 0x01, 0x1f, 0x01, 0x1f, 0x1e, 0x1e, 0x1e,
    0x61, 0x28, 0x06, 0x01, 0x1f, 0xf1, 0xf1, 0xf0, 0xf0, 0x92, 0x28, 0x12, 0x6c, 0x6c, 0x6c, 0x9b,
    0xa5, 0xa5, 0xa5, 0x01, 0xa4, 0xa4, 0xa4, 0x33, 0x33, 0x33, 0x33, 0x33, 0xa4, 0x33, 0xa5, 0x28,
    0x05, 0x33, 0xcf, 0xd1, 0xcf, 0xcf, 0xad, 0x28, 0x01, 0x01, 0xb1, 0x28, 0x02, 0x1f, 0x1e, 0xb7,
    0x28, 0x01, 0x1e, 0xbb, 0x28, 0x05, 0xcf, 0xce, 0xce, 0x33, 0x33, 0xc2, 0x28, 0x01, 0xa4, 0xc6,
    0x28, 0x02, 0xa4, 0x33, 0xcb, 0x28, 0x02, 0xa4, 0x33, 0xce, 0x28, 0x05, 0x33, 0xce, 0xce, 0xcf,
    0xcf, 0xd5, 0x28, 0x06, 0x1f, 0x01, 0x1f, 0x1f, 0x1e, 0x1e, 0xdc, 0x28, 0x06, 0x1e, 0x1f, 0x1f,
    0x01, 0x1f, 0x1e, 0xe3, 0x28, 0x05, 0xfd, 0xf1, 0xf1, 0xf1, 0x0c, 0x12, 0x29, 0x09, 0x5d, 0x5d,
    0x60, 0xa4, 0x53, 0x53, 0xa4, 0x33, 0xa4, 0x1c, 0x29, 0x04, 0x53, 0xbc, 0xa5, 0xa5, 0x21, 0x29,
    0x08, 0x01, 0x97, 0xa4, 0x97, 0xe2, 0xd1, 0x33, 0x33, 0x2a, 0x29, 0x01, 0xe2, 0x2d, 0x29, 0x03,
    0x01, 0x01, 0x01, 0x31, 0x29, 0x03, 0x1f, 0x1f, 0x1f, 0x36, 0x29, 0x0a, 0x1e, 0x1e, 0x1e, 0x1f,
    0xcf, 0xcf, 0xcf, 0xcf, 0x33, 0x33, 0x42, 0x29, 0x01, 0xa4, 0x46, 0x29, 0x01, 0xa4, 0x4b, 0x29,
    0x02, 0xa4, 0x33, 0x4e, 0x29, 0x06, 0x33, 0xce, 0xce, 0xce, 0xce, 0xfd, 0x57, 0x29, 0x04, 0x1f,
    0x01, 0x1f, 0x1f, 0x5e, 0x29, 0x0a, 0x1e, 0x1f, 0x1f, 0x01, 0x01, 0x01, 0xf0, 0xf1, 0xf1, 0xf1,
    0x93, 0x29, 0x02, 0x5d, 0xa4, 0x97, 0x29, 0x18, 0xc6, 0x51, 0x62, 0x62, 0xa4, 0x62, 0x60, 0x60,
    0x60, 0x97, 0x97, 0x33, 0x60, 0x60, 0x60, 0x60, 0x60, 0x97, 0x96, 0x96, 0x96, 0x96, 0x97, 0x6b,
    0xb0, 0x29, 0x07, 0xfc, 0xfc, 0xfc, 0xfd, 0xfd, 0x1f, 0x1f, 0xb8, 0x29, 0x06, 0x1e, 0xe2, 0xd1,
    0xcf, 0xd1, 0xd1, 0xc3, 0x29, 0x01, 0x33, 0xc6, 0x29, 0x02, 0xa4, 0x33, 0xcb, 0x29, 0x02, 0xa4,
    0x33, 0xcf, 0x29, 0x07, 0xfc, 0xcf, 0xcf, 0xce, 0xfd, 0x1f, 0x01, 0xd9, 0x29, 0x06, 0x1e, 0x1f,
    0x1f, 0x1f, 0x01, 0x1e, 0xe1, 0x29, 0x08, 0x1e, 0x1f, 0x1f, 0xfc, 0xf0, 0xf0, 0xf0, 0xf1, 0x13,
    0x2a, 0x0a, 0x5d, 0x5d, 0x31, 0x53, 0x31, 0x62, 0x31, 0xf7, 0xde, 0x18, 0x1e, 0x2a, 0x15, 0xbc,
    0xa5, 0xc7, 0xc7, 0xc6, 0xc7, 0xc7, 0xc7, 0xc7, 0xf6, 0x01, 0xf6, 0xf6, 0x01, 0xa5, 0xa4, 0xa5,
    0xf6, 0x19, 0x01, 0x01, 0x34, 0x2a, 0x01, 0x01, 0x38, 0x2a, 0x0f, 0x48, 0x23, 0xdf, 0xdf, 0xdf,
    0xfc, 0xfc, 0x33, 0x33, 0x33, 0x33, 0x33, 0x33, 0x33, 0x97, 0x48, 0x2a, 0x02, 0x33, 0x97, 0x4b,
    0x2a, 0x03, 0x33, 0x33, 0x33, 0x4f, 0x2a, 0x0a, 0xfc, 0xcf, 0xcf, 0xcf, 0xcf, 0x1f, 0x01, 0x01,
    0x01, 0x01, 0x5b, 0x2a, 0x0f, 0x1e, 0x1e, 0x1e, 0x1f, 0x1f, 0x01, 0x01, 0x1e, 0x1e, 0xe2, 0xee,
    0xee, 0xee, 0xee, 0x0c, 0x95, 0x2a, 0x1b, 0x5d, 0x5d, 0x5d, 0x3a, 0x69, 0x60, 0x31, 0x31, 0xc6,
    0x31, 0x31, 0x53, 0x31, 0xc6, 0x31, 0x31, 0xc6, 0xc6, 0xf7, 0xa4, 0x53, 0xc6, 0xc6, 0x62, 0x62,
    0xa4, 0x62, 0xb3, 0x2a, 0x03, 0xa4, 0xf7, 0x53, 0xb8, 0x2a, 0x06, 0xef, 0xbc, 0xef, 0xef, 0x19,
    0xa5, 0xbf, 0x2a, 0x09, 0xf6, 0x18, 0x18, 0xec, 0x96, 0x96, 0x96, 0x96, 0x96, 0xc9, 0x2a, 0x06,
    0xa4, 0xa4, 0xa4, 0xec, 0xec, 0xfc, 0xd0, 0x2a, 0x1a, 0xeb, 0xf5, 0xfc, 0xfc, 0x6b, 0x6b, 0x6b,
    0x6a, 0x22, 0x22, 0x22, 0x22, 0x1e, 0x1e, 0x1e, 0x1e, 0xeb, 0xe2, 0xfc, 0xfc, 0xfc, 0x0c, 0x0c,
    0x0c, 0x0c, 0x0c, 0x15, 0x2b, 0x0f, 0x5d, 0x5d, 0x9b, 0x9b, 0x9b, 0x9b, 0x3f, 0x3f, 0x3f, 0x3f,
    0x5d, 0x5d, 0x58, 0x58, 0x33, 0x29, 0x2b, 0x01, 0x62, 0x2d, 0x2b, 0x0b, 0x62, 0xc6, 0xc6, 0x62,
    0x62, 0xc6, 0xc6, 0x31, 0x31, 0x31, 0xc6, 0x3a, 0x2b, 0x01, 0x31, 0x3d, 0x2b, 0x03, 0x53, 0xf7,
    0x53, 0x42, 0x2b, 0x28, 0xa4, 0x01, 0x01, 0xa5, 0xa4, 0xf7, 0xec, 0x9c, 0x69, 0x8f, 0xde, 0x96,
    0x33, 0x96, 0x96, 0x6a, 0x6a, 0x6b, 0x9c, 0x9c, 0x9c, 0x6b, 0xcf, 0x73, 0x72, 0x6a, 0x6b, 0x6b,
    0xd1, 0x74, 0x74, 0x74, 0x74, 0x75, 0xcf, 0x96, 0x5d, 0x9b, 0x5d, 0x6c, 0x96, 0x2b, 0x18, 0x5d,
    0x5d, 0x5d, 0x3f, 0x5d, 0x5d, 0x5d, 0x5d, 0x9b, 0x5d, 0x5d, 0x5d, 0x5d, 0x9b, 0x9b, 0x3f, 0x3f,
    0x5d, 0x5d, 0x5d, 0x5d, 0x58, 0x51, 0x33, 0xaf, 0x2b, 0x05, 0xa4, 0xc6, 0xc6, 0xc6, 0x62, 0xb5,
    0x2b, 0x03, 0x62, 0x62, 0xc6, 0xb9, 0x2b, 0x01, 0xc6, 0xbb, 0x2b, 0x01, 0x62, 0xbd, 0x2b, 0x01,
    0x62, 0xc1, 0x2b, 0x28, 0x31, 0xa4, 0x31, 0xc6, 0x62, 0x31, 0xc6, 0xbc, 0xf6, 0xf6, 0xf6, 0xf7,
    0xf7, 0xa5, 0x01, 0x01, 0xa4, 0xa4, 0xf7, 0xbf, 0x9c, 0x60, 0x97, 0x33, 0x60, 0x60, 0x9c, 0x9c,
    0x6a, 0x6a, 0x6a, 0x6b, 0x75, 0xd1, 0xd1, 0xcf, 0xcf, 0x6c, 0x3f, 0x5d, 0x20, 0x2c, 0x18, 0x05,
    0x05, 0x0c, 0x0c, 0x5d, 0x5d, 0x5d, 0x5d, 0x5d, 0x5d, 0x5d, 0x5d, 0x5d, 0x3f, 0x5d, 0x5d, 0x5d,
    0x5d, 0x9b, 0x5d, 0x5d, 0x58, 0x51, 0x97, 0x3d, 0x2c, 0x01, 0x62, 0x42, 0x2c, 0x01, 0x62, 0x46,
    0x2c, 0x01, 0xc6, 0x48, 0x2c, 0x21, 0xf7, 0x53, 0x53, 0xc6, 0x53, 0x31, 0x31, 0x62, 0x62, 0x31,
    0x62, 0xde, 0xbc, 0xc7, 0xc7, 0xa5, 0x62, 0xc6, 0xc6, 0x8e, 0x8e, 0xcf, 0x58, 0x51, 0x51, 0x51,
    0x51, 0x33, 0xad, 0xb3, 0x51, 0x05, 0x5d, 0xbd, 0x2c, 0x07, 0x05, 0x09, 0x58, 0x51, 0x51, 0xc6,
    0x62, 0xc6, 0x2c, 0x03, 0xc6, 0xa4, 0x62, 0xcc, 0x2c, 0x01, 0x62, 0xd2, 0x2c, 0x05, 0xa4, 0x31,
    0x31, 0x31, 0xc6, 0xd8, 0x2c, 0x11, 0x62, 0x31, 0x31, 0xde, 0xc7, 0xa5, 0x62, 0xc7, 0xc6, 0xc6,
    0xc6, 0x3a, 0xa4, 0xf7, 0x9b, 0x9b, 0x5d, 0x44, 0x2d, 0x20, 0x05, 0x0c, 0x5d, 0x5d, 0x9b, 0x5d,
    0x5d, 0x5d, 0x5d, 0x5d, 0x5d, 0x5d, 0x9b, 0x3f, 0x3f, 0x58, 0x58, 0x58, 0x58, 0x51, 0x33, 0x60,
    0x60, 0x31, 0x31, 0xc6, 0xc6, 0x62, 0x31, 0x31, 0xf7, 0x3a, 0x65, 0x2d, 0x04, 0x31, 0x5d, 0x5d,
    0x05, 0xcb, 0x2d, 0x1b, 0x05, 0x0c, 0x5d, 0x5d, 0x5d, 0x5d, 0x5d, 0x3f, 0x5d, 0x5d, 0x5d, 0x5d,
    0x5d, 0x9b, 0x3f, 0x5d, 0x5d, 0x5d, 0x5d, 0x3f, 0x5d, 0x5d, 0x6c, 0x6c, 0x6c, 0x5d, 0x5d, 0x54,
    0x2e, 0x11, 0x05, 0x0c, 0x0c, 0x5d, 0x9b, 0x5d, 0x5d, 0x5d, 0x5d, 0x5d, 0x9b, 0x5d, 0x5d, 0x9b,
    0x9b, 0x5d, 0x05, 0xdf, 0x2e, 0x06, 0x05, 0x0c, 0x0c, 0x5d, 0x5d, 0x05, 0xb1, 0x18, 0x01, 0x0c,
    0xb3, 0x18, 0x03, 0x0c, 0x0c, 0x0c, 0xb7, 0x18, 0x06, 0x0c, 0x0c, 0x0c, 0x0c, 0x0c, 0x0c, 0x30,
    0x19, 0x02, 0x3f, 0x33, 0x33, 0x19, 0x03, 0x33, 0xa4, 0xa4, 0x38, 0x19, 0x01, 0xa4, 0x3a, 0x19,
    0x02, 0xd1, 0x0c, 0x49, 0x19, 0x08, 0x0c, 0x0c, 0x0c, 0x0c, 0x0c, 0x0c, 0x0c, 0x0c, 0xaf, 0x19,
    0x03, 0x3f, 0x3f, 0xa4, 0xb3, 0x19, 0x01, 0x33, 0xb6, 0x19, 0x01, 0x33, 0xb9, 0x19, 0x05, 0x33,
    0xfc, 0x1e, 0x1e, 0x1f, 0xc3, 0x19, 0x02, 0xcf, 0x33, 0xc6, 0x19, 0x02, 0x33, 0x97, 0xc9, 0x19,
    0x02, 0xa4, 0xa4, 0xcd, 0x19, 0x0b, 0x33, 0xe2, 0xf0, 0xfc, 0xfc, 0xfc, 0xfc, 0xfc, 0xfc, 0xf0,
    0x0c, 0x2e, 0x1a, 0x04, 0x0c, 0xe2, 0x33, 0x33, 0x33, 0x1a, 0x09, 0x33, 0x33, 0x33, 0x97, 0x97,
    0x33, 0xcf, 0x01, 0x01, 0x3d, 0x1a, 0x01, 0x1e, 0x3f, 0x1a, 0x03, 0x1e, 0x01, 0x01, 0x43, 0x1a,
    0x01, 0xcf, 0x46, 0x1a, 0x01, 0x33, 0x4a, 0x1a, 0x02, 0x33, 0x33, 0x4d, 0x1a, 0x06, 0x33, 0xfc,
    0x1e, 0x1e, 0x1e, 0x1e, 0x54, 0x1a, 0x01, 0x01, 0x57, 0x1a, 0x03, 0x01, 0xee, 0x0c, 0xad, 0x1a,
    0x05, 0xe2, 0x1e, 0x1e, 0x01, 0x01, 0xb6, 0x1a, 0x03, 0x01, 0x01, 0xcf, 0xba, 0x1a, 0x05, 0x1e,
    0xfc, 0xfc, 0xfc, 0xfd, 0xc4, 0x1a, 0x02, 0x33, 0xa4, 0xcb, 0x1a, 0x01, 0x33, 0xcd, 0x1a, 0x04,
    0x33, 0xfc, 0x01, 0x01, 0xd2, 0x1a, 0x01, 0x1e, 0xd4, 0x1a, 0x02, 0x1e, 0x1f, 0xd7, 0x1a, 0x03,
    0x01, 0xfc, 0xf0, 0x2c, 0x1b, 0x01, 0xfc, 0x30, 0x1b, 0x03, 0x1e, 0x1e, 0x01, 0x37, 0x1b, 0x02,
    0xfc, 0xce, 0x3a, 0x1b, 0x01, 0xa4, 0x3f, 0x1b, 0x01, 0xa4, 0x42, 0x1b, 0x01, 0x33, 0x44, 0x1b,
    0x02, 0x1e, 0x1e, 0x4b, 0x1b, 0x01, 0xfc, 0x51, 0x1b, 0x04, 0xfd, 0xfd, 0xfc, 0xe2, 0x56, 0x1b,
    0x04, 0x1e, 0x1e, 0x01, 0xf1, 0xab, 0x1b, 0x02, 0xfc, 0x01, 0xae, 0x1b, 0x01, 0x01, 0xb0, 0x1b,
    0x01, 0x1e, 0xb7, 0x1b, 0x01, 0x33, 0xb9, 0x1b, 0x02, 0xa4, 0x97, 0xbc, 0x1b, 0x03, 0xa4, 0xa4,
    0xa4, 0xc2, 0x1b, 0x01, 0xcf, 0xc4, 0x1b, 0x01, 0x1e, 0xc7, 0x1b, 0x01, 0x01, 0xca, 0x1b, 0x01,
    0x01, 0xcd, 0x1b, 0x01, 0xe2, 0xd5, 0x1b, 0x04, 0xcf, 0xce, 0x33, 0x33, 0xda, 0x1b, 0x01, 0x0c,
    0x2a, 0x1c, 0x02, 0xfc, 0x1e, 0x2e, 0x1c, 0x05, 0xfd, 0xfd, 0xfd, 0xfc, 0xe2, 0x36, 0x1c, 0x01,
    0x0c, 0x39, 0x1c, 0x01, 0xa4, 0x3e, 0x1c, 0x01, 0x33, 0x41, 0x1c, 0x02, 0x33, 0xfd, 0x49, 0x1c,
    0x01, 0x1f, 0x4d, 0x1c, 0x01, 0xfc, 0x50, 0x1c, 0x01, 0x33, 0x54, 0x1c, 0x01, 0xa4, 0x59, 0x1c,
    0x02, 0x33, 0x0c, 0xa8, 0x1c, 0x02, 0x0c, 0x3f, 0xab, 0x1c, 0x0a, 0xa4, 0x97, 0x33, 0x33, 0x33,
    0x33, 0x33, 0xfd, 0xfd, 0xe2, 0xb8, 0x1c, 0x06, 0x33, 0x33, 0x33, 0x33, 0x33, 0x33, 0xc1, 0x1c,
    0x02, 0x33, 0x1e, 0xc8, 0x1c, 0x01, 0x1e, 0xca, 0x1c, 0x01, 0x1e, 0xcc, 0x1c, 0x02, 0x01, 0xfd,
    0xd0, 0x1c, 0x02, 0x33, 0x33, 0xd5, 0x1c, 0x01, 0x33, 0xda, 0x1c, 0x01, 0x3f, 0x27, 0x1d, 0x01,
    0x0c, 0x2d, 0x1d, 0x05, 0xa4, 0x97, 0xa4, 0xa4, 0x33, 0x35, 0x1d, 0x01, 0xcf, 0x38, 0x1d, 0x01,
    0x1e, 0x3d, 0x1d, 0x04, 0x01, 0xfc, 0xfc, 0xe2, 0x42, 0x1d, 0x01, 0x33, 0x46, 0x1d, 0x03, 0x33,
    0xfc, 0xfc, 0x4d, 0x1d, 0x01, 0xe2, 0x51, 0x1d, 0x01, 0x33, 0x56, 0x1d, 0x01, 0x97, 0x5a, 0x1d,
    0x01, 0x33, 0xa8, 0x1d, 0x03, 0xa4, 0x97, 0x33, 0xae, 0x1d, 0x03, 0xa4, 0x33, 0x33, 0xb4, 0x1d,
    0x06, 0xcf, 0x1e, 0x1e, 0x1e, 0x01, 0x01, 0xbe, 0x1d, 0x02, 0x1e, 0x1e, 0xc7, 0x1d, 0x01, 0xa4,
    0xcd, 0x1d, 0x02, 0x33, 0xfc, 0xd3, 0x1d, 0x05, 0x33, 0x33, 0x33, 0x33, 0x33, 0xd9, 0x1d, 0x01,
    0xa4, 0xdb, 0x1d, 0x01, 0x0c, 0x24, 0x1e, 0x01, 0x0c, 0x26, 0x1e, 0x01, 0x33, 0x28, 0x1e, 0x01,
    0xa4, 0x33, 0x1e, 0x02, 0x33, 0x01, 0x36, 0x1e, 0x02, 0x1e, 0x1e, 0x3a, 0x1e, 0x02, 0x1f, 0x01,
    0x3d, 0x1e, 0x01, 0x01, 0x44, 0x1e, 0x01, 0x33, 0x47, 0x1e, 0x01, 0xa4, 0x4d, 0x1e, 0x04, 0x33,
    0x1e, 0x1f, 0x1e, 0x52, 0x1e, 0x01, 0x01, 0x55, 0x1e, 0x06, 0xcf, 0xcf, 0xcf, 0xcf, 0xfc, 0xfc,
    0xa5, 0x1e, 0x04, 0xe2, 0xe2, 0xfc, 0xcf, 0xac, 0x1e, 0x03, 0x33, 0x33, 0x33, 0xb0, 0x1e, 0x03,
    0x33, 0xa4, 0x0c, 0xb4, 0x1e, 0x01, 0x01, 0xb6, 0x1e, 0x03, 0x01, 0x1e, 0x1e, 0xbf, 0x1e, 0x01,
    0x01, 0xcd, 0x1e, 0x03, 0x33, 0x1e, 0x1e, 0xd1, 0x1e, 0x03, 0x1e, 0x1f, 0x01, 0xd5, 0x1e, 0x01,
    0x01, 0xdb, 0x1e, 0x01, 0xfc, 0x23, 0x1f, 0x01, 0xe2, 0x26, 0x1f, 0x02, 0x1e, 0x1e, 0x2d, 0x1f,
    0x01, 0x01, 0x2f, 0x1f, 0x02, 0xfc, 0xfc, 0x32, 0x1f, 0x03, 0xe2, 0xfc, 0xfc, 0x36, 0x1f, 0x05,
    0xfc, 0xfd, 0xfd, 0xfc, 0x1e, 0x3f, 0x1f, 0x01, 0xfc, 0x42, 0x1f, 0x02, 0xa4, 0x97, 0x48, 0x1f,
    0x01, 0xa4, 0x4d, 0x1f, 0x0d, 0x33, 0x01, 0x01, 0x01, 0x1e, 0x1e, 0x01, 0x1e, 0x1f, 0x1e, 0x01,
    0x01, 0x01, 0xa2, 0x1f, 0x01, 0xfc, 0xa5, 0x1f, 0x01, 0x1e, 0xa8, 0x1f, 0x01, 0x01, 0xae, 0x1f,
    0x04, 0x01, 0x1e, 0xfc, 0x33, 0xb4, 0x1f, 0x01, 0xa4, 0xb9, 0x1f, 0x02, 0xcf, 0x6b, 0xbd, 0x1f,
    0x01, 0xfc, 0xc3, 0x1f, 0x01, 0x33, 0xc8, 0x1f, 0x02, 0xa4, 0x33, 0xcb, 0x1f, 0x01, 0x97, 0xcd,
    0x1f, 0x07, 0x33, 0x01, 0x01, 0x01, 0x01, 0x01, 0x01, 0xd5, 0x1f, 0x01, 0x1e, 0xd7, 0x1f, 0x03,
    0x1f, 0x01, 0x01, 0xdb, 0x1f, 0x01, 0x01, 0x21, 0x20, 0x01, 0xfc, 0x24, 0x20, 0x01, 0x1e, 0x26,
    0x20, 0x01, 0x1f, 0x29, 0x20, 0x03, 0x01, 0x01, 0x01, 0x30, 0x20, 0x01, 0x3f, 0x33, 0x20, 0x02,
    0xa4, 0xa4, 0x36, 0x20, 0x01, 0xa4, 0x39, 0x20, 0x03, 0xa4, 0x97, 0x33, 0x3f, 0x20, 0x01, 0xfc,
    0x41, 0x20, 0x01, 0x1f, 0x48, 0x20, 0x04, 0xfc, 0xfd, 0xfd, 0xfc, 0x4d, 0x20, 0x06, 0x33, 0xfc,
    0xfc, 0xfc, 0xfd, 0xfd, 0x55, 0x20, 0x03, 0x1f, 0x1f, 0x1e, 0x59, 0x20, 0x04, 0x1f, 0x1f, 0x1f,
    0xfc, 0x9f, 0x20, 0x03, 0x0c, 0xfd, 0x01, 0xa5, 0x20, 0x01, 0x1e, 0xa8, 0x20, 0x04, 0x1e, 0x01,
    0x01, 0x01, 0xaf, 0x20, 0x01, 0xcf, 0xb3, 0x20, 0x05, 0x97, 0x33, 0xa4, 0x97, 0xa4, 0xb9, 0x20,
    0x03, 0xa4, 0x97, 0x33, 0xbe, 0x20, 0x02, 0x33, 0xcf, 0xc3, 0x20, 0x02, 0x01, 0x1e, 0xcb, 0x20,
    0x01, 0x01, 0xcd, 0x20, 0x11, 0xcf, 0xd1, 0xcf, 0xcf, 0x33, 0x33, 0x33, 0x33, 0x33, 0xd1, 0xd1,
    0x75, 0xe2, 0xfc, 0xfc, 0xfd, 0x0c, 0x1e, 0x21, 0x03, 0x0c, 0xfc, 0x01, 0x22, 0x21, 0x01, 0x01,
    0x29, 0x21, 0x01, 0x1e, 0x2c, 0x21, 0x01, 0x01, 0x2e, 0x21, 0x02, 0xcf, 0x33, 0x31, 0x21, 0x02,
    0xa4, 0x97, 0x36, 0x21, 0x04, 0xa4, 0xa4, 0xa4, 0x33, 0x3b, 0x21, 0x01, 0x33, 0x3e, 0x21, 0x01,
    0xfc, 0x40, 0x21, 0x03, 0x1e, 0x1e, 0x1e, 0x44, 0x21, 0x01, 0x01, 0x4d, 0x21, 0x01, 0xcf, 0x50,
    0x21, 0x03, 0xa4, 0xa4, 0x33, 0x55, 0x21, 0x02, 0xa4, 0xa4, 0x58, 0x21, 0x06, 0x6a, 0xfd, 0xcf,
    0x33, 0x33, 0x0c, 0x9c, 0x21, 0x03, 0x0c, 0x0c, 0xe2, 0xa1, 0x21, 0x01, 0x01, 0xa4, 0x21, 0x02,
    0x01, 0x1e, 0xaa, 0x21, 0x01, 0x1e, 0xad, 0x21, 0x02, 0xfd, 0x33, 0xb1, 0x21, 0x02, 0xa4, 0x33,
    0xb8, 0x21, 0x01, 0x33, 0xbd, 0x21, 0x02, 0x33, 0xfc, 0xc2, 0x21, 0x01, 0x1e, 0xc4, 0x21, 0x01,
    0x1e, 0xc6, 0x21, 0x01, 0x01, 0xcd, 0x21, 0x01, 0xd1, 0xd1, 0x21, 0x02, 0xa4, 0x33, 0xd4, 0x21,
    0x03, 0xa4, 0x33, 0xa4, 0xd8, 0x21, 0x02, 0xa4, 0x33, 0xdd, 0x21, 0x01, 0x33, 0x1c, 0x22, 0x04,
    0x3f, 0x33, 0x6b, 0xfc, 0x22, 0x22, 0x06, 0xfc, 0xfd, 0xfd, 0xfd, 0x1f, 0x1e, 0x2c, 0x22, 0x02,
    0xfc, 0xcf, 0x31, 0x22, 0x02, 0xa4, 0x33, 0x37, 0x22, 0x03, 0xa4, 0x97, 0x33, 0x3e, 0x22, 0x02,
    0xce, 0x01, 0x42, 0x22, 0x02, 0x1e, 0x1e, 0x4d, 0x22, 0x01, 0xcf, 0x52, 0x22, 0x01, 0x33, 0x54,
    0x22, 0x02, 0xa4, 0xa4, 0x58, 0x22, 0x02, 0xa4, 0x33, 0x5d, 0x22, 0x02, 0x33, 0x0c, 0x9b, 0x22,
    0x02, 0x3f, 0x33, 0x9f, 0x22, 0x0a, 0x33, 0x33, 0x33, 0x33, 0x33, 0x33, 0x97, 0xfd, 0xce, 0x01,
    0xaa, 0x22, 0x03, 0xe2, 0xfc, 0xe2, 0xae, 0x22, 0x01, 0xa4, 0xb0, 0x22, 0x02, 0xa4, 0x33, 0xb6,
    0x22, 0x02, 0xa4, 0x33, 0xbc, 0x22, 0x02, 0x33, 0xcf, 0xc4, 0x22, 0x02, 0x1e, 0x1e, 0xc9, 0x22,
    0x01, 0x01, 0xcc, 0x22, 0x02, 0xfd, 0xcf, 0xd0, 0x22, 0x01, 0xa4, 0xd5, 0x22, 0x01, 0xa4, 0xd7,
    0x22, 0x02, 0xa4, 0x33, 0xde, 0x22, 0x01, 0x3f, 0x1a, 0x23, 0x02, 0x3f, 0x33, 0x1d, 0x23, 0x03,
    0xa4, 0x97, 0x33, 0x24, 0x23, 0x02, 0xa4, 0x97, 0x2b, 0x23, 0x0f, 0xcf, 0xe2, 0xe2, 0xfc, 0xfc,
    0x33, 0x33, 0x33, 0x33, 0x33, 0x33, 0xa4, 0x97, 0x33, 0xa4, 0x3d, 0x23, 0x01, 0xfc, 0x44, 0x23,
    0x01, 0x1e, 0x48, 0x23, 0x01, 0x1e, 0x4a, 0x23, 0x01, 0x1e, 0x4c, 0x23, 0x02, 0xfd, 0xce, 0x50,
    0x23, 0x01, 0x33, 0x5e, 0x23, 0x01, 0x3f, 0x98, 0x23, 0x03, 0x0c, 0x3f, 0x33, 0x9c, 0x23, 0x02,
    0xa4, 0x33, 0x9f, 0x23, 0x03, 0xa4, 0xa4, 0xa4, 0xa3, 0x23, 0x02, 0xa4, 0x33, 0xaa, 0x23, 0x02,
    0xcf, 0xcf, 0xae, 0x23, 0x01, 0x1e, 0xb2, 0x23, 0x06, 0xcf, 0xcf, 0xcf, 0xcf, 0xce, 0xd1, 0xb9,
    0x23, 0x01, 0x33, 0xbe, 0x23, 0x01, 0xfc, 0xc3, 0x23, 0x01, 0x01, 0xc6, 0x23, 0x01, 0x1f, 0xca,
    0x23, 0x01, 0x1e, 0xcc, 0x23, 0x02, 0xfc, 0xcf, 0xd8, 0x23, 0x02, 0xa4, 0x33, 0xde, 0x23, 0x02,
    0x33, 0x0c, 0x17, 0x24, 0x03, 0x0c, 0x3f, 0x33, 0x1b, 0x24, 0x03, 0xa4, 0x33, 0xa4, 0x1f, 0x24,
    0x01, 0x33, 0x21, 0x24, 0x03, 0xa4, 0xa4, 0x33, 0x29, 0x24, 0x04, 0xd1, 0xd1, 0xfc, 0x01, 0x2e,
    0x24, 0x01, 0x01, 0x30, 0x24, 0x01, 0x1e, 0x37, 0x24, 0x01, 0x01, 0x39, 0x24, 0x04, 0x01, 0x1e,
    0xfc, 0xd1, 0x3f, 0x24, 0x06, 0x33, 0xa4, 0x33, 0x33, 0xfc, 0xfc, 0x46, 0x24, 0x08, 0xfd, 0xfc,
    0xfc, 0xe2, 0xe2, 0x1e, 0xfc, 0xd1, 0x50, 0x24, 0x02, 0xa4, 0xa4, 0x57, 0x24, 0x02, 0xa4, 0x33,
    0x5a, 0x24, 0x02, 0xa4, 0x33, 0x5d, 0x24, 0x03, 0x33, 0x33, 0x3f, 0x96, 0x24, 0x02, 0x0c, 0x3f,
    0x9b, 0x24, 0x02, 0x33, 0xa4, 0xa0, 0x24, 0x02, 0xa4, 0x33, 0xa4, 0x24, 0x01, 0xa4, 0xa8, 0x24,
    0x04, 0x33, 0xcf, 0xe2, 0x1e, 0xaf, 0x24, 0x02, 0x01, 0x01, 0xb8, 0x24, 0x02, 0x01, 0x01, 0xbb,
    0x24, 0x02, 0xcf, 0x33, 0xbe, 0x24, 0x04, 0xa4, 0x33, 0xa4, 0x33, 0xc5, 0x24, 0x02, 0xa4, 0x33,
    0xca, 0x24, 0x04, 0x33, 0x33, 0x33, 0x33, 0xd0, 0x24, 0x08, 0xa4, 0x33, 0x33, 0x33, 0x33, 0x33,
    0x33, 0x33, 0xd9, 0x24, 0x03, 0xa4, 0x97, 0x33, 0xdd, 0x24, 0x04, 0xa4, 0xa4, 0x3f, 0x0c, 0x15,
    0x25, 0x02, 0x3f, 0x3f, 0x1a, 0x25, 0x01, 0x33, 0x1c, 0x25, 0x01, 0x33, 0x22, 0x25, 0x02, 0x33,
    0xa4, 0x27, 0x25, 0x03, 0x33, 0xcf, 0xcf, 0x2b, 0x25, 0x01, 0x1e, 0x30, 0x25, 0x02, 0x01, 0x01,
    0x39, 0x25, 0x04, 0x1e, 0xfc, 0xcf, 0x33, 0x3e, 0x25, 0x04, 0xa4, 0x33, 0xa4, 0x33, 0x45, 0x25,
    0x04, 0xa4, 0x33, 0xa4, 0x33, 0x4c, 0x25, 0x03, 0xcf, 0xd1, 0x1e, 0x50, 0x25, 0x0f, 0xe2, 0xd1,
    0xfc, 0xfc, 0xfc, 0xfc, 0xcf, 0xcf, 0xcf, 0xcf, 0xfd, 0xce, 0xfd, 0x6b, 0x33, 0x60, 0x25, 0x01,
    0x0c, 0x94, 0x25, 0x02, 0x3f, 0x3f, 0x99, 0x25, 0x03, 0x33, 0x33, 0x33, 0xa1, 0x25, 0x01, 0x33,
    0xa3, 0x25, 0x01, 0x33, 0xa6, 0x25, 0x04, 0x33, 0xcf, 0xcf, 0xfc, 0xac, 0x25, 0x01, 0x1e, 0xae,
    0x25, 0x06, 0x1e, 0x1f, 0x01, 0x01, 0x01, 0x01, 0xba, 0x25, 0x03, 0xcf, 0xcf, 0xd1, 0xbe, 0x25,
    0x07, 0xa4, 0x33, 0xa4, 0x97, 0xa4, 0xa4, 0xa4, 0xcc, 0x25, 0x04, 0xcf, 0xcf, 0x01, 0x1f, 0xd2,
    0x25, 0x03, 0x1e, 0x1e, 0x01, 0xd7, 0x25, 0x0a, 0x01, 0xcf, 0x6b, 0xfc, 0xfc, 0xfc, 0xfc, 0xcf,
    0xfc, 0xf0, 0x12, 0x26, 0x03, 0x0c, 0x3f, 0x3f, 0x18, 0x26, 0x01, 0x33, 0x1a, 0x26, 0x01, 0x33,
    0x1f, 0x26, 0x04, 0xa4, 0x33, 0x33, 0x33, 0x26, 0x26, 0x03, 0xce, 0xce, 0xfc, 0x2c, 0x26, 0x02,
    0x1e, 0x1e, 0x30, 0x26, 0x02, 0x1f, 0x1f, 0x33, 0x26, 0x03, 0x01, 0x01, 0x01, 0x39, 0x26, 0x03,
    0xfc, 0xcf, 0x33, 0x3e, 0x26, 0x02, 0xa4, 0x33, 0x41, 0x26, 0x02, 0xa4, 0xa4, 0x44, 0x26, 0x01,
    0xa4, 0x46, 0x26, 0x02, 0xa4, 0x33, 0x4c, 0x26, 0x03, 0xd1, 0xcf, 0x1e, 0x50, 0x26, 0x02, 0x1e,
    0x1e, 0x58, 0x26, 0x03, 0x01, 0x01, 0x01, 0x5c, 0x26, 0x02, 0x1e, 0x1e, 0x60, 0x26, 0x02, 0xf0,
    0x0c, 0x91, 0x26, 0x03, 0x0c, 0x3f, 0x3f, 0x97, 0x26, 0x01, 0x33, 0x99, 0x26, 0x01, 0x33, 0x9e,
    0x26, 0x01, 0xa4, 0xa1, 0x26, 0x01, 0x33, 0xa5, 0x26, 0x03, 0xcf, 0xce, 0xce, 0xa9, 0x26, 0x01,
    0x01, 0xac, 0x26, 0x03, 0x1e, 0x1e, 0x1e, 0xb1, 0x26, 0x03, 0x1f, 0x1f, 0x01, 0xb5, 0x26, 0x03,
    0x01, 0x01, 0x01, 0xb9, 0x26, 0x03, 0xcf, 0xcf, 0x33, 0xbe, 0x26, 0x04, 0x33, 0xa4, 0xa4, 0x33,
    0xc4, 0x26, 0x01, 0xa4, 0xc8, 0x26, 0x02, 0xa4, 0x33, 0xcc, 0x26, 0x03, 0xcf, 0xcf, 0xe2, 0xd0,
    0x26, 0x02, 0x1e, 0x1f, 0xdb, 0x26, 0x01, 0x01, 0xde, 0x26, 0x04, 0x1e, 0x1e, 0xf0, 0xf0, 0x11,
    0x27, 0x05, 0x3f, 0x3f, 0x33, 0x33, 0x33, 0x18, 0x27, 0x01, 0x33, 0x1d, 0x27, 0x01, 0xa4, 0x1f,
    0x27, 0x03, 0xa4, 0xa4, 0xa4, 0x25, 0x27, 0x03, 0xcf, 0xcf, 0xfc, 0x2d, 0x27, 0x02, 0x1e, 0x1e,
    0x30, 0x27, 0x01, 0x1e, 0x32, 0x27, 0x04, 0x1e, 0x1f, 0x1f, 0x01, 0x37, 0x27, 0x07, 0x01, 0xfd,
    0xce, 0xcf, 0xcf, 0xa4, 0x33, 0x40, 0x27, 0x01, 0x33, 0x44, 0x27, 0x01, 0xa4, 0x46, 0x27, 0x02,
    0x33, 0xa4, 0x4c, 0x27, 0x04, 0xcf, 0xcf, 0xe2, 0x1e, 0x51, 0x27, 0x01, 0x1e, 0x53, 0x27, 0x02,
    0x1f, 0x1e, 0x58, 0x27, 0x01, 0x01, 0x60, 0x27, 0x03, 0xe2, 0xf0, 0x0c, 0x92, 0x27, 0x06, 0x53,
    0x53, 0xa4, 0x01, 0x96, 0x97, 0x99, 0x27, 0x03, 0x33, 0x33, 0x33, 0x9e, 0x27, 0x03, 0xa4, 0xa4,
    0x97, 0xa3, 0x27, 0x04, 0x33, 0xd1, 0xcf, 0xfc, 0xac, 0x27, 0x01, 0x01, 0xae, 0x27, 0x02, 0x1e,
    0x1e, 0xb1, 0x27, 0x03, 0x1e, 0x1e, 0x1e, 0xb5, 0x27, 0x02, 0x1f, 0x01, 0xb8, 0x27, 0x03, 0xfd,
    0xce, 0xce, 0xbd, 0x27, 0x01, 0x33, 0xc0, 0x27, 0x01, 0x33, 0xc3, 0x27, 0x03, 0xa4, 0x33, 0x33,
    0xc8, 0x27, 0x01, 0x33, 0xcb, 0x27, 0x07, 0x33, 0xcf, 0xcf, 0xfc, 0x1e, 0x1e, 0x1e, 0xd3, 0x27,
    0x03, 0x1e, 0x1f, 0x1e, 0xd7, 0x27, 0x04, 0x01, 0x01, 0x01, 0x01, 0xdd, 0x27, 0x01, 0x1e, 0xe0,
    0x27, 0x03, 0xfc, 0xf0, 0xee, 0x12, 0x28, 0x0e, 0xc6, 0xc6, 0x51, 0x33, 0x60, 0x97, 0x33, 0xa4,
    0xbc, 0xa5, 0xa5, 0xa4, 0xa4, 0x97, 0x21, 0x28, 0x05, 0x33, 0x97, 0xe2, 0x6b, 0xcf, 0x2a, 0x28,
    0x02, 0x01, 0x01, 0x2e, 0x28, 0x03, 0x1f, 0x01, 0x1e, 0x34, 0x28, 0x01, 0x1e, 0x38, 0x28, 0x04,
    0xcf, 0xce, 0x33, 0xa4, 0x3e, 0x28, 0x01, 0xa4, 0x43, 0x28, 0x01, 0xa4, 0x46, 0x28, 0x01, 0xa4,
    0x4b, 0x28, 0x04, 0x33, 0xcf, 0xcf, 0xfc, 0x52, 0x28, 0x0c, 0x1e, 0x1f, 0x01, 0x1f, 0x1f, 0x1e,
    0x1e, 0x01, 0x01, 0x01, 0x01, 0x1e, 0x61, 0x28, 0x02, 0xf0, 0xee, 0x92, 0x28, 0x03, 0x6c, 0x31,
    0x31, 0x96, 0x28, 0x13, 0xa5, 0xc7, 0xc7, 0xc7, 0xa4, 0xf7, 0xf7, 0x97, 0x33, 0x60, 0x8f, 0x96,
    0xa5, 0xa5, 0xa5, 0x97, 0xfc, 0xe2, 0xfc, 0xac, 0x28, 0x01, 0x01, 0xb0, 0x28, 0x02, 0x1f, 0x1e,
    0xb6, 0x28, 0x07, 0x1e, 0xfc, 0xcf, 0xcf, 0xcf, 0xa4, 0x33, 0xbf, 0x28, 0x01, 0x33, 0xc3, 0x28,
    0x01, 0xa4, 0xc6, 0x28, 0x02, 0xa4, 0x33, 0xcb, 0x28, 0x06, 0x33, 0xce, 0xcf, 0xfc, 0x01, 0x01,
    0xd2, 0x28, 0x0a, 0x1e, 0x1e, 0x1e, 0x1e, 0x01, 0x1e, 0x1f, 0x1e, 0x1e, 0x1e, 0xdd, 0x28, 0x07,
    0x01, 0x01, 0x01, 0x01, 0xf0, 0xf0, 0x0c, 0x12, 0x29, 0x03, 0x5d, 0x58, 0x60, 0x16, 0x29, 0x0e,
    0x31, 0x31, 0xc6, 0x62, 0xa4, 0xa4, 0x53, 0xde, 0x01, 0xc7, 0x62, 0xf6, 0xf7, 0xf7, 0x25, 0x29,
    0x0a, 0xd1, 0x75, 0x8f, 0x96, 0x96, 0x97, 0x6b, 0xfc, 0xfd, 0xfd, 0x31, 0x29, 0x02, 0x1f, 0x1e,
    0x36, 0x29, 0x05, 0x1e, 0xcf, 0xcf, 0xce, 0xa4, 0x3f, 0x29, 0x01, 0x33, 0x43, 0x29, 0x02, 0xa4,
    0x33, 0x46, 0x29, 0x01, 0xa4, 0x4b, 0x29, 0x0c, 0x33, 0xce, 0xce, 0xfd, 0x01, 0x01, 0x01, 0x1f,
    0x01, 0x1e, 0x1e, 0x1e, 0x58, 0x29, 0x06, 0x01, 0x1f, 0x1f, 0x01, 0x1e, 0x1e, 0x5f, 0x29, 0x05,
    0x01, 0x01, 0xfd, 0xf1, 0xf1, 0x93, 0x29, 0x09, 0x5d, 0x9b, 0x3f, 0x3f, 0x5d, 0x5d, 0x58, 0x51,
    0xc6, 0x9d, 0x29, 0x04, 0x31, 0xf7, 0x31, 0xc6, 0xa2, 0x29, 0x10, 0x62, 0x31, 0x31, 0x31, 0xf7,
    0x31, 0xf7, 0xf6, 0xf6, 0x01, 0xa5, 0xf7, 0xf7, 0x73, 0x96, 0x33, 0xb6, 0x29, 0x04, 0xe2, 0xcf,
    0xd1, 0x33, 0xbb, 0x29, 0x01, 0x33, 0xbe, 0x29, 0x01, 0x33, 0xc3, 0x29, 0x02, 0xa4, 0x33, 0xc6,
    0x29, 0x02, 0x97, 0x97, 0xcb, 0x29, 0x05, 0x33, 0xce, 0xce, 0xfd, 0x01, 0xd2, 0x29, 0x06, 0x01,
    0x1f, 0x1f, 0x1f, 0x1e, 0x1e, 0xd9, 0x29, 0x04, 0x1f, 0x1f, 0x1f, 0x1f, 0xe0, 0x29, 0x05, 0x1e,
    0xfc, 0xf1, 0xf1, 0x0c, 0x13, 0x2a, 0x0d, 0x5d, 0x5d, 0x5d, 0x3f, 0x5d, 0x5d, 0x5d, 0x9b, 0x5d,
    0x9b, 0x9b, 0x3a, 0x33, 0x27, 0x2a, 0x0d, 0xf7, 0xc6, 0x31, 0x31, 0xc6, 0xa4, 0xf7, 0x53, 0xf7,
    0xef, 0x01, 0x19, 0xa5, 0x37, 0x2a, 0x03, 0x01, 0x48, 0xfc, 0x3c, 0x2a, 0x03, 0x33, 0x33, 0x33,
    0x43, 0x2a, 0x02, 0xa4, 0x33, 0x49, 0x2a, 0x09, 0xa4, 0x33, 0xcf, 0xcf, 0xcf, 0xfc, 0x01, 0x01,
    0x01, 0x54, 0x2a, 0x0c, 0x01, 0x01, 0x1f, 0x1f, 0x01, 0x1e, 0x1e, 0x1f, 0x1f, 0x1f, 0x1f, 0x1e,
    0x62, 0x2a, 0x03, 0xf0, 0xf0, 0x0c, 0x98, 0x2a, 0x0e, 0x05, 0x05, 0x0c, 0x5d, 0x5d, 0x5d, 0x5d,
    0x5d, 0x3f, 0x5d, 0x5d, 0x5d, 0x58, 0x51, 0xa7, 0x2a, 0x03, 0xa4, 0x62, 0x62, 0xac, 0x2a, 0x03,
    0xc6, 0x62, 0xc6, 0xb0, 0x2a, 0x02, 0x31, 0xf7, 0xb3, 0x2a, 0x01, 0xf7, 0xb7, 0x2a, 0x0e, 0xf7,
    0x53, 0x18, 0xef, 0xf6, 0x19, 0xa4, 0x01, 0x96, 0x97, 0x97, 0xec, 0x97, 0x97, 0xc6, 0x2a, 0x02,
    0x33, 0x33, 0xcb, 0x2a, 0x04, 0xd1, 0xcf, 0xcf, 0xfc, 0xd0, 0x2a, 0x04, 0x1f, 0x01, 0x01, 0x01,
    0xd6, 0x2a, 0x0f, 0x1e, 0x1f, 0x1f, 0x1f, 0x01, 0x1f, 0x1e, 0x1f, 0x1f, 0x1f, 0x1f, 0x1e, 0xf0,
    0xf0, 0xf0, 0x21, 0x2b, 0x0b, 0x05, 0x05, 0x0c, 0x5d, 0x5d, 0x5d, 0x5d, 0x5d, 0x3f, 0x58, 0x51,
    0x2d, 0x2b, 0x07, 0x62, 0xc6, 0xc6, 0x62, 0x62, 0xc6, 0xa4, 0x38, 0x2b, 0x03, 0x31, 0xf7, 0x31,
    0x3c, 0x2b, 0x01, 0xf7, 0x40, 0x2b, 0x11, 0xf6, 0xf6, 0x01, 0x01, 0x49, 0x96, 0x97, 0x97, 0xdf,
    0xcf, 0x3a, 0xfc, 0xad, 0xe2, 0xfc, 0xfc, 0xfc, 0x52, 0x2b, 0x05, 0x01, 0x01, 0x01, 0x01, 0x1e,
    0x58, 0x2b, 0x03, 0x1e, 0x1e, 0x1f, 0x5c, 0x2b, 0x0a, 0x01, 0x1e, 0x1e, 0x1f, 0x1f, 0x1f, 0xe2,
    0xee, 0xf0, 0x0c, 0xab, 0x2b, 0x07, 0x05, 0x0c, 0x0c, 0x5d, 0x3f, 0x58, 0x51, 0xb4, 0x2b, 0x01,
    0x62, 0xba, 0x2b, 0x02, 0x62, 0x62, 0xbd, 0x2b, 0x06, 0x62, 0xc6, 0x62, 0x31, 0xf7, 0xa4, 0xc4,
    0x2b, 0x1c, 0xa4, 0xa5, 0xf6, 0x01, 0x18, 0x49, 0x6a, 0x74, 0x97, 0x97, 0x96, 0x6a, 0x6a, 0x6b,
    0x6b, 0x6b, 0x22, 0x01, 0xfd, 0xe2, 0xe2, 0xe2, 0xe2, 0x1e, 0x1e, 0x01, 0x01, 0x01, 0xe1, 0x2b,
    0x05, 0x1f, 0xe2, 0xee, 0xf0, 0xf0, 0x35, 0x2c, 0x02, 0x05, 0x09, 0x39, 0x2c, 0x01, 0xc6, 0x3d,
    0x2c, 0x03, 0x62, 0xc6, 0x62, 0x41, 0x2c, 0x02, 0xc6, 0x62, 0x44, 0x2c, 0x04, 0x62, 0x31, 0xc6,
    0xa4, 0x4a, 0x2c, 0x05, 0xf6, 0xf7, 0xef, 0xf6, 0xf7, 0x50, 0x2c, 0x17, 0xa4, 0x9c, 0x33, 0x8f,
    0x8f, 0x6a, 0x6a, 0x6b, 0xce, 0x6a, 0x6b, 0x3d, 0x3d, 0x1e, 0xeb, 0xfc, 0xfc, 0xfc, 0xfc, 0x0c,
    0xf0, 0xee, 0x0c, 0xbc, 0x2c, 0x04, 0x05, 0x09, 0x51, 0xc6, 0xc2, 0x2c, 0x04, 0xc6, 0x62, 0xc6,
    0x62, 0xc7, 0x2c, 0x02, 0xc6, 0x62, 0xca, 0x2c, 0x01, 0x31, 0xcc, 0x2c, 0x1a, 0x31, 0x31, 0xc6,
    0x62, 0x31, 0xde, 0xa5, 0xf6, 0xf7, 0xf7, 0x48, 0xcf, 0x33, 0x60, 0x60, 0x8f, 0x6b, 0x6a, 0xd1,
    0x74, 0x6b, 0x75, 0x6b, 0x05, 0x3f, 0x6c, 0x42, 0x2d, 0x04, 0x05, 0x0c, 0x58, 0x33, 0x48, 0x2d,
    0x01, 0xc6, 0x4a, 0x2d, 0x01, 0xc6, 0x4c, 0x2d, 0x01, 0x62, 0x4e, 0x2d, 0x18, 0xc6, 0x62, 0xc6,
    0x53, 0x53, 0xc6, 0x62, 0x62, 0xde, 0xc7, 0xa5, 0xf6, 0xf7, 0xbf, 0x9c, 0x6b, 0x6a, 0x33, 0x60,
    0x60, 0x82, 0x09, 0x5d, 0x6c, 0xc8, 0x2d, 0x05, 0x05, 0x0c, 0x5d, 0x58, 0x51, 0xce, 0x2d, 0x05,
    0xc6, 0x62, 0xc6, 0x62, 0x62, 0xd4, 0x2d, 0x04, 0xc6, 0x62, 0x31, 0x31, 0xda, 0x2d, 0x08, 0xc6,
    0x62, 0xc7, 0xc7, 0xa5, 0xc6, 0x8e, 0x31, 0xe3, 0x2d, 0x03, 0x6c, 0x5d, 0x5d, 0x4d, 0x2e, 0x0a,
    0x05, 0x0c, 0x5d, 0x5d, 0x5d, 0x5d, 0x5d, 0x9e, 0x97, 0x33, 0x58, 0x2e, 0x01, 0xc6, 0x5a, 0x2e,
    0x0b, 0xc6, 0x31, 0x31, 0xc6, 0xa4, 0x31, 0x31, 0x9e, 0xa4, 0x5d, 0x05, 0xd3, 0x2e, 0x12, 0x05,
    0x0c, 0x5d, 0x5d, 0x5d, 0x5d, 0x5d, 0x5d, 0x9b, 0x3f, 0x5d, 0x5d, 0x58, 0x51, 0x09, 0xc6, 0x5d,
    0x05, 0x59, 0x2f, 0x09, 0x05, 0x0c, 0x5d, 0x3f, 0x5d, 0x5d, 0x5d, 0x5d, 0x5d, 0xdf, 0x2f, 0x03,
    0x05, 0x0c, 0x5d, 0x35, 0x18, 0x02, 0x0c, 0x0c, 0xb2, 0x18, 0x0a, 0x0c, 0x0c, 0x3f, 0x3f, 0x33,
    0x33, 0x33, 0x33, 0x97, 0x33, 0xbd, 0x18, 0x04, 0x0c, 0x0c, 0x0c, 0x0c, 0x31, 0x19, 0x02, 0x0c,
    0x33, 0x35, 0x19, 0x01, 0x33, 0x38, 0x19, 0x02, 0xa4, 0xa4, 0x3b, 0x19, 0x0b, 0x33, 0x3f, 0xf0,
    0xf0, 0xf0, 0xf0, 0xf0, 0xf0, 0xfc, 0xfc, 0xfc, 0x49, 0x19, 0x02, 0x0c, 0x0c, 0xb0, 0x19, 0x02,
    0x0c, 0x3f, 0xb3, 0x19, 0x02, 0x33, 0x33, 0xb8, 0x19, 0x01, 0xa4, 0xba, 0x19, 0x04, 0x33, 0xcf,
    0x1f, 0x1e, 0xc0, 0x19, 0x01, 0x1e, 0xc4, 0x19, 0x06, 0xfc, 0xcf, 0x33, 0x33, 0xa4, 0x97, 0xcd,
    0x19, 0x03, 0xa4, 0x33, 0x3f, 0xd5, 0x19, 0x01, 0x0c, 0x2f, 0x1a, 0x04, 0xe2, 0xcf, 0xcf, 0xd1,
    0x3a, 0x1a, 0x02, 0xcf, 0x1f, 0x3e, 0x1a, 0x02, 0x1f, 0x1f, 0x41, 0x1a, 0x01, 0x1f, 0x44, 0x1a,
    0x03, 0xce, 0x33, 0x33, 0x4b, 0x1a, 0x01, 0x33, 0x4e, 0x1a, 0x03, 0x33, 0xcf, 0xfc, 0x57, 0x1a,
    0x05, 0x01, 0x1e, 0xfd, 0x0c, 0x0c, 0xad, 0x1a, 0x03, 0x0c, 0xee, 0x1e, 0xb1, 0x1a, 0x02, 0x01,
    0x1e, 0xb9, 0x1a, 0x06, 0x1f, 0xd1, 0xcf, 0x6b, 0xfc, 0xfd, 0xc2, 0x1a, 0x04, 0xfc, 0xe2, 0xfc,
    0xa4, 0xc7, 0x1a, 0x01, 0xa4, 0xca, 0x1a, 0x03, 0xa4, 0x33, 0xa4, 0xce, 0x1a, 0x03, 0x33, 0xcf,
    0xfc, 0xd2, 0x1a, 0x01, 0x1e, 0xd4, 0x1a, 0x02, 0x1e, 0x1f, 0xd7, 0x1a, 0x01, 0x01, 0xda, 0x1a,
    0x02, 0xf0, 0xf0, 0x2e, 0x1b, 0x02, 0x01, 0x01, 0x31, 0x1b, 0x03, 0x1e, 0x1e, 0x1e, 0x35, 0x1b,
    0x02, 0x01, 0x01, 0x38, 0x1b, 0x01, 0xfd, 0x3c, 0x1b, 0x01, 0x33, 0x3e, 0x1b, 0x03, 0xa4, 0xa4,
    0xa4, 0x43, 0x1b, 0x08, 0xcf, 0xfc, 0x1e, 0x1e, 0xfc, 0xfc, 0xfc, 0xfc, 0x4c, 0x1b, 0x02, 0x97,
    0x33, 0x4f, 0x1b, 0x03, 0x97, 0xfc, 0x01, 0x53, 0x1b, 0x01, 0x01, 0x55, 0x1b, 0x02, 0x1e, 0x1e,
    0x58, 0x1b, 0x04, 0x1f, 0x01, 0xf1, 0xf1, 0xac, 0x1b, 0x03, 0xfc, 0xfd, 0x01, 0xb1, 0x1b, 0x02,
    0x1f, 0x1f, 0xb4, 0x1b, 0x02, 0x1f, 0x1f, 0xbd, 0x1b, 0x01, 0xa4, 0xc3, 0x1b, 0x04, 0xfc, 0x1e,
    0x1e, 0x1e, 0xca, 0x1b, 0x01, 0x01, 0xcd, 0x1b, 0x09, 0x1e, 0xcf, 0xd1, 0x33, 0x33, 0x33, 0x33,
    0x33, 0x01, 0xd7, 0x1b, 0x05, 0xe2, 0xe2, 0xe2, 0xe2, 0xf0, 0x2a, 0x1c, 0x0c, 0x0c, 0xd1, 0xcf,
    0x6b, 0x33, 0x33, 0x33, 0x33, 0x33, 0xe2, 0xfc, 0xfc, 0x3a, 0x1c, 0x01, 0x33, 0x3e, 0x1c, 0x01,
    0xa4, 0x42, 0x1c, 0x01, 0x33, 0x49, 0x1c, 0x01, 0x01, 0x4b, 0x1c, 0x01, 0x01, 0x4e, 0x1c, 0x02,
    0xcf, 0x33, 0x53, 0x1c, 0x02, 0x33, 0xa4, 0x58, 0x1c, 0x02, 0xa4, 0x33, 0x5b, 0x1c, 0x02, 0x0c,
    0x0c, 0xa8, 0x1c, 0x02, 0x0c, 0x3f, 0xac, 0x1c, 0x04, 0xa4, 0x33, 0xa4, 0x33, 0xb2, 0x1c, 0x03,
    0xce, 0xce, 0xd1, 0xb6, 0x1c, 0x05, 0xcf, 0xce, 0xe2, 0xfc, 0x33, 0xbe, 0x1c, 0x05, 0x33, 0x97,
    0x33, 0xa4, 0xe2, 0xc4, 0x1c, 0x01, 0x01, 0xc6, 0x1c, 0x03, 0x01, 0x1e, 0x1e, 0xcb, 0x1c, 0x04,
    0x1f, 0x01, 0x01, 0xcf, 0xd1, 0x1c, 0x02, 0x33, 0xa4, 0xd5, 0x1c, 0x02, 0x33, 0xa4, 0xd8, 0x1c,
    0x01, 0xa4, 0xdb, 0x1c, 0x02, 0x3f, 0x0c, 0x2a, 0x1d, 0x02, 0xa4, 0x97, 0x2e, 0x1d, 0x02, 0x33,
    0xa4, 0x31, 0x1d, 0x01, 0x33, 0x34, 0x1d, 0x02, 0x33, 0xcf, 0x38, 0x1d, 0x01, 0x1e, 0x41, 0x1d,
    0x03, 0x33, 0xd1, 0xfc, 0x49, 0x1d, 0x02, 0x01, 0x1f, 0x4c, 0x1d, 0x03, 0x1e, 0x1e, 0xce, 0x51,
    0x1d, 0x01, 0x33, 0x56, 0x1d, 0x03, 0x33, 0xa4, 0x33, 0x5b, 0x1d, 0x02, 0x3f, 0x0c, 0xa5, 0x1d,
    0x02, 0x0c, 0x33, 0xa9, 0x1d, 0x02, 0xa4, 0x33, 0xae, 0x1d, 0x03, 0xa4, 0x33, 0x33, 0xb3, 0x1d,
    0x02, 0x33, 0xcf, 0xb8, 0x1d, 0x01, 0x1e, 0xba, 0x1d, 0x01, 0x01, 0xc9, 0x1d, 0x04, 0xa4, 0xfd,
    0xce, 0xd1, 0xd1, 0x1d, 0x01, 0x97, 0xd7, 0x1d, 0x03, 0xa4, 0x33, 0xa4, 0xdb, 0x1d, 0x02, 0x33,
    0x0c, 0x27, 0x1e, 0x02, 0xa4, 0x97, 0x30, 0x1e, 0x01, 0xa4, 0x32, 0x1e, 0x02, 0x33, 0xcf, 0x35,
    0x1e, 0x01, 0x01, 0x37, 0x1e, 0x01, 0x1e, 0x3d, 0x1e, 0x01, 0x01, 0x46, 0x1e, 0x01, 0x33, 0x49,
    0x1e, 0x02, 0xa4, 0x33, 0x4d, 0x1e, 0x01, 0x33, 0x4f, 0x1e, 0x01, 0x01, 0x51, 0x1e, 0x01, 0x1e,
    0x55, 0x1e, 0x04, 0xcf, 0x33, 0x33, 0x33, 0x5a, 0x1e, 0x03, 0x33, 0x33, 0x0c, 0xa3, 0x1e, 0x04,
    0xee, 0xfc, 0x1e, 0x1f, 0xa9, 0x1e, 0x03, 0xcf, 0xcf, 0x33, 0xae, 0x1e, 0x05, 0xfd, 0xe2, 0xe2,
    0x97, 0xfc, 0xb5, 0x1e, 0x01, 0x01, 0xb7, 0x1e, 0x03, 0x01, 0x01, 0x1e, 0xbd, 0x1e, 0x01, 0x01,
    0xbf, 0x1e, 0x01, 0x01, 0xc2, 0x1e, 0x02, 0xa4, 0x33, 0xc8, 0x1e, 0x01, 0xa4, 0xcd, 0x1e, 0x01,
    0x33, 0xdc, 0x1e, 0x01, 0x0c, 0x21, 0x1f, 0x05, 0x0c, 0xf0, 0x1e, 0x1e, 0x1e, 0x27, 0x1f, 0x02,
    0x1e, 0x01, 0x2e, 0x1f, 0x07, 0x01, 0x1e, 0xfc, 0x33, 0xe2, 0xfc, 0xfc, 0x36, 0x1f, 0x06, 0x33,
    0x33, 0xfc, 0xfd, 0x1f, 0x1e, 0x3e, 0x1f, 0x02, 0x1e, 0x33, 0x43, 0x1f, 0x01, 0x33, 0x49, 0x1f,
    0x01, 0x33, 0x51, 0x1f, 0x01, 0x1e, 0x53, 0x1f, 0x01, 0x01, 0x55, 0x1f, 0x01, 0x01, 0x5b, 0x1f,
    0x02, 0x1e, 0x0c, 0xa0, 0x1f, 0x02, 0x0c, 0xf0, 0xa6, 0x1f, 0x02, 0x1e, 0x01, 0xaf, 0x1f, 0x02,
    0xe2, 0x33, 0xb3, 0x1f, 0x01, 0x33, 0xba, 0x1f, 0x04, 0x97, 0xfd, 0xfd, 0xcf, 0xbf, 0x1f, 0x03,
    0x33, 0x33, 0x97, 0xcb, 0x1f, 0x01, 0xa4, 0xcf, 0x1f, 0x02, 0x01, 0x01, 0xd3, 0x1f, 0x01, 0x1e,
    0xd5, 0x1f, 0x02, 0x1e, 0x1f, 0xd8, 0x1f, 0x02, 0x01, 0x01, 0xdc, 0x1f, 0x01, 0xfc, 0x1e, 0x20,
    0x04, 0x0c, 0xf0, 0xf1, 0x01, 0x24, 0x20, 0x01, 0x1e, 0x27, 0x20, 0x02, 0x1e, 0x01, 0x2e, 0x20,
    0x02, 0xfc, 0xcf, 0x32, 0x20, 0x05, 0x33, 0xa4, 0xa4, 0x33, 0xa4, 0x39, 0x20, 0x02, 0xa4, 0x33,
    0x3e, 0x20, 0x01, 0xcf, 0x40, 0x20, 0x05, 0x1e, 0xe2, 0xe2, 0xfc, 0xfc, 0x46, 0x20, 0x04, 0xcf,
    0xcf, 0x33, 0x33, 0x4b, 0x20, 0x03, 0x97, 0x33, 0xcf, 0x50, 0x20, 0x01, 0x01, 0x52, 0x20, 0x01,
    0x01, 0x54, 0x20, 0x01, 0x1e, 0x56, 0x20, 0x01, 0x1e, 0x58, 0x20, 0x01, 0x1e, 0x5c, 0x20, 0x01,
    0xfc, 0x9d, 0x20, 0x04, 0x0c, 0xf0, 0xfc, 0x01, 0xa2, 0x20, 0x02, 0x01, 0x01, 0xa5, 0x20, 0x01,
    0x1e, 0xa8, 0x20, 0x02, 0x1e, 0x1e, 0xac, 0x20, 0x03, 0x01, 0xcf, 0xcf, 0xb0, 0x20, 0x02, 0xa4,
    0x33, 0xb3, 0x20, 0x01, 0x33, 0xb5, 0x20, 0x02, 0xa4, 0x33, 0xb9, 0x20, 0x02, 0xa4, 0x33, 0xbd,
    0x20, 0x02, 0xd1, 0xfc, 0xc0, 0x20, 0x01, 0x1e, 0xc2, 0x20, 0x01, 0x1e, 0xc8, 0x20, 0x07, 0xfc,
    0xfc, 0xfc, 0xfd, 0xfc, 0xd1, 0x1e, 0xd1, 0x20, 0x06, 0xfc, 0xfc, 0xfd, 0xfd, 0xfd, 0x1e, 0x1b,
    0x21, 0x03, 0x3f, 0x3f, 0x0c, 0x1f, 0x21, 0x01, 0xfc, 0x21, 0x21, 0x05, 0x01, 0x01, 0x01, 0x01,
    0x1f, 0x29, 0x21, 0x05, 0x1e, 0x01, 0x01, 0xcf, 0xcf, 0x2f, 0x21, 0x04, 0xa4, 0x33, 0xa4, 0x33,
    0x36, 0x21, 0x04, 0xa4, 0x33, 0xa4, 0x33, 0x3c, 0x21, 0x05, 0x33, 0xcf, 0x1e, 0x1e, 0x1e, 0x42,
    0x21, 0x01, 0x01, 0x44, 0x21, 0x02, 0x01, 0x01, 0x4a, 0x21, 0x01, 0x01, 0x4c, 0x21, 0x01, 0xfc,
    0x4f, 0x21, 0x0e, 0xa4, 0x97, 0x33, 0x33, 0x33, 0xcf, 0xcf, 0x6a, 0xce, 0x1f, 0x1f, 0x1e, 0xe2,
    0xfc, 0x9a, 0x21, 0x0e, 0x0c, 0x3f, 0x33, 0x97, 0xe2, 0xcf, 0xcf, 0xcf, 0xce, 0xfd, 0xfd, 0xe2,
    0x1f, 0x1e, 0xa9, 0x21, 0x07, 0x1e, 0x1e, 0xcf, 0xce, 0x33, 0xa4, 0x33, 0xb5, 0x21, 0x02, 0xa4,
    0x33, 0xb8, 0x21, 0x01, 0x33, 0xbc, 0x21, 0x02, 0xcf, 0xfc, 0xc1, 0x21, 0x07, 0x1e, 0x1f, 0x1e,
    0x01, 0x01, 0x01, 0x01, 0xcc, 0x21, 0x01, 0xcf, 0xcf, 0x21, 0x01, 0xa4, 0xd6, 0x21, 0x08, 0xa4,
    0x33, 0x33, 0x33, 0x33, 0xd1, 0xd1, 0x0c, 0x19, 0x22, 0x0b, 0x0c, 0x3f, 0x3f, 0xa4, 0x33, 0xa4,
    0x33, 0xcf, 0xcf, 0x33, 0x97, 0x25, 0x22, 0x08, 0x33, 0xce, 0xcf, 0xe2, 0xe2, 0xe2, 0xcf, 0x33,
    0x35, 0x22, 0x01, 0xa4, 0x37, 0x22, 0x02, 0xa4, 0x33, 0x3b, 0x22, 0x04, 0x33, 0xce, 0xcf, 0x01,
    0x41, 0x22, 0x01, 0x1e, 0x43, 0x22, 0x07, 0x1e, 0x1f, 0x1f, 0x1e, 0x01, 0x01, 0x01, 0x4b, 0x22,
    0x02, 0xfc, 0xcf, 0x4f, 0x22, 0x02, 0xa4, 0x33, 0x52, 0x22, 0x01, 0x33, 0x54, 0x22, 0x04, 0xa4,
    0xa4, 0xa4, 0x33, 0x5d, 0x22, 0x01, 0x0c, 0x97, 0x22, 0x04, 0x0c, 0x3f, 0x3f, 0x3f, 0x9e, 0x22,
    0x02, 0x33, 0xa4, 0xa5, 0x22, 0x02, 0xa4, 0x33, 0xa8, 0x22, 0x01, 0xce, 0xaa, 0x22, 0x06, 0xe2,
    0xe2, 0xfc, 0xfc, 0x97, 0x33, 0xb4, 0x22, 0x03, 0xa4, 0x33, 0xa4, 0xb8, 0x22, 0x01, 0xa4, 0xba,
    0x22, 0x04, 0x33, 0xcf, 0xfd, 0x01, 0xbf, 0x22, 0x05, 0x01, 0x01, 0x01, 0x1e, 0x1e, 0xc5, 0x22,
    0x08, 0x1f, 0x1f, 0x1f, 0x1e, 0x01, 0x01, 0xfd, 0x33, 0xd0, 0x22, 0x04, 0xa4, 0x33, 0x33, 0x33,
    0xd5, 0x22, 0x01, 0xa4, 0xdd, 0x22, 0x01, 0x3f, 0x16, 0x23, 0x05, 0x0c, 0x3f, 0x3f, 0x9b, 0x33,
    0x1e, 0x23, 0x01, 0x97, 0x24, 0x23, 0x02, 0xa4, 0x33, 0x28, 0x23, 0x06, 0xcf, 0xcf, 0xcf, 0x1e,
    0x1e, 0x1e, 0x30, 0x23, 0x03, 0xcf, 0xce, 0xfd, 0x36, 0x23, 0x02, 0xa4, 0x33, 0x39, 0x23, 0x04,
    0xa4, 0x75, 0xcf, 0xcf, 0x3e, 0x23, 0x06, 0x01, 0x01, 0x01, 0x01, 0x1f, 0x1f, 0x45, 0x23, 0x05,
    0x1e, 0x1e, 0x1f, 0x01, 0x01, 0x4b, 0x23, 0x02, 0xcf, 0x33, 0x4e, 0x23, 0x03, 0xa4, 0x33, 0x33,
    0x5d, 0x23, 0x01, 0x33, 0x95, 0x23, 0x04, 0x3f, 0x3f, 0x9b, 0x33, 0x9c, 0x23, 0x02, 0xa4, 0x33,
    0xa0, 0x23, 0x02, 0x97, 0xa4, 0xa3, 0x23, 0x02, 0xa4, 0x33, 0xa7, 0x23, 0x03, 0xd1, 0xd1, 0xcf,
    0xab, 0x23, 0x03, 0x01, 0x1e, 0x1e, 0xb2, 0x23, 0x02, 0x01, 0x01, 0xb5, 0x23, 0x05, 0x1e, 0x1f,
    0x1e, 0xcf, 0x33, 0xbb, 0x23, 0x03, 0xfc, 0xfc, 0xfc, 0xbf, 0x23, 0x03, 0x01, 0x01, 0x01, 0xc3,
    0x23, 0x0a, 0x1f, 0x1f, 0x1f, 0x1e, 0x1e, 0x1f, 0x1f, 0x01, 0xcf, 0x33, 0xce, 0x23, 0x01, 0xa4,
    0xd6, 0x23, 0x03, 0xa4, 0xa4, 0x33, 0xdd, 0x23, 0x02, 0x33, 0x0c, 0x13, 0x24, 0x06, 0x0c, 0x3f,
    0x3f, 0x3f, 0x33, 0x33, 0x1b, 0x24, 0x02, 0xa4, 0x33, 0x1f, 0x24, 0x02, 0x33, 0x97, 0x22, 0x24,
    0x02, 0xa4, 0x33, 0x26, 0x24, 0x03, 0xcf, 0xcf, 0xd1, 0x2a, 0x24, 0x01, 0x1e, 0x2c, 0x24, 0x01,
    0x01, 0x2f, 0x24, 0x01, 0x1e, 0x34, 0x24, 0x02, 0x01, 0x01, 0x37, 0x24, 0x08, 0x1f, 0xfd, 0xcf,
    0xd1, 0x33, 0x33, 0x33, 0x33, 0x40, 0x24, 0x08, 0x33, 0xcf, 0xfd, 0xfc, 0xfc, 0xfc, 0x1f, 0x1e,
    0x49, 0x24, 0x04, 0x1e, 0xe2, 0xcf, 0x33, 0x4e, 0x24, 0x01, 0xa4, 0x50, 0x24, 0x01, 0xa4, 0x56,
    0x24, 0x03, 0xa4, 0x97, 0x33, 0x5d, 0x24, 0x02, 0x33, 0x3f, 0x92, 0x24, 0x06, 0x0c, 0x3f, 0x3f,
    0x3f, 0x33, 0x33, 0x9b, 0x24, 0x01, 0x33, 0x9f, 0x24, 0x01, 0x33, 0xa2, 0x24, 0x01, 0xa4, 0xa5,
    0x24, 0x04, 0xcf, 0xcf, 0xcf, 0xe2, 0xab, 0x24, 0x03, 0x1f, 0x1e, 0x01, 0xaf, 0x24, 0x01, 0x01,
    0xb6, 0x24, 0x01, 0x01, 0xb8, 0x24, 0x04, 0xce, 0xce, 0xcf, 0xa4, 0xbe, 0x24, 0x02, 0xa4, 0x33,
    0xc3, 0x24, 0x0b, 0xa4, 0x33, 0x97, 0xfc, 0xd1, 0xd1, 0xcf, 0x33, 0x33, 0x33, 0x33, 0xcf, 0x24,
    0x01, 0x33, 0xd6, 0x24, 0x02, 0xa4, 0x33, 0xd9, 0x24, 0x02, 0xa4, 0x33, 0xdd, 0x24, 0x02, 0x33,
    0x3f, 0x11, 0x25, 0x04, 0x3f, 0x3f, 0x3f, 0x9b, 0x16, 0x25, 0x01, 0x33, 0x1a, 0x25, 0x01, 0x33,
    0x1c, 0x25, 0x02, 0xa4, 0xa4, 0x22, 0x25, 0x06, 0x33, 0x33, 0xce, 0xcf, 0xcf, 0xfc, 0x29, 0x25,
    0x02, 0x1e, 0x1e, 0x2c, 0x25, 0x03, 0x1f, 0x1e, 0x01, 0x30, 0x25, 0x01, 0x01, 0x37, 0x25, 0x05,
    0xfc, 0xcf, 0xd1, 0x33, 0xa4, 0x3e, 0x25, 0x02, 0xa4, 0x33, 0x43, 0x25, 0x01, 0xa4, 0x45, 0x25,
    0x02, 0xa4, 0x33, 0x49, 0x25, 0x08, 0x33, 0x33, 0x33, 0xcf, 0x75, 0xe2, 0xcf, 0x33, 0x52, 0x25,
    0x05, 0x33, 0x33, 0x33, 0x33, 0xa4, 0x5a, 0x25, 0x01, 0x33, 0x5c, 0x25, 0x04, 0x33, 0x97, 0x3f,
    0x0c, 0x8f, 0x25, 0x06, 0x0c, 0x0c, 0x3f, 0x3f, 0x3f, 0x33, 0x99, 0x25, 0x01, 0x33, 0x9c, 0x25,
    0x02, 0xa4, 0x33, 0xa1, 0x25, 0x06, 0x33, 0x33, 0xce, 0xce, 0xce, 0xfc, 0xaa, 0x25, 0x02, 0x1e,
    0x1e, 0xad, 0x25, 0x02, 0x1f, 0x1f, 0xb1, 0x25, 0x02, 0x01, 0x01, 0xb5, 0x25, 0x05, 0x1e, 0xfc,
    0xcf, 0xcf, 0xcf, 0xbb, 0x25, 0x02, 0xa4, 0x33, 0xbf, 0x25, 0x06, 0x97, 0xa4, 0xa4, 0xa4, 0xa4,
    0x33, 0xc9, 0x25, 0x04, 0x33, 0xcf, 0xd1, 0x1e, 0xce, 0x25, 0x0a, 0xfd, 0xe2, 0xfc, 0xcf, 0xcf,
    0xcf, 0xce, 0xcf, 0xcf, 0xce, 0xd9, 0x25, 0x01, 0xa4, 0xdb, 0x25, 0x02, 0x33, 0x33, 0xde, 0x25,
    0x02, 0x3f, 0x0c, 0x10, 0x26, 0x05, 0x9a, 0x9a, 0x97, 0x33, 0x33, 0x18, 0x26, 0x01, 0x33, 0x1e,
    0x26, 0x08, 0x33, 0xa4, 0x33, 0x33, 0xcf, 0xcf, 0xce, 0xce, 0x27, 0x26, 0x01, 0x01, 0x29, 0x26,
    0x07, 0x1e, 0x1e, 0x1e, 0x1e, 0x1e, 0x1f, 0x1f, 0x31, 0x26, 0x03, 0x01, 0x01, 0x01, 0x35, 0x26,
    0x07, 0x1e, 0xcf, 0xcf, 0xcf, 0x33, 0xa4, 0x33, 0x3d, 0x26, 0x01, 0xa4, 0x41, 0x26, 0x01, 0xa4,
    0x46, 0x26, 0x02, 0xa4, 0x33, 0x49, 0x26, 0x05, 0xcf, 0xce, 0xcf, 0x1f, 0x1e, 0x50, 0x26, 0x02,
    0x1e, 0x1e, 0x54, 0x26, 0x0c, 0xfc, 0xfc, 0xfc, 0x6b, 0xfd, 0xce, 0xce, 0x6b, 0xd1, 0xe2, 0xf0,
    0xf0, 0x90, 0x26, 0x02, 0x6c, 0x60, 0x93, 0x26, 0x04, 0x53, 0xa5, 0xa5, 0xa4, 0x98, 0x26, 0x04,
    0x33, 0xa4, 0xa4, 0x33, 0xa0, 0x26, 0x06, 0x33, 0xcf, 0xcf, 0xcf, 0xcf, 0x01, 0xa8, 0x26, 0x04,
    0x01, 0x1e, 0x1e, 0x1e, 0xae, 0x26, 0x0b, 0x1e, 0x1f, 0x1f, 0x01, 0x01, 0x01, 0x01, 0xfc, 0xcf,
    0xcf, 0xcf, 0xba, 0x26, 0x01, 0x33, 0xbe, 0x26, 0x01, 0x33, 0xc1, 0x26, 0x01, 0xa4, 0xc5, 0x26,
    0x01, 0xa4, 0xc9, 0x26, 0x03, 0xcf, 0xd1, 0xcf, 0xcd, 0x26, 0x02, 0x01, 0x1e, 0xd1, 0x26, 0x01,
    0x01, 0xd8, 0x26, 0x08, 0x01, 0xfc, 0xfc, 0xfd, 0xcf, 0xf0, 0xee, 0xee, 0x10, 0x27, 0x06, 0x5d,
    0x62, 0x62, 0x33, 0x60, 0x60, 0x18, 0x27, 0x06, 0xbc, 0xa5, 0xa4, 0x33, 0x33, 0xa4, 0x1f, 0x27,
    0x06, 0x33, 0x6b, 0x6b, 0xcf, 0xcf, 0xcf, 0x26, 0x27, 0x08, 0x01, 0x01, 0x01, 0x1f, 0x1f, 0x1e,
    0x1e, 0x1e, 0x2f, 0x27, 0x03, 0x1f, 0x1f, 0x1f, 0x33, 0x27, 0x07, 0x01, 0x01, 0xce, 0xce, 0xcf,
    0x97, 0x33, 0x3c, 0x27, 0x02, 0xa4, 0x33, 0x40, 0x27, 0x01, 0xa4, 0x42, 0x27, 0x01, 0x33, 0x44,
    0x27, 0x01, 0xa4, 0x46, 0x27, 0x01, 0x33, 0x48, 0x27, 0x04, 0x33, 0xcf, 0xcf, 0xd1, 0x4e, 0x27,
    0x02, 0x1e, 0x1e, 0x53, 0x27, 0x01, 0x01, 0x57, 0x27, 0x01, 0x01, 0x5b, 0x27, 0x02, 0x1e, 0x1e,
    0x5e, 0x27, 0x03, 0xf0, 0xf0, 0x0c, 0x91, 0x27, 0x06, 0x5d, 0x31, 0xf7, 0xc6, 0xa5, 0xc7, 0x98,
    0x27, 0x0d, 0x62, 0x60, 0x97, 0x97, 0x53, 0xa5, 0xa5, 0xa4, 0x97, 0x33, 0xcf, 0xfc, 0x1e, 0xa8,
    0x27, 0x01, 0x01, 0xab, 0x27, 0x03, 0x01, 0x1e, 0x1e, 0xaf, 0x27, 0x01, 0x1e, 0xb2, 0x27, 0x08,
    0x01, 0x01, 0xcf, 0xce, 0xce, 0xcf, 0x33, 0x33, 0xbd, 0x27, 0x01, 0x33, 0xbf, 0x27, 0x03, 0xa4,
    0x33, 0x33, 0xc3, 0x27, 0x03, 0xa4, 0x33, 0x33, 0xc8, 0x27, 0x05, 0x33, 0xcf, 0xcf, 0xfc, 0x1e,
    0xcf, 0x27, 0x03, 0x1e, 0x1f, 0x1e, 0xd4, 0x27, 0x01, 0x01, 0xda, 0x27, 0x02, 0x01, 0x01, 0xdd,
    0x27, 0x04, 0x1e, 0xf0, 0xf0, 0x0c, 0x12, 0x28, 0x02, 0x5d, 0x51, 0x15, 0x28, 0x02, 0x62, 0x31,
    0x19, 0x28, 0x0d, 0xc6, 0xde, 0x01, 0xf6, 0xa4, 0xf7, 0x60, 0x8f, 0x96, 0x33, 0x75, 0xfc, 0xfc,
    0x29, 0x28, 0x05, 0x01, 0x01, 0x01, 0x01, 0x1f, 0x2f, 0x28, 0x0a, 0x1e, 0x1e, 0x1e, 0x1e, 0xe2,
    0xcf, 0xcf, 0xcf, 0xcf, 0x33, 0x3b, 0x28, 0x01, 0xa4, 0x40, 0x28, 0x01, 0x33, 0x43, 0x28, 0x01,
    0xa4, 0x48, 0x28, 0x05, 0xcf, 0xcf, 0xd1, 0xfc, 0x1e, 0x4e, 0x28, 0x02, 0x1e, 0x1e, 0x52, 0x28,
    0x05, 0x1f, 0x01, 0x01, 0x01, 0x01, 0x5a, 0x28, 0x01, 0x1e, 0x5d, 0x28, 0x04, 0x1f, 0xf0, 0xf0,
    0xf0, 0x93, 0x28, 0x06, 0x5d, 0x5d, 0x9b, 0x3f, 0x51, 0x62, 0x9a, 0x28, 0x05, 0x62, 0x31, 0x53,
    0xc6, 0x62, 0xa0, 0x28, 0x08, 0xde, 0xf6, 0x01, 0xf6, 0xf6, 0x01, 0x96, 0x97, 0xa9, 0x28, 0x01,
    0xfc, 0xab, 0x28, 0x01, 0x01, 0xad, 0x28, 0x03, 0x01, 0x01, 0x1f, 0xb1, 0x28, 0x07, 0x1e, 0x1e,
    0xd1, 0xd1, 0xd1, 0x6b, 0x33, 0xbb, 0x28, 0x02, 0xa4, 0x33, 0xbe, 0x28, 0x01, 0xa4, 0xc3, 0x28,
    0x01, 0xa4, 0xc7, 0x28, 0x07, 0x33, 0xcf, 0xcf, 0xcf, 0xfc, 0x01, 0x1e, 0xcf, 0x28, 0x06, 0x1e,
    0x1e, 0x01, 0x1e, 0x1f, 0x1e, 0xd6, 0x28, 0x01, 0x01, 0xd8, 0x28, 0x01, 0x01, 0xdd, 0x28, 0x04,
    0x1e, 0xf0, 0xf0, 0xf0, 0x13, 0x29, 0x0a, 0x05, 0x0c, 0x9b, 0x5d, 0x5d, 0x5d, 0x5d, 0x3f, 0x9e,
    0x62, 0x1e, 0x29, 0x01, 0xc6, 0x21, 0x29, 0x05, 0x53, 0x31, 0x53, 0xc6, 0x53, 0x27, 0x29, 0x02,
    0xbc, 0xf6, 0x2a, 0x29, 0x01, 0x01, 0x2c, 0x29, 0x01, 0xdf, 0x2f, 0x29, 0x09, 0x01, 0x1f, 0x01,
    0xcf, 0xd1, 0xd1, 0xcf, 0xd1, 0x33, 0x3a, 0x29, 0x01, 0xa4, 0x3e, 0x29, 0x02, 0xa4, 0x33, 0x43,
    0x29, 0x02, 0xa4, 0x33, 0x47, 0x29, 0x0c, 0x33, 0xce, 0xcf, 0xcf, 0xfc, 0x1f, 0x01, 0x1f, 0x1e,
    0x1e, 0x1e, 0x1f, 0x54, 0x29, 0x09, 0x1f, 0x1f, 0x1e, 0x1e, 0x01, 0x01, 0x01, 0x01, 0x1e, 0x5e,
    0x29, 0x04, 0xf0, 0xf0, 0xf0, 0x0c, 0x99, 0x29, 0x07, 0x05, 0x0c, 0x5d, 0x5d, 0x5d, 0x9b, 0x51,
    0xa1, 0x29, 0x01, 0xc6, 0xa3, 0x29, 0x02, 0x62, 0xc6, 0xa6, 0x29, 0x02, 0xc6, 0xc6, 0xaa, 0x29,
    0x02, 0xf7, 0xf7, 0xad, 0x29, 0x05, 0xf6, 0xf6, 0x18, 0x6a, 0x33, 0xb3, 0x29, 0x05, 0x33, 0x33,
    0x75, 0x33, 0x33, 0xbb, 0x29, 0x01, 0x33, 0xc0, 0x29, 0x02, 0xa4, 0x33, 0xc3, 0x29, 0x02, 0xa4,
    0x33, 0xc6, 0x29, 0x12, 0x33, 0x6a, 0xce, 0xce, 0xcf, 0xfc, 0x01, 0x01, 0x01, 0x1f, 0x1e, 0x1e,
    0x1e, 0x1e, 0x1f, 0x1f, 0x1f, 0x1e, 0xd9, 0x29, 0x04, 0x01, 0x01, 0x01, 0x01, 0xde, 0x29, 0x04,
    0xf0, 0xf0, 0xf0, 0x0c, 0x1e, 0x2a, 0x06, 0x05, 0x0c, 0x5d, 0x5d, 0x58, 0x51, 0x27, 0x2a, 0x02,
    0xc6, 0xc6, 0x2e, 0x2a, 0x0e, 0x53, 0xf7, 0xef, 0x01, 0x19, 0x01, 0x49, 0x97, 0x97, 0xa5, 0xa4,
    0x33, 0x33, 0x33, 0x3f, 0x2a, 0x02, 0xa4, 0xa4, 0x43, 0x2a, 0x02, 0xa4, 0x33, 0x46, 0x2a, 0x06,
    0x97, 0xfc, 0xcf, 0xce, 0xce, 0x01, 0x4f, 0x2a, 0x13, 0x1f, 0x01, 0x1f, 0x1e, 0x1e, 0x1e, 0x01,
    0x1f, 0x1f, 0x01, 0x1e, 0x1e, 0x01, 0x01, 0x01, 0xfd, 0xf0, 0xf0, 0xf0, 0xa4, 0x2a, 0x05, 0x05,
    0x0c, 0x58, 0x33, 0xc6, 0xb0, 0x2a, 0x02, 0x31, 0xf7, 0xb3, 0x2a, 0x02, 0x53, 0xf7, 0xb6, 0x2a,
    0x01, 0xf6, 0xb8, 0x2a, 0x08, 0xec, 0x97, 0x8f, 0x96, 0xa5, 0xa4, 0xa4, 0x97, 0xc1, 0x2a, 0x0c,
    0x33, 0xa4, 0x97, 0xa4, 0x33, 0x33, 0xcf, 0xcf, 0xcf, 0xce, 0x1f, 0x01, 0xd0, 0x2a, 0x0c, 0x1f,
    0x1f, 0x1f, 0x01, 0x1e, 0x1e, 0x1e, 0x1f, 0x1f, 0x1f, 0x01, 0x1e, 0xdd, 0x2a, 0x05, 0x01, 0xfd,
    0xf1, 0xf1, 0xf0, 0x2d, 0x2b, 0x01, 0xa4, 0x30, 0x2b, 0x01, 0xc6, 0x32, 0x2b, 0x0b, 0xc6, 0x62,
    0x31, 0x62, 0xc6, 0x31, 0xde, 0x01, 0xf7, 0xf7, 0x6b, 0x3e, 0x2b, 0x05, 0x97, 0x33, 0x96, 0xa5,
    0xa5, 0x44, 0x2b, 0x0b, 0x48, 0x33, 0xe2, 0xfc, 0xfc, 0xcf, 0xcf, 0x01, 0x01, 0x1f, 0x01, 0x51,
    0x2b, 0x05, 0x1e, 0x1f, 0x1f, 0x1f, 0x01, 0x58, 0x2b, 0x04, 0x1f, 0x1f, 0x1f, 0x01, 0x5d, 0x2b,
    0x06, 0x1e, 0xfc, 0xf1, 0xf1, 0xf1, 0x0c, 0xae, 0x2b, 0x04, 0x05, 0x5d, 0x58, 0x51, 0xb4, 0x2b,
    0x02, 0xc6, 0x62, 0xb8, 0x2b, 0x02, 0x31, 0xf7, 0xbb, 0x2b, 0x03, 0x31, 0xde, 0xc7, 0xbf, 0x2b,
    0x05, 0xec, 0x9c, 0xa4, 0x33, 0x60, 0xc5, 0x2b, 0x05, 0xa5, 0x6a, 0x74, 0x75, 0x23, 0xcb, 0x2b,
    0x06, 0x1e, 0xfc, 0xfd, 0xfd, 0x01, 0x01, 0xd3, 0x2b, 0x04, 0x1e, 0x1f, 0x1f, 0x01, 0xd9, 0x2b,
    0x04, 0x1f, 0x1f, 0x1f, 0x1f, 0xde, 0x2b, 0x05, 0xfc, 0xf0, 0xf0, 0xf1, 0x0c, 0x32, 0x2c, 0x09,
    0x05, 0x5d, 0x5d, 0x3f, 0x58, 0x51, 0x62, 0xc6, 0xc6, 0x3c, 0x2c, 0x1e, 0x31, 0xc6, 0xa4, 0xa4,
    0xc7, 0xc7, 0xc6, 0x8e, 0x3a, 0x60, 0x97, 0x33, 0x9c, 0x9c, 0x6a, 0x9c, 0x73, 0x6a, 0x6b, 0xce,
    0x6a, 0x01, 0xe2, 0xfc, 0xe2, 0x1e, 0x1e, 0x1f, 0x01, 0x01, 0x5b, 0x2c, 0x08, 0x1e, 0x1f, 0x1f,
    0xe2, 0xf0, 0xf0, 0xf0, 0xf0, 0xb6, 0x2c, 0x08, 0x05, 0x5d, 0x5d, 0x5d, 0x9b, 0x5d, 0x3a, 0x51,
    0xc0, 0x2c, 0x1d, 0x62, 0xc6, 0x62, 0x31, 0x01, 0xa5, 0xc7, 0xc6, 0x8e, 0xad, 0x9c, 0x51, 0x60,
    0x9c, 0x6b, 0xcf, 0x9c, 0x72, 0x6b, 0x6b, 0x75, 0x6b, 0x3d, 0x1e, 0xe2, 0xe2, 0xfc, 0xfc, 0x01,
    0xde, 0x2c, 0x05, 0xe2, 0xee, 0xf0, 0xee, 0xf0, 0x3a, 0x2d, 0x22, 0x05, 0x5d, 0x5d, 0x5d, 0x5d,
    0x5d, 0x3f, 0x5d, 0x58, 0x51, 0x31, 0x53, 0xc6, 0x31, 0x31, 0xc6, 0xa4, 0xc6, 0xa4, 0xad, 0x9e,
    0x33, 0x51, 0x9c, 0x9c, 0x6a, 0xce, 0xce, 0x73, 0x74, 0x74, 0x6a, 0x75, 0x3d, 0x5e, 0x2d, 0x06,
    0xfd, 0x0c, 0x0c, 0x0c, 0xee, 0x0c, 0xbe, 0x2d, 0x12, 0x05, 0x5d, 0x9b, 0x5d, 0x5d, 0x5d, 0x3f,
    0x5d, 0x5d, 0x5d, 0x69, 0x97, 0xc6, 0x62, 0x31, 0xde, 0x01, 0xa5, 0xd1, 0x2d, 0x12, 0xec, 0x58,
    0x51, 0x97, 0xce, 0x9c, 0x9d, 0x6b, 0xd1, 0x75, 0xcf, 0x74, 0x6a, 0x6a, 0x9b, 0xd3, 0x5d, 0x6c,
    0x42, 0x2e, 0x12, 0x05, 0x5d, 0x5d, 0x5d, 0x5d, 0x5d, 0x3f, 0x9b, 0x3f, 0x5d, 0x6c, 0x69, 0x97,
    0x62, 0x31, 0x62, 0xc7, 0xc7, 0x55, 0x2e, 0x0e, 0x48, 0x3a, 0x51, 0x51, 0x51, 0x6b, 0x9c, 0x82,
    0x75, 0xcf, 0x6c, 0x6c, 0x05, 0x3f, 0xc5, 0x2e, 0x1e, 0x05, 0x0c, 0x5d, 0x5d, 0x9b, 0x3f, 0x5d,
    0x9b, 0x5d, 0x5d, 0x5d, 0x5d, 0x3f, 0x6c, 0x3a, 0x60, 0xde, 0xc7, 0xc7, 0xc6, 0x8e, 0xad, 0x97,
    0x33, 0x51, 0xb3, 0x5d, 0x5d, 0x05, 0x9b, 0x49, 0x2f, 0x14, 0x05, 0x0c, 0x5d, 0x5d, 0x5d, 0x5d,
    0x5d, 0x9b, 0x3f, 0x5d, 0x5d, 0x5d, 0x6c, 0x6c, 0x3f, 0x3f, 0x86, 0x96, 0xc7, 0xa4, 0x5e, 0x2f,
    0x04, 0x62, 0x5d, 0x5d, 0x5d, 0xcd, 0x2f, 0x11, 0x05, 0x0c, 0x5d, 0x9b, 0x3f, 0x5d, 0x5d, 0x9b,
    0x5d, 0x5d, 0x9b, 0x3f, 0x6c, 0x6c, 0x3f, 0x6c, 0x9b, 0xdf, 0x2f, 0x03, 0x05, 0x0c, 0x5d, 0x51,
    0x30, 0x0d, 0x05, 0x0c, 0x5d, 0x5d, 0x5d, 0x5d, 0x9b, 0x9b, 0x5d, 0x5d, 0x5d, 0x5d, 0x5d, 0xd5,
    0x30, 0x09, 0x05, 0x0c, 0x9b, 0x5d, 0x5d, 0x5d, 0x5d, 0x9b, 0x5d, 0x59, 0x31, 0x04, 0x05, 0x0c,
    0x5d, 0x5d, 0x35, 0x18, 0x04, 0x0c, 0x0c, 0x0c, 0x0c, 0xb3, 0x18, 0x03, 0x0c, 0x3f, 0x33, 0xba,
    0x18, 0x01, 0xa4, 0xbc, 0x18, 0x01, 0x97, 0xc1, 0x18, 0x01, 0x0c, 0x32, 0x19, 0x02, 0x0c, 0x33,
    0x35, 0x19, 0x02, 0x33, 0xa4, 0x39, 0x19, 0x01, 0xa4, 0x3d, 0x19, 0x09, 0xcf, 0xcf, 0x1e, 0xf0,
    0xf0, 0xf0, 0xf0, 0xf0, 0xf0, 0x4a, 0x19, 0x01, 0x0c, 0xb0, 0x19, 0x01, 0x0c, 0xb2, 0x19, 0x03,
    0x33, 0x33, 0x33, 0xb8, 0x19, 0x02, 0xa4, 0xa4, 0xbc, 0x19, 0x02, 0xce, 0xfc, 0xc0, 0x19, 0x01,
    0x1e, 0xc2, 0x19, 0x01, 0x01, 0xc6, 0x19, 0x02, 0xfc, 0x33, 0xc9, 0x19, 0x02, 0x33, 0xa4, 0xcd,
    0x19, 0x01, 0xa4, 0xcf, 0x19, 0x01, 0x33, 0xd3, 0x19, 0x02, 0x0c, 0x0c, 0x2f, 0x1a, 0x03, 0x0c,
    0xfc, 0x1e, 0x33, 0x1a, 0x05, 0xfc, 0xfd, 0xfc, 0xfc, 0xfc, 0x39, 0x1a, 0x04, 0x33, 0x33, 0x1e,
    0xfc, 0x3e, 0x1a, 0x01, 0x01, 0x42, 0x1a, 0x02, 0x1e, 0x1e, 0x45, 0x1a, 0x02, 0xfd, 0xcf, 0x50,
    0x1a, 0x0a, 0x33, 0xcf, 0xfc, 0xf0, 0xf0, 0xf0, 0xf0, 0xfc, 0xfc, 0xfd, 0x5b, 0x1a, 0x01, 0x0c,
    0xaf, 0x1a, 0x01, 0xf0, 0xb2, 0x1a, 0x03, 0x1e, 0x1e, 0x1e, 0xb6, 0x1a, 0x01, 0x01, 0xb9, 0x1a,
    0x05, 0x01, 0xcf, 0x33, 0xa4, 0x33, 0xc2, 0x1a, 0x01, 0xfc, 0xc4, 0x1a, 0x02, 0x1e, 0xcf, 0xc7,
    0x1a, 0x02, 0xa4, 0xa4, 0xcc, 0x1a, 0x02, 0xa4, 0xa4, 0xd0, 0x1a, 0x02, 0x33, 0xcf, 0xd3, 0x1a,
    0x03, 0x1e, 0x1e, 0x1e, 0xd7, 0x1a, 0x01, 0x01, 0xdb, 0x1a, 0x03, 0x01, 0xee, 0x0c, 0x2c, 0x1b,
    0x07, 0x0c, 0xfc, 0x01, 0x01, 0x01, 0x01, 0x1e, 0x34, 0x1b, 0x06, 0x1e, 0x1f, 0x01, 0x01, 0xfd,
    0xcf, 0x3c, 0x1b, 0x06, 0x33, 0x33, 0xa4, 0xa4, 0xa4, 0xa4, 0x44, 0x1b, 0x03, 0x33, 0xfc, 0xe2,
    0x4a, 0x1b, 0x08, 0x33, 0x33, 0xa4, 0xa4, 0x33, 0x97, 0xcf, 0xfc, 0x53, 0x1b, 0x03, 0x01, 0x1e,
    0x1e, 0x57, 0x1b, 0x02, 0x01, 0x1e, 0x5a, 0x1b, 0x04, 0x01, 0x01, 0xf0, 0x0c, 0xac, 0x1b, 0x01,
    0x0c, 0xae, 0x1b, 0x01, 0xfc, 0xb1, 0x1b, 0x01, 0x01, 0xb3, 0x1b, 0x02, 0x01, 0x1e, 0xb6, 0x1b,
    0x03, 0x1e, 0xfc, 0x33, 0xba, 0x1b, 0x02, 0xa4, 0xa4, 0xc1, 0x1b, 0x01, 0x33, 0xc3, 0x1b, 0x03,
    0x33, 0xfc, 0x1e, 0xc8, 0x1b, 0x01, 0x01, 0xcd, 0x1b, 0x03, 0xfc, 0xfc, 0xe2, 0xd1, 0x1b, 0x04,
    0xe2, 0xfc, 0xfc, 0xfd, 0xd6, 0x1b, 0x01, 0x01, 0xd8, 0x1b, 0x01, 0x1e, 0xda, 0x1b, 0x04, 0x1f,
    0x01, 0xf0, 0x0c, 0x2a, 0x1c, 0x01, 0x0c, 0x2d, 0x1c, 0x01, 0xa4, 0x36, 0x1c, 0x02, 0x33, 0x33,
    0x39, 0x1c, 0x02, 0xa4, 0x97, 0x3e, 0x1c, 0x02, 0xa4, 0xa4, 0x43, 0x1c, 0x02, 0xfd, 0x01, 0x47,
    0x1c, 0x01, 0x1e, 0x49, 0x1c, 0x03, 0x1e, 0x01, 0x01, 0x4f, 0x1c, 0x02, 0xfc, 0x33, 0x53, 0x1c,
    0x0b, 0x97, 0xcf, 0x33, 0x33, 0x33, 0x6a, 0xe2, 0xe2, 0xfc, 0xfc, 0x0c, 0xac, 0x1c, 0x01, 0x33,
    0xae, 0x1c, 0x02, 0xa4, 0x33, 0xb5, 0x1c, 0x03, 0x33, 0xfc, 0x01, 0xba, 0x1c, 0x01, 0x33, 0xbe,
    0x1c, 0x01, 0x33, 0xc0, 0x1c, 0x03, 0x33, 0xa4, 0x33, 0xc4, 0x1c, 0x01, 0x01, 0xc6, 0x1c, 0x02,
    0x01, 0x1e, 0xcb, 0x1c, 0x01, 0x01, 0xcd, 0x1c, 0x01, 0x01, 0xcf, 0x1c, 0x01, 0xcf, 0xd2, 0x1c,
    0x02, 0xa4, 0xa4, 0xd5, 0x1c, 0x02, 0x33, 0xa4, 0xd8, 0x1c, 0x04, 0xa4, 0x33, 0xcf, 0xcf, 0xdd,
    0x1c, 0x01, 0x0c, 0x27, 0x1d, 0x01, 0x3f, 0x2a, 0x1d, 0x02, 0xa4, 0x33, 0x2f, 0x1d, 0x03, 0xa4,
    0x33, 0x33, 0x34, 0x1d, 0x01, 0x0c, 0x36, 0x1d, 0x01, 0x1e, 0x3e, 0x1d, 0x06, 0x01, 0xcf, 0xd1,
    0x33, 0xe2, 0xfc, 0x45, 0x1d, 0x05, 0xfc, 0xfc, 0xfd, 0xfd, 0x1e, 0x4d, 0x1d, 0x01, 0x1e, 0x4f,
    0x1d, 0x01, 0x33, 0x53, 0x1d, 0x01, 0xa4, 0x56, 0x1d, 0x01, 0x33, 0x58, 0x1d, 0x01, 0x33, 0x5c,
    0x1d, 0x01, 0x33, 0xa6, 0x1d, 0x03, 0x33, 0xa4, 0x33, 0xae, 0x1d, 0x02, 0xa4, 0x33, 0xb3, 0x1d,
    0x02, 0x0c, 0x01, 0xb6, 0x1d, 0x01, 0x1e, 0xc1, 0x1d, 0x01, 0x33, 0xc4, 0x1d, 0x01, 0xa4, 0xc9,
    0x1d, 0x03, 0x33, 0xfd, 0xfd, 0xcd, 0x1d, 0x07, 0xe2, 0xfc, 0x0c, 0x33, 0xa4, 0x97, 0x33, 0xd7,
    0x1d, 0x02, 0xa4, 0x33, 0xdc, 0x1d, 0x01, 0x33, 0x23, 0x1e, 0x0c, 0x0c, 0xfc, 0xfc, 0xfd, 0x75,
    0xfc, 0xcf, 0x33, 0x33, 0x33, 0xa4, 0x33, 0x30, 0x1e, 0x01, 0xa4, 0x3a, 0x1e, 0x01, 0x1e, 0x43,
    0x1e, 0x02, 0xa4, 0x33, 0x46, 0x1e, 0x01, 0x97, 0x4e, 0x1e, 0x0a, 0xcf, 0xcf, 0xe2, 0xe2, 0xfc,
    0xfc, 0xcf, 0xcf, 0x33, 0x33, 0x59, 0x1e, 0x01, 0x33, 0x5c, 0x1e, 0x01, 0x33, 0xa2, 0x1e, 0x06,
    0x0c, 0x1e, 0x1e, 0x1e, 0x01, 0x01, 0xab, 0x1e, 0x03, 0xfc, 0xfc, 0xfc, 0xaf, 0x1e, 0x02, 0x1e,
    0xe2, 0xb2, 0x1e, 0x01, 0xfc, 0xb8, 0x1e, 0x02, 0x1f, 0x1e, 0xbb, 0x1e, 0x01, 0x1e, 0xbd, 0x1e,
    0x01, 0x01, 0xbf, 0x1e, 0x01, 0xfd, 0xc3, 0x1e, 0x01, 0x33, 0xc9, 0x1e, 0x02, 0x97, 0x33, 0xce,
    0x1e, 0x05, 0xe2, 0x1e, 0x1e, 0x1e, 0x01, 0xd4, 0x1e, 0x09, 0xcf, 0xcf, 0xcf, 0xfc, 0xfc, 0xfc,
    0xfc, 0xfc, 0x97, 0x20, 0x1f, 0x02, 0x0c, 0xfc, 0x26, 0x1f, 0x02, 0x1e, 0x01, 0x2f, 0x1f, 0x01,
    0xee, 0x32, 0x1f, 0x0a, 0x33, 0x33, 0x33, 0x33, 0x33, 0x33, 0x01, 0x01, 0x1f, 0x1e, 0x3d, 0x1f,
    0x02, 0x1e, 0x1e, 0x42, 0x1f, 0x01, 0xa4, 0x48, 0x1f, 0x02, 0x97, 0x33, 0x4d, 0x1f, 0x01, 0x33,
    0x50, 0x1f, 0x01, 0x1e, 0x52, 0x1f, 0x02, 0x1f, 0x1e, 0x59, 0x1f, 0x01, 0x01, 0x5c, 0x1f, 0x01,
    0xe2, 0x9f, 0x1f, 0x03, 0xf0, 0xfd, 0x01, 0xa4, 0x1f, 0x01, 0x1e, 0xa9, 0x1f, 0x01, 0x01, 0xae,
    0x1f, 0x02, 0xf0, 0x33, 0xb2, 0x1f, 0x02, 0xa4, 0x33, 0xb8, 0x1f, 0x03, 0xa4, 0x33, 0x33, 0xbd,
    0x1f, 0x02, 0x33, 0x33, 0xc1, 0x1f, 0x02, 0xa4, 0x33, 0xc8, 0x1f, 0x02, 0xa4, 0x33, 0xce, 0x1f,
    0x01, 0x01, 0xd2, 0x1f, 0x03, 0x1e, 0x1e, 0x1e, 0xd6, 0x1f, 0x02, 0x01, 0x01, 0xdb, 0x1f, 0x01,
    0x1e, 0x1d, 0x20, 0x02, 0x0c, 0xfc, 0x20, 0x20, 0x01, 0x01, 0x22, 0x20, 0x01, 0x01, 0x24, 0x20,
    0x02, 0x1e, 0x1e, 0x2d, 0x20, 0x02, 0xf0, 0x33, 0x31, 0x20, 0x01, 0xa4, 0x36, 0x20, 0x01, 0xa4,
    0x38, 0x20, 0x02, 0xa4, 0x33, 0x3d, 0x20, 0x01, 0x33, 0x3f, 0x20, 0x01, 0x1e, 0x44, 0x20, 0x02,
    0x33, 0xcf, 0x4d, 0x20, 0x02, 0x01, 0x01, 0x50, 0x20, 0x02, 0x01, 0x01, 0x53, 0x20, 0x01, 0x1e,
    0x56, 0x20, 0x06, 0x01, 0x1f, 0x01, 0x01, 0x01, 0x01, 0x9b, 0x20, 0x02, 0x0c, 0x3f, 0x9e, 0x20,
    0x01, 0xfc, 0xa1, 0x20, 0x01, 0x01, 0xa4, 0x20, 0x02, 0x1f, 0x1e, 0xac, 0x20, 0x01, 0xfd, 0xaf,
    0x20, 0x03, 0xa4, 0xa4, 0x33, 0xb7, 0x20, 0x02, 0xa4, 0x33, 0xbc, 0x20, 0x02, 0x33, 0x1e, 0xc0,
    0x20, 0x03, 0x01, 0x1e, 0x1e, 0xc7, 0x20, 0x01, 0xfc, 0xca, 0x20, 0x02, 0x33, 0x33, 0xcd, 0x20,
    0x01, 0x1e, 0xcf, 0x20, 0x0b, 0x01, 0x01, 0x01, 0x1e, 0x1f, 0x1f, 0x1f, 0x1e, 0x1f, 0x1f, 0x1f,
    0xdc, 0x20, 0x01, 0x01, 0x1a, 0x21, 0x01, 0x0c, 0x1d, 0x21, 0x07, 0x33, 0x33, 0x33, 0xcf, 0xcf,
    0xfc, 0xfd, 0x26, 0x21, 0x01, 0x1e, 0x28, 0x21, 0x01, 0x1e, 0x2b, 0x21, 0x01, 0xfc, 0x2f, 0x21,
    0x02, 0xa4, 0x33, 0x35, 0x21, 0x03, 0xa4, 0xa4, 0x33, 0x3b, 0x21, 0x02, 0x33, 0xfc, 0x49, 0x21,
    0x02, 0x01, 0x01, 0x4c, 0x21, 0x0c, 0xe2, 0x33, 0x33, 0x97, 0xfc, 0xfc, 0xfd, 0xfd, 0x1e, 0x1e,
    0x1f, 0x01, 0x59, 0x21, 0x03, 0x1e, 0x1f, 0x1f, 0x98, 0x21, 0x03, 0x0c, 0x3f, 0x33, 0x9d, 0x21,
    0x02, 0xa4, 0x33, 0xa3, 0x21, 0x05, 0x33, 0x33, 0x33, 0xfd, 0xfc, 0xaa, 0x21, 0x01, 0xee, 0xae,
    0x21, 0x02, 0xa4, 0x33, 0xb5, 0x21, 0x02, 0xa4, 0x33, 0xbb, 0x21, 0x01, 0xcf, 0xbf, 0x21, 0x02,
    0x1e, 0x1e, 0xc2, 0x21, 0x03, 0x01, 0x01, 0x01, 0xcb, 0x21, 0x01, 0xfc, 0xcf, 0x21, 0x01, 0x97,
    0xd2, 0x21, 0x0b, 0xcf, 0x33, 0x33, 0x33, 0x6a, 0xe2, 0xe2, 0xe2, 0xfc, 0x1e, 0x1e, 0x17, 0x22,
    0x09, 0x3f, 0x3f, 0x33, 0xa4, 0x33, 0xa4, 0x97, 0x33, 0xa4, 0x21, 0x22, 0x04, 0xa4, 0x33, 0xa4,
    0x33, 0x28, 0x22, 0x02, 0x33, 0xe2, 0x2b, 0x22, 0x03, 0x33, 0x33, 0x33, 0x34, 0x22, 0x02, 0xa4,
    0x97, 0x3a, 0x22, 0x02, 0xcf, 0xfd, 0x3f, 0x22, 0x02, 0x1e, 0x1e, 0x4e, 0x22, 0x03, 0xa4, 0x97,
    0x33, 0x55, 0x22, 0x08, 0xa4, 0xa4, 0xfd, 0xce, 0x33, 0x33, 0x33, 0xd1, 0x95, 0x22, 0x03, 0x0c,
    0x3f, 0x33, 0x9a, 0x22, 0x01, 0x33, 0x9d, 0x22, 0x02, 0xa4, 0x97, 0xa1, 0x22, 0x02, 0xa4, 0xa4,
    0xa7, 0x22, 0x02, 0x33, 0xcf, 0xae, 0x22, 0x01, 0x33, 0xb0, 0x22, 0x01, 0x33, 0xb4, 0x22, 0x03,
    0xa4, 0x33, 0xa4, 0xb8, 0x22, 0x03, 0xa4, 0x33, 0xfc, 0xc0, 0x22, 0x02, 0x1e, 0x1e, 0xc7, 0x22,
    0x01, 0x01, 0xcb, 0x22, 0x01, 0x33, 0xce, 0x22, 0x02, 0xa4, 0x33, 0xd2, 0x22, 0x02, 0x33, 0x33,
    0xd5, 0x22, 0x02, 0xa4, 0x33, 0xdc, 0x22, 0x01, 0x33, 0x13, 0x23, 0x05, 0x0c, 0x3f, 0x3f, 0x33,
    0xa4, 0x19, 0x23, 0x02, 0xa4, 0x33, 0x1d, 0x23, 0x05, 0xa4, 0xa4, 0xa4, 0xa4, 0x33, 0x26, 0x23,
    0x02, 0x33, 0xcf, 0x2a, 0x23, 0x01, 0x01, 0x31, 0x23, 0x02, 0x01, 0x01, 0x38, 0x23, 0x03, 0x33,
    0xd1, 0x1e, 0x3d, 0x23, 0x01, 0x01, 0x3f, 0x23, 0x03, 0x1f, 0x1f, 0x1e, 0x44, 0x23, 0x07, 0x1e,
    0x1f, 0x01, 0x01, 0x01, 0x01, 0xfc, 0x4f, 0x23, 0x01, 0x33, 0x52, 0x23, 0x03, 0x33, 0x33, 0xa4,
    0x56, 0x23, 0x01, 0xa4, 0x5c, 0x23, 0x02, 0x33, 0x0c, 0x92, 0x23, 0x03, 0x0c, 0x3f, 0x3f, 0x97,
    0x23, 0x01, 0x97, 0x9e, 0x23, 0x03, 0x33, 0x97, 0x33, 0xa5, 0x23, 0x03, 0x33, 0xcf, 0x1e, 0xab,
    0x23, 0x02, 0x01, 0x1e, 0xb2, 0x23, 0x02, 0x01, 0x01, 0xb6, 0x23, 0x03, 0x1e, 0x1e, 0xfc, 0xba,
    0x23, 0x01, 0xfc, 0xc1, 0x23, 0x02, 0x01, 0x1e, 0xc4, 0x23, 0x01, 0x1e, 0xc7, 0x23, 0x01, 0x01,
    0xc9, 0x23, 0x02, 0x01, 0xce, 0xce, 0x23, 0x02, 0xa4, 0x33, 0xd3, 0x23, 0x01, 0xa4, 0xdc, 0x23,
    0x02, 0x33, 0x0c, 0x10, 0x24, 0x06, 0x0c, 0x3f, 0x3f, 0x33, 0xa4, 0xa4, 0x18, 0x24, 0x01, 0x33,
    0x1c, 0x24, 0x01, 0xa4, 0x20, 0x24, 0x01, 0x33, 0x24, 0x24, 0x02, 0x3f, 0xcf, 0x28, 0x24, 0x01,
    0x1e, 0x34, 0x24, 0x01, 0x01, 0x37, 0x24, 0x02, 0xd1, 0x33, 0x3a, 0x24, 0x02, 0xa4, 0x33, 0x3e,
    0x24, 0x04, 0xfc, 0xfc, 0xfc, 0x01, 0x44, 0x24, 0x04, 0x1e, 0x1e, 0x1e, 0x1e, 0x49, 0x24, 0x02,
    0xfc, 0x33, 0x4d, 0x24, 0x02, 0xa4, 0xa4, 0x55, 0x24, 0x01, 0xa4, 0x5c, 0x24, 0x02, 0x33, 0x0c,
    0x8f, 0x24, 0x05, 0x0c, 0x3f, 0x3f, 0x97, 0x33, 0x97, 0x24, 0x01, 0x33, 0x9b, 0x24, 0x01, 0xa4,
    0x9f, 0x24, 0x01, 0x33, 0xa3, 0x24, 0x02, 0xcf, 0xcf, 0xa9, 0x24, 0x01, 0x1e, 0xab, 0x24, 0x01,
    0x01, 0xb0, 0x24, 0x01, 0x01, 0xb5, 0x24, 0x03, 0x01, 0xce, 0xcf, 0xbb, 0x24, 0x01, 0x97, 0xc1,
    0x24, 0x06, 0x33, 0x33, 0x6a, 0xfd, 0xfc, 0x1e, 0xc9, 0x24, 0x01, 0xcf, 0xce, 0x24, 0x02, 0x33,
    0x33, 0xd5, 0x24, 0x03, 0x33, 0x97, 0x33, 0xdc, 0x24, 0x02, 0x33, 0x0c, 0x0f, 0x25, 0x04, 0x83,
    0x9a, 0xa4, 0x33, 0x14, 0x25, 0x01, 0xa4, 0x16, 0x25, 0x01, 0x33, 0x1a, 0x25, 0x01, 0xa4, 0x1c,
    0x25, 0x01, 0xa4, 0x1e, 0x25, 0x01, 0xa4, 0x21, 0x25, 0x03, 0x33, 0xce, 0xfd, 0x2d, 0x25, 0x01,
    0x01, 0x35, 0x25, 0x03, 0xfc, 0xcf, 0x33, 0x39, 0x25, 0x01, 0xa4, 0x3b, 0x25, 0x01, 0xa4, 0x41,
    0x25, 0x03, 0xa4, 0x33, 0xa4, 0x45, 0x25, 0x08, 0x33, 0x33, 0xcf, 0x33, 0x33, 0x33, 0x33, 0xa4,
    0x54, 0x25, 0x01, 0xa4, 0x56, 0x25, 0x01, 0xa4, 0x5c, 0x25, 0x02, 0x33, 0x0c, 0x8f, 0x25, 0x02,
    0x0c, 0x60, 0x93, 0x25, 0x04, 0xa5, 0x96, 0x33, 0x33, 0x99, 0x25, 0x02, 0xa4, 0x33, 0x9c, 0x25,
    0x01, 0xa4, 0xa0, 0x25, 0x03, 0x33, 0xcf, 0xfc, 0xa8, 0x25, 0x02, 0x1e, 0x1e, 0xac, 0x25, 0x01,
    0x1e, 0xaf, 0x25, 0x01, 0x01, 0xb4, 0x25, 0x03, 0xfc, 0xd1, 0x33, 0xb8, 0x25, 0x02, 0xa4, 0xa4,
    0xbb, 0x25, 0x05, 0xa4, 0x97, 0xa4, 0xa4, 0xa4, 0xc3, 0x25, 0x02, 0xa4, 0x33, 0xc8, 0x25, 0x09,
    0xd1, 0x33, 0xfc, 0xe2, 0xd1, 0xfc, 0x33, 0x33, 0x33, 0xd5, 0x25, 0x02, 0xa4, 0x33, 0xda, 0x25,
    0x01, 0x33, 0xdc, 0x25, 0x02, 0x33, 0x0c, 0x10, 0x26, 0x02, 0xc7, 0xc7, 0x13, 0x26, 0x03, 0x60,
    0x60, 0x53, 0x17, 0x26, 0x04, 0xa5, 0xa4, 0x33, 0x33, 0x1e, 0x26, 0x04, 0x33, 0x33, 0xcf, 0xfc,
    0x26, 0x26, 0x01, 0x01, 0x28, 0x26, 0x01, 0x1e, 0x2d, 0x26, 0x01, 0x01, 0x30, 0x26, 0x01, 0x01,
    0x34, 0x26, 0x02, 0xcf, 0xd1, 0x37, 0x26, 0x0d, 0xa4, 0xa4, 0x33, 0xa4, 0x97, 0x33, 0x97, 0xa4,
    0x33, 0xa4, 0x33, 0xa4, 0x33, 0x48, 0x26, 0x01, 0xcf, 0x4a, 0x26, 0x01, 0x1f, 0x4c, 0x26, 0x0a,
    0x01, 0xd1, 0xfc, 0xfc, 0xcf, 0xcf, 0xcf, 0xcf, 0x33, 0x33, 0x57, 0x26, 0x02, 0xa4, 0x97, 0x5b,
    0x26, 0x03, 0xa4, 0x33, 0x0c, 0x90, 0x26, 0x0a, 0x6c, 0x31, 0x62, 0x53, 0xa5, 0xc7, 0xc6, 0x60,
    0x97, 0xf7, 0x9b, 0x26, 0x06, 0x96, 0x33, 0x33, 0x9b, 0xcf, 0xfc, 0xa7, 0x26, 0x02, 0x01, 0x1e,
    0xac, 0x26, 0x01, 0x1e, 0xae, 0x26, 0x01, 0x01, 0xb3, 0x26, 0x04, 0xcf, 0xcf, 0x33, 0xa4, 0xba,
    0x26, 0x01, 0x33, 0xbc, 0x26, 0x01, 0xa4, 0xbf, 0x26, 0x03, 0xa4, 0x33, 0xa4, 0xc7, 0x26, 0x02,
    0x33, 0xcf, 0xca, 0x26, 0x04, 0x1e, 0x1e, 0x1e, 0x01, 0xd1, 0x26, 0x08, 0xcf, 0xfc, 0xfc, 0xfc,
    0x6b, 0xfc, 0xcf, 0x6a, 0xda, 0x26, 0x03, 0x33, 0x33, 0x33, 0x10, 0x27, 0x12, 0x5d, 0x5d, 0x5d,
    0x33, 0x31, 0x31, 0x62, 0xa4, 0xde, 0xc7, 0xc6, 0x33, 0x33, 0x53, 0xa5, 0x96, 0xfc, 0xfc, 0x28,
    0x27, 0x02, 0x1e, 0x1e, 0x2e, 0x27, 0x02, 0x1e, 0x01, 0x32, 0x27, 0x03, 0x01, 0xcf, 0xcf, 0x37,
    0x27, 0x03, 0x33, 0xa4, 0x33, 0x3e, 0x27, 0x03, 0xa4, 0x33, 0xa4, 0x42, 0x27, 0x01, 0x33, 0x47,
    0x27, 0x02, 0xd1, 0xe2, 0x4b, 0x27, 0x02, 0x1e, 0x01, 0x56, 0x27, 0x08, 0xfc, 0xfd, 0xfc, 0xcf,
    0xcf, 0xd1, 0xe2, 0xf0, 0x91, 0x27, 0x06, 0x5d, 0x5d, 0x9b, 0x5d, 0x3f, 0x51, 0x99, 0x27, 0x01,
    0x31, 0x9b, 0x27, 0x0a, 0xa4, 0x31, 0xc7, 0xf6, 0xa4, 0x60, 0x33, 0x6a, 0xfc, 0xfc, 0xa7, 0x27,
    0x01, 0x01, 0xaa, 0x27, 0x02, 0x1f, 0x1e, 0xae, 0x27, 0x01, 0x1e, 0xb0, 0x27, 0x04, 0x1e, 0xfc,
    0xce, 0xce, 0xb5, 0x27, 0x01, 0xa4, 0xb9, 0x27, 0x01, 0x33, 0xbf, 0x27, 0x01, 0xa4, 0xc1, 0x27,
    0x01, 0x33, 0xc6, 0x27, 0x03, 0x33, 0xcf, 0xfc, 0xcc, 0x27, 0x01, 0x1e, 0xd0, 0x27, 0x01, 0x01,
    0xd8, 0x27, 0x06, 0x01, 0x01, 0xce, 0xfd, 0xfc, 0xf0, 0x13, 0x28, 0x07, 0x0c, 0x5d, 0x5d, 0x5d,
    0x9b, 0x3f, 0x51, 0x1b, 0x28, 0x0b, 0xa4, 0x31, 0xa4, 0x31, 0x31, 0xde, 0x01, 0xa4, 0xf7, 0x96,
    0x97, 0x27, 0x28, 0x02, 0xfc, 0xfc, 0x2b, 0x28, 0x02, 0x1e, 0x1e, 0x2f, 0x28, 0x05, 0x1e, 0xfc,
    0xcf, 0xcf, 0x33, 0x35, 0x28, 0x02, 0xa4, 0x33, 0x38, 0x28, 0x01, 0x33, 0x3e, 0x28, 0x03, 0xa4,
    0x33, 0x33, 0x46, 0x28, 0x02, 0xcf, 0xcf, 0x49, 0x28, 0x01, 0x1e, 0x4b, 0x28, 0x02, 0x1e, 0x1e,
    0x4e, 0x28, 0x02, 0x1f, 0x1f, 0x52, 0x28, 0x01, 0x01, 0x58, 0x28, 0x01, 0x01, 0x5a, 0x28, 0x01,
    0x1e, 0x5c, 0x28, 0x02, 0xf0, 0xf1, 0x97, 0x28, 0x06, 0x0c, 0x3f, 0x5d, 0x5d, 0x5d, 0x33, 0x9f,
    0x28, 0x01, 0x31, 0xa1, 0x28, 0x03, 0x53, 0xc6, 0x31, 0xa5, 0x28, 0x05, 0xf6, 0xa5, 0xf7, 0x96,
    0x96, 0xab, 0x28, 0x08, 0xfd, 0x01, 0x1e, 0x1e, 0x1e, 0xd1, 0xd1, 0xcf, 0xb4, 0x28, 0x03, 0xa4,
    0x33, 0x97, 0xbd, 0x28, 0x02, 0xa4, 0xa4, 0xc5, 0x28, 0x04, 0x33, 0xcf, 0xfc, 0x1e, 0xca, 0x28,
    0x04, 0x1e, 0x1e, 0x1e, 0x1f, 0xcf, 0x28, 0x03, 0x1e, 0x1f, 0x01, 0xd3, 0x28, 0x01, 0x01, 0xd8,
    0x28, 0x01, 0x1e, 0xdc, 0x28, 0x02, 0xf0, 0xee, 0x1b, 0x29, 0x05, 0x05, 0x5d, 0x5d, 0x5d, 0x51,
    0x21, 0x29, 0x01, 0xa4, 0x23, 0x29, 0x05, 0x62, 0x62, 0x31, 0xa4, 0x53, 0x29, 0x29, 0x05, 0xa5,
    0x01, 0x01, 0x49, 0xfc, 0x2f, 0x29, 0x03, 0xfc, 0xd1, 0xcf, 0x34, 0x29, 0x01, 0x33, 0x37, 0x29,
    0x01, 0x33, 0x3d, 0x29, 0x03, 0xa4, 0xa4, 0x33, 0x45, 0x29, 0x05, 0xcf, 0xcf, 0xfc, 0x01, 0x1e,
    0x4b, 0x29, 0x01, 0x1e, 0x4d, 0x29, 0x01, 0x1e, 0x4f, 0x29, 0x03, 0x1e, 0x1e, 0x1f, 0x54, 0x29,
    0x02, 0x01, 0x01, 0x59, 0x29, 0x01, 0x1e, 0x5c, 0x29, 0x02, 0xee, 0xf0, 0x9f, 0x29, 0x06, 0x0c,
    0x5d, 0x5d, 0x58, 0x62, 0xc6, 0xa6, 0x29, 0x01, 0xc6, 0xa8, 0x29, 0x0a, 0x31, 0x31, 0xc6, 0x53,
    0xa4, 0xf6, 0x19, 0x01, 0x6a, 0xdf, 0xb3, 0x29, 0x01, 0x33, 0xb5, 0x29, 0x01, 0xa4, 0xb7, 0x29,
    0x01, 0x33, 0xbd, 0x29, 0x02, 0xa4, 0x33, 0xc0, 0x29, 0x02, 0xa4, 0x33, 0xc4, 0x29, 0x06, 0x33,
    0xce, 0xce, 0x01, 0x01, 0x01, 0xcc, 0x29, 0x03, 0x1e, 0x1e, 0x1e, 0xd0, 0x29, 0x07, 0x1f, 0x1e,
    0x1f, 0x01, 0x01, 0x01, 0x01, 0xdc, 0x29, 0x02, 0xf0, 0xf0, 0x22, 0x2a, 0x05, 0x05, 0x0c, 0x5d,
    0x5d, 0x51, 0x28, 0x2a, 0x01, 0xc6, 0x2a, 0x2a, 0x01, 0xc6, 0x2c, 0x2a, 0x03, 0xc6, 0x31, 0x53,
    0x30, 0x2a, 0x03, 0xbc, 0xf6, 0xa5, 0x3c, 0x2a, 0x01, 0xa4, 0x3f, 0x2a, 0x01, 0xa4, 0x44, 0x2a,
    0x04, 0x33, 0xce, 0xfd, 0x01, 0x49, 0x2a, 0x06, 0x01, 0x01, 0x1f, 0x1e, 0x1e, 0x1e, 0x50, 0x2a,
    0x09, 0x01, 0x1f, 0x1f, 0x1e, 0x1e, 0x01, 0x01, 0x01, 0x01, 0x5a, 0x2a, 0x05, 0x1e, 0x01, 0xf0,
    0xf0, 0x0c, 0xa6, 0x2a, 0x04, 0x05, 0x0c, 0x9b, 0x51, 0xab, 0x2a, 0x04, 0x62, 0xc6, 0x62, 0x62,
    0xb0, 0x2a, 0x01, 0x31, 0xb2, 0x2a, 0x01, 0xf7, 0xb4, 0x2a, 0x05, 0xef, 0xa5, 0x01, 0x48, 0xdf,
    0xbb, 0x2a, 0x02, 0x33, 0xa4, 0xbf, 0x2a, 0x01, 0xa4, 0xc1, 0x2a, 0x08, 0x33, 0xa4, 0x33, 0xcf,
    0xcf, 0xfd, 0x01, 0x01, 0xca, 0x2a, 0x0c, 0x01, 0x01, 0x01, 0x1e, 0x1e, 0x1e, 0x1e, 0x1f, 0x1f,
    0x01, 0x1e, 0x1e, 0xd7, 0x2a, 0x08, 0x01, 0x01, 0x1f, 0x01, 0x1e, 0xf0, 0xf0, 0x0c, 0x2a, 0x2b,
    0x04, 0x05, 0x0c, 0x58, 0xc6, 0x30, 0x2b, 0x03, 0xc6, 0x62, 0xc6, 0x35, 0x2b, 0x0c, 0xa4, 0xf7,
    0xf7, 0xbc, 0x01, 0x6b, 0x97, 0xfc, 0x33, 0x33, 0x33, 0x33, 0x43, 0x2b, 0x12, 0x97, 0x6b, 0xcf,
    0x1e, 0x01, 0x01, 0x01, 0x01, 0x1f, 0x01, 0x01, 0x1f, 0x1e, 0x1e, 0x1e, 0x1f, 0x1f, 0x1f, 0x56,
    0x2b, 0x01, 0x1e, 0x58, 0x2b, 0x07, 0x01, 0x01, 0x01, 0x01, 0xf0, 0xf0, 0x0c, 0xae, 0x2b, 0x02,
    0x05, 0x58, 0xb2, 0x2b, 0x01, 0xc6, 0xb5, 0x2b, 0x01, 0x62, 0xb7, 0x2b, 0x0f, 0xc6, 0x53, 0xf7,
    0x53, 0xef, 0x19, 0xa5, 0x48, 0xec, 0xfc, 0x33, 0x33, 0xfc, 0xd1, 0xcf, 0xc7, 0x2b, 0x04, 0x1e,
    0x1f, 0x01, 0x01, 0xcd, 0x2b, 0x09, 0x1f, 0x1f, 0x1f, 0x01, 0x1e, 0x1e, 0x1f, 0x1f, 0x1f, 0xd7,
    0x2b, 0x08, 0x1e, 0x1e, 0x01, 0x01, 0x1f, 0xf1, 0xf0, 0x0c, 0x32, 0x2c, 0x02, 0x05, 0x51, 0x35,
    0x2c, 0x01, 0x62, 0x3a, 0x2c, 0x02, 0xc6, 0x31, 0x3d, 0x2c, 0x03, 0xa4, 0x53, 0x01, 0x41, 0x2c,
    0x07, 0x01, 0x97, 0xdf, 0x09, 0xe2, 0xfc, 0xfc, 0x49, 0x2c, 0x03, 0x01, 0x01, 0x01, 0x4e, 0x2c,
    0x04, 0x1e, 0x1f, 0x1f, 0x01, 0x54, 0x2c, 0x04, 0x1f, 0x1f, 0x1f, 0x1f, 0x5c, 0x2c, 0x03, 0xf1,
    0xf1, 0x0c, 0xb6, 0x2c, 0x01, 0x09, 0xb8, 0x2c, 0x01, 0x62, 0xba, 0x2c, 0x06, 0xc6, 0x62, 0x62,
    0xc6, 0x31, 0xf7, 0xc1, 0x2c, 0x08, 0xf7, 0xa5, 0xf6, 0x74, 0x6a, 0x6a, 0x97, 0xdf, 0xcb, 0x2c,
    0x0a, 0xfd, 0xfd, 0x01, 0x1e, 0x1e, 0x1e, 0x1f, 0x1f, 0x01, 0x1e, 0xd6, 0x2c, 0x04, 0x1f, 0x1f,
    0x1e, 0x1e, 0xdc, 0x2c, 0x03, 0xf0, 0xf0, 0x0c, 0x39, 0x2d, 0x02, 0x0c, 0x58, 0x3d, 0x2d, 0x02,
    0xc6, 0x62, 0x40, 0x2d, 0x04, 0x62, 0x31, 0x31, 0x62, 0x45, 0x2d, 0x01, 0xef, 0x47, 0x2d, 0x06,
    0x53, 0x9c, 0x6b, 0xcf, 0x97, 0x6b, 0x4e, 0x2d, 0x03, 0xf4, 0xfd, 0xe2, 0x52, 0x2d, 0x04, 0x1e,
    0x1f, 0x1f, 0x01, 0x57, 0x2d, 0x08, 0x1e, 0x1f, 0x01, 0x1f, 0xe2, 0xf0, 0xf0, 0x0c, 0xbc, 0x2d,
    0x03, 0x05, 0x5d, 0x3a, 0xc0, 0x2d, 0x02, 0xc6, 0xc6, 0xc4, 0x2d, 0x04, 0x62, 0x31, 0xc6, 0x62,
    0xc9, 0x2d, 0x0f, 0x01, 0x01, 0xa4, 0x9c, 0x73, 0x96, 0x96, 0x6a, 0x23, 0xf5, 0xfc, 0xe2, 0x1f,
    0x1e, 0x01, 0xd9, 0x2d, 0x06, 0x1e, 0x1f, 0xfc, 0xee, 0xf0, 0xf0, 0x3f, 0x2e, 0x04, 0x05, 0x5d,
    0x5d, 0x58, 0x44, 0x2e, 0x03, 0xc6, 0x62, 0x62, 0x48, 0x2e, 0x12, 0x53, 0xf7, 0xa4, 0x31, 0x53,
    0xf6, 0x01, 0xa4, 0x9c, 0xce, 0x96, 0x6b, 0x6b, 0x3d, 0xeb, 0xe2, 0xe2, 0xfc, 0x5b, 0x2e, 0x04,
    0xfc, 0xee, 0xee, 0xf0, 0xc2, 0x2e, 0x05, 0x05, 0x0c, 0x5d, 0x58, 0x33, 0xc8, 0x2e, 0x03, 0xc6,
    0xc6, 0x62, 0xcc, 0x2e, 0x0e, 0xa4, 0x31, 0x62, 0x31, 0xde, 0xa5, 0x53, 0xa4, 0x9d, 0x8f, 0x96,
    0x74, 0x75, 0x23, 0xdc, 0x2e, 0x03, 0x0c, 0x0c, 0xee, 0x46, 0x2f, 0x05, 0x05, 0x5d, 0x5d, 0x58,
    0x51, 0x4c, 0x2f, 0x03, 0x62, 0xc6, 0x62, 0x50, 0x2f, 0x0f, 0xf7, 0xa4, 0x62, 0x31, 0xc7, 0x53,
    0xf7, 0xec, 0xcf, 0x8f, 0x96, 0x96, 0x9b, 0x5d, 0x3f, 0xc9, 0x2f, 0x09, 0x05, 0x0c, 0x5d, 0x5d,
    0x3a, 0x51, 0xc6, 0xc6, 0x62, 0xd3, 0x2f, 0x0b, 0x62, 0xf7, 0x62, 0x31, 0x18, 0xa5, 0xf7, 0xf7,
    0x3f, 0x6c, 0x9b, 0x4d, 0x30, 0x07, 0x05, 0x5d, 0x5d, 0x5d, 0x58, 0x51, 0x62, 0x57, 0x30, 0x07,
    0xf7, 0xf7, 0x31, 0x31, 0x5d, 0x5d, 0x5d, 0xd0, 0x30, 0x08, 0x05, 0x0c, 0x5d, 0x5d, 0x9b, 0x3a,
    0x97, 0xc6, 0xda, 0x30, 0x04, 0x31, 0x5d, 0x9b, 0x5d, 0x54, 0x31, 0x09, 0x05, 0x5d, 0x5d, 0x5d,
    0x5d, 0x58, 0x51, 0x5d, 0x5d, 0xd7, 0x31, 0x04, 0x05, 0x0c, 0x5d, 0x5d, 0x37, 0x18, 0x02, 0x0c,
    0x0c, 0x3a, 0x18, 0x02, 0x0c, 0x0c, 0xb5, 0x18, 0x04, 0x0c, 0x3f, 0x3f, 0x33, 0xba, 0x18, 0x02,
    0xa4, 0x33, 0xbd, 0x18, 0x02, 0x33, 0x97, 0x33, 0x19, 0x04, 0x0c, 0x3f, 0x3f, 0x97, 0x38, 0x19,
    0x01, 0xa4, 0x3d, 0x19, 0x01, 0x33, 0x3f, 0x19, 0x07, 0xd1, 0xf0, 0xee, 0xf0, 0xf0, 0xf0, 0x0c,
    0x49, 0x19, 0x01, 0x0c, 0xb2, 0x19, 0x08, 0x0c, 0x0c, 0x33, 0xcf, 0x33, 0x33, 0x33, 0xa4, 0xbb,
    0x19, 0x01, 0xa4, 0xbd, 0x19, 0x02, 0x97, 0xfc, 0xc0, 0x19, 0x01, 0x01, 0xc2, 0x19, 0x04, 0x01,
    0x1e, 0x01, 0x01, 0xc7, 0x19, 0x0c, 0xfc, 0xcf, 0xcf, 0x97, 0x3f, 0x33, 0x33, 0x33, 0x0c, 0x0c,
    0x0c, 0x0c, 0x30, 0x1a, 0x03, 0x0c, 0xee, 0xe2, 0x34, 0x1a, 0x02, 0x1f, 0x1e, 0x38, 0x1a, 0x03,
    0xfc, 0xfc, 0xfc, 0x3d, 0x1a, 0x03, 0xfc, 0xfc, 0x01, 0x41, 0x1a, 0x02, 0x1e, 0x1f, 0x44, 0x1a,
    0x02, 0x1f, 0x01, 0x47, 0x1a, 0x03, 0xce, 0xcf, 0x33, 0x4d, 0x1a, 0x01, 0x33, 0x51, 0x1a, 0x01,
    0xa4, 0x53, 0x1a, 0x03, 0x0c, 0x0c, 0x0c, 0x57, 0x1a, 0x04, 0x0c, 0x0c, 0x0c, 0x0c, 0xb0, 0x1a,
    0x01, 0xfc, 0xb2, 0x1a, 0x05, 0x01, 0x1f, 0x1e, 0x1e, 0x1f, 0xb8, 0x1a, 0x01, 0x01, 0xbe, 0x1a,
    0x04, 0x33, 0x97, 0x33, 0x33, 0xc3, 0x1a, 0x06, 0xe2, 0xe2, 0x1e, 0xd1, 0xcf, 0x97, 0xcb, 0x1a,
    0x01, 0xa4, 0xcd, 0x1a, 0x01, 0xa4, 0xd1, 0x1a, 0x04, 0x33, 0xcf, 0xcf, 0xcf, 0xd7, 0x1a, 0x07,
    0x01, 0x1e, 0xfc, 0xfc, 0xfd, 0xee, 0x0c, 0x2d, 0x1b, 0x05, 0x0c, 0xfc, 0xcf, 0xfd, 0xfd, 0x33,
    0x1b, 0x02, 0x1e, 0x1f, 0x36, 0x1b, 0x05, 0x1e, 0x1f, 0x1f, 0x01, 0xce, 0x3d, 0x1b, 0x04, 0x97,
    0x33, 0xa4, 0x33, 0x43, 0x1b, 0x01, 0x33, 0x45, 0x1b, 0x03, 0x33, 0x33, 0x0c, 0x4a, 0x1b, 0x02,
    0x33, 0x33, 0x4d, 0x1b, 0x01, 0xa4, 0x4f, 0x1b, 0x01, 0x33, 0x51, 0x1b, 0x08, 0x33, 0xce, 0xcf,
    0xcf, 0x1e, 0x1e, 0x1f, 0x1e, 0x5a, 0x1b, 0x01, 0x01, 0x5d, 0x1b, 0x04, 0xfc, 0xf0, 0x0c, 0x0c,
    0xab, 0x1b, 0x0d, 0x0c, 0x0c, 0x33, 0x33, 0xcf, 0xcf, 0xcf, 0xce, 0xce, 0x6b, 0xe2, 0xe2, 0x1e,
    0xbb, 0x1b, 0x01, 0xa4, 0xc1, 0x1b, 0x02, 0x97, 0x33, 0xc4, 0x1b, 0x03, 0x33, 0xd1, 0x1e, 0xc8,
    0x1b, 0x01, 0x1f, 0xca, 0x1b, 0x03, 0xcf, 0xcf, 0xcf, 0xd1, 0x1b, 0x04, 0xd1, 0xcf, 0xfc, 0x01,
    0xd6, 0x1b, 0x02, 0x01, 0x1e, 0xda, 0x1b, 0x07, 0x1f, 0x01, 0x01, 0xfd, 0xf0, 0xf0, 0x0c, 0x30,
    0x1c, 0x02, 0xa4, 0xa4, 0x33, 0x1c, 0x03, 0x33, 0x33, 0x33, 0x38, 0x1c, 0x04, 0xcf, 0xd1, 0x97,
    0x33, 0x3f, 0x1c, 0x01, 0xa4, 0x43, 0x1c, 0x02, 0x33, 0xce, 0x49, 0x1c, 0x01, 0x1e, 0x4b, 0x1c,
    0x01, 0x01, 0x4f, 0x1c, 0x02, 0x01, 0x33, 0x52, 0x1c, 0x03, 0x33, 0x97, 0xfc, 0x56, 0x1c, 0x02,
    0xfc, 0xfd, 0x5b, 0x1c, 0x01, 0x1e, 0x5d, 0x1c, 0x04, 0xfc, 0xf1, 0xf1, 0x0c, 0xac, 0x1c, 0x01,
    0x33, 0xb0, 0x1c, 0x02, 0xa4, 0x33, 0xb5, 0x1c, 0x03, 0x33, 0xfc, 0x1e, 0xba, 0x1c, 0x05, 0xfd,
    0xe2, 0xfc, 0xfc, 0xcf, 0xc0, 0x1c, 0x01, 0x33, 0xc2, 0x1c, 0x03, 0x33, 0xcf, 0x01, 0xc6, 0x1c,
    0x02, 0x01, 0x1e, 0xcc, 0x1c, 0x03, 0x01, 0x01, 0x01, 0xd0, 0x1c, 0x04, 0xd1, 0xcf, 0xcf, 0xa4,
    0xd5, 0x1c, 0x01, 0xa4, 0xda, 0x1c, 0x07, 0xfc, 0xfc, 0xfc, 0xe2, 0xee, 0xf0, 0xf0, 0x26, 0x1d,
    0x02, 0x0c, 0x33, 0x2a, 0x1d, 0x01, 0x33, 0x34, 0x1d, 0x01, 0x0c, 0x36, 0x1d, 0x02, 0x1e, 0x1e,
    0x39, 0x1d, 0x01, 0x1e, 0x3b, 0x1d, 0x01, 0x01, 0x3e, 0x1d, 0x04, 0x01, 0xcf, 0xce, 0xfc, 0x43,
    0x1d, 0x01, 0xe2, 0x45, 0x1d, 0x02, 0xfc, 0xfc, 0x48, 0x1d, 0x03, 0x01, 0x1e, 0x1e, 0x4c, 0x1d,
    0x02, 0x1e, 0x1f, 0x4f, 0x1d, 0x03, 0xfc, 0xcf, 0x33, 0x53, 0x1d, 0x04, 0xa4, 0xa4, 0x33, 0x33,
    0x58, 0x1d, 0x01, 0x33, 0x5d, 0x1d, 0x03, 0x3f, 0x3f, 0x0c, 0xa4, 0x1d, 0x08, 0x0c, 0xe2, 0xfc,
    0x6a, 0xe2, 0xcf, 0x33, 0x33, 0xb0, 0x1d, 0x04, 0x33, 0xa4, 0x33, 0xf0, 0xb5, 0x1d, 0x08, 0x01,
    0x1f, 0x1e, 0x1e, 0x1e, 0x1f, 0x01, 0x01, 0xc4, 0x1d, 0x05, 0xa4, 0xa4, 0xcf, 0xcf, 0xcf, 0xcf,
    0x1d, 0x02, 0xf0, 0x33, 0xd2, 0x1d, 0x02, 0xa4, 0x97, 0xd9, 0x1d, 0x02, 0xa4, 0x33, 0xdd, 0x1d,
    0x03, 0x3f, 0x3f, 0x0c, 0x22, 0x1e, 0x02, 0x0c, 0xfc, 0x25, 0x1e, 0x04, 0x1e, 0x1f, 0x1e, 0x01,
    0x2a, 0x1e, 0x04, 0xfc, 0xfc, 0xfc, 0x6b, 0x2f, 0x1e, 0x04, 0x33, 0x33, 0x33, 0xfc, 0x34, 0x1e,
    0x04, 0x01, 0x01, 0x01, 0x01, 0x3a, 0x1e, 0x05, 0x1e, 0x01, 0x01, 0x01, 0x01, 0x44, 0x1e, 0x04,
    0x33, 0x33, 0xa4, 0xa4, 0x4b, 0x1e, 0x05, 0x33, 0xcf, 0xcf, 0x33, 0x33, 0x51, 0x1e, 0x02, 0x33,
    0x33, 0x58, 0x1e, 0x03, 0x33, 0xa4, 0x33, 0x5d, 0x1e, 0x02, 0x3f, 0x3f, 0xa0, 0x1e, 0x03, 0x0c,
    0xf1, 0xfc, 0xa6, 0x1e, 0x04, 0x1e, 0x1f, 0x01, 0x01, 0xae, 0x1e, 0x0e, 0x01, 0xfc, 0x33, 0x33,
    0x33, 0xfc, 0xfc, 0xcf, 0x01, 0x01, 0x1f, 0x1f, 0x1e, 0x1e, 0xbd, 0x1e, 0x02, 0x01, 0x01, 0xc2,
    0x1e, 0x01, 0xa4, 0xc7, 0x1e, 0x01, 0xa4, 0xce, 0x1e, 0x03, 0x33, 0x01, 0x1e, 0xd3, 0x1e, 0x03,
    0xfc, 0x33, 0x33, 0xd7, 0x1e, 0x04, 0x33, 0x33, 0x33, 0x33, 0xdc, 0x1e, 0x03, 0xa4, 0x3f, 0x3f,
    0x1e, 0x1f, 0x05, 0x0c, 0xf0, 0xfc, 0x01, 0x01, 0x24, 0x1f, 0x01, 0x1e, 0x27, 0x1f, 0x01, 0x1f,
    0x29, 0x1f, 0x01, 0x01, 0x2e, 0x1f, 0x03, 0xfc, 0x3f, 0x33, 0x32, 0x1f, 0x01, 0x33, 0x36, 0x1f,
    0x01, 0x33, 0x38, 0x1f, 0x04, 0xfd, 0xcf, 0xd1, 0x1f, 0x3e, 0x1f, 0x01, 0xfc, 0x48, 0x1f, 0x02,
    0x33, 0x33, 0x4e, 0x1f, 0x02, 0xfc, 0x1e, 0x52, 0x1f, 0x02, 0x01, 0x1e, 0x58, 0x1f, 0x07, 0xfc,
    0xfd, 0xfc, 0xd1, 0xd1, 0x9b, 0x0c, 0x9c, 0x1f, 0x03, 0x0c, 0x0c, 0x0c, 0xa0, 0x1f, 0x04, 0x01,
    0x01, 0x01, 0x01, 0xa5, 0x1f, 0x01, 0x1e, 0xa7, 0x1f, 0x08, 0x01, 0x1f, 0x01, 0x01, 0x01, 0xfc,
    0xcf, 0x3f, 0xb0, 0x1f, 0x06, 0xa4, 0x33, 0xa4, 0xa4, 0x33, 0xa4, 0xb7, 0x1f, 0x03, 0xa4, 0x97,
    0x33, 0xbb, 0x1f, 0x01, 0x33, 0xc0, 0x1f, 0x01, 0xa4, 0xcd, 0x1f, 0x01, 0x33, 0xd0, 0x1f, 0x02,
    0x1e, 0x1e, 0xd4, 0x1f, 0x01, 0x01, 0xdb, 0x1f, 0x01, 0x1f, 0xdd, 0x1f, 0x02, 0x0c, 0x0c, 0x1a,
    0x20, 0x0a, 0x0c, 0x3f, 0x3f, 0x33, 0xcf, 0xcf, 0xcf, 0xfd, 0x01, 0x01, 0x25, 0x20, 0x01, 0x1e,
    0x29, 0x20, 0x01, 0x01, 0x2b, 0x20, 0x05, 0xfc, 0xcf, 0x3f, 0xa4, 0x33, 0x31, 0x20, 0x02, 0xa4,
    0x33, 0x34, 0x20, 0x03, 0xa4, 0x97, 0xa4, 0x38, 0x20, 0x02, 0xa4, 0x33, 0x3c, 0x20, 0x03, 0xcf,
    0xfc, 0x1e, 0x40, 0x20, 0x01, 0xe2, 0x42, 0x20, 0x02, 0x33, 0x33, 0x47, 0x20, 0x02, 0xa4, 0x33,
    0x4a, 0x20, 0x02, 0x33, 0xa4, 0x51, 0x20, 0x02, 0x1e, 0x1e, 0x55, 0x20, 0x01, 0x1f, 0x57, 0x20,
    0x02, 0x01, 0x01, 0x5d, 0x20, 0x02, 0xf1, 0x9b, 0x98, 0x20, 0x05, 0x0c, 0x3f, 0x3f, 0x33, 0xa4,
    0x9e, 0x20, 0x07, 0x33, 0xcf, 0xcf, 0xcf, 0xce, 0x6a, 0xfd, 0xa6, 0x20, 0x01, 0x1e, 0xa9, 0x20,
    0x04, 0xe2, 0xce, 0xce, 0x33, 0xaf, 0x20, 0x01, 0xa4, 0xb7, 0x20, 0x02, 0xa4, 0x33, 0xbb, 0x20,
    0x02, 0xcf, 0xfc, 0xc0, 0x20, 0x02, 0x01, 0x1e, 0xc5, 0x20, 0x06, 0xfc, 0xfc, 0x33, 0x33, 0x97,
    0x33, 0xd1, 0x20, 0x03, 0x01, 0x1e, 0x1e, 0xd6, 0x20, 0x01, 0x1e, 0xd9, 0x20, 0x01, 0x01, 0xdd,
    0x20, 0x02, 0x0c, 0x6c, 0x16, 0x21, 0x04, 0x0c, 0x3f, 0x3f, 0x9b, 0x1c, 0x21, 0x03, 0xa4, 0x33,
    0xa4, 0x20, 0x21, 0x0d, 0xa4, 0x33, 0x33, 0x33, 0xce, 0xce, 0xcf, 0xe2, 0xfc, 0xd1, 0xcf, 0x33,
    0x33, 0x35, 0x21, 0x01, 0xa4, 0x3a, 0x21, 0x06, 0xcf, 0xfc, 0x1e, 0x1e, 0x1e, 0x1e, 0x42, 0x21,
    0x01, 0x01, 0x46, 0x21, 0x0e, 0x01, 0x01, 0x1e, 0xfd, 0xfc, 0x1e, 0x1e, 0xfc, 0xfc, 0xfc, 0x01,
    0x01, 0x01, 0x1f, 0x57, 0x21, 0x02, 0x01, 0x1f, 0x5a, 0x21, 0x02, 0x01, 0x01, 0x5d, 0x21, 0x01,
    0x0c, 0x94, 0x21, 0x06, 0x0c, 0x3f, 0x3f, 0x9b, 0x33, 0x33, 0x9d, 0x21, 0x02, 0xa4, 0xa4, 0xa0,
    0x21, 0x01, 0xa4, 0xa7, 0x21, 0x02, 0xfc, 0x1f, 0xaa, 0x21, 0x02, 0x0c, 0x33, 0xb3, 0x21, 0x01,
    0x33, 0xb9, 0x21, 0x02, 0xcf, 0xcf, 0xbd, 0x21, 0x05, 0x1e, 0x1e, 0x1e, 0x1e, 0x1e, 0xc3, 0x21,
    0x01, 0x01, 0xc9, 0x21, 0x03, 0x1e, 0x1e, 0x33, 0xce, 0x21, 0x01, 0x33, 0xd0, 0x21, 0x02, 0xcf,
    0xcf, 0xd3, 0x21, 0x04, 0xfd, 0xfd, 0xe2, 0x1f, 0xd9, 0x21, 0x05, 0x1e, 0x1e, 0x01, 0x01, 0xf0,
    0x12, 0x22, 0x06, 0x0c, 0x3f, 0x3f, 0x3f, 0x3f, 0x33, 0x1a, 0x22, 0x02, 0xa4, 0x33, 0x1d, 0x22,
    0x03, 0xa4, 0x97, 0xa4, 0x21, 0x22, 0x02, 0xa4, 0x33, 0x25, 0x22, 0x0a, 0x33, 0xd1, 0xcf, 0xcf,
    0x1f, 0xe2, 0xfc, 0xfc, 0xfc, 0x33, 0x31, 0x22, 0x02, 0xa4, 0x33, 0x34, 0x22, 0x02, 0x97, 0x97,
    0x37, 0x22, 0x06, 0x33, 0xcf, 0xce, 0x01, 0x01, 0x01, 0x3e, 0x22, 0x01, 0x1e, 0x40, 0x22, 0x03,
    0x1e, 0x1e, 0x1f, 0x44, 0x22, 0x02, 0x01, 0x01, 0x47, 0x22, 0x02, 0x1e, 0x1e, 0x4a, 0x22, 0x02,
    0xfc, 0x33, 0x4d, 0x22, 0x03, 0xa4, 0xa4, 0x33, 0x52, 0x22, 0x0b, 0x33, 0x33, 0xcf, 0x6a, 0xce,
    0x01, 0x1f, 0xe2, 0xe2, 0xfc, 0x1e, 0x90, 0x22, 0x05, 0x0c, 0x3f, 0x3f, 0x3f, 0x3f, 0x9a, 0x22,
    0x01, 0x33, 0x9c, 0x22, 0x04, 0x33, 0x97, 0xa4, 0xa4, 0xa1, 0x22, 0x02, 0xa4, 0xa4, 0xa4, 0x22,
    0x04, 0xcf, 0xd1, 0xd1, 0xfc, 0xaa, 0x22, 0x02, 0x1e, 0x1e, 0xae, 0x22, 0x05, 0xcf, 0xfc, 0xfc,
    0x33, 0x33, 0xb6, 0x22, 0x08, 0x97, 0xfc, 0xcf, 0xfc, 0x01, 0x01, 0x01, 0x01, 0xbf, 0x22, 0x01,
    0x1e, 0xc1, 0x22, 0x06, 0x1e, 0x1f, 0x1f, 0x1e, 0x01, 0x01, 0xc9, 0x22, 0x02, 0xfc, 0xcf, 0xcd,
    0x22, 0x03, 0xa4, 0xa4, 0x33, 0xd7, 0x22, 0x05, 0x33, 0x33, 0xcf, 0xd1, 0xd1, 0x0e, 0x23, 0x06,
    0x0c, 0x3f, 0x3f, 0x3f, 0x3f, 0x33, 0x17, 0x23, 0x01, 0xa4, 0x1b, 0x23, 0x01, 0xa4, 0x1f, 0x23,
    0x09, 0xa4, 0xa4, 0x33, 0x33, 0xcf, 0xd1, 0xd1, 0xfc, 0x1e, 0x2b, 0x23, 0x01, 0x1e, 0x33, 0x23,
    0x01, 0xfc, 0x36, 0x23, 0x04, 0xcf, 0xcf, 0xfc, 0x1e, 0x3b, 0x23, 0x04, 0x01, 0x01, 0x01, 0x01,
    0x41, 0x23, 0x01, 0x1e, 0x43, 0x23, 0x02, 0x1e, 0x01, 0x46, 0x23, 0x01, 0x01, 0x49, 0x23, 0x02,
    0xcf, 0x33, 0x4c, 0x23, 0x01, 0xa4, 0x4e, 0x23, 0x01, 0xa4, 0x50, 0x23, 0x04, 0x33, 0x33, 0x97,
    0x33, 0x56, 0x23, 0x01, 0xa4, 0x5b, 0x23, 0x02, 0x33, 0x51, 0x8f, 0x23, 0x04, 0x9a, 0x0c, 0x0c,
    0x33, 0x97, 0x23, 0x01, 0x33, 0x99, 0x23, 0x02, 0xa4, 0x33, 0x9e, 0x23, 0x02, 0x33, 0x33, 0xa1,
    0x23, 0x05, 0xce, 0xcf, 0xcf, 0xd1, 0xfc, 0xa7, 0x23, 0x02, 0x1e, 0x1e, 0xb0, 0x23, 0x02, 0x01,
    0x01, 0xb3, 0x23, 0x05, 0x1e, 0xfc, 0xd1, 0xcf, 0xe2, 0xb9, 0x23, 0x01, 0xfc, 0xbc, 0x23, 0x07,
    0x01, 0x01, 0x01, 0x01, 0x1f, 0x1e, 0x1e, 0xc5, 0x23, 0x05, 0x1f, 0x01, 0x01, 0xfd, 0xcf, 0xcb,
    0x23, 0x01, 0xa4, 0xcf, 0x23, 0x01, 0x33, 0xd1, 0x23, 0x01, 0xa4, 0xd3, 0x23, 0x06, 0xa4, 0xa4,
    0x33, 0xa4, 0xa4, 0x33, 0xdc, 0x23, 0x01, 0x0c, 0x0f, 0x24, 0x02, 0x5d, 0x97, 0x12, 0x24, 0x04,
    0xa4, 0x33, 0xa4, 0xa4, 0x18, 0x24, 0x02, 0xa4, 0x33, 0x1c, 0x24, 0x01, 0xa4, 0x1f, 0x24, 0x06,
    0x33, 0xce, 0xce, 0xcf, 0xcf, 0xf0, 0x26, 0x24, 0x05, 0x1e, 0x1e, 0x01, 0x1e, 0x01, 0x2c, 0x24,
    0x01, 0x01, 0x31, 0x24, 0x01, 0x01, 0x33, 0x24, 0x04, 0xfc, 0xcf, 0xce, 0xcf, 0x38, 0x24, 0x03,
    0xa4, 0x33, 0x6b, 0x3c, 0x24, 0x04, 0xfc, 0xfc, 0x01, 0x01, 0x41, 0x24, 0x09, 0x1f, 0x1f, 0x1e,
    0x1e, 0x1e, 0x01, 0xfc, 0xcf, 0x33, 0x4c, 0x24, 0x02, 0x33, 0xa4, 0x53, 0x24, 0x01, 0xa4, 0x55,
    0x24, 0x03, 0x97, 0xa4, 0x33, 0x5b, 0x24, 0x02, 0x33, 0x0c, 0x8f, 0x24, 0x0a, 0x0c, 0xa4, 0x62,
    0xf7, 0x60, 0xa4, 0x33, 0x33, 0xa4, 0x33, 0x9a, 0x24, 0x02, 0xa4, 0x97, 0x9e, 0x24, 0x05, 0xcf,
    0xcf, 0xce, 0xce, 0xce, 0xa5, 0x24, 0x06, 0x1e, 0x1e, 0x1e, 0x1e, 0x1f, 0x1f, 0xad, 0x24, 0x01,
    0x01, 0xb0, 0x24, 0x01, 0x01, 0xb2, 0x24, 0x06, 0xfc, 0xcf, 0xcf, 0xce, 0xa4, 0xa4, 0xbb, 0x24,
    0x01, 0x33, 0xbd, 0x24, 0x08, 0xcf, 0x33, 0x33, 0xce, 0xfc, 0xe2, 0x1f, 0x1f, 0xc6, 0x24, 0x03,
    0x1e, 0xd1, 0xd1, 0xcb, 0x24, 0x01, 0x33, 0xce, 0x24, 0x01, 0x33, 0xd3, 0x24, 0x01, 0x33, 0xd5,
    0x24, 0x02, 0x33, 0x33, 0xdb, 0x24, 0x02, 0x33, 0x0c, 0x0f, 0x25, 0x0a, 0x83, 0x96, 0xc6, 0x51,
    0x62, 0x62, 0xa4, 0xbc, 0xa4, 0x33, 0x1a, 0x25, 0x01, 0xa4, 0x1c, 0x25, 0x06, 0x33, 0x75, 0x6b,
    0xcf, 0xce, 0xfd, 0x23, 0x25, 0x02, 0x01, 0x1f, 0x26, 0x25, 0x02, 0x1e, 0x1e, 0x29, 0x25, 0x06,
    0x1f, 0x1f, 0x1e, 0x01, 0x01, 0x01, 0x31, 0x25, 0x07, 0xf0, 0xcf, 0xcf, 0xcf, 0x33, 0xa4, 0x33,
    0x39, 0x25, 0x01, 0xa4, 0x3e, 0x25, 0x04, 0xa4, 0x33, 0xce, 0x97, 0x43, 0x25, 0x07, 0xd1, 0xcf,
    0xe2, 0x33, 0xcf, 0x33, 0xa4, 0x4c, 0x25, 0x03, 0xa4, 0xa4, 0x33, 0x51, 0x25, 0x02, 0xa4, 0x33,
    0x54, 0x25, 0x01, 0xa4, 0x5b, 0x25, 0x02, 0x3f, 0x0c, 0x90, 0x25, 0x17, 0x6c, 0x3f, 0x3a, 0xc7,
    0xc7, 0x33, 0x51, 0x53, 0xa4, 0x01, 0xdf, 0x33, 0xd1, 0xfc, 0xcf, 0xcf, 0xfc, 0x01, 0x01, 0x01,
    0x01, 0x1f, 0x1e, 0xa9, 0x25, 0x03, 0x1e, 0x1f, 0x1f, 0xad, 0x25, 0x02, 0x01, 0x01, 0xb0, 0x25,
    0x07, 0xf0, 0xcf, 0xcf, 0xcf, 0x33, 0xa4, 0x33, 0xba, 0x25, 0x01, 0xa4, 0xbc, 0x25, 0x01, 0xa4,
    0xbe, 0x25, 0x01, 0x33, 0xc0, 0x25, 0x01, 0xa4, 0xc3, 0x25, 0x03, 0xcf, 0xd1, 0x33, 0xc8, 0x25,
    0x04, 0xd1, 0xa4, 0x33, 0x33, 0xcd, 0x25, 0x01, 0x33, 0xd4, 0x25, 0x03, 0x33, 0xa4, 0x33, 0xda,
    0x25, 0x03, 0x33, 0x3f, 0x0c, 0x10, 0x26, 0x08, 0x5d, 0x5d, 0x9b, 0x6c, 0x6c, 0x31, 0x62, 0x01,
    0x19, 0x26, 0x07, 0x60, 0x60, 0xbc, 0xa5, 0x33, 0xcf, 0xfc, 0x22, 0x26, 0x02, 0x01, 0x01, 0x25,
    0x26, 0x04, 0x01, 0x1e, 0x1e, 0x1e, 0x2a, 0x26, 0x0c, 0x1e, 0x1f, 0x1f, 0x01, 0x01, 0xce, 0xcf,
    0xcf, 0xcf, 0x6b, 0xa4, 0x33, 0x37, 0x26, 0x01, 0xa4, 0x3a, 0x26, 0x04, 0x33, 0xa4, 0x33, 0x97,
    0x40, 0x26, 0x02, 0xa4, 0x33, 0x45, 0x26, 0x08, 0xcf, 0xd1, 0xd1, 0xfc, 0xcf, 0xd1, 0xcf, 0xcf,
    0x4e, 0x26, 0x02, 0x33, 0x33, 0x53, 0x26, 0x02, 0xa4, 0x33, 0x56, 0x26, 0x01, 0x33, 0x58, 0x26,
    0x01, 0xa4, 0x5a, 0x26, 0x03, 0x33, 0x3f, 0x0c, 0x91, 0x26, 0x10, 0x5d, 0x5d, 0x3f, 0x3f, 0x5d,
    0x5d, 0x60, 0xc6, 0x31, 0xc6, 0xc7, 0x60, 0x60, 0x3f, 0x6b, 0xfc, 0xa3, 0x26, 0x05, 0x01, 0x01,
    0x1f, 0x1f, 0x1e, 0xa9, 0x26, 0x0a, 0x1e, 0x1e, 0x1e, 0x01, 0x1f, 0xce, 0xce, 0xce, 0xcf, 0x6b,
    0xb6, 0x26, 0x01, 0xa4, 0xbe, 0x26, 0x03, 0x33, 0xa4, 0x33, 0xc4, 0x26, 0x05, 0xcf, 0xcf, 0xcf,
    0xe2, 0x1e, 0xcb, 0x26, 0x06, 0xe2, 0xe2, 0xcf, 0xcf, 0xcf, 0xcf, 0xd2, 0x26, 0x02, 0x33, 0x97,
    0xd5, 0x26, 0x02, 0xa4, 0x33, 0xd8, 0x26, 0x05, 0xa4, 0x33, 0x3f, 0x3f, 0x0c, 0x13, 0x27, 0x07,
    0x0c, 0x5d, 0x5d, 0x5d, 0x9b, 0x5d, 0x58, 0x1b, 0x27, 0x08, 0x62, 0x62, 0x31, 0xa5, 0xa5, 0x8f,
    0x96, 0xfc, 0x24, 0x27, 0x04, 0x01, 0x01, 0x01, 0x1f, 0x29, 0x27, 0x0a, 0x1e, 0x1e, 0x1e, 0xe2,
    0xcf, 0xcf, 0xcf, 0xce, 0x6a, 0xce, 0x37, 0x27, 0x01, 0x33, 0x3b, 0x27, 0x02, 0xa4, 0xa4, 0x3e,
    0x27, 0x02, 0xa4, 0x33, 0x43, 0x27, 0x05, 0x33, 0xd1, 0xcf, 0xcf, 0x1f, 0x4c, 0x27, 0x01, 0x01,
    0x4e, 0x27, 0x08, 0xfc, 0xfc, 0xcf, 0xcf, 0x6b, 0xcf, 0xcf, 0xcf, 0x57, 0x27, 0x02, 0x97, 0x33,
    0x5a, 0x27, 0x03, 0x3f, 0x3f, 0x0c, 0x96, 0x27, 0x06, 0x0c, 0x9b, 0x5d, 0x5d, 0x9b, 0x3a, 0x9e,
    0x27, 0x08, 0xf7, 0x62, 0x31, 0x53, 0xa5, 0x8f, 0x96, 0xfc, 0xa7, 0x27, 0x0b, 0x01, 0x1f, 0x1f,
    0x1e, 0xe2, 0xd1, 0xd1, 0xcf, 0xcf, 0x6b, 0x33, 0xb5, 0x27, 0x01, 0xa4, 0xba, 0x27, 0x01, 0xa4,
    0xc0, 0x27, 0x01, 0x33, 0xc2, 0x27, 0x05, 0x33, 0xcf, 0xcf, 0xd1, 0xfc, 0xc8, 0x27, 0x02, 0x01,
    0x1e, 0xd0, 0x27, 0x01, 0x01, 0xd2, 0x27, 0x0b, 0xfc, 0xcf, 0xcf, 0xcf, 0x6b, 0xfc, 0xce, 0xfd,
    0x3f, 0x0c, 0x0c, 0x19, 0x28, 0x07, 0x0c, 0x5d, 0x3f, 0x5d, 0x9b, 0x51, 0x62, 0x23, 0x28, 0x04,
    0x31, 0xf6, 0xf7, 0xcf, 0x28, 0x28, 0x09, 0xfc, 0x01, 0xfc, 0xd1, 0xd1, 0xd1, 0xd1, 0x6b, 0x33,
    0x35, 0x28, 0x02, 0xa4, 0x33, 0x38, 0x28, 0x01, 0xa4, 0x3a, 0x28, 0x01, 0x33, 0x3e, 0x28, 0x02,
    0xa4, 0x33, 0x42, 0x28, 0x05, 0xcf, 0xcf, 0xcf, 0xd1, 0x1e, 0x49, 0x28, 0x03, 0x1f, 0x1e, 0x1e,
    0x4e, 0x28, 0x02, 0x01, 0x01, 0x51, 0x28, 0x01, 0x01, 0x53, 0x28, 0x01, 0x01, 0x55, 0x28, 0x07,
    0xfc, 0xfc, 0xcf, 0xce, 0xf0, 0xf0, 0xf0, 0x9c, 0x28, 0x06, 0x0c, 0x5d, 0x5d, 0x5d, 0x58, 0x62,
    0xa3, 0x28, 0x06, 0x62, 0x31, 0x31, 0xa4, 0x53, 0x19, 0xaa, 0x28, 0x06, 0xfc, 0x33, 0xcf, 0xd1,
    0x75, 0xcf, 0xb4, 0x28, 0x03, 0xa4, 0x33, 0x33, 0xb9, 0x28, 0x01, 0x33, 0xbd, 0x28, 0x01, 0xa4,
    0xc1, 0x28, 0x08, 0x33, 0xcf, 0xcf, 0xcf, 0xe2, 0x1e, 0x1e, 0x1e, 0xca, 0x28, 0x04, 0x1f, 0x1e,
    0x1e, 0x01, 0xd0, 0x28, 0x01, 0x01, 0xd2, 0x28, 0x01, 0x01, 0xd5, 0x28, 0x07, 0x1e, 0x1e, 0x1e,
    0xe2, 0xf0, 0xf0, 0xf0, 0x1f, 0x29, 0x06, 0x0c, 0x5d, 0x9b, 0x5d, 0x51, 0x62, 0x26, 0x29, 0x05,
    0xa4, 0x53, 0x31, 0x53, 0xf7, 0x2c, 0x29, 0x02, 0x96, 0x6b, 0x2f, 0x29, 0x01, 0x33, 0x34, 0x29,
    0x01, 0x33, 0x38, 0x29, 0x01, 0x33, 0x3d, 0x29, 0x01, 0xa4, 0x40, 0x29, 0x05, 0x33, 0xcf, 0xcf,
    0xcf, 0xd1, 0x47, 0x29, 0x08, 0x1e, 0x1e, 0x1e, 0x01, 0x1e, 0x1e, 0x1e, 0x1e, 0x51, 0x29, 0x02,
    0x01, 0x01, 0x54, 0x29, 0x01, 0x01, 0x56, 0x29, 0x06, 0x1e, 0x1e, 0xfc, 0xee, 0xf0, 0xf0, 0xa2,
    0x29, 0x07, 0x05, 0x5d, 0x5d, 0x51, 0xc6, 0xa4, 0xc6, 0xab, 0x29, 0x09, 0x53, 0xa4, 0x53, 0x19,
    0x96, 0xa5, 0xec, 0x33, 0x33, 0xb7, 0x29, 0x01, 0xa4, 0xbd, 0x29, 0x02, 0xa4, 0x33, 0xc0, 0x29,
    0x09, 0xce, 0xce, 0xcf, 0xcf, 0xfc, 0x1f, 0x1f, 0x1e, 0x1e, 0xcb, 0x29, 0x06, 0x01, 0x1f, 0x1e,
    0x1e, 0x1e, 0x01, 0xd2, 0x29, 0x03, 0x01, 0x01, 0x1e, 0xd7, 0x29, 0x05, 0x1e, 0xfc, 0xf0, 0xf0,
    0xf0, 0x26, 0x2a, 0x02, 0x0c, 0x58, 0x2a, 0x2a, 0x02, 0xc6, 0x62, 0x2d, 0x2a, 0x02, 0xc6, 0xf7,
    0x30, 0x2a, 0x0a, 0xa5, 0x60, 0x33, 0xa4, 0xec, 0x33, 0x33, 0xa4, 0x33, 0x33, 0x3c, 0x2a, 0x01,
    0xa4, 0x3f, 0x2a, 0x0b, 0x33, 0x6a, 0xce, 0xce, 0xcf, 0xfc, 0x01, 0x01, 0x1f, 0x1e, 0x1e, 0x4b,
    0x2a, 0x08, 0x1f, 0x1e, 0x1f, 0x1e, 0x1e, 0x01, 0x01, 0x01, 0x58, 0x2a, 0x04, 0xf0, 0xf0, 0xee,
    0xf1, 0xa9, 0x2a, 0x03, 0x0c, 0x51, 0x62, 0xad, 0x2a, 0x02, 0xc6, 0x62, 0xb0, 0x2a, 0x08, 0x31,
    0x53, 0xa4, 0xa5, 0x8f, 0xa5, 0xa4, 0xec, 0xb9, 0x2a, 0x04, 0x33, 0x97, 0x33, 0xa4, 0xbe, 0x2a,
    0x07, 0x33, 0xcf, 0xfc, 0xfd, 0xce, 0xce, 0x01, 0xc6, 0x2a, 0x0a, 0x01, 0x1f, 0x01, 0x1e, 0x1e,
    0x1e, 0x1e, 0x1f, 0x1f, 0x1f, 0xd1, 0x2a, 0x03, 0x01, 0x01, 0x01, 0xd6, 0x2a, 0x06, 0x1e, 0xfc,
    0x6b, 0xee, 0xf0, 0xee, 0x2e, 0x2b, 0x01, 0x62, 0x31, 0x2b, 0x01, 0x62, 0x33, 0x2b, 0x05, 0x62,
    0xef, 0x01, 0x60, 0x97, 0x39, 0x2b, 0x02, 0xa4, 0x6b, 0x3c, 0x2b, 0x0a, 0x33, 0x33, 0xcf, 0xcf,
    0xcf, 0xcf, 0xce, 0xfd, 0x01, 0x01, 0x47, 0x2b, 0x04, 0x01, 0x1f, 0x01, 0x1f, 0x4c, 0x2b, 0x01,
    0x1e, 0x4e, 0x2b, 0x03, 0x1f, 0x1f, 0x1f, 0x52, 0x2b, 0x03, 0x01, 0x01, 0x01, 0x57, 0x2b, 0x05,
    0xfc, 0xf0, 0xf0, 0xf0, 0xf0, 0xae, 0x2b, 0x02, 0x05, 0x58, 0xb2, 0x2b, 0x01, 0xa4, 0xb4, 0x2b,
    0x13, 0xc6, 0x31, 0x31, 0xa4, 0xa5, 0x97, 0x53, 0xbc, 0xa5, 0xcf, 0x23, 0xcf, 0xfc, 0xfc, 0xcf,
    0x01, 0x1f, 0x01, 0x01, 0xc8, 0x2b, 0x05, 0x01, 0x1f, 0x1f, 0x1e, 0x1e, 0xce, 0x2b, 0x08, 0x1e,
    0x1f, 0x01, 0x1f, 0x1e, 0x01, 0x01, 0x01, 0xd7, 0x2b, 0x05, 0xf0, 0xf0, 0xf0, 0xf0, 0xee, 0x31,
    0x2c, 0x03, 0x0c, 0x5d, 0x33, 0x37, 0x2c, 0x11, 0xc6, 0xa4, 0x31, 0xc7, 0x60, 0x60, 0xd1, 0x82,
    0x6a, 0x6a, 0x6b, 0xfc, 0xfc, 0xfc, 0x1f, 0x01, 0x01, 0x49, 0x2c, 0x05, 0x01, 0x1f, 0x1f, 0x1e,
    0x1e, 0x4f, 0x2c, 0x04, 0x1e, 0x1e, 0x01, 0x1f, 0x54, 0x2c, 0x08, 0x01, 0x01, 0x01, 0xf1, 0xf0,
    0xf0, 0xf0, 0xf0, 0xb3, 0x2c, 0x12, 0x0c, 0x5d, 0x5d, 0x51, 0xc6, 0x62, 0x31, 0xc6, 0x53, 0xc7,
    0x01, 0x60, 0x9c, 0xcf, 0x9c, 0x6a, 0x6a, 0x1e, 0xc6, 0x2c, 0x03, 0x01, 0xfd, 0xfd, 0xcb, 0x2c,
    0x04, 0x1f, 0x1f, 0x1f, 0x1e, 0xd0, 0x2c, 0x05, 0x1e, 0x1e, 0x1f, 0x01, 0x01, 0xd6, 0x2c, 0x06,
    0xfd, 0xf1, 0xf0, 0xf0, 0xf0, 0xf0, 0x35, 0x2d, 0x05, 0x05, 0x5d, 0x5d, 0x3f, 0x33, 0x3c, 0x2d,
    0x15, 0x31, 0xf7, 0xbc, 0xc7, 0x51, 0x60, 0x9c, 0xcf, 0x9c, 0x73, 0x6b, 0xce, 0x01, 0x01, 0x1e,
    0xfc, 0x1e, 0x1e, 0x1f, 0x01, 0x1e, 0x52, 0x2d, 0x04, 0x1e, 0x1f, 0x1f, 0x01, 0x57, 0x2d, 0x05,
    0xf0, 0xf1, 0xf1, 0xf1, 0x0c, 0xb7, 0x2d, 0x06, 0x05, 0x5d, 0x5d, 0x5d, 0x3f, 0x58, 0xbe, 0x2d,
    0x0e, 0x53, 0xc6, 0xc6, 0xa4, 0xc6, 0x51, 0xad, 0x9c, 0x6b, 0xcf, 0x9d, 0x6b, 0x6b, 0x6a, 0xcd,
    0x2d, 0x04, 0x1e, 0xe2, 0xe2, 0x1f, 0xd4, 0x2d, 0x08, 0x1f, 0x1f, 0xee, 0xf0, 0xf0, 0xf0, 0xf1,
    0x0c, 0x3a, 0x2e, 0x1a, 0x0c, 0x5d, 0x5d, 0x5d, 0x5d, 0x58, 0xc6, 0xc6, 0x31, 0xc7, 0x01, 0x33,
    0x33, 0xac, 0x9c, 0x9d, 0x6a, 0x9c, 0xcf, 0x6a, 0x74, 0x75, 0x1e, 0x01, 0xfc, 0x01, 0x55, 0x2e,
    0x07, 0xe2, 0xee, 0xee, 0xee, 0xf0, 0xf0, 0x0c, 0xbc, 0x2e, 0x19, 0x0c, 0x5d, 0x5d, 0x5d, 0x3f,
    0x3f, 0x58, 0x60, 0x62, 0xde, 0xa4, 0xc6, 0x97, 0xad, 0xad, 0xac, 0xce, 0x9c, 0xcf, 0x82, 0x6d,
    0x74, 0xd1, 0x6b, 0x01, 0xd6, 0x2e, 0x06, 0x0c, 0xee, 0xee, 0xf0, 0xf0, 0x0c, 0x3e, 0x2f, 0x1e,
    0x05, 0x5d, 0x5d, 0x3f, 0x9b, 0x5d, 0x5d, 0x6c, 0x9e, 0x62, 0xc7, 0xc7, 0x8e, 0x51, 0xce, 0x6b,
    0xce, 0xad, 0x82, 0x75, 0xd1, 0x82, 0x6a, 0xcf, 0x9b, 0xd3, 0xf0, 0x0c, 0x0c, 0x0c, 0xc0, 0x2f,
    0x1b, 0x05, 0x5d, 0x5d, 0x5d, 0x9b, 0x5d, 0x9b, 0x3f, 0x9b, 0x69, 0x96, 0xc7, 0x8e, 0x33, 0xad,
    0x6b, 0xad, 0xb3, 0xb3, 0xcf, 0x60, 0x3f, 0x6c, 0x83, 0x9a, 0x9b, 0x9b, 0x43, 0x30, 0x18, 0x0c,
    0x5d, 0x5d, 0x5d, 0x3f, 0x5d, 0x5d, 0x6c, 0x3f, 0x6c, 0x3a, 0xc6, 0xad, 0x51, 0xad, 0xb3, 0xd1,
    0x51, 0x5d, 0x5d, 0x6c, 0x6c, 0x6c, 0x6c, 0xc5, 0x30, 0x16, 0x05, 0x5d, 0x9b, 0x5d, 0x9b, 0x5d,
    0x5d, 0x6c, 0x9b, 0x6c, 0x9a, 0x9f, 0xdf, 0x51, 0xb3, 0x6b, 0x3f, 0x9b, 0x5d, 0x5d, 0x5d, 0x6c,
    0x47, 0x31, 0x14, 0x05, 0x5d, 0x5d, 0x5d, 0x9b, 0x5d, 0x3f, 0x6c, 0x9b, 0x6c, 0x9a, 0x9a, 0xd3,
    0x05, 0x5d, 0x5d, 0x5d, 0x5d, 0x5d, 0x5d, 0xca, 0x31, 0x0a, 0x0c, 0x5d, 0x5d, 0x9b, 0x3f, 0x5d,
    0x5d, 0x6c, 0x6c, 0x6c, 0xd7, 0x31, 0x04, 0x05, 0x0c, 0x5d, 0x5d, 0x4c, 0x32, 0x08, 0x05, 0x5d,
    0x3f, 0x5d, 0x9b, 0x5d, 0x5d, 0x6c, 0xce, 0x32, 0x06, 0x05, 0x5d, 0x5d, 0x5d, 0x5d, 0x5d, 0x51,
    0x33, 0x02, 0x0c, 0x5d, 0x3b, 0x18, 0x01, 0x33, 0x3d, 0x18, 0x03, 0x0c, 0x0c, 0x0c, 0xba, 0x18,
    0x03, 0xa4, 0x33, 0x97, 0xbe, 0x18, 0x07, 0xa4, 0x33, 0x0c, 0x0c, 0x0c, 0x0c, 0x0c, 0x38, 0x19,
    0x02, 0xa4, 0xa4, 0x3d, 0x19, 0x02, 0x33, 0x33, 0x40, 0x19, 0x03, 0xfc, 0xd1, 0x1e, 0x45, 0x19,
    0x03, 0xfc, 0xfc, 0xfc, 0x49, 0x19, 0x01, 0x0c, 0xb6, 0x19, 0x03, 0xfc, 0xe2, 0x33, 0xba, 0x19,
    0x02, 0x33, 0x97, 0xbd, 0x19, 0x04, 0x97, 0x33, 0xfc, 0xce, 0xc3, 0x19, 0x02, 0x1e, 0x1f, 0xc6,
    0x19, 0x01, 0x01, 0xca, 0x19, 0x03, 0xfc, 0x0c, 0x0c, 0xcf, 0x19, 0x01, 0x0c, 0x34, 0x1a, 0x01,
    0x1e, 0x37, 0x1a, 0x01, 0x01, 0x3b, 0x1a, 0x02, 0x01, 0x33, 0x3f, 0x1a, 0x02, 0xfc, 0xfc, 0x43,
    0x1a, 0x04, 0x1f, 0x1e, 0x1e, 0x1e, 0x48, 0x1a, 0x03, 0x01, 0xfc, 0x3f, 0x4d, 0x1a, 0x02, 0x33,
    0x33, 0x51, 0x1a, 0x02, 0x9b, 0x0c, 0x55, 0x1a, 0x01, 0x0c, 0xaf, 0x1a, 0x01, 0x0c, 0xb5, 0x1a,
    0x01, 0x1e, 0xb8, 0x1a, 0x01, 0x01, 0xbb, 0x1a, 0x03, 0xfc, 0xd1, 0xce, 0xbf, 0x1a, 0x02, 0xa4,
    0x33, 0xc2, 0x1a, 0x01, 0x33, 0xc5, 0x1a, 0x01, 0x1f, 0xc7, 0x1a, 0x03, 0x1e, 0xfc, 0x3f, 0xcb,
    0x1a, 0x03, 0xa4, 0xa4, 0x33, 0xcf, 0x1a, 0x04, 0x33, 0xa4, 0x33, 0x33, 0xd5, 0x1a, 0x04, 0xfc,
    0xf0, 0xf1, 0xe2, 0xdb, 0x1a, 0x01, 0x0c, 0x2d, 0x1b, 0x02, 0x0c, 0x0c, 0x30, 0x1b, 0x01, 0xe2,
    0x32, 0x1b, 0x01, 0xfc, 0x3a, 0x1b, 0x02, 0xfd, 0xcf, 0x3d, 0x1b, 0x02, 0xa4, 0x33, 0x40, 0x1b,
    0x04, 0x33, 0x97, 0xa4, 0x33, 0x47, 0x1b, 0x01, 0x0c, 0x4a, 0x1b, 0x02, 0x33, 0x97, 0x50, 0x1b,
    0x01, 0xa4, 0x57, 0x1b, 0x02, 0x1e, 0x1f, 0x5a, 0x1b, 0x01, 0x01, 0x5c, 0x1b, 0x03, 0xf0, 0xfc,
    0xfc, 0x60, 0x1b, 0x01, 0x0c, 0xab, 0x1b, 0x02, 0x0c, 0x0c, 0xb0, 0x1b, 0x01, 0xa4, 0xb4, 0x1b,
    0x01, 0x6b, 0xb7, 0x1b, 0x01, 0xe2, 0xb9, 0x1b, 0x02, 0xd1, 0xcf, 0xbc, 0x1b, 0x02, 0xa4, 0x33,
    0xc1, 0x1b, 0x02, 0xa4, 0x33, 0xc6, 0x1b, 0x01, 0xfc, 0xc8, 0x1b, 0x03, 0x1e, 0x1e, 0xcf, 0xcc,
    0x1b, 0x01, 0x33, 0xcf, 0x1b, 0x01, 0x33, 0xd3, 0x1b, 0x04, 0x33, 0x01, 0x01, 0x01, 0xd8, 0x1b,
    0x03, 0x1e, 0x1e, 0x1f, 0xdc, 0x1b, 0x02, 0x01, 0x01, 0xe0, 0x1b, 0x02, 0xfc, 0x0c, 0x29, 0x1c,
    0x02, 0x0c, 0x0c, 0x2e, 0x1c, 0x01, 0xa4, 0x30, 0x1c, 0x03, 0xa4, 0x97, 0xa4, 0x37, 0x1c, 0x03,
    0x33, 0xcf, 0x1e, 0x45, 0x1c, 0x01, 0xfc, 0x4a, 0x1c, 0x01, 0x01, 0x4f, 0x1c, 0x01, 0x01, 0x51,
    0x1c, 0x01, 0x33, 0x53, 0x1c, 0x06, 0xe2, 0xfc, 0xfc, 0x01, 0x01, 0x01, 0x5b, 0x1c, 0x02, 0x1e,
    0x01, 0x5e, 0x1c, 0x03, 0x01, 0x01, 0xe2, 0xa7, 0x1c, 0x02, 0x0c, 0x0c, 0xb0, 0x1c, 0x03, 0xa4,
    0x97, 0x33, 0xb6, 0x1c, 0x03, 0xcf, 0x1e, 0x1e, 0xbb, 0x1c, 0x01, 0x1e, 0xbe, 0x1c, 0x01, 0xfc,
    0xc4, 0x1c, 0x01, 0xf1, 0xc6, 0x1c, 0x01, 0x01, 0xcc, 0x1c, 0x01, 0x01, 0xce, 0x1c, 0x01, 0x01,
    0xd0, 0x1c, 0x01, 0x1e, 0xd2, 0x1c, 0x01, 0xfc, 0xd5, 0x1c, 0x07, 0x6b, 0x33, 0x33, 0xce, 0xfd,
    0xfc, 0xe2, 0xdd, 0x1c, 0x02, 0x1f, 0x1f, 0xe0, 0x1c, 0x01, 0xfc, 0x25, 0x1d, 0x06, 0x0c, 0x0c,
    0xe2, 0x33, 0x33, 0x33, 0x2f, 0x1d, 0x03, 0xa4, 0x33, 0x33, 0x33, 0x1d, 0x03, 0x33, 0x33, 0xcf,
    0x38, 0x1d, 0x02, 0x1e, 0x1f, 0x3b, 0x1d, 0x01, 0x01, 0x40, 0x1d, 0x04, 0x01, 0x1e, 0xfc, 0xe2,
    0x45, 0x1d, 0x02, 0xfc, 0xfc, 0x48, 0x1d, 0x01, 0x01, 0x4a, 0x1d, 0x01, 0x1e, 0x54, 0x1d, 0x02,
    0xa4, 0x97, 0x57, 0x1d, 0x0a, 0xa4, 0x33, 0xcf, 0x33, 0x33, 0x33, 0xd1, 0xd1, 0xfc, 0xf0, 0xa3,
    0x1d, 0x02, 0x0c, 0x0c, 0xa7, 0x1d, 0x02, 0x01, 0x1e, 0xaa, 0x1d, 0x04, 0xfc, 0x33, 0x33, 0x33,
    0xaf, 0x1d, 0x02, 0xa4, 0x33, 0xb3, 0x1d, 0x02, 0xcf, 0x01, 0xbb, 0x1d, 0x01, 0x01, 0xbd, 0x1d,
    0x01, 0x01, 0xc8, 0x1d, 0x01, 0xfc, 0xca, 0x1d, 0x02, 0xfd, 0xfc, 0xd0, 0x1d, 0x01, 0xfd, 0xd3,
    0x1d, 0x01, 0xa4, 0xd7, 0x1d, 0x05, 0x33, 0xa4, 0xa4, 0x97, 0x33, 0xde, 0x1d, 0x01, 0xcf, 0xe0,
    0x1d, 0x01, 0x5d, 0x21, 0x1e, 0x02, 0x0c, 0x0c, 0x25, 0x1e, 0x02, 0x1e, 0x1e, 0x2e, 0x1e, 0x02,
    0xfd, 0x33, 0x32, 0x1e, 0x01, 0x1e, 0x36, 0x1e, 0x01, 0x01, 0x38, 0x1e, 0x02, 0x1e, 0x1e, 0x3c,
    0x1e, 0x01, 0x1e, 0x4c, 0x1e, 0x02, 0xfc, 0xfc, 0x4f, 0x1e, 0x02, 0xfc, 0x33, 0x53, 0x1e, 0x01,
    0x33, 0x59, 0x1e, 0x03, 0xa4, 0x97, 0x33, 0x5f, 0x1e, 0x01, 0x0c, 0x9f, 0x1e, 0x02, 0x0c, 0x0c,
    0xa2, 0x1e, 0x01, 0x01, 0xa4, 0x1e, 0x02, 0x1e, 0x1e, 0xa8, 0x1e, 0x01, 0x01, 0xae, 0x1e, 0x03,
    0x1e, 0xfc, 0xcf, 0xb3, 0x1e, 0x01, 0x33, 0xb5, 0x1e, 0x01, 0x33, 0xb9, 0x1e, 0x02, 0x01, 0x1e,
    0xbc, 0x1e, 0x01, 0x1e, 0xbf, 0x1e, 0x01, 0x0c, 0xcf, 0x1e, 0x07, 0xfd, 0x1e, 0xe2, 0xfc, 0x33,
    0x33, 0x33, 0xd9, 0x1e, 0x03, 0xa4, 0x33, 0x33, 0xdf, 0x1e, 0x01, 0x5d, 0x1d, 0x1f, 0x03, 0x0c,
    0x0c, 0x1e, 0x21, 0x1f, 0x01, 0x01, 0x23, 0x1f, 0x01, 0x01, 0x25, 0x1f, 0x01, 0x1e, 0x28, 0x1f,
    0x01, 0x1f, 0x2a, 0x1f, 0x01, 0x01, 0x2d, 0x1f, 0x02, 0xfc, 0xfc, 0x31, 0x1f, 0x01, 0xa4, 0x34,
    0x1f, 0x02, 0xa4, 0xa4, 0x37, 0x1f, 0x01, 0x33, 0x39, 0x1f, 0x01, 0x33, 0x3c, 0x1f, 0x03, 0x1e,
    0x1e, 0x0c, 0x50, 0x1f, 0x01, 0x1e, 0x55, 0x1f, 0x05, 0xfc, 0xfc, 0xfc, 0x33, 0x97, 0x5d, 0x1f,
    0x01, 0xa4, 0x9b, 0x1f, 0x04, 0x0c, 0x33, 0x33, 0x33, 0xa0, 0x1f, 0x01, 0xfc, 0xa2, 0x1f, 0x01,
    0x01, 0xa4, 0x1f, 0x02, 0x01, 0x1e, 0xa7, 0x1f, 0x03, 0x1e, 0x1e, 0x1e, 0xab, 0x1f, 0x02, 0xfd,
    0xfc, 0xae, 0x1f, 0x01, 0xa4, 0xb0, 0x1f, 0x02, 0xa4, 0x33, 0xb3, 0x1f, 0x06, 0xa4, 0x33, 0xa4,
    0xa4, 0x97, 0x33, 0xbd, 0x1f, 0x01, 0xe2, 0xcd, 0x1f, 0x01, 0x33, 0xd1, 0x1f, 0x02, 0x1e, 0x1e,
    0xd4, 0x1f, 0x01, 0x01, 0xd8, 0x1f, 0x07, 0x01, 0xfc, 0xfc, 0xfd, 0x6b, 0x33, 0x33, 0x18, 0x20,
    0x01, 0x0c, 0x1a, 0x20, 0x01, 0x33, 0x1d, 0x20, 0x02, 0xa4, 0x33, 0x21, 0x20, 0x06, 0x33, 0xcf,
    0xfd, 0x01, 0x1f, 0x1e, 0x28, 0x20, 0x01, 0x1e, 0x2a, 0x20, 0x02, 0x01, 0x33, 0x2e, 0x20, 0x02,
    0xa4, 0x33, 0x35, 0x20, 0x01, 0x97, 0x3b, 0x20, 0x01, 0x33, 0x3f, 0x20, 0x01, 0xe2, 0x41, 0x20,
    0x01, 0x33, 0x4d, 0x20, 0x02, 0x01, 0x01, 0x50, 0x20, 0x01, 0x1e, 0x52, 0x20, 0x05, 0x1f, 0x1e,
    0x1e, 0x01, 0x01, 0x59, 0x20, 0x02, 0x01, 0x01, 0x5c, 0x20, 0x03, 0x1e, 0xfd, 0x9b, 0x96, 0x20,
    0x01, 0x0c, 0x98, 0x20, 0x01, 0x33, 0x9d, 0x20, 0x01, 0x33, 0x9f, 0x20, 0x01, 0xa4, 0xa3, 0x20,
    0x04, 0xa4, 0x33, 0xcf, 0xfc, 0xa8, 0x20, 0x02, 0xfc, 0x33, 0xac, 0x20, 0x01, 0x33, 0xb2, 0x20,
    0x02, 0xa4, 0x33, 0xba, 0x20, 0x01, 0x33, 0xbf, 0x20, 0x02, 0x01, 0x1e, 0xc3, 0x20, 0x05, 0xfc,
    0xfc, 0x33, 0x97, 0x33, 0xc9, 0x20, 0x02, 0x97, 0x33, 0xcc, 0x20, 0x05, 0xfc, 0x01, 0x01, 0x01,
    0x01, 0xd2, 0x20, 0x04, 0x1e, 0x1e, 0x1f, 0x1f, 0xd7, 0x20, 0x02, 0x01, 0x01, 0xde, 0x20, 0x01,
    0x6c, 0x14, 0x21, 0x01, 0x0c, 0x16, 0x21, 0x01, 0x33, 0x19, 0x21, 0x01, 0xa4, 0x1c, 0x21, 0x01,
    0xa4, 0x26, 0x21, 0x05, 0x33, 0xfc, 0xe2, 0x33, 0xcf, 0x2c, 0x21, 0x01, 0x33, 0x34, 0x21, 0x01,
    0x33, 0x39, 0x21, 0x01, 0x3f, 0x3f, 0x21, 0x01, 0x01, 0x46, 0x21, 0x06, 0x01, 0xfd, 0xe2, 0x33,
    0x33, 0xe2, 0x4e, 0x21, 0x04, 0x01, 0x01, 0x01, 0x01, 0x55, 0x21, 0x04, 0x1f, 0x1f, 0x01, 0x01,
    0x5d, 0x21, 0x01, 0x51, 0x92, 0x21, 0x01, 0x0c, 0x94, 0x21, 0x01, 0x33, 0x97, 0x21, 0x01, 0xa4,
    0x99, 0x21, 0x01, 0x33, 0x9d, 0x21, 0x01, 0xa4, 0x9f, 0x21, 0x02, 0x33, 0xa4, 0xa5, 0x21, 0x02,
    0x33, 0xfc, 0xa8, 0x21, 0x01, 0x01, 0xaa, 0x21, 0x04, 0xfc, 0xfc, 0x33, 0xcf, 0xb1, 0x21, 0x04,
    0xa4, 0x33, 0x33, 0xa4, 0xb7, 0x21, 0x03, 0x33, 0xce, 0x01, 0xbf, 0x21, 0x01, 0x1e, 0xc1, 0x21,
    0x01, 0x01, 0xc9, 0x21, 0x09, 0x1e, 0xe2, 0x33, 0x33, 0xcf, 0xfc, 0xfc, 0x01, 0x01, 0xd3, 0x21,
    0x02, 0x1f, 0x1f, 0xd6, 0x21, 0x03, 0x1e, 0x1f, 0x1f, 0xda, 0x21, 0x04, 0x1e, 0x01, 0xfd, 0xf0,
    0x10, 0x22, 0x01, 0x0c, 0x12, 0x22, 0x01, 0x33, 0x15, 0x22, 0x01, 0xa4, 0x17, 0x22, 0x01, 0x33,
    0x1d, 0x22, 0x02, 0xa4, 0xa4, 0x23, 0x22, 0x03, 0x33, 0xcf, 0xe2, 0x29, 0x22, 0x02, 0x01, 0x1e,
    0x2f, 0x22, 0x04, 0x33, 0xa4, 0x97, 0x33, 0x34, 0x22, 0x05, 0x97, 0xa4, 0x33, 0xfc, 0x01, 0x3f,
    0x22, 0x01, 0x1e, 0x41, 0x22, 0x02, 0x01, 0x01, 0x47, 0x22, 0x02, 0x1e, 0x1e, 0x4a, 0x22, 0x01,
    0x33, 0x4e, 0x22, 0x06, 0xcf, 0x33, 0x33, 0xcf, 0xfd, 0xfd, 0x55, 0x22, 0x02, 0x1f, 0x1f, 0x58,
    0x22, 0x03, 0x1e, 0x1f, 0x1f, 0x93, 0x22, 0x01, 0xa4, 0x9b, 0x22, 0x03, 0xa4, 0x33, 0x33, 0xa1,
    0x22, 0x03, 0x33, 0xcf, 0xcf, 0xa9, 0x22, 0x01, 0x01, 0xb5, 0x22, 0x02, 0x33, 0xfc, 0xb9, 0x22,
    0x01, 0x01, 0xbb, 0x22, 0x01, 0x01, 0xbd, 0x22, 0x02, 0x1e, 0x1e, 0xc0, 0x22, 0x02, 0x1e, 0x01,
    0xc3, 0x22, 0x01, 0x01, 0xc9, 0x22, 0x01, 0x33, 0xcc, 0x22, 0x02, 0xa4, 0xa4, 0xd2, 0x22, 0x07,
    0x33, 0x33, 0xcf, 0x6b, 0xe2, 0xe2, 0xfc, 0xda, 0x22, 0x03, 0x1e, 0xe2, 0x0c, 0x0e, 0x23, 0x05,
    0x0c, 0x3f, 0x53, 0xa5, 0x33, 0x1a, 0x23, 0x02, 0xa4, 0x97, 0x20, 0x23, 0x03, 0x33, 0xce, 0xfc,
    0x24, 0x23, 0x01, 0x1e, 0x26, 0x23, 0x01, 0x1e, 0x29, 0x23, 0x02, 0x01, 0x01, 0x33, 0x23, 0x01,
    0x1e, 0x3a, 0x23, 0x01, 0x01, 0x3c, 0x23, 0x01, 0x01, 0x3e, 0x23, 0x01, 0x1e, 0x42, 0x23, 0x04,
    0x1f, 0x01, 0x01, 0x01, 0x48, 0x23, 0x01, 0xcf, 0x50, 0x23, 0x03, 0x33, 0x33, 0xa4, 0x55, 0x23,
    0x06, 0xce, 0x33, 0x33, 0xd1, 0xd1, 0xd1, 0x5c, 0x23, 0x01, 0x5d, 0x8f, 0x23, 0x03, 0x9a, 0x0c,
    0x51, 0x93, 0x23, 0x02, 0xa5, 0x33, 0x99, 0x23, 0x02, 0xa4, 0x33, 0x9c, 0x23, 0x01, 0xa4, 0x9e,
    0x23, 0x03, 0x33, 0xce, 0xce, 0xa4, 0x23, 0x03, 0x1e, 0x1e, 0x1e, 0xa8, 0x23, 0x02, 0x01, 0x01,
    0xb0, 0x23, 0x05, 0x01, 0x01, 0x01, 0xd1, 0x33, 0xbb, 0x23, 0x01, 0x01, 0xbd, 0x23, 0x03, 0x01,
    0x01, 0x1e, 0xc3, 0x23, 0x06, 0x1f, 0x01, 0x01, 0x01, 0xfc, 0x33, 0xcd, 0x23, 0x01, 0x33, 0xcf,
    0x23, 0x03, 0xa4, 0xa4, 0xa4, 0xd3, 0x23, 0x03, 0xa4, 0xa4, 0x33, 0xd9, 0x23, 0x03, 0xcf, 0x33,
    0x62, 0x0f, 0x24, 0x06, 0x5d, 0x9b, 0x62, 0xa4, 0x51, 0x53, 0x16, 0x24, 0x07, 0x33, 0x33, 0xa4,
    0x33, 0xa4, 0x33, 0xa4, 0x1e, 0x24, 0x02, 0xcf, 0xfc, 0x24, 0x24, 0x02, 0x1e, 0x1e, 0x29, 0x24,
    0x01, 0x01, 0x2f, 0x24, 0x05, 0x1e, 0x1e, 0xfd, 0xcf, 0x33, 0x37, 0x24, 0x04, 0x33, 0xa4, 0x33,
    0xfc, 0x3c, 0x24, 0x02, 0x01, 0x01, 0x3f, 0x24, 0x02, 0x1f, 0x1e, 0x42, 0x24, 0x06, 0x1e, 0x1e,
    0x01, 0x01, 0xfd, 0x33, 0x4b, 0x24, 0x02, 0x33, 0x33, 0x4e, 0x24, 0x03, 0xa4, 0x33, 0xa4, 0x52,
    0x24, 0x02, 0xa4, 0xa4, 0x55, 0x24, 0x01, 0x33, 0x5a, 0x24, 0x02, 0x33, 0x0c, 0x90, 0x24, 0x0b,
    0x9b, 0x58, 0x31, 0x31, 0xc6, 0x33, 0x97, 0x18, 0x33, 0x33, 0xa4, 0x9c, 0x24, 0x02, 0xcf, 0xcf,
    0xa2, 0x24, 0x01, 0x01, 0xa4, 0x24, 0x01, 0x1e, 0xa6, 0x24, 0x01, 0x1e, 0xaf, 0x24, 0x04, 0x1e,
    0xfc, 0xcf, 0x33, 0xb6, 0x24, 0x02, 0x97, 0xa4, 0xbd, 0x24, 0x01, 0xfc, 0xbf, 0x24, 0x03, 0xfd,
    0x01, 0x1e, 0xc3, 0x24, 0x02, 0x1e, 0x1e, 0xc6, 0x24, 0x01, 0xcf, 0xc9, 0x24, 0x01, 0xa4, 0xcb,
    0x24, 0x01, 0x33, 0xd2, 0x24, 0x01, 0xa4, 0xda, 0x24, 0x02, 0xcf, 0x0c, 0x10, 0x25, 0x04, 0x0c,
    0x5d, 0x5d, 0x58, 0x15, 0x25, 0x09, 0xc6, 0xde, 0xc6, 0x97, 0xbc, 0xa4, 0x33, 0xfc, 0x1e, 0x20,
    0x25, 0x01, 0x01, 0x23, 0x25, 0x01, 0x01, 0x25, 0x25, 0x01, 0x1e, 0x29, 0x25, 0x04, 0x1f, 0x01,
    0x01, 0x01, 0x2f, 0x25, 0x03, 0xfc, 0xcf, 0x3f, 0x36, 0x25, 0x02, 0x97, 0x33, 0x3d, 0x25, 0x01,
    0xa4, 0x3f, 0x25, 0x02, 0xfc, 0xfd, 0x42, 0x25, 0x01, 0xe2, 0x45, 0x25, 0x01, 0xd1, 0x4a, 0x25,
    0x01, 0x33, 0x51, 0x25, 0x04, 0xa4, 0x97, 0xa4, 0x33, 0x59, 0x25, 0x02, 0x33, 0x62, 0x92, 0x25,
    0x0c, 0x05, 0x5d, 0x5d, 0x3a, 0x62, 0x31, 0xc6, 0xf6, 0xec, 0x8f, 0x74, 0xfc, 0xa1, 0x25, 0x01,
    0x01, 0xa3, 0x25, 0x03, 0x01, 0x01, 0x1e, 0xa7, 0x25, 0x01, 0x1e, 0xaa, 0x25, 0x01, 0x01, 0xac,
    0x25, 0x05, 0x01, 0x01, 0xf0, 0xcf, 0x3f, 0xb5, 0x25, 0x02, 0x97, 0x33, 0xba, 0x25, 0x01, 0xa4,
    0xc2, 0x25, 0x04, 0xcf, 0xfc, 0xe2, 0x33, 0xc8, 0x25, 0x02, 0xa4, 0x97, 0xd1, 0x25, 0x02, 0xa4,
    0x33, 0xd4, 0x25, 0x01, 0x33, 0xd9, 0x25, 0x02, 0x33, 0x0c, 0x15, 0x26, 0x0b, 0x5d, 0x5d, 0x9e,
    0xc6, 0x31, 0x31, 0xde, 0xf6, 0x97, 0x6a, 0xfc, 0x22, 0x26, 0x01, 0x01, 0x25, 0x26, 0x01, 0x1e,
    0x28, 0x26, 0x02, 0x1e, 0x1e, 0x2b, 0x26, 0x04, 0x01, 0xfd, 0xcf, 0xcf, 0x31, 0x26, 0x01, 0xa4,
    0x33, 0x26, 0x03, 0xa4, 0xa4, 0x33, 0x37, 0x26, 0x05, 0x33, 0x97, 0x33, 0x33, 0xa4, 0x3d, 0x26,
    0x01, 0xa4, 0x43, 0x26, 0x05, 0x33, 0xd1, 0xcf, 0xe2, 0xe2, 0x51, 0x26, 0x04, 0xa4, 0x33, 0xa4,
    0x33, 0x59, 0x26, 0x02, 0xcf, 0x0c, 0x97, 0x26, 0x03, 0x0c, 0x5d, 0x58, 0x9c, 0x26, 0x02, 0x53,
    0x31, 0x9f, 0x26, 0x05, 0xa4, 0x8f, 0xfc, 0x23, 0x01, 0xa5, 0x26, 0x02, 0x1f, 0x1e, 0xa9, 0x26,
    0x01, 0x1e, 0xab, 0x26, 0x03, 0xfc, 0xce, 0xce, 0xb0, 0x26, 0x01, 0xa4, 0xb2, 0x26, 0x01, 0xa4,
    0xba, 0x26, 0x03, 0xa4, 0xa4, 0xa4, 0xbe, 0x26, 0x01, 0x33, 0xc2, 0x26, 0x04, 0x33, 0xcf, 0x01,
    0x1e, 0xc7, 0x26, 0x06, 0x1e, 0xd1, 0xfc, 0xcf, 0x33, 0x33, 0xd1, 0x26, 0x04, 0xa4, 0x33, 0xa4,
    0x33, 0xd8, 0x26, 0x02, 0x33, 0x3f, 0x19, 0x27, 0x03, 0x05, 0x5d, 0x58, 0x1f, 0x27, 0x07, 0x62,
    0xef, 0xa5, 0x8f, 0xfc, 0x22, 0x01, 0x29, 0x27, 0x04, 0x1e, 0xfc, 0xcf, 0x33, 0x2f, 0x27, 0x03,
    0xa4, 0x33, 0xa4, 0x38, 0x27, 0x05, 0xa4, 0xa4, 0x33, 0xa4, 0xa4, 0x42, 0x27, 0x07, 0xd1, 0xfc,
    0x1e, 0x01, 0x1e, 0x01, 0x1e, 0x4b, 0x27, 0x05, 0xcf, 0xfc, 0xcf, 0x33, 0x33, 0x52, 0x27, 0x01,
    0x97, 0x56, 0x27, 0x02, 0x33, 0xa4, 0x59, 0x27, 0x01, 0x3f, 0x9b, 0x27, 0x03, 0x05, 0x5d, 0x58,
    0xa1, 0x27, 0x06, 0x31, 0x62, 0xef, 0xf6, 0x33, 0xfc, 0xa9, 0x27, 0x03, 0xee, 0xcf, 0x33, 0xae,
    0x27, 0x03, 0xa4, 0x33, 0xa4, 0xb7, 0x27, 0x01, 0xa4, 0xba, 0x27, 0x01, 0xa4, 0xc1, 0x27, 0x02,
    0xcf, 0xfc, 0xc5, 0x27, 0x01, 0x1e, 0xc7, 0x27, 0x03, 0x1e, 0x01, 0x1e, 0xce, 0x27, 0x05, 0xcf,
    0xfc, 0x6a, 0xcf, 0x33, 0xd4, 0x27, 0x04, 0x33, 0x33, 0xa4, 0x33, 0xd9, 0x27, 0x01, 0x0c, 0x1e,
    0x28, 0x02, 0x0c, 0x3a, 0x21, 0x28, 0x02, 0xc6, 0xa4, 0x24, 0x28, 0x07, 0x31, 0xf7, 0x53, 0x96,
    0xfc, 0xcf, 0x33, 0x2c, 0x28, 0x04, 0xa4, 0xa4, 0x33, 0xa4, 0x36, 0x28, 0x01, 0xa4, 0x38, 0x28,
    0x01, 0xa4, 0x3a, 0x28, 0x01, 0x33, 0x40, 0x28, 0x07, 0x33, 0xcf, 0x1e, 0x1e, 0x1e, 0x1e, 0x1e,
    0x49, 0x28, 0x01, 0x01, 0x4f, 0x28, 0x01, 0x01, 0x51, 0x28, 0x08, 0xfd, 0xfc, 0xce, 0xcf, 0x97,
    0x33, 0x33, 0x3f, 0xa0, 0x28, 0x04, 0x05, 0x58, 0x62, 0x62, 0xa5, 0x28, 0x05, 0xc6, 0xc6, 0x53,
    0xef, 0x19, 0xab, 0x28, 0x01, 0xa4, 0xad, 0x28, 0x02, 0x33, 0xa4, 0xb6, 0x28, 0x02, 0xa4, 0x33,
    0xb9, 0x28, 0x01, 0x33, 0xbf, 0x28, 0x03, 0x33, 0xcf, 0xfc, 0xc4, 0x28, 0x04, 0x1e, 0x1e, 0x1e,
    0x1f, 0xca, 0x28, 0x01, 0x01, 0xd2, 0x28, 0x07, 0x01, 0x1e, 0xcf, 0xe2, 0xd1, 0x1e, 0x0c, 0x23,
    0x29, 0x01, 0x09, 0x26, 0x29, 0x02, 0xc6, 0x62, 0x2b, 0x29, 0x01, 0x01, 0x2d, 0x29, 0x02, 0xa4,
    0x33, 0x36, 0x29, 0x03, 0xa4, 0x33, 0x33, 0x3e, 0x29, 0x03, 0x33, 0xcf, 0xfc, 0x43, 0x29, 0x01,
    0x1e, 0x45, 0x29, 0x06, 0x1e, 0x01, 0x1e, 0x1f, 0x01, 0x01, 0x51, 0x29, 0x01, 0x01, 0x54, 0x29,
    0x05, 0x1f, 0x1e, 0xe2, 0xee, 0x0c, 0xa5, 0x29, 0x04, 0x09, 0x62, 0x62, 0xc6, 0xad, 0x29, 0x03,
    0xbc, 0x96, 0x33, 0xb5, 0x29, 0x01, 0xa4, 0xb7, 0x29, 0x01, 0x97, 0xbe, 0x29, 0x04, 0xce, 0xce,
    0x01, 0x01, 0xc4, 0x29, 0x01, 0x1e, 0xc7, 0x29, 0x03, 0x1f, 0x1e, 0x01, 0xcb, 0x29, 0x03, 0x01,
    0x01, 0x01, 0xd0, 0x29, 0x01, 0x1e, 0xd4, 0x29, 0x05, 0x1e, 0x1e, 0x1e, 0xee, 0x0c, 0x2b, 0x2a,
    0x08, 0x62, 0x62, 0xf7, 0xf7, 0xf6, 0x96, 0x33, 0x33, 0x35, 0x2a, 0x05, 0xa4, 0x33, 0xa4, 0x97,
    0x97, 0x3d, 0x2a, 0x07, 0xce, 0xce, 0xfd, 0x01, 0x01, 0x01, 0x1e, 0x45, 0x2a, 0x02, 0x1e, 0x1e,
    0x48, 0x2a, 0x04, 0x1f, 0x1f, 0x01, 0x01, 0x4d, 0x2a, 0x01, 0x01, 0x53, 0x2a, 0x01, 0x01, 0x55,
    0x2a, 0x03, 0x1e, 0x9c, 0xf0, 0xa9, 0x2a, 0x02, 0x05, 0x51, 0xac, 0x2a, 0x02, 0x62, 0xc6, 0xaf,
    0x2a, 0x06, 0x31, 0xf7, 0xa5, 0x33, 0x96, 0x97, 0xb9, 0x2a, 0x0e, 0x33, 0xa4, 0x33, 0x33, 0xcf,
    0xfc, 0x01, 0x01, 0x01, 0x01, 0x01, 0x1f, 0x1e, 0x1e, 0xc8, 0x2a, 0x08, 0x1e, 0x1f, 0x1f, 0x1f,
    0x1e, 0x01, 0x01, 0x01, 0xd2, 0x2a, 0x02, 0x1e, 0x1e, 0xd5, 0x2a, 0x04, 0xfc, 0xee, 0x0c, 0x9b,
    0x2b, 0x2b, 0x02, 0x05, 0x9e, 0x2e, 0x2b, 0x01, 0x62, 0x31, 0x2b, 0x07, 0x62, 0xf7, 0xa5, 0x18,
    0x96, 0x33, 0x33, 0x3a, 0x2b, 0x01, 0xa4, 0x3c, 0x2b, 0x02, 0xcf, 0xcf, 0x40, 0x2b, 0x08, 0x01,
    0x01, 0x01, 0x01, 0x01, 0x01, 0x1e, 0x1e, 0x49, 0x2b, 0x08, 0x1e, 0x1e, 0x1f, 0x1f, 0x01, 0x01,
    0x01, 0x01, 0x56, 0x2b, 0x02, 0xf0, 0x0c, 0xad, 0x2b, 0x02, 0x05, 0x58, 0xb1, 0x2b, 0x09, 0x62,
    0x62, 0x31, 0x31, 0xf7, 0xf7, 0x33, 0xa5, 0x33, 0xbb, 0x2b, 0x02, 0xcf, 0xd1, 0xc1, 0x2b, 0x02,
    0x01, 0x01, 0xc4, 0x2b, 0x03, 0x01, 0x01, 0x1f, 0xc8, 0x2b, 0x01, 0x1e, 0xcc, 0x2b, 0x03, 0x1f,
    0x1f, 0x01, 0xd0, 0x2b, 0x02, 0x01, 0x01, 0xd4, 0x2b, 0x03, 0xfc, 0xad, 0xf0, 0x2f, 0x2c, 0x03,
    0x05, 0x5d, 0x33, 0x33, 0x2c, 0x01, 0x62, 0x35, 0x2c, 0x08, 0xc6, 0x62, 0x18, 0x01, 0x60, 0x74,
    0xfc, 0xfc, 0x3e, 0x2c, 0x01, 0x1e, 0x42, 0x2c, 0x06, 0x01, 0x01, 0x01, 0x01, 0x01, 0x1f, 0x49,
    0x2c, 0x01, 0x1e, 0x4d, 0x2c, 0x06, 0x1f, 0x1f, 0x01, 0x01, 0x01, 0x01, 0x55, 0x2c, 0x02, 0xf0,
    0xf0, 0xb1, 0x2c, 0x03, 0x05, 0x5d, 0x51, 0xb5, 0x2c, 0x01, 0xc6, 0xb7, 0x2c, 0x08, 0xf7, 0x62,
    0xef, 0x01, 0x60, 0x74, 0x6a, 0xfc, 0xc3, 0x2c, 0x14, 0x01, 0x01, 0x01, 0x1f, 0x01, 0x1f, 0x1e,
    0x1e, 0x1e, 0x1e, 0x1e, 0x01, 0x1f, 0x01, 0x01, 0x01, 0x01, 0x6a, 0xf0, 0x0c, 0x33, 0x2d, 0x04,
    0x05, 0x5d, 0x58, 0x62, 0x38, 0x2d, 0x0a, 0x62, 0x53, 0x31, 0x31, 0xf6, 0x60, 0x73, 0x6a, 0xfc,
    0xfc, 0x44, 0x2d, 0x06, 0x01, 0x01, 0x01, 0x1f, 0x01, 0x1f, 0x4b, 0x2d, 0x02, 0x1e, 0x1e, 0x4f,
    0x2d, 0x08, 0x01, 0x01, 0x01, 0x01, 0xfd, 0xf1, 0xf1, 0xf0, 0xb5, 0x2d, 0x03, 0x05, 0x3f, 0x58,
    0xbb, 0x2d, 0x09, 0x53, 0xc6, 0xc6, 0xf6, 0x97, 0x6b, 0xcf, 0x6b, 0xfc, 0xc5, 0x2d, 0x09, 0x01,
    0x01, 0x01, 0x1f, 0x1f, 0x1f, 0x1f, 0x1e, 0x1e, 0xcf, 0x2d, 0x04, 0x1e, 0x1e, 0x01, 0x01, 0xd4,
    0x2d, 0x02, 0xf1, 0xf1, 0x37, 0x2e, 0x05, 0x05, 0x5d, 0x5d, 0x51, 0x62, 0x3d, 0x2e, 0x0a, 0xc6,
    0xc6, 0x31, 0x01, 0x97, 0x60, 0x6a, 0x6a, 0xfd, 0xfd, 0x48, 0x2e, 0x0e, 0x01, 0x01, 0x1f, 0x1e,
    0x1e, 0x1e, 0x1e, 0x1e, 0x1e, 0x01, 0xfc, 0xad, 0xf0, 0x0c, 0xb9, 0x2e, 0x05, 0x05, 0x5d, 0x5d,
    0x51, 0xc6, 0xbf, 0x2e, 0x01, 0x31, 0xc1, 0x2e, 0x0c, 0xbc, 0xc6, 0x9c, 0x33, 0x73, 0x6a, 0x6a,
    0xe2, 0x1e, 0x1e, 0x1f, 0x1f, 0xce, 0x2e, 0x08, 0x1e, 0x1e, 0x1f, 0x1f, 0x1e, 0xf0, 0xf0, 0x0c,
    0x3b, 0x2f, 0x04, 0x05, 0x5d, 0x5d, 0x3a, 0x41, 0x2f, 0x0e, 0x53, 0xa4, 0xde, 0x62, 0xbf, 0x97,
    0xcf, 0x6b, 0x6b, 0x3d, 0xe2, 0x1f, 0x1e, 0x01, 0x50, 0x2f, 0x06, 0x1e, 0x1f, 0xd1, 0xee, 0xf0,
    0xf0, 0xbd, 0x2f, 0x04, 0x05, 0x3f, 0x5d, 0x58, 0xc3, 0x2f, 0x0c, 0x31, 0xa4, 0xde, 0x01, 0xec,
    0x97, 0x9d, 0x6b, 0x74, 0x3d, 0xe2, 0x1e, 0xd1, 0x2f, 0x04, 0xe2, 0x75, 0xf0, 0x0c, 0x3f, 0x30,
    0x12, 0x05, 0x5d, 0x5d, 0x5d, 0x51, 0x62, 0x31, 0x62, 0xbc, 0xc7, 0x8e, 0x60, 0xce, 0x82, 0xd1,
    0x75, 0x1e, 0xfc, 0x52, 0x30, 0x03, 0xee, 0xee, 0x0c, 0xc1, 0x30, 0x05, 0x05, 0x5d, 0x5d, 0x3f,
    0x58, 0xc7, 0x30, 0x0e, 0xf7, 0x62, 0x18, 0x62, 0x8e, 0x60, 0x6b, 0x82, 0x6a, 0x96, 0x8e, 0x0c,
    0xee, 0xf0, 0x43, 0x31, 0x05, 0x05, 0x3f, 0x5d, 0x5d, 0x58, 0x49, 0x31, 0x0b, 0x31, 0x62, 0x18,
    0xc7, 0xec, 0x60, 0x75, 0x9c, 0x01, 0x9a, 0xd3, 0xc5, 0x31, 0x0f, 0x05, 0x5d, 0x5d, 0x5d, 0x5d,
    0x33, 0x31, 0x62, 0x18, 0xa5, 0x8e, 0x31, 0x6c, 0x6c, 0x6c, 0x47, 0x32, 0x06, 0x05, 0x5d, 0x5d,
    0x3f, 0x3f, 0x58, 0x4e, 0x32, 0x06, 0x53, 0x31, 0xa4, 0x5d, 0x5d, 0x6c, 0xc9, 0x32, 0x06, 0x05,
    0x5d, 0x5d, 0x5d, 0x3f, 0x58, 0xd1, 0x32, 0x03, 0x5d, 0x5d, 0x5d, 0x4b, 0x33, 0x05, 0x05, 0x5d,
    0x5d, 0x5d, 0x5d, 0x51, 0x33, 0x02, 0x0c, 0x5d, 0xcd, 0x33, 0x03, 0x05, 0x5d, 0x5d, 0x3a, 0x18,
    0x02, 0x0c, 0x33, 0x3d, 0x18, 0x01, 0x0c, 0x40, 0x18, 0x01, 0x0c, 0xb8, 0x18, 0x03, 0x0c, 0x33,
    0x3f, 0xbc, 0x18, 0x01, 0x33, 0xc0, 0x18, 0x03, 0x3f, 0x9b, 0x0c, 0xc5, 0x18, 0x01, 0x0c, 0x36,
    0x19, 0x04, 0x0c, 0x33, 0x33, 0xa4, 0x3e, 0x19, 0x01, 0x33, 0x40, 0x19, 0x01, 0x33, 0x42, 0x19,
    0x02, 0xe2, 0xcf, 0x46, 0x19, 0x01, 0x01, 0x4a, 0x19, 0x01, 0x0c, 0xb5, 0x19, 0x06, 0xfc, 0x1e,
    0x1e, 0xd1, 0xcf, 0x33, 0xbc, 0x19, 0x07, 0x33, 0x33, 0xa4, 0x33, 0x33, 0xcf, 0x01, 0xc4, 0x19,
    0x03, 0x1e, 0x01, 0x1f, 0xcb, 0x19, 0x02, 0xfc, 0x0c, 0x33, 0x1a, 0x01, 0xf0, 0x35, 0x1a, 0x01,
    0x1e, 0x37, 0x1a, 0x01, 0x1f, 0x39, 0x1a, 0x01, 0x01, 0x3b, 0x1a, 0x04, 0x01, 0xcf, 0xfd, 0x33,
    0x42, 0x1a, 0x03, 0x01, 0x01, 0x01, 0x47, 0x1a, 0x05, 0x01, 0x01, 0x01, 0xf0, 0x33, 0x4e, 0x1a,
    0x02, 0x33, 0xa4, 0x51, 0x1a, 0x02, 0x3f, 0x3f, 0xaf, 0x1a, 0x01, 0x0c, 0xb1, 0x1a, 0x06, 0xfc,
    0x01, 0x01, 0x01, 0x01, 0x1e, 0xb8, 0x1a, 0x03, 0x1e, 0x1e, 0x01, 0xbc, 0x1a, 0x03, 0x1e, 0xfd,
    0xcf, 0xc0, 0x1a, 0x02, 0x33, 0xa4, 0xc3, 0x1a, 0x01, 0x33, 0xc5, 0x1a, 0x02, 0xfd, 0x1f, 0xc8,
    0x1a, 0x03, 0x1e, 0xf0, 0x3f, 0xcc, 0x1a, 0x04, 0xa4, 0x97, 0x33, 0x33, 0xd1, 0x1a, 0x07, 0x33,
    0x33, 0xa4, 0x33, 0x33, 0x3f, 0x3f, 0xda, 0x1a, 0x01, 0x0c, 0x2e, 0x1b, 0x05, 0x0c, 0x3f, 0xd1,
    0x33, 0x97, 0x34, 0x1b, 0x03, 0xfd, 0xe2, 0x1f, 0x39, 0x1b, 0x04, 0x01, 0xfc, 0xfc, 0xce, 0x3f,
    0x1b, 0x05, 0xa4, 0x33, 0x33, 0x97, 0xa4, 0x45, 0x1b, 0x01, 0x33, 0x47, 0x1b, 0x01, 0x33, 0x4b,
    0x1b, 0x03, 0xa4, 0xa4, 0x33, 0x50, 0x1b, 0x01, 0xa4, 0x55, 0x1b, 0x02, 0xcf, 0xcf, 0x58, 0x1b,
    0x02, 0x01, 0x01, 0x5f, 0x1b, 0x01, 0x0c, 0xad, 0x1b, 0x01, 0x3f, 0xb0, 0x1b, 0x02, 0xa4, 0xa4,
    0xb4, 0x1b, 0x04, 0xcf, 0x33, 0xfc, 0xfd, 0xb9, 0x1b, 0x01, 0xe2, 0xbb, 0x1b, 0x04, 0xcf, 0xa4,
    0x97, 0x33, 0xc6, 0x1b, 0x02, 0x33, 0xfc, 0xc9, 0x1b, 0x03, 0x1e, 0x1e, 0x33, 0xce, 0x1b, 0x01,
    0x33, 0xd0, 0x1b, 0x03, 0x33, 0xa4, 0x33, 0xd4, 0x1b, 0x02, 0xce, 0xcf, 0xd9, 0x1b, 0x03, 0x1e,
    0x01, 0x01, 0xe0, 0x1b, 0x03, 0x01, 0x0c, 0x0c, 0x31, 0x1c, 0x01, 0x33, 0x37, 0x1c, 0x01, 0x33,
    0x39, 0x1c, 0x05, 0xcf, 0xe2, 0xfc, 0x33, 0x33, 0x45, 0x1c, 0x02, 0x33, 0xf0, 0x49, 0x1c, 0x02,
    0x1e, 0x01, 0x50, 0x1c, 0x01, 0xa4, 0x53, 0x1c, 0x02, 0xe2, 0xcf, 0x57, 0x1c, 0x01, 0x01, 0x5b,
    0x1c, 0x03, 0x1e, 0x01, 0x01, 0x60, 0x1c, 0x03, 0x1e, 0xf0, 0x0c, 0xaa, 0x1c, 0x01, 0x33, 0xac,
    0x1c, 0x02, 0xa4, 0x33, 0xb1, 0x1c, 0x03, 0xa4, 0x97, 0x33, 0xb7, 0x1c, 0x04, 0xcf, 0x1e, 0x1e,
    0x01, 0xbe, 0x1c, 0x02, 0xfc, 0xfc, 0xc1, 0x1c, 0x05, 0x33, 0x33, 0x33, 0x0c, 0xf1, 0xc8, 0x1c,
    0x02, 0x1e, 0x1e, 0xcb, 0x1c, 0x01, 0x01, 0xd2, 0x1c, 0x04, 0xfc, 0x33, 0xd1, 0xfc, 0xd7, 0x1c,
    0x01, 0xfc, 0xda, 0x1c, 0x01, 0x1e, 0xdc, 0x1c, 0x02, 0x1e, 0x1f, 0xdf, 0x1c, 0x04, 0x01, 0xfc,
    0xf0, 0xf0, 0x24, 0x1d, 0x03, 0x0c, 0x0c, 0xee, 0x28, 0x1d, 0x04, 0xfc, 0xfc, 0xcf, 0xcf, 0x2d,
    0x1d, 0x02, 0x33, 0x33, 0x33, 0x1d, 0x02, 0x33, 0x33, 0x38, 0x1d, 0x03, 0x1e, 0x1f, 0x1e, 0x41,
    0x1d, 0x02, 0x1f, 0x1e, 0x45, 0x1d, 0x01, 0xfc, 0x49, 0x1d, 0x01, 0x1e, 0x51, 0x1d, 0x02, 0xfc,
    0x33, 0x55, 0x1d, 0x01, 0xa4, 0x58, 0x1d, 0x02, 0xcf, 0xfc, 0x5c, 0x1d, 0x01, 0xe2, 0x61, 0x1d,
    0x02, 0x0c, 0x6c, 0xa2, 0x1d, 0x06, 0x0c, 0xfc, 0xf0, 0x1e, 0x1e, 0x1e, 0xab, 0x1d, 0x07, 0xcf,
    0xfc, 0xfc, 0xce, 0x97, 0x33, 0x97, 0xb5, 0x1d, 0x01, 0x01, 0xb9, 0x1d, 0x01, 0x1e, 0xc1, 0x1d,
    0x02, 0xfc, 0x3f, 0xc8, 0x1d, 0x01, 0xfc, 0xca, 0x1d, 0x01, 0xfd, 0xcd, 0x1d, 0x03, 0x1e, 0x1e,
    0x01, 0xd1, 0x1d, 0x01, 0x33, 0xd5, 0x1d, 0x03, 0xa4, 0x33, 0x33, 0xda, 0x1d, 0x05, 0xa4, 0x33,
    0xa4, 0xce, 0xfc, 0xe0, 0x1d, 0x02, 0xb3, 0xf0, 0x20, 0x1e, 0x04, 0x0c, 0xfc, 0xf1, 0x01, 0x26,
    0x1e, 0x02, 0x1e, 0x1e, 0x2e, 0x1e, 0x02, 0x01, 0xcf, 0x31, 0x1e, 0x04, 0xe2, 0xd1, 0xcf, 0xfc,
    0x38, 0x1e, 0x01, 0x01, 0x4a, 0x1e, 0x03, 0xa4, 0xfc, 0xfd, 0x4f, 0x1e, 0x02, 0x1e, 0x33, 0x5a,
    0x1e, 0x03, 0xa4, 0x97, 0x33, 0x5f, 0x1e, 0x03, 0x33, 0x0c, 0x5d, 0x9d, 0x1e, 0x02, 0x0c, 0xee,
    0xa0, 0x1e, 0x05, 0xf0, 0x01, 0x01, 0x01, 0x01, 0xa8, 0x1e, 0x01, 0x1e, 0xaa, 0x1e, 0x01, 0x01,
    0xae, 0x1e, 0x01, 0xe2, 0xb0, 0x1e, 0x01, 0xcf, 0xb3, 0x1e, 0x07, 0x33, 0x33, 0x33, 0xcf, 0xfc,
    0xfd, 0x01, 0xc6, 0x1e, 0x02, 0xa4, 0x97, 0xd0, 0x1e, 0x01, 0xd1, 0xd3, 0x1e, 0x01, 0x33, 0xdf,
    0x1e, 0x02, 0x62, 0xf0, 0x1b, 0x1f, 0x08, 0x0c, 0x3f, 0x33, 0x3f, 0x75, 0xfc, 0xfc, 0x01, 0x24,
    0x1f, 0x01, 0x01, 0x28, 0x1f, 0x02, 0x1e, 0x1f, 0x2b, 0x1f, 0x04, 0x01, 0xfc, 0xfc, 0xcf, 0x30,
    0x1f, 0x03, 0xa4, 0xa4, 0x33, 0x38, 0x1f, 0x07, 0x33, 0x33, 0x33, 0xfd, 0x1e, 0xe2, 0x3f, 0x41,
    0x1f, 0x02, 0xa4, 0x33, 0x48, 0x1f, 0x01, 0xa4, 0x4f, 0x1f, 0x01, 0x1f, 0x51, 0x1f, 0x01, 0x1e,
    0x54, 0x1f, 0x01, 0xcf, 0x57, 0x1f, 0x01, 0x33, 0x59, 0x1f, 0x02, 0xa4, 0x33, 0x5e, 0x1f, 0x02,
    0x33, 0x0c, 0x99, 0x1f, 0x03, 0x0c, 0x3f, 0x33, 0x9e, 0x1f, 0x09, 0xa4, 0xcf, 0x33, 0xcf, 0xcf,
    0x01, 0xfd, 0x1f, 0x1e, 0xa8, 0x1f, 0x05, 0x1e, 0x1e, 0xfd, 0xfd, 0xcf, 0xaf, 0x1f, 0x01, 0x33,
    0xb6, 0x1f, 0x01, 0xa4, 0xbd, 0x1f, 0x02, 0xd1, 0x33, 0xc1, 0x1f, 0x01, 0x33, 0xc7, 0x1f, 0x02,
    0xa4, 0x33, 0xd0, 0x1f, 0x01, 0x1e, 0xd7, 0x1f, 0x02, 0x01, 0xce, 0xdb, 0x1f, 0x02, 0x33, 0x97,
    0xdf, 0x1f, 0x01, 0x5d, 0x16, 0x20, 0x04, 0x0c, 0x0c, 0x33, 0x3f, 0x1c, 0x20, 0x03, 0xa4, 0x97,
    0x33, 0x23, 0x20, 0x04, 0x97, 0x6a, 0xfd, 0xfc, 0x28, 0x20, 0x03, 0x1e, 0xfc, 0xcf, 0x2c, 0x20,
    0x02, 0xa4, 0x33, 0x33, 0x20, 0x03, 0xa4, 0x33, 0x33, 0x3b, 0x20, 0x01, 0x0c, 0x3d, 0x20, 0x01,
    0x01, 0x3f, 0x20, 0x04, 0xfc, 0x33, 0x33, 0x33, 0x47, 0x20, 0x02, 0xa4, 0x33, 0x50, 0x20, 0x01,
    0x1e, 0x52, 0x20, 0x02, 0x01, 0x01, 0x59, 0x20, 0x04, 0x01, 0x01, 0x1e, 0xd1, 0x5e, 0x20, 0x01,
    0x0c, 0x94, 0x20, 0x04, 0x0c, 0x3f, 0x33, 0x3f, 0x9a, 0x20, 0x01, 0x33, 0x9c, 0x20, 0x03, 0xa4,
    0xa4, 0x33, 0xa1, 0x20, 0x01, 0xa4, 0xa6, 0x20, 0x05, 0x33, 0xe2, 0xe2, 0x33, 0xa4, 0xac, 0x20,
    0x01, 0x33, 0xb2, 0x20, 0x03, 0xa4, 0x97, 0x33, 0xb9, 0x20, 0x04, 0x33, 0xfc, 0x1e, 0x1e, 0xbf,
    0x20, 0x02, 0x01, 0x1e, 0xc3, 0x20, 0x01, 0xfc, 0xc5, 0x20, 0x04, 0x33, 0xa4, 0x33, 0xa4, 0xcc,
    0x20, 0x01, 0x01, 0xce, 0x20, 0x01, 0x01, 0xd1, 0x20, 0x01, 0x1e, 0xd3, 0x20, 0x01, 0x1e, 0xd5,
    0x20, 0x01, 0x01, 0xd9, 0x20, 0x01, 0x1e, 0xdc, 0x20, 0x03, 0x1e, 0xfc, 0x5d, 0x12, 0x21, 0x04,
    0x0c, 0x3f, 0x33, 0x3f, 0x18, 0x21, 0x01, 0x33, 0x1a, 0x21, 0x01, 0x33, 0x1d, 0x21, 0x04, 0x33,
    0xa4, 0xa4, 0xa4, 0x25, 0x21, 0x02, 0x33, 0xfc, 0x29, 0x21, 0x01, 0xfc, 0x2b, 0x21, 0x01, 0x33,
    0x32, 0x21, 0x03, 0xa4, 0x33, 0x33, 0x38, 0x21, 0x02, 0x33, 0xf0, 0x3c, 0x21, 0x01, 0x1e, 0x46,
    0x21, 0x02, 0x01, 0x33, 0x4b, 0x21, 0x01, 0xfc, 0x52, 0x21, 0x01, 0x1e, 0x5c, 0x21, 0x02, 0x1e,
    0xad, 0x90, 0x21, 0x04, 0x0c, 0x3f, 0x33, 0x3f, 0x95, 0x21, 0x02, 0xa4, 0x33, 0x9c, 0x21, 0x01,
    0xa4, 0x9e, 0x21, 0x02, 0x97, 0x33, 0xa3, 0x21, 0x04, 0x33, 0xcf, 0xfc, 0x1e, 0xa8, 0x21, 0x01,
    0x01, 0xac, 0x21, 0x03, 0xfd, 0xfc, 0x33, 0xb0, 0x21, 0x05, 0xa4, 0x97, 0x33, 0xa4, 0xa4, 0xb7,
    0x21, 0x01, 0x0c, 0xb9, 0x21, 0x01, 0x01, 0xbb, 0x21, 0x01, 0x1e, 0xbd, 0x21, 0x01, 0x1e, 0xbf,
    0x21, 0x01, 0x1e, 0xc1, 0x21, 0x01, 0x01, 0xc7, 0x21, 0x02, 0x01, 0x01, 0xca, 0x21, 0x01, 0xe2,
    0xcc, 0x21, 0x01, 0xfc, 0xd5, 0x21, 0x01, 0x1e, 0xdd, 0x21, 0x01, 0x5d, 0x10, 0x22, 0x03, 0x8f,
    0x0c, 0xa4, 0x15, 0x22, 0x01, 0xa4, 0x1b, 0x22, 0x03, 0xa4, 0x33, 0xa4, 0x21, 0x22, 0x01, 0x33,
    0x23, 0x22, 0x01, 0xfc, 0x25, 0x22, 0x01, 0x1e, 0x28, 0x22, 0x01, 0x01, 0x2e, 0x22, 0x04, 0xfd,
    0xfd, 0x97, 0x33, 0x35, 0x22, 0x03, 0x33, 0xfc, 0x01, 0x3a, 0x22, 0x01, 0x01, 0x3d, 0x22, 0x01,
    0x1e, 0x3f, 0x22, 0x02, 0x1e, 0x01, 0x49, 0x22, 0x01, 0xcf, 0x4c, 0x22, 0x03, 0xa4, 0x6b, 0xfc,
    0x50, 0x22, 0x02, 0xfc, 0x01, 0x53, 0x22, 0x01, 0x01, 0x56, 0x22, 0x02, 0x1e, 0x1e, 0x90, 0x22,
    0x04, 0x0c, 0x53, 0xa4, 0x97, 0x95, 0x22, 0x01, 0x33, 0x9a, 0x22, 0x02, 0xa4, 0x97, 0xa1, 0x22,
    0x01, 0xfc, 0xa3, 0x22, 0x01, 0x1e, 0xa5, 0x22, 0x02, 0x1e, 0x1f, 0xa8, 0x22, 0x02, 0x01, 0x01,
    0xb0, 0x22, 0x02, 0x1e, 0xe2, 0xb3, 0x22, 0x03, 0x33, 0x33, 0xfc, 0xb8, 0x22, 0x01, 0x01, 0xba,
    0x22, 0x01, 0x01, 0xbc, 0x22, 0x01, 0x1e, 0xbf, 0x22, 0x02, 0x1e, 0x01, 0xc2, 0x22, 0x01, 0x01,
    0xc8, 0x22, 0x01, 0xcf, 0xd1, 0x22, 0x01, 0x33, 0xd3, 0x22, 0x03, 0xfd, 0x01, 0x1e, 0xd8, 0x22,
    0x01, 0x1e, 0xdc, 0x22, 0x01, 0x5d, 0x10, 0x23, 0x06, 0x6c, 0xc7, 0x51, 0x53, 0x53, 0x33, 0x18,
    0x23, 0x05, 0xa4, 0x33, 0xa4, 0x97, 0xa4, 0x1e, 0x23, 0x03, 0x33, 0xcf, 0xfd, 0x27, 0x23, 0x03,
    0x1f, 0x01, 0x01, 0x2b, 0x23, 0x01, 0x01, 0x31, 0x23, 0x04, 0x1e, 0xfc, 0xd1, 0xe2, 0x39, 0x23,
    0x01, 0x01, 0x3b, 0x23, 0x01, 0x01, 0x3d, 0x23, 0x01, 0x1e, 0x40, 0x23, 0x02, 0x1e, 0x01, 0x43,
    0x23, 0x01, 0x01, 0x47, 0x23, 0x01, 0xcf, 0x4b, 0x23, 0x02, 0xa4, 0xa4, 0x53, 0x23, 0x06, 0xa4,
    0x6b, 0xfd, 0xfc, 0xe2, 0x1e, 0x5a, 0x23, 0x02, 0x1e, 0xfc, 0x91, 0x23, 0x07, 0x5d, 0x62, 0x01,
    0x51, 0xa4, 0x53, 0x33, 0x9b, 0x23, 0x04, 0xa4, 0x97, 0xcf, 0xfc, 0xa3, 0x23, 0x02, 0x1e, 0x1e,
    0xa7, 0x23, 0x01, 0x1f, 0xa9, 0x23, 0x01, 0x01, 0xb0, 0x23, 0x03, 0x01, 0xfc, 0xce, 0xb6, 0x23,
    0x01, 0xcf, 0xba, 0x23, 0x01, 0x01, 0xbc, 0x23, 0x01, 0x01, 0xbe, 0x23, 0x01, 0x1e, 0xc1, 0x23,
    0x02, 0x1e, 0x01, 0xc4, 0x23, 0x01, 0x01, 0xc6, 0x23, 0x02, 0xfc, 0x33, 0xcc, 0x23, 0x02, 0x33,
    0x33, 0xcf, 0x23, 0x02, 0xa4, 0xa4, 0xd3, 0x23, 0x03, 0xa4, 0xa4, 0x33, 0xd7, 0x23, 0x03, 0xce,
    0x33, 0xfc, 0x11, 0x24, 0x02, 0x5d, 0x3f, 0x14, 0x24, 0x0a, 0x31, 0xa4, 0x51, 0x60, 0xa4, 0x33,
    0x97, 0xe2, 0x6b, 0xd1, 0x22, 0x24, 0x01, 0x01, 0x30, 0x24, 0x02, 0xee, 0x33, 0x35, 0x24, 0x03,
    0xa4, 0x33, 0x33, 0x39, 0x24, 0x01, 0xcf, 0x3b, 0x24, 0x01, 0xfd, 0x3e, 0x24, 0x01, 0x1f, 0x41,
    0x24, 0x01, 0x1e, 0x43, 0x24, 0x01, 0x01, 0x45, 0x24, 0x02, 0xfd, 0x33, 0x4a, 0x24, 0x02, 0x33,
    0x33, 0x4d, 0x24, 0x06, 0xa4, 0x97, 0x97, 0xa4, 0xa4, 0xa4, 0x5a, 0x24, 0x01, 0x97, 0x91, 0x24,
    0x05, 0x05, 0x5d, 0x5d, 0x5d, 0x62, 0x97, 0x24, 0x04, 0x18, 0x62, 0x60, 0x53, 0xa0, 0x24, 0x01,
    0x01, 0xa2, 0x24, 0x02, 0x01, 0x1e, 0xa6, 0x24, 0x01, 0x1e, 0xae, 0x24, 0x03, 0xfc, 0xd1, 0x33,
    0xb4, 0x24, 0x03, 0xa4, 0x33, 0x33, 0xbb, 0x24, 0x02, 0xcf, 0x33, 0xbe, 0x24, 0x03, 0xfc, 0x1f,
    0x1e, 0xc2, 0x24, 0x01, 0x1e, 0xc4, 0x24, 0x02, 0xfc, 0xcf, 0xc8, 0x24, 0x02, 0xa4, 0xa4, 0xd3,
    0x24, 0x01, 0x97, 0xd9, 0x24, 0x02, 0x33, 0x9c, 0x13, 0x25, 0x04, 0x05, 0x5d, 0x5d, 0x58, 0x18,
    0x25, 0x06, 0xc6, 0xde, 0xf7, 0x33, 0x6a, 0xfc, 0x24, 0x25, 0x01, 0x1e, 0x27, 0x25, 0x01, 0x1e,
    0x29, 0x25, 0x02, 0x1f, 0x01, 0x2c, 0x25, 0x04, 0x01, 0xfc, 0xcf, 0x33, 0x33, 0x25, 0x02, 0xa4,
    0x33, 0x36, 0x25, 0x01, 0x33, 0x3c, 0x25, 0x06, 0xa4, 0xa4, 0x6b, 0xfc, 0xe2, 0xfc, 0x43, 0x25,
    0x02, 0xe2, 0xcf, 0x47, 0x25, 0x01, 0xa4, 0x49, 0x25, 0x02, 0xa4, 0x33, 0x52, 0x25, 0x03, 0x97,
    0xa4, 0x33, 0x59, 0x25, 0x02, 0xfc, 0x5d, 0x95, 0x25, 0x0c, 0x05, 0x3f, 0x5d, 0x58, 0x53, 0x62,
    0xde, 0xf6, 0x33, 0x6a, 0x6b, 0x01, 0xa4, 0x25, 0x02, 0x1f, 0x1e, 0xa7, 0x25, 0x02, 0x1e, 0x1e,
    0xaa, 0x25, 0x01, 0x01, 0xac, 0x25, 0x03, 0xf1, 0xce, 0x3f, 0xb1, 0x25, 0x01, 0xa4, 0xb3, 0x25,
    0x01, 0x33, 0xb5, 0x25, 0x05, 0x33, 0xa4, 0xa4, 0xa4, 0xa4, 0xbb, 0x25, 0x04, 0xa4, 0x33, 0xa4,
    0x33, 0xc0, 0x25, 0x05, 0xcf, 0x33, 0xfc, 0x33, 0x33, 0xc6, 0x25, 0x04, 0xa4, 0xa4, 0xa4, 0x33,
    0xd0, 0x25, 0x03, 0x33, 0x97, 0x33, 0xd8, 0x25, 0x02, 0x33, 0x60, 0x17, 0x26, 0x03, 0x05, 0x5d,
    0x5d, 0x1c, 0x26, 0x05, 0xf7, 0xa4, 0xf6, 0x60, 0xfc, 0x22, 0x26, 0x01, 0x01, 0x24, 0x26, 0x01,
    0x01, 0x28, 0x26, 0x01, 0x1e, 0x2a, 0x26, 0x03, 0xfc, 0xcf, 0x33, 0x2f, 0x26, 0x01, 0xa4, 0x31,
    0x26, 0x01, 0xa4, 0x35, 0x26, 0x05, 0xa4, 0xa4, 0x33, 0x33, 0xa4, 0x3b, 0x26, 0x01, 0xa4, 0x41,
    0x26, 0x05, 0x33, 0xd1, 0x33, 0xe2, 0xa4, 0x48, 0x26, 0x01, 0x33, 0x4f, 0x26, 0x04, 0xa4, 0x33,
    0xa4, 0x33, 0x58, 0x26, 0x02, 0xcf, 0x6b, 0x99, 0x26, 0x0b, 0x05, 0x5d, 0x58, 0x62, 0x62, 0x62,
    0x62, 0x18, 0x8f, 0xdf, 0x01, 0xa5, 0x26, 0x02, 0x1f, 0x1e, 0xa8, 0x26, 0x04, 0x1e, 0xe2, 0xcf,
    0x33, 0xae, 0x26, 0x03, 0xa4, 0x33, 0xa4, 0xb8, 0x26, 0x04, 0xa4, 0x33, 0xa4, 0xa4, 0xc0, 0x26,
    0x08, 0x33, 0xcf, 0xe2, 0x1e, 0x01, 0xe2, 0xfc, 0xcf, 0xc9, 0x26, 0x01, 0x33, 0xcf, 0x26, 0x01,
    0xa4, 0xd1, 0x26, 0x02, 0xa4, 0x33, 0xd7, 0x26, 0x02, 0x33, 0x51, 0x1b, 0x27, 0x04, 0x05, 0x5d,
    0x58, 0x62, 0x20, 0x27, 0x05, 0xf7, 0x53, 0xbc, 0x97, 0xdf, 0x26, 0x27, 0x05, 0x1e, 0x1e, 0xee,
    0xcf, 0x33, 0x2d, 0x27, 0x04, 0xa4, 0x33, 0xa4, 0x33, 0x36, 0x27, 0x01, 0xa4, 0x38, 0x27, 0x03,
    0x97, 0xa4, 0x33, 0x3f, 0x27, 0x08, 0xcf, 0xcf, 0xcf, 0x1e, 0x01, 0x1e, 0x01, 0x1e, 0x48, 0x27,
    0x03, 0xcf, 0xfc, 0xcf, 0x4c, 0x27, 0x01, 0x33, 0x4f, 0x27, 0x02, 0xa4, 0x33, 0x52, 0x27, 0x01,
    0x33, 0x58, 0x27, 0x01, 0x3f, 0x9d, 0x27, 0x03, 0x05, 0x9b, 0x58, 0xa1, 0x27, 0x01, 0x62, 0xa4,
    0x27, 0x02, 0x53, 0xa5, 0xa7, 0x27, 0x03, 0xcf, 0xd1, 0x3f, 0xab, 0x27, 0x01, 0xa4, 0xad, 0x27,
    0x03, 0x33, 0xa4, 0x33, 0xb6, 0x27, 0x02, 0x33, 0xa4, 0xbf, 0x27, 0x02, 0xcf, 0xcf, 0xc3, 0x27,
    0x02, 0x01, 0x1e, 0xc7, 0x27, 0x02, 0x1e, 0x01, 0xca, 0x27, 0x04, 0xcf, 0xfc, 0xcf, 0xcf, 0xcf,
    0x27, 0x02, 0x33, 0x97, 0xd4, 0x27, 0x05, 0x33, 0x33, 0x33, 0xa4, 0x3f, 0x1f, 0x28, 0x04, 0x05,
    0x5d, 0x58, 0x62, 0x24, 0x28, 0x02, 0x62, 0xf7, 0x27, 0x28, 0x01, 0xa5, 0x2c, 0x28, 0x03, 0xa4,
    0xa4, 0x33, 0x35, 0x28, 0x02, 0x33, 0xa4, 0x3e, 0x28, 0x03, 0xcf, 0xd1, 0xfc, 0x42, 0x28, 0x03,
    0x1e, 0x1f, 0x1e, 0x4b, 0x28, 0x07, 0x01, 0x01, 0xcf, 0xfc, 0xce, 0xcf, 0x33, 0x53, 0x28, 0x01,
    0x33, 0x55, 0x28, 0x01, 0xa4, 0x57, 0x28, 0x01, 0x0c, 0xa1, 0x28, 0x02, 0x05, 0x3f, 0xa4, 0x28,
    0x02, 0x62, 0xa4, 0xa8, 0x28, 0x02, 0xef, 0x18, 0xab, 0x28, 0x01, 0xa4, 0xad, 0x28, 0x01, 0x33,
    0xb5, 0x28, 0x03, 0x33, 0xa4, 0x33, 0xbd, 0x28, 0x05, 0xcf, 0xcf, 0xfc, 0x1e, 0x1e, 0xc4, 0x28,
    0x01, 0x1f, 0xc7, 0x28, 0x01, 0x01, 0xcb, 0x28, 0x02, 0x01, 0x01, 0xce, 0x28, 0x06, 0x1e, 0xfc,
    0xfc, 0xcf, 0xcf, 0xd1, 0xd6, 0x28, 0x02, 0xa4, 0xf0, 0x23, 0x29, 0x02, 0x05, 0x5d, 0x2a, 0x29,
    0x02, 0x53, 0xa4, 0x33, 0x29, 0x01, 0xa4, 0x36, 0x29, 0x02, 0xa4, 0x33, 0x3c, 0x29, 0x03, 0xcf,
    0xcf, 0xfc, 0x40, 0x29, 0x01, 0x1e, 0x42, 0x29, 0x05, 0x1e, 0x1e, 0x1e, 0x1f, 0x01, 0x48, 0x29,
    0x02, 0x01, 0x01, 0x4c, 0x29, 0x02, 0x01, 0x01, 0x4f, 0x29, 0x01, 0x1e, 0x51, 0x29, 0x06, 0x1f,
    0xcf, 0xfc, 0xd1, 0xd1, 0x0c, 0xa5, 0x29, 0x02, 0x05, 0x3f, 0xaa, 0x29, 0x05, 0x62, 0xf7, 0xbc,
    0xbc, 0x33, 0xb4, 0x29, 0x02, 0x33, 0xa4, 0xb7, 0x29, 0x01, 0x33, 0xbb, 0x29, 0x05, 0xce, 0xce,
    0xcf, 0x01, 0x01, 0xc1, 0x29, 0x07, 0x1e, 0x1e, 0x1e, 0x1e, 0x1f, 0x1e, 0x01, 0xc9, 0x29, 0x01,
    0x01, 0xcd, 0x29, 0x01, 0x01, 0xcf, 0x29, 0x01, 0x1e, 0xd2, 0x29, 0x01, 0x1e, 0xd4, 0x29, 0x03,
    0xfc, 0xb3, 0xee, 0x27, 0x2a, 0x02, 0x05, 0x58, 0x2a, 0x2a, 0x01, 0x62, 0x2c, 0x2a, 0x05, 0x62,
    0xf7, 0x53, 0x96, 0x33, 0x32, 0x2a, 0x01, 0xa4, 0x35, 0x2a, 0x01, 0xa4, 0x37, 0x2a, 0x06, 0xa4,
    0xa4, 0xa4, 0xcf, 0xce, 0xce, 0x3e, 0x2a, 0x03, 0x01, 0x01, 0x1e, 0x42, 0x2a, 0x01, 0x1e, 0x44,
    0x2a, 0x07, 0x1e, 0x1e, 0x1f, 0x1e, 0x01, 0x01, 0x01, 0x4e, 0x2a, 0x02, 0x01, 0x01, 0x51, 0x2a,
    0x06, 0x1e, 0x1e, 0x01, 0x9c, 0xee, 0x6c, 0xa9, 0x2a, 0x02, 0x05, 0x58, 0xac, 0x2a, 0x01, 0x62,
    0xae, 0x2a, 0x05, 0xc6, 0xf7, 0x18, 0x96, 0x33, 0xb4, 0x2a, 0x01, 0xa4, 0xb6, 0x2a, 0x03, 0x33,
    0xa4, 0x33, 0xba, 0x2a, 0x08, 0xcf, 0xcf, 0xfd, 0x01, 0x01, 0x01, 0x01, 0x1e, 0xc3, 0x2a, 0x01,
    0x1e, 0xc5, 0x2a, 0x07, 0x1e, 0x1e, 0x1f, 0x1e, 0x01, 0x01, 0x01, 0xd0, 0x2a, 0x01, 0x01, 0xd3,
    0x2a, 0x03, 0xe2, 0xad, 0x0c, 0x2b, 0x2b, 0x02, 0x05, 0x97, 0x2e, 0x2b, 0x01, 0xc6, 0x31, 0x2b,
    0x05, 0xa4, 0xf7, 0x96, 0xa4, 0x33, 0x38, 0x2b, 0x04, 0x33, 0xcf, 0xcf, 0xfc, 0x3d, 0x2b, 0x02,
    0x01, 0x01, 0x40, 0x2b, 0x0a, 0x01, 0x01, 0x1e, 0x1e, 0x1e, 0x1e, 0x1e, 0x1e, 0x1f, 0x1e, 0x4b,
    0x2b, 0x03, 0x01, 0x01, 0x01, 0x51, 0x2b, 0x01, 0x01, 0x53, 0x2b, 0x03, 0x6b, 0xf0, 0xf0, 0xad,
    0x2b, 0x03, 0x05, 0x51, 0x62, 0xb1, 0x2b, 0x01, 0x62, 0xb3, 0x2b, 0x04, 0xf7, 0xef, 0x97, 0xa4,
    0xb8, 0x2b, 0x03, 0xcf, 0xd1, 0xcf, 0xbc, 0x2b, 0x04, 0x1e, 0x01, 0x01, 0x01, 0xc1, 0x2b, 0x15,
    0x01, 0x1f, 0x1f, 0x1e, 0x1e, 0x1e, 0x01, 0x1f, 0x1f, 0x1e, 0x1e, 0x01, 0x01, 0x01, 0x01, 0x1e,
    0x01, 0xfc, 0xad, 0x0c, 0x5d, 0x31, 0x2c, 0x09, 0x62, 0x62, 0x62, 0x31, 0xf7, 0xa5, 0x8f, 0x74,
    0xfc, 0x3d, 0x2c, 0x04, 0x1e, 0x01, 0x01, 0x01, 0x42, 0x2c, 0x13, 0x01, 0x01, 0x1f, 0x1e, 0x1e,
    0x1e, 0x01, 0x1f, 0x1f, 0x1e, 0x1e, 0x01, 0x01, 0x01, 0x01, 0xfc, 0xcf, 0xf0, 0xf0, 0xb1, 0x2c,
    0x01, 0x09, 0xb3, 0x2c, 0x01, 0x62, 0xb5, 0x2c, 0x08, 0xc6, 0x31, 0xef, 0xa5, 0x8f, 0x6a, 0xfc,
    0x1e, 0xbf, 0x2c, 0x0c, 0x01, 0x01, 0x01, 0x1e, 0x1f, 0x01, 0x1f, 0x1e, 0x1e, 0x1e, 0x1f, 0x1f,
    0xce, 0x2c, 0x07, 0x01, 0x01, 0x01, 0x01, 0x6b, 0xf0, 0x9b, 0x33, 0x2d, 0x01, 0x09, 0x36, 0x2d,
    0x08, 0x62, 0x31, 0xc6, 0xef, 0xf7, 0x60, 0x6a, 0xfc, 0x40, 0x2d, 0x14, 0x01, 0x01, 0x01, 0x1e,
    0x1f, 0x1f, 0x1f, 0x1e, 0x1e, 0x1e, 0x1f, 0x1f, 0x01, 0x1e, 0x1e, 0x01, 0xfd, 0xce, 0xf1, 0x0c,
    0xb4, 0x2d, 0x03, 0x05, 0x58, 0x62, 0xb9, 0x2d, 0x0b, 0x31, 0x62, 0x53, 0x6b, 0x6b, 0x6a, 0xfc,
    0x01, 0x01, 0x01, 0x1e, 0xc5, 0x2d, 0x03, 0x1f, 0x1f, 0x01, 0xc9, 0x2d, 0x04, 0x1e, 0x1f, 0x1f,
    0x1f, 0xce, 0x2d, 0x01, 0x1e, 0xd1, 0x2d, 0x03, 0x6a, 0xf1, 0xf0, 0x36, 0x2e, 0x02, 0x05, 0x58,
    0x3a, 0x2e, 0x01, 0xc6, 0x3c, 0x2e, 0x0d, 0x31, 0x01, 0x97, 0x9c, 0x6a, 0xfc, 0xfd, 0x01, 0x1e,
    0x01, 0x1f, 0x1f, 0x1f, 0x4a, 0x2e, 0x04, 0x1e, 0x1f, 0x1f, 0x1f, 0x4f, 0x2e, 0x05, 0xfc, 0xcf,
    0xf1, 0x0c, 0x5d, 0xb8, 0x2e, 0x04, 0x0c, 0x58, 0xc6, 0x62, 0xbd, 0x2e, 0x0b, 0xf7, 0x31, 0xf6,
    0x33, 0x73, 0x6b, 0x01, 0xfd, 0x1e, 0x1f, 0x1f, 0xca, 0x2e, 0x01, 0x1e, 0xcc, 0x2e, 0x03, 0x1e,
    0x01, 0x1f, 0xd0, 0x2e, 0x03, 0x6a, 0xf1, 0xf0, 0x39, 0x2f, 0x04, 0x05, 0x9b, 0x58, 0xc6, 0x3e,
    0x2f, 0x15, 0x53, 0x62, 0xc6, 0xf7, 0x33, 0x73, 0xce, 0x22, 0xe2, 0x1e, 0x1f, 0x1f, 0x1e, 0x1e,
    0x1e, 0x1f, 0xfc, 0xcf, 0xf0, 0xf1, 0x3f, 0xbb, 0x2f, 0x04, 0x05, 0x5d, 0x58, 0xa4, 0xc0, 0x2f,
    0x0b, 0xc6, 0x62, 0xde, 0xf7, 0x33, 0x72, 0x6b, 0x23, 0xe2, 0x1f, 0x1f, 0xcc, 0x2f, 0x07, 0x1e,
    0x1e, 0x1e, 0x6b, 0xf0, 0x0c, 0x9b, 0x3d, 0x30, 0x04, 0x0c, 0x5d, 0x58, 0x62, 0x42, 0x30, 0x0a,
    0x31, 0x62, 0xbc, 0xf6, 0x33, 0x72, 0x6a, 0x3d, 0xe2, 0x1f, 0x4d, 0x30, 0x05, 0xe2, 0xd1, 0xee,
    0xf0, 0xf0, 0xbe, 0x30, 0x04, 0x05, 0x5d, 0x3f, 0x58, 0xc4, 0x30, 0x09, 0x53, 0x31, 0x62, 0x9d,
    0x33, 0x6d, 0xd1, 0x23, 0xe2, 0xce, 0x30, 0x04, 0x75, 0xf0, 0x0c, 0x5d, 0x40, 0x31, 0x05, 0x05,
    0x5d, 0x5d, 0x58, 0x62, 0x46, 0x31, 0x0c, 0xc6, 0x31, 0xc7, 0x9c, 0x33, 0x6d, 0x96, 0xec, 0x0c,
    0xee, 0xf0, 0x9b, 0xc2, 0x31, 0x0f, 0x0c, 0x5d, 0x5d, 0x3a, 0x62, 0x31, 0x62, 0xde, 0xa5, 0x82,
    0xbc, 0xde, 0x9a, 0xd3, 0x6c, 0x43, 0x32, 0x05, 0x05, 0x5d, 0x9b, 0x3f, 0x58, 0x49, 0x32, 0x08,
    0x31, 0x53, 0xa5, 0x31, 0x5d, 0x6c, 0x6c, 0x3f, 0xc5, 0x32, 0x05, 0x05, 0x3f, 0x5d, 0x5d, 0x58,
    0xcb, 0x32, 0x06, 0x31, 0xc6, 0x3f, 0x5d, 0x5d, 0x5d, 0x47, 0x33, 0x09, 0x0c, 0x5d, 0x5d, 0x3f,
    0x58, 0x5d, 0x5d, 0x5d, 0x5d, 0xc8, 0x33, 0x04, 0x05, 0x5d, 0x5d, 0x5d, 0xcd, 0x33, 0x03, 0x05,
    0x5d, 0x5d, 0x4a, 0x34, 0x01, 0x05, 0x3b, 0x18, 0x01, 0x0c, 0x3f, 0x18, 0x04, 0x0c, 0x0c, 0x0c,
    0x0c, 0xb9, 0x18, 0x01, 0x0c, 0xbb, 0x18, 0x02, 0x33, 0x3f, 0xc1, 0x18, 0x04, 0xa4, 0x3f, 0x33,
    0x0c, 0xc6, 0x18, 0x01, 0x0c, 0x37, 0x19, 0x01, 0x0c, 0x39, 0x19, 0x01, 0x33, 0x3b, 0x19, 0x03,
    0x33, 0x33, 0x33, 0x42, 0x19, 0x07, 0x97, 0x33, 0xcf, 0xfc, 0xce, 0xf0, 0x0c, 0xb4, 0x19, 0x01,
    0x0c, 0xb6, 0x19, 0x07, 0xe2, 0xf0, 0x1e, 0x1e, 0xce, 0xfc, 0xfc, 0xbe, 0x19, 0x02, 0xa4, 0x33,
    0xc2, 0x19, 0x03, 0xce, 0xfc, 0xcf, 0xc8, 0x19, 0x01, 0x01, 0xcc, 0x19, 0x01, 0x0c, 0xcf, 0x19,
    0x01, 0x0c, 0x32, 0x1a, 0x03, 0x0c, 0x0c, 0xf0, 0x36, 0x1a, 0x02, 0x01, 0x1e, 0x39, 0x1a, 0x01,
    0x1f, 0x3d, 0x1a, 0x07, 0x01, 0xcf, 0xfc, 0x33, 0xfc, 0xfc, 0xfc, 0x45, 0x1a, 0x01, 0x1e, 0x47,
    0x1a, 0x03, 0x1e, 0x1e, 0x01, 0x4b, 0x1a, 0x0a, 0xfd, 0xcf, 0xcf, 0xcf, 0x97, 0x3f, 0x33, 0x33,
    0x0c, 0x0c, 0xb1, 0x1a, 0x06, 0x0c, 0xcf, 0xfc, 0xfd, 0x01, 0x01, 0xba, 0x1a, 0x02, 0x01, 0x01,
    0xbd, 0x1a, 0x03, 0xfc, 0xfc, 0x33, 0xc1, 0x1a, 0x07, 0xa4, 0xa4, 0xcf, 0xfc, 0xfd, 0xfd, 0xe2,
    0xc9, 0x1a, 0x06, 0x1e, 0xf1, 0xce, 0xcf, 0x97, 0x33, 0xd0, 0x1a, 0x02, 0xa4, 0x97, 0xd3, 0x1a,
    0x07, 0xa4, 0x0c, 0x33, 0x33, 0x3f, 0x0c, 0x0c, 0x2e, 0x1b, 0x01, 0x0c, 0x32, 0x1b, 0x0c, 0xa4,
    0xcf, 0x33, 0x33, 0x01, 0xe2, 0x1f, 0x1e, 0x1e, 0xe2, 0xfd, 0xce, 0x3f, 0x1b, 0x05, 0xa4, 0x33,
    0xa4, 0x33, 0xa4, 0x45, 0x1b, 0x01, 0x33, 0x47, 0x1b, 0x07, 0xce, 0xfc, 0xe2, 0x33, 0x33, 0xa4,
    0x33, 0x4f, 0x1b, 0x01, 0xa4, 0x52, 0x1b, 0x02, 0xa4, 0x33, 0x57, 0x1b, 0x05, 0xcf, 0xf0, 0xfd,
    0xfc, 0xf0, 0x5d, 0x1b, 0x02, 0x0c, 0x0c, 0xaa, 0x1b, 0x01, 0x0c, 0xad, 0x1b, 0x01, 0x3f, 0xaf,
    0x1b, 0x01, 0xa4, 0xb1, 0x1b, 0x01, 0xa4, 0xb3, 0x1b, 0x02, 0x33, 0xa4, 0xb6, 0x1b, 0x06, 0x6b,
    0xfd, 0x33, 0xfc, 0xfc, 0x1e, 0xbd, 0x1b, 0x02, 0xa4, 0x33, 0xc5, 0x1b, 0x05, 0xa4, 0x33, 0x33,
    0xcf, 0xfc, 0xcb, 0x1b, 0x04, 0x33, 0x33, 0x33, 0x33, 0xd1, 0x1b, 0x02, 0xa4, 0x33, 0xd5, 0x1b,
    0x05, 0x33, 0xcf, 0xcf, 0xd1, 0xe2, 0xdb, 0x1b, 0x01, 0x01, 0xdd, 0x1b, 0x04, 0xfc, 0xfc, 0xf0,
    0xf1, 0xe2, 0x1b, 0x01, 0x0c, 0x27, 0x1c, 0x04, 0x0c, 0x0c, 0xe2, 0x0c, 0x2d, 0x1c, 0x02, 0xa4,
    0xa4, 0x32, 0x1c, 0x01, 0xa4, 0x34, 0x1c, 0x01, 0x33, 0x37, 0x1c, 0x06, 0x33, 0x33, 0xcf, 0x1e,
    0x1e, 0x33, 0x3e, 0x1c, 0x01, 0x33, 0x42, 0x1c, 0x02, 0xa4, 0x33, 0x46, 0x1c, 0x03, 0x3f, 0xcf,
    0xd1, 0x4c, 0x1c, 0x01, 0x1e, 0x4e, 0x1c, 0x03, 0xcf, 0xcf, 0xa4, 0x53, 0x1c, 0x01, 0x97, 0x55,
    0x1c, 0x06, 0xcf, 0xce, 0xce, 0x01, 0x1e, 0x1e, 0x5c, 0x1c, 0x02, 0x1e, 0x01, 0x61, 0x1c, 0x01,
    0xfc, 0xa4, 0x1c, 0x02, 0x0c, 0x0c, 0xa7, 0x1c, 0x06, 0xe2, 0xf0, 0xcf, 0xe2, 0xcf, 0xa4, 0xb2,
    0x1c, 0x02, 0xa4, 0x33, 0xb7, 0x1c, 0x02, 0xcf, 0x1e, 0xbf, 0x1c, 0x01, 0xcf, 0xc2, 0x1c, 0x06,
    0x33, 0x33, 0x33, 0x3f, 0xfd, 0x01, 0xcb, 0x1c, 0x02, 0x1f, 0x01, 0xd1, 0x1c, 0x04, 0x01, 0xcf,
    0x33, 0x75, 0xd8, 0x1c, 0x01, 0x01, 0xda, 0x1c, 0x02, 0x1e, 0x1e, 0xde, 0x1c, 0x01, 0x01, 0xe3,
    0x1c, 0x04, 0xf0, 0xf0, 0x0c, 0x0c, 0x22, 0x1d, 0x01, 0x0c, 0x24, 0x1d, 0x03, 0x0c, 0xf0, 0x1e,
    0x2c, 0x1d, 0x0b, 0xcf, 0xfc, 0x33, 0x33, 0x33, 0x33, 0xa4, 0x33, 0x33, 0xce, 0x01, 0x38, 0x1d,
    0x02, 0x1e, 0x1e, 0x40, 0x1d, 0x04, 0x01, 0x01, 0xd1, 0x33, 0x45, 0x1d, 0x01, 0xfc, 0x49, 0x1d,
    0x01, 0x1e, 0x52, 0x1d, 0x04, 0xfc, 0xcf, 0xcf, 0x33, 0x57, 0x1d, 0x01, 0xa4, 0x5b, 0x1d, 0x03,
    0xfd, 0x1f, 0x1e, 0x5f, 0x1d, 0x07, 0x1e, 0x1e, 0xfd, 0x9c, 0xf0, 0xf0, 0x0c, 0x9f, 0x1d, 0x01,
    0x0c, 0xa2, 0x1d, 0x02, 0xfc, 0x01, 0xa8, 0x1d, 0x01, 0x1e, 0xaa, 0x1d, 0x01, 0x01, 0xae, 0x1d,
    0x03, 0x01, 0xfc, 0xfc, 0xb3, 0x1d, 0x01, 0xd1, 0xb9, 0x1d, 0x01, 0x1e, 0xbb, 0x1d, 0x01, 0x01,
    0xbd, 0x1d, 0x01, 0x01, 0xc1, 0x1d, 0x02, 0x01, 0x0c, 0xc7, 0x1d, 0x04, 0xfc, 0xfc, 0xfd, 0xfd,
    0xcd, 0x1d, 0x01, 0x1e, 0xd0, 0x1d, 0x04, 0x01, 0xfc, 0xcf, 0xcf, 0xd5, 0x1d, 0x02, 0xa4, 0x33,
    0xd8, 0x1d, 0x01, 0xa4, 0xdc, 0x1d, 0x04, 0x97, 0xfd, 0xfd, 0xfc, 0xe1, 0x1d, 0x05, 0x1e, 0xf0,
    0xf1, 0xf1, 0x83, 0x1c, 0x1e, 0x01, 0x0c, 0x1e, 0x1e, 0x01, 0x0c, 0x20, 0x1e, 0x01, 0xe2, 0x22,
    0x1e, 0x01, 0x01, 0x24, 0x1e, 0x02, 0x01, 0x1e, 0x28, 0x1e, 0x03, 0x1f, 0x01, 0x01, 0x2e, 0x1e,
    0x04, 0xfc, 0xfc, 0xfc, 0xd1, 0x33, 0x1e, 0x03, 0xcf, 0xfc, 0xfc, 0x38, 0x1e, 0x02, 0x01, 0x1e,
    0x3b, 0x1e, 0x02, 0x1e, 0x1e, 0x3e, 0x1e, 0x01, 0x01, 0x40, 0x1e, 0x01, 0xfc, 0x45, 0x1e, 0x01,
    0x33, 0x4a, 0x1e, 0x09, 0x97, 0xfc, 0x01, 0xe2, 0xe2, 0x1e, 0xfc, 0xce, 0x33, 0x55, 0x1e, 0x01,
    0x33, 0x59, 0x1e, 0x05, 0x33, 0xa4, 0xa4, 0x97, 0x33, 0x61, 0x1e, 0x05, 0x51, 0xee, 0xee, 0x9a,
    0x5d, 0x99, 0x1e, 0x02, 0x0c, 0x0c, 0x9d, 0x1e, 0x04, 0x33, 0xd1, 0x97, 0xfc, 0xa5, 0x1e, 0x01,
    0x1e, 0xa8, 0x1e, 0x02, 0x1e, 0x01, 0xac, 0x1e, 0x01, 0xfc, 0xae, 0x1e, 0x02, 0x33, 0xcf, 0xb2,
    0x1e, 0x02, 0xa4, 0x33, 0xb6, 0x1e, 0x01, 0xcf, 0xb9, 0x1e, 0x01, 0x1f, 0xbc, 0x1e, 0x04, 0x1e,
    0x01, 0x01, 0x0c, 0xc2, 0x1e, 0x02, 0xa4, 0x33, 0xc6, 0x1e, 0x02, 0x97, 0x97, 0xc9, 0x1e, 0x02,
    0xa4, 0x33, 0xcd, 0x1e, 0x04, 0x33, 0x33, 0xe2, 0xd1, 0xd2, 0x1e, 0x04, 0x33, 0x33, 0xa4, 0x33,
    0xd9, 0x1e, 0x02, 0xa4, 0x33, 0xdc, 0x1e, 0x01, 0xa4, 0xde, 0x1e, 0x01, 0x33, 0xe0, 0x1e, 0x05,
    0xcf, 0x3f, 0x3f, 0x9b, 0x3f, 0x16, 0x1f, 0x02, 0x0c, 0x0c, 0x1a, 0x1f, 0x02, 0x3f, 0x33, 0x1d,
    0x1f, 0x07, 0xa4, 0x33, 0xa4, 0x33, 0x33, 0xfc, 0x01, 0x25, 0x1f, 0x01, 0x1e, 0x29, 0x1f, 0x06,
    0x1e, 0xfd, 0xce, 0x33, 0xcf, 0xa4, 0x30, 0x1f, 0x01, 0x97, 0x32, 0x1f, 0x02, 0xa4, 0xa4, 0x35,
    0x1f, 0x01, 0xa4, 0x37, 0x1f, 0x03, 0xa4, 0x33, 0xce, 0x3b, 0x1f, 0x01, 0xe2, 0x41, 0x1f, 0x02,
    0xa4, 0x33, 0x4e, 0x1f, 0x04, 0x33, 0x01, 0xfc, 0xe2, 0x53, 0x1f, 0x01, 0xfc, 0x55, 0x1f, 0x02,
    0x33, 0x33, 0x5f, 0x1f, 0x05, 0x33, 0x3f, 0x3f, 0x0c, 0x3f, 0x94, 0x1f, 0x01, 0x0c, 0x96, 0x1f,
    0x05, 0x3f, 0x3f, 0x3f, 0x97, 0x33, 0x9d, 0x1f, 0x01, 0x33, 0xa3, 0x1f, 0x01, 0xcf, 0xa6, 0x1f,
    0x06, 0x1e, 0xe2, 0xe2, 0xcf, 0x33, 0x6a, 0xae, 0x1f, 0x02, 0xa4, 0x33, 0xb4, 0x1f, 0x02, 0xa4,
    0x33, 0xb7, 0x1f, 0x01, 0x33, 0xbb, 0x1f, 0x01, 0x33, 0xbd, 0x1f, 0x05, 0x33, 0x33, 0xa4, 0x97,
    0x33, 0xc6, 0x1f, 0x03, 0xa4, 0x97, 0x33, 0xcd, 0x1f, 0x01, 0x33, 0xd2, 0x1f, 0x01, 0x01, 0xd4,
    0x1f, 0x04, 0xfc, 0xfc, 0xcf, 0xce, 0xd9, 0x1f, 0x02, 0x33, 0x33, 0xdc, 0x1f, 0x01, 0x33, 0xdf,
    0x1f, 0x05, 0x62, 0x3f, 0x0c, 0x6c, 0x9b, 0x11, 0x20, 0x01, 0x0c, 0x13, 0x20, 0x04, 0x3f, 0x3f,
    0x3f, 0x97, 0x1c, 0x20, 0x03, 0xa4, 0x97, 0x33, 0x23, 0x20, 0x02, 0xa4, 0xa4, 0x27, 0x20, 0x04,
    0xd1, 0xcf, 0x33, 0x33, 0x2c, 0x20, 0x02, 0xa4, 0x33, 0x31, 0x20, 0x04, 0xa4, 0x33, 0xa4, 0x33,
    0x39, 0x20, 0x07, 0x33, 0xd1, 0xf0, 0x01, 0x01, 0xe2, 0xfc, 0x41, 0x20, 0x02, 0x33, 0x33, 0x46,
    0x20, 0x01, 0x33, 0x4d, 0x20, 0x05, 0xfc, 0x1e, 0x1e, 0x1e, 0x1e, 0x53, 0x20, 0x01, 0x01, 0x57,
    0x20, 0x05, 0xfc, 0xfc, 0x6b, 0x6b, 0xe2, 0x5e, 0x20, 0x05, 0x33, 0x3f, 0xf0, 0x9b, 0x5d, 0x90,
    0x20, 0x06, 0x0c, 0x3f, 0x3f, 0x3f, 0x33, 0x33, 0x9a, 0x20, 0x02, 0x33, 0xa4, 0x9d, 0x20, 0x03,
    0x97, 0x33, 0xa4, 0xa1, 0x20, 0x01, 0xa4, 0xa3, 0x20, 0x08, 0x33, 0xcf, 0xcf, 0xcf, 0xe2, 0xe2,
    0x33, 0xa4, 0xb0, 0x20, 0x02, 0xa4, 0x33, 0xb3, 0x20, 0x02, 0xa4, 0x33, 0xb8, 0x20, 0x02, 0x33,
    0xfc, 0xbb, 0x20, 0x04, 0x1e, 0x1e, 0x01, 0x1e, 0xc1, 0x20, 0x06, 0xcf, 0xfc, 0xcf, 0x33, 0x33,
    0xa4, 0xc8, 0x20, 0x02, 0xa4, 0x33, 0xcc, 0x20, 0x02, 0xfd, 0x01, 0xd0, 0x20, 0x01, 0x1e, 0xd2,
    0x20, 0x01, 0x1e, 0xd9, 0x20, 0x09, 0x1e, 0xfc, 0xfc, 0xd1, 0xcf, 0x62, 0xf0, 0x3f, 0x9b, 0x11,
    0x21, 0x01, 0x9b, 0x18, 0x21, 0x01, 0x33, 0x1f, 0x21, 0x01, 0xa4, 0x22, 0x21, 0x04, 0xcf, 0xcf,
    0xd1, 0xfc, 0x27, 0x21, 0x02, 0x1e, 0x1e, 0x2a, 0x21, 0x02, 0xfc, 0x33, 0x2f, 0x21, 0x02, 0xa4,
    0x33, 0x32, 0x21, 0x02, 0xa4, 0x33, 0x36, 0x21, 0x03, 0x33, 0xcf, 0xfc, 0x3b, 0x21, 0x01, 0x1e,
    0x3d, 0x21, 0x01, 0x1f, 0x3f, 0x21, 0x01, 0x01, 0x42, 0x21, 0x07, 0x01, 0xcf, 0xfc, 0xfc, 0xce,
    0x33, 0x97, 0x4a, 0x21, 0x01, 0xcf, 0x4c, 0x21, 0x04, 0x01, 0x01, 0x01, 0x01, 0x51, 0x21, 0x01,
    0x1e, 0x53, 0x21, 0x04, 0x1f, 0x1f, 0x01, 0x01, 0x5b, 0x21, 0x06, 0x01, 0x1e, 0x1e, 0x0c, 0x3f,
    0x9b, 0x90, 0x21, 0x04, 0x0c, 0x62, 0xa4, 0x33, 0x95, 0x21, 0x02, 0xa4, 0x33, 0x98, 0x21, 0x02,
    0xa4, 0x33, 0x9c, 0x21, 0x01, 0xa4, 0x9f, 0x21, 0x06, 0xcf, 0xcf, 0xcf, 0xcf, 0xfc, 0x1e, 0xa6,
    0x21, 0x01, 0x1e, 0xa8, 0x21, 0x02, 0x01, 0x1e, 0xac, 0x21, 0x05, 0xfd, 0x97, 0x33, 0x33, 0xa4,
    0xb2, 0x21, 0x07, 0xa4, 0xa4, 0x33, 0xce, 0xce, 0xf1, 0x01, 0xbc, 0x21, 0x01, 0x1e, 0xbe, 0x21,
    0x02, 0x1e, 0x01, 0xc5, 0x21, 0x07, 0x01, 0xcf, 0xfd, 0xce, 0xfc, 0x1e, 0xfc, 0xcd, 0x21, 0x02,
    0x01, 0x01, 0xd0, 0x21, 0x03, 0x01, 0x01, 0x1e, 0xd4, 0x21, 0x05, 0x1e, 0x01, 0x01, 0x01, 0x01,
    0xdc, 0x21, 0x04, 0xfc, 0xad, 0x0c, 0x5d, 0x10, 0x22, 0x05, 0x83, 0x0c, 0xc6, 0x62, 0x33, 0x16,
    0x22, 0x01, 0xa4, 0x19, 0x22, 0x01, 0xa4, 0x1b, 0x22, 0x01, 0xa4, 0x1d, 0x22, 0x06, 0xce, 0xce,
    0xcf, 0xcf, 0xfc, 0xcf, 0x24, 0x22, 0x01, 0x1e, 0x26, 0x22, 0x01, 0x1e, 0x28, 0x22, 0x01, 0x01,
    0x2d, 0x22, 0x04, 0x01, 0xfd, 0xce, 0x33, 0x32, 0x22, 0x10, 0x33, 0xcf, 0x6b, 0xfd, 0x01, 0x01,
    0x01, 0x01, 0x1e, 0x1e, 0x01, 0x1f, 0x1e, 0x1e, 0x01, 0x01, 0x43, 0x22, 0x01, 0x01, 0x45, 0x22,
    0x01, 0x1e, 0x48, 0x22, 0x05, 0xfc, 0x33, 0x33, 0xcf, 0x6b, 0x4e, 0x22, 0x06, 0xfd, 0xfd, 0x01,
    0x01, 0x1f, 0x1e, 0x56, 0x22, 0x05, 0x01, 0x1f, 0x01, 0x01, 0x01, 0x5d, 0x22, 0x03, 0x0c, 0x6c,
    0x5d, 0x91, 0x22, 0x06, 0x6c, 0x9b, 0x97, 0x62, 0xa4, 0x33, 0x9a, 0x22, 0x07, 0x97, 0xfc, 0xcf,
    0xce, 0xce, 0xce, 0xcf, 0xa4, 0x22, 0x05, 0x1e, 0x01, 0x01, 0x01, 0x01, 0xad, 0x22, 0x02, 0x01,
    0x01, 0xb0, 0x22, 0x01, 0xe2, 0xb2, 0x22, 0x03, 0xe2, 0xe2, 0xfc, 0xb6, 0x22, 0x06, 0x01, 0x01,
    0x01, 0x01, 0x1e, 0x1e, 0xbd, 0x22, 0x02, 0x1f, 0x1e, 0xc0, 0x22, 0x02, 0x01, 0x01, 0xc3, 0x22,
    0x01, 0x1e, 0xc7, 0x22, 0x01, 0xfc, 0xca, 0x22, 0x0b, 0xa4, 0x33, 0x97, 0xcf, 0xcf, 0xcf, 0xce,
    0xfd, 0xe2, 0x01, 0x1f, 0xd7, 0x22, 0x03, 0x1e, 0x1f, 0x01, 0xdb, 0x22, 0x04, 0xfc, 0x51, 0x6c,
    0x5d, 0x11, 0x23, 0x16, 0x5d, 0x5d, 0x6c, 0x31, 0x97, 0x53, 0x33, 0x97, 0xfc, 0xcf, 0x6b, 0x6b,
    0xcf, 0xfd, 0x01, 0x01, 0x01, 0x1e, 0x1e, 0x1e, 0x1e, 0x1f, 0x28, 0x23, 0x01, 0x01, 0x2b, 0x23,
    0x01, 0x01, 0x2d, 0x23, 0x05, 0x1e, 0x01, 0xfc, 0xcf, 0xd1, 0x33, 0x23, 0x03, 0xcf, 0x1e, 0xfc,
    0x37, 0x23, 0x06, 0x01, 0x01, 0x1f, 0x1f, 0x1e, 0x1e, 0x3e, 0x23, 0x02, 0x1f, 0x1f, 0x41, 0x23,
    0x02, 0x01, 0x01, 0x46, 0x23, 0x01, 0xcf, 0x49, 0x23, 0x01, 0xa4, 0x4b, 0x23, 0x01, 0xa4, 0x4f,
    0x23, 0x0c, 0x33, 0xcf, 0xce, 0xce, 0x75, 0x1e, 0xe2, 0x1e, 0x1e, 0x1e, 0x1f, 0x01, 0x5c, 0x23,
    0x02, 0x9b, 0x5d, 0x92, 0x23, 0x0b, 0x5d, 0x9b, 0x5d, 0x9e, 0x31, 0x60, 0xbc, 0xd1, 0xcf, 0x6b,
    0xfc, 0x9e, 0x23, 0x01, 0x01, 0xa0, 0x23, 0x03, 0x01, 0x01, 0x1e, 0xa6, 0x23, 0x01, 0x1f, 0xa8,
    0x23, 0x01, 0x01, 0xac, 0x23, 0x0a, 0x1e, 0xfc, 0xcf, 0xcf, 0xce, 0x33, 0xa4, 0x33, 0x33, 0xcf,
    0xb7, 0x23, 0x06, 0xfc, 0xfd, 0x01, 0x01, 0x1f, 0x1e, 0xbe, 0x23, 0x03, 0x1e, 0x1f, 0x1f, 0xc2,
    0x23, 0x05, 0x01, 0x01, 0xfc, 0xcf, 0x33, 0xc9, 0x23, 0x04, 0xa4, 0x33, 0xa4, 0x33, 0xd1, 0x23,
    0x0c, 0x33, 0x33, 0xce, 0x6b, 0xfc, 0xd1, 0x1f, 0xfc, 0xfc, 0xfc, 0xc6, 0x5d, 0x13, 0x24, 0x07,
    0x5d, 0x5d, 0x9b, 0x58, 0x53, 0xc6, 0x33, 0x1b, 0x24, 0x01, 0x1e, 0x1d, 0x24, 0x07, 0x1e, 0x01,
    0x01, 0x1f, 0x1f, 0x1f, 0x1e, 0x25, 0x24, 0x0d, 0x1e, 0x1f, 0x1f, 0x01, 0x01, 0x01, 0xfc, 0xcf,
    0xcf, 0xcf, 0xd1, 0x3f, 0xa4, 0x35, 0x24, 0x01, 0xa4, 0x37, 0x24, 0x0b, 0xce, 0xcf, 0x01, 0xfd,
    0x01, 0x1f, 0x1f, 0x1e, 0x1e, 0x1f, 0x01, 0x43, 0x24, 0x03, 0xfd, 0xce, 0x33, 0x47, 0x24, 0x01,
    0xa4, 0x49, 0x24, 0x02, 0x33, 0x33, 0x4c, 0x24, 0x04, 0xa4, 0xa4, 0x33, 0xa4, 0x52, 0x24, 0x01,
    0x33, 0x54, 0x24, 0x08, 0x33, 0xcf, 0xd1, 0xd1, 0xd1, 0xcf, 0x01, 0x5d, 0x95, 0x24, 0x03, 0x5d,
    0x9b, 0x9b, 0x99, 0x24, 0x02, 0x31, 0x53, 0x9e, 0x24, 0x05, 0x01, 0x01, 0x1e, 0x01, 0x1f, 0xa4,
    0x24, 0x01, 0x1e, 0xa6, 0x24, 0x0b, 0x1f, 0x1f, 0x01, 0x01, 0xce, 0xcf, 0xcf, 0xcf, 0x33, 0xa4,
    0x33, 0xb4, 0x24, 0x02, 0xa4, 0x33, 0xb8, 0x24, 0x03, 0x33, 0xcf, 0xce, 0xbc, 0x24, 0x0b, 0xe2,
    0xe2, 0x1e, 0x1e, 0x1e, 0x1f, 0xcf, 0xcf, 0x33, 0xa4, 0x33, 0xc8, 0x24, 0x01, 0xa4, 0xcc, 0x24,
    0x01, 0xa4, 0xcf, 0x24, 0x01, 0xa4, 0xd2, 0x24, 0x02, 0xa4, 0xa4, 0xd7, 0x24, 0x02, 0x33, 0xd1,
    0xda, 0x24, 0x02, 0x31, 0x5d, 0x16, 0x25, 0x03, 0x05, 0x5d, 0x5d, 0x1a, 0x25, 0x02, 0xf7, 0x53,
    0x1d, 0x25, 0x01, 0xfc, 0x1f, 0x25, 0x05, 0x01, 0x01, 0x1f, 0x1f, 0x1f, 0x25, 0x25, 0x0b, 0x1e,
    0x1e, 0x01, 0xfc, 0xce, 0xce, 0xce, 0xcf, 0x97, 0x33, 0x33, 0x32, 0x25, 0x03, 0x33, 0x97, 0x97,
    0x37, 0x25, 0x02, 0xa4, 0x33, 0x3a, 0x25, 0x0b, 0x33, 0xcf, 0x6b, 0xd1, 0x1e, 0xe2, 0xe2, 0xcf,
    0xd1, 0x33, 0xa4, 0x47, 0x25, 0x01, 0xa4, 0x4e, 0x25, 0x02, 0xa4, 0xa4, 0x52, 0x25, 0x01, 0x33,
    0x58, 0x25, 0x03, 0x33, 0x9c, 0x9b, 0x98, 0x25, 0x05, 0x05, 0x3f, 0x58, 0x62, 0x31, 0x9e, 0x25,
    0x0f, 0x96, 0x6a, 0x01, 0x1e, 0x1f, 0x1f, 0x1e, 0x1e, 0xe2, 0xcf, 0xcf, 0xcf, 0xce, 0x6a, 0x0c,
    0xb1, 0x25, 0x03, 0xa4, 0xa4, 0x33, 0xb5, 0x25, 0x03, 0xa4, 0xa4, 0xa4, 0xbb, 0x25, 0x01, 0xa4,
    0xbd, 0x25, 0x07, 0xcf, 0xd1, 0x33, 0xcf, 0x33, 0x33, 0xa4, 0xc6, 0x25, 0x02, 0xa4, 0xa4, 0xce,
    0x25, 0x01, 0x33, 0xd0, 0x25, 0x02, 0x33, 0x33, 0xd7, 0x25, 0x03, 0xcf, 0x60, 0x53, 0x1a, 0x26,
    0x03, 0x5d, 0x58, 0xc6, 0x1e, 0x26, 0x0d, 0x53, 0x9c, 0xfd, 0x1e, 0x1f, 0x1f, 0xfc, 0xd1, 0xd1,
    0xd1, 0xcf, 0x6b, 0x33, 0x2f, 0x26, 0x01, 0xa4, 0x33, 0x26, 0x01, 0xa4, 0x35, 0x26, 0x02, 0xa4,
    0xa4, 0x39, 0x26, 0x01, 0xa4, 0x3e, 0x26, 0x01, 0x33, 0x41, 0x26, 0x02, 0x33, 0xd1, 0x44, 0x26,
    0x04, 0x33, 0xa4, 0x33, 0x33, 0x4c, 0x26, 0x02, 0x33, 0x33, 0x4f, 0x26, 0x02, 0xa4, 0x33, 0x57,
    0x26, 0x03, 0xa5, 0xad, 0x9b, 0x9b, 0x26, 0x07, 0x05, 0x5d, 0x62, 0xc6, 0x31, 0x01, 0x8f, 0xa3,
    0x26, 0x08, 0x01, 0xce, 0xd1, 0xd1, 0xd1, 0xcf, 0x97, 0x33, 0xae, 0x26, 0x02, 0xa4, 0x33, 0xb5,
    0x26, 0x02, 0xa4, 0x33, 0xb8, 0x26, 0x02, 0xa4, 0x33, 0xbd, 0x26, 0x03, 0xcf, 0xcf, 0xd1, 0xc1,
    0x26, 0x06, 0x6b, 0xd1, 0xd1, 0xcf, 0x33, 0x33, 0xcb, 0x26, 0x01, 0xa4, 0xcf, 0x26, 0x01, 0xa4,
    0xd7, 0x26, 0x01, 0x51, 0x1d, 0x27, 0x01, 0x05, 0x20, 0x27, 0x01, 0xa4, 0x22, 0x27, 0x08, 0x33,
    0xa4, 0x33, 0xcf, 0xd1, 0x6b, 0x9b, 0x33, 0x2d, 0x27, 0x02, 0xa4, 0x33, 0x32, 0x27, 0x02, 0xa4,
    0xa4, 0x35, 0x27, 0x02, 0x33, 0xa4, 0x38, 0x27, 0x01, 0x33, 0x3b, 0x27, 0x06, 0x33, 0xcf, 0xcf,
    0xcf, 0x1e, 0x1e, 0x42, 0x27, 0x06, 0xfc, 0xce, 0xd1, 0xcf, 0xcf, 0xcf, 0x49, 0x27, 0x01, 0x33,
    0x4d, 0x27, 0x01, 0x33, 0x4f, 0x27, 0x02, 0xa4, 0x33, 0x55, 0x27, 0x03, 0x33, 0xa4, 0x62, 0xa1,
    0x27, 0x03, 0x62, 0x31, 0x53, 0xa5, 0x27, 0x01, 0x01, 0xa7, 0x27, 0x01, 0x33, 0xab, 0x27, 0x01,
    0xa4, 0xad, 0x27, 0x01, 0x33, 0xb0, 0x27, 0x04, 0xa4, 0xa4, 0x33, 0x33, 0xb6, 0x27, 0x01, 0x33,
    0xba, 0x27, 0x07, 0x33, 0xd1, 0xcf, 0xcf, 0xcf, 0x01, 0x1e, 0xc3, 0x27, 0x07, 0x01, 0xe2, 0xcf,
    0xcf, 0xcf, 0xce, 0xcf, 0xcb, 0x27, 0x02, 0x97, 0x33, 0xd0, 0x27, 0x01, 0x33, 0xd4, 0x27, 0x01,
    0x33, 0xd6, 0x27, 0x02, 0x97, 0x9b, 0x20, 0x28, 0x02, 0x05, 0x58, 0x23, 0x28, 0x04, 0x31, 0xbc,
    0x60, 0x53, 0x28, 0x28, 0x01, 0x33, 0x31, 0x28, 0x01, 0x33, 0x35, 0x28, 0x01, 0x33, 0x39, 0x28,
    0x05, 0xcf, 0xcf, 0xd1, 0xd1, 0xcf, 0x3f, 0x28, 0x01, 0x1f, 0x43, 0x28, 0x01, 0x01, 0x46, 0x28,
    0x07, 0xfc, 0xcf, 0xcf, 0xcf, 0xcf, 0xce, 0xfd, 0x4e, 0x28, 0x01, 0x33, 0x52, 0x28, 0x01, 0x33,
    0x55, 0x28, 0x02, 0xa4, 0x3f, 0xa2, 0x28, 0x01, 0x5d, 0xa4, 0x28, 0x01, 0x62, 0xa6, 0x28, 0x05,
    0x51, 0x53, 0xbc, 0xa4, 0x33, 0xaf, 0x28, 0x02, 0xa4, 0x33, 0xb5, 0x28, 0x01, 0x33, 0xb7, 0x28,
    0x07, 0x33, 0xcf, 0xcf, 0xd1, 0xcf, 0xd1, 0x1e, 0xc0, 0x28, 0x02, 0x1f, 0x1e, 0xc4, 0x28, 0x01,
    0x01, 0xc8, 0x28, 0x07, 0xfc, 0xcf, 0x6b, 0xce, 0xce, 0xcf, 0xe2, 0xd0, 0x28, 0x01, 0x33, 0xd3,
    0x28, 0x04, 0xa5, 0x62, 0x51, 0x9b, 0x23, 0x29, 0x07, 0x5d, 0x5d, 0xc6, 0x31, 0xde, 0x51, 0x53,
    0x2c, 0x29, 0x01, 0x33, 0x2e, 0x29, 0x01, 0xa4, 0x33, 0x29, 0x01, 0xa4, 0x36, 0x29, 0x09, 0x33,
    0xce, 0xcf, 0xcf, 0xcf, 0xcf, 0x1e, 0x1e, 0x1e, 0x40, 0x29, 0x03, 0x1e, 0x01, 0x1e, 0x45, 0x29,
    0x01, 0x01, 0x4a, 0x29, 0x0c, 0xfc, 0xfc, 0xce, 0xce, 0xcf, 0x75, 0xcf, 0xd1, 0xa5, 0x97, 0x62,
    0x3f, 0xa4, 0x29, 0x03, 0x05, 0x5d, 0x3f, 0xa8, 0x29, 0x02, 0x31, 0x51, 0xab, 0x29, 0x04, 0xa4,
    0xbc, 0xa4, 0x33, 0xb4, 0x29, 0x01, 0x33, 0xb6, 0x29, 0x09, 0xce, 0xce, 0xcf, 0xcf, 0xcf, 0x01,
    0x1f, 0x1e, 0x1e, 0xc1, 0x29, 0x03, 0x1f, 0x1e, 0x1e, 0xc5, 0x29, 0x01, 0x01, 0xca, 0x29, 0x01,
    0x01, 0xcc, 0x29, 0x05, 0xfc, 0xcf, 0xcf, 0xd1, 0xd1, 0xd2, 0x29, 0x04, 0xd1, 0x6b, 0x0c, 0x5d,
    0x25, 0x2a, 0x09, 0x05, 0x5d, 0x9b, 0x58, 0xc6, 0xa5, 0xc6, 0x62, 0x97, 0x2f, 0x2a, 0x04, 0x33,
    0x33, 0xa4, 0xa4, 0x34, 0x2a, 0x06, 0xcf, 0xcf, 0xfd, 0x6a, 0xce, 0xcf, 0x3b, 0x2a, 0x04, 0x1f,
    0x01, 0x1f, 0x1e, 0x40, 0x2a, 0x05, 0x1e, 0x01, 0x1e, 0x1e, 0x1e, 0x46, 0x2a, 0x01, 0x01, 0x4a,
    0x2a, 0x01, 0x01, 0x4c, 0x2a, 0x09, 0x1e, 0x1e, 0xfd, 0xce, 0xfc, 0xd1, 0xb3, 0xcf, 0x6c, 0xa7,
    0x2a, 0x13, 0x5d, 0x5d, 0x9b, 0x69, 0x31, 0x51, 0x62, 0xa4, 0xa4, 0x18, 0x97, 0x33, 0xfc, 0xcf,
    0xcf, 0xfd, 0x6a, 0xce, 0xfc, 0xbb, 0x2a, 0x0a, 0x1e, 0x01, 0x1f, 0x1f, 0x1e, 0x01, 0x1f, 0x01,
    0x1e, 0x1e, 0xc7, 0x2a, 0x01, 0x01, 0xcd, 0x2a, 0x01, 0x1e, 0xcf, 0x2a, 0x06, 0xfc, 0x72, 0xad,
    0xb3, 0x0c, 0x5d, 0x28, 0x2b, 0x11, 0x05, 0x9b, 0x9b, 0x5d, 0x97, 0x51, 0xa4, 0x62, 0x62, 0x97,
    0x6b, 0xfc, 0xcf, 0xcf, 0xcf, 0xce, 0xfd, 0x3a, 0x2b, 0x01, 0x1e, 0x3c, 0x2b, 0x04, 0x1e, 0x1f,
    0x1f, 0x1e, 0x41, 0x2b, 0x05, 0x01, 0x1f, 0x1e, 0x1e, 0x1e, 0x48, 0x2b, 0x01, 0x01, 0x4d, 0x2b,
    0x07, 0x1e, 0x1e, 0x6a, 0x9c, 0xce, 0xf0, 0x9b, 0xa9, 0x2b, 0x06, 0x05, 0x5d, 0x5d, 0x5d, 0x6c,
    0x60, 0xb0, 0x2b, 0x0a, 0x62, 0xb3, 0xad, 0x75, 0x73, 0xfc, 0xcf, 0xfd, 0x01, 0x1f, 0xbd, 0x2b,
    0x03, 0x1f, 0x1f, 0x1f, 0xc1, 0x2b, 0x05, 0x01, 0x1f, 0x1f, 0x1e, 0x1e, 0xc7, 0x2b, 0x05, 0x01,
    0x01, 0x01, 0x1e, 0x01, 0xcd, 0x2b, 0x07, 0x1e, 0x6b, 0xcf, 0xb3, 0xce, 0x0c, 0x5d, 0x2b, 0x2c,
    0x10, 0x5d, 0x5d, 0x3f, 0x5d, 0x3a, 0x51, 0xb3, 0xcf, 0xcf, 0x9c, 0x9c, 0x6a, 0xfd, 0x1f, 0x01,
    0x1e, 0x3c, 0x2c, 0x0b, 0x1e, 0x1e, 0x1f, 0x1f, 0x01, 0x01, 0x01, 0x01, 0x1e, 0x1e, 0x1e, 0x48,
    0x2c, 0x03, 0x01, 0x1f, 0x1f, 0x4e, 0x2c, 0x05, 0x9c, 0xad, 0xad, 0x0c, 0x3f, 0xac, 0x2c, 0x10,
    0x5d, 0x3f, 0x3f, 0x5d, 0x6c, 0x96, 0xc6, 0xcf, 0xad, 0xad, 0x9c, 0x73, 0x6b, 0xfd, 0x01, 0x1e,
    0xbd, 0x2c, 0x09, 0x1e, 0x1e, 0x1f, 0x1f, 0x1f, 0x1f, 0x1f, 0x01, 0x1e, 0xc7, 0x2c, 0x01, 0x1e,
    0xc9, 0x2c, 0x0a, 0x01, 0x01, 0x1e, 0xfc, 0x73, 0x9c, 0x6b, 0xf0, 0xf0, 0x9b, 0x2d, 0x2d, 0x06,
    0x05, 0x5d, 0x9b, 0x5d, 0x6c, 0x83, 0x34, 0x2d, 0x08, 0xad, 0xad, 0xad, 0x9c, 0x6b, 0x72, 0x6a,
    0xfc, 0x3d, 0x2d, 0x05, 0x1e, 0x1e, 0x1e, 0x01, 0x1f, 0x43, 0x2d, 0x04, 0x1f, 0x1f, 0x1e, 0x1e,
    0x48, 0x2d, 0x01, 0x1e, 0x4a, 0x2d, 0x08, 0x1f, 0xfd, 0x6a, 0x6b, 0xad, 0xad, 0x0c, 0x3f, 0xaf,
    0x2d, 0x18, 0x5d, 0x5d, 0x5d, 0x6c, 0x3f, 0x09, 0xad, 0xad, 0xad, 0xad, 0x9d, 0xce, 0xce, 0x1e,
    0x1e, 0x1e, 0x1e, 0x01, 0x1f, 0x01, 0x1f, 0x01, 0x1f, 0x1e, 0xc8, 0x2d, 0x01, 0x1e, 0xca, 0x2d,
    0x08, 0xfd, 0x6a, 0x6a, 0xad, 0xad, 0xf0, 0xf0, 0x9b, 0x30, 0x2e, 0x11, 0x5d, 0x5d, 0x5d, 0x9b,
    0x3f, 0x9a, 0xd6, 0xad, 0xad, 0xad, 0x6a, 0xce, 0x9d, 0x74, 0xe2, 0x1e, 0x1e, 0x42, 0x2e, 0x07,
    0x01, 0x01, 0x1f, 0x01, 0x1f, 0x1e, 0x1e, 0x4a, 0x2e, 0x07, 0x6b, 0x6a, 0xce, 0xac, 0xf0, 0x0c,
    0x3f, 0xb1, 0x2e, 0x11, 0x05, 0x5d, 0x9b, 0x5d, 0x9b, 0x9a, 0x0c, 0xfd, 0xad, 0x6b, 0xce, 0xac,
    0x82, 0x82, 0x74, 0xe2, 0x1e, 0xc3, 0x2e, 0x01, 0x01, 0xc5, 0x2e, 0x0c, 0x1f, 0x1f, 0x1e, 0x1e,
    0x1e, 0x73, 0xb3, 0x6b, 0xf1, 0xf1, 0xf0, 0x9b, 0x32, 0x2f, 0x11, 0x05, 0x9b, 0x5d, 0x5d, 0x6c,
    0x6c, 0x0c, 0xf5, 0x6b, 0xac, 0x6b, 0xad, 0x9c, 0xd1, 0x75, 0x75, 0xfc, 0x44, 0x2f, 0x01, 0x01,
    0x46, 0x2f, 0x0a, 0x1f, 0x1f, 0x1e, 0x6d, 0xad, 0xad, 0xf0, 0xf1, 0x0c, 0x3f, 0xb4, 0x2f, 0x12,
    0x5d, 0x5d, 0x3f, 0x5d, 0x3f, 0x9a, 0x0c, 0xf5, 0xac, 0xac, 0x6b, 0xad, 0x75, 0xd1, 0x6d, 0x6b,
    0xfc, 0x01, 0xc7, 0x2f, 0x09, 0xfc, 0x75, 0x82, 0x75, 0xb3, 0xf0, 0xf0, 0xf0, 0x9b, 0x35, 0x30,
    0x11, 0x5d, 0x5d, 0x3f, 0x3f, 0x3f, 0x9a, 0x0c, 0xf1, 0xfc, 0xac, 0xb3, 0xd1, 0xad, 0x82, 0xcf,
    0x73, 0x6a, 0x47, 0x30, 0x08, 0x6a, 0x6b, 0xb3, 0xb3, 0xee, 0xee, 0x0c, 0x3f, 0xb6, 0x30, 0x19,
    0x05, 0x5d, 0x9b, 0x5d, 0x6c, 0x6c, 0x9b, 0xf1, 0xf4, 0xad, 0xd1, 0xb3, 0xb3, 0xb3, 0x9c, 0x9c,
    0xa4, 0xce, 0x97, 0xb3, 0xee, 0xf0, 0xee, 0xf0, 0x9b, 0x38, 0x31, 0x16, 0x5d, 0x3f, 0x3f, 0x5d,
    0x3f, 0x9b, 0x0c, 0xf1, 0xf5, 0xb3, 0xb3, 0xad, 0xad, 0xc6, 0xa4, 0x31, 0x01, 0xf0, 0x0c, 0xee,
    0x0c, 0x3f, 0xb9, 0x31, 0x0c, 0x5d, 0x5d, 0x3f, 0x5d, 0x3f, 0x9a, 0x0c, 0xf0, 0xee, 0xe2, 0xad,
    0xad, 0xc6, 0x31, 0x08, 0x62, 0x31, 0x3f, 0x83, 0x9a, 0xee, 0x83, 0x5d, 0x3a, 0x32, 0x0d, 0x05,
    0x5d, 0x5d, 0x9b, 0x6c, 0x6c, 0x9b, 0xf0, 0xee, 0x09, 0xde, 0xf7, 0xa4, 0x48, 0x32, 0x05, 0x5d,
    0x6c, 0x6c, 0x9a, 0x6c, 0xbb, 0x32, 0x12, 0x05, 0x5d, 0x5d, 0x3f, 0x6c, 0x3f, 0x9a, 0x0c, 0x83,
    0x9b, 0x9e, 0x62, 0x5d, 0x5d, 0x5d, 0x5d, 0x6c, 0x9b, 0x3d, 0x33, 0x09, 0x5d, 0x3f, 0x3f, 0x5d,
    0x9b, 0x9a, 0x6c, 0x5d, 0x3f, 0x47, 0x33, 0x05, 0x0c, 0x5d, 0x5d, 0x3f, 0x5d, 0xbe, 0x33, 0x07,
    0x5d, 0x5d, 0x9b, 0x5d, 0x6c, 0x5d, 0x9b, 0xc8, 0x33, 0x04, 0x05, 0x5d, 0x5d, 0x5d, 0x3f, 0x34,
    0x06, 0x05, 0x5d, 0x5d, 0x5d, 0x5d, 0x5d, 0x4a, 0x34, 0x01, 0x05, 0xc1, 0x34, 0x03, 0x5d, 0x5d,
    0x5d, 0x42, 0x35, 0x01, 0x5d, 0x3e, 0x18, 0x01, 0x0c, 0x40, 0x18, 0x01, 0x0c, 0x42, 0x18, 0x03,
    0x33, 0x0c, 0x0c, 0xbb, 0x18, 0x01, 0x0c, 0xbd, 0x18, 0x02, 0x33, 0x3f, 0xc2, 0x18, 0x01, 0xa4,
    0xc4, 0x18, 0x05, 0x3f, 0x33, 0x0c, 0x0c, 0x0c, 0x38, 0x19, 0x01, 0x0c, 0x3a, 0x19, 0x03, 0x33,
    0x0c, 0xe2, 0x3e, 0x19, 0x02, 0x33, 0xa4, 0x42, 0x19, 0x04, 0xa4, 0x33, 0xa4, 0x33, 0x47, 0x19,
    0x03, 0x3f, 0x0c, 0x33, 0x4b, 0x19, 0x01, 0x0c, 0xb5, 0x19, 0x01, 0x0c, 0xb8, 0x19, 0x03, 0xf0,
    0xee, 0x01, 0xbd, 0x19, 0x03, 0xd1, 0xcf, 0x33, 0xc1, 0x19, 0x01, 0x33, 0xc3, 0x19, 0x01, 0x33,
    0xc5, 0x19, 0x02, 0xfc, 0xd1, 0xc8, 0x19, 0x02, 0x01, 0x1e, 0xcb, 0x19, 0x03, 0x1e, 0xf0, 0x0c,
    0x32, 0x1a, 0x01, 0x0c, 0x35, 0x1a, 0x02, 0xfc, 0xf1, 0x38, 0x1a, 0x02, 0x01, 0x1e, 0x3b, 0x1a,
    0x03, 0x1e, 0x01, 0x01, 0x40, 0x1a, 0x02, 0xcf, 0xfd, 0x44, 0x1a, 0x01, 0xfd, 0x46, 0x1a, 0x02,
    0x1f, 0x1e, 0x49, 0x1a, 0x02, 0x1e, 0x01, 0x4f, 0x1a, 0x02, 0xfd, 0xf0, 0xaf, 0x1a, 0x01, 0x0c,
    0xb2, 0x1a, 0x08, 0x3f, 0x33, 0x33, 0xcf, 0x01, 0xfc, 0x1e, 0x1f, 0xbb, 0x1a, 0x04, 0x1f, 0x1e,
    0x01, 0xfc, 0xc0, 0x1a, 0x04, 0x33, 0xcf, 0xa4, 0xcf, 0xc5, 0x1a, 0x02, 0x01, 0xfc, 0xca, 0x1a,
    0x08, 0x1f, 0x01, 0x01, 0xfc, 0xcf, 0xcf, 0x33, 0xa4, 0xd3, 0x1a, 0x02, 0xa4, 0x0c, 0xd6, 0x1a,
    0x01, 0x0c, 0x2b, 0x1b, 0x03, 0x0c, 0x0c, 0x0c, 0x36, 0x1b, 0x05, 0xcf, 0x33, 0x01, 0xe2, 0xe2,
    0x3c, 0x1b, 0x04, 0xe2, 0xfd, 0xce, 0xce, 0x41, 0x1b, 0x01, 0xa4, 0x43, 0x1b, 0x01, 0xa4, 0x47,
    0x1b, 0x03, 0x01, 0x01, 0x1f, 0x4b, 0x1b, 0x05, 0xe2, 0xcf, 0x33, 0x33, 0xa4, 0x51, 0x1b, 0x03,
    0xa4, 0x97, 0x33, 0x55, 0x1b, 0x02, 0xa4, 0xa4, 0x58, 0x1b, 0x01, 0x0c, 0x5a, 0x1b, 0x01, 0x0c,
    0xa8, 0x1b, 0x03, 0x0c, 0x0c, 0x0c, 0xaf, 0x1b, 0x03, 0xa4, 0xa4, 0x33, 0xb3, 0x1b, 0x05, 0x33,
    0xa4, 0xa4, 0xa4, 0x33, 0xb9, 0x1b, 0x01, 0xcf, 0xbb, 0x1b, 0x02, 0x1e, 0x33, 0xc0, 0x1b, 0x01,
    0xa4, 0xc4, 0x1b, 0x03, 0xa4, 0xa4, 0x33, 0xc9, 0x1b, 0x08, 0x33, 0x1f, 0x33, 0xcf, 0x33, 0x33,
    0xa4, 0x33, 0xd5, 0x1b, 0x02, 0x33, 0xa4, 0xd8, 0x1b, 0x07, 0x33, 0x33, 0xcf, 0xfc, 0xfc, 0x0c,
    0x0c, 0x25, 0x1c, 0x01, 0x0c, 0x27, 0x1c, 0x07, 0x0c, 0x0c, 0xee, 0xfd, 0xce, 0xcf, 0x97, 0x34,
    0x1c, 0x02, 0x97, 0x33, 0x37, 0x1c, 0x09, 0x33, 0x33, 0xcf, 0x1e, 0x1e, 0xd1, 0x97, 0x33, 0x33,
    0x42, 0x1c, 0x04, 0xa4, 0x33, 0xa4, 0x33, 0x49, 0x1c, 0x06, 0xe2, 0xcf, 0x1e, 0x1e, 0x1e, 0xcf,
    0x50, 0x1c, 0x04, 0x33, 0x33, 0x33, 0xa4, 0x55, 0x1c, 0x01, 0xa4, 0x58, 0x1c, 0x05, 0xce, 0xcf,
    0xcf, 0xe2, 0x1e, 0x5e, 0x1c, 0x05, 0x01, 0xfc, 0xfc, 0x0c, 0x0c, 0xa1, 0x1c, 0x02, 0x0c, 0x0c,
    0xa4, 0x1c, 0x04, 0x0c, 0x0c, 0xf0, 0x1e, 0xa9, 0x1c, 0x02, 0x1e, 0x1e, 0xac, 0x1c, 0x04, 0xcf,
    0xfc, 0xcf, 0x33, 0xb1, 0x1c, 0x02, 0xa4, 0x33, 0xb4, 0x1c, 0x01, 0x33, 0xb9, 0x1c, 0x02, 0x1e,
    0x1e, 0xbc, 0x1c, 0x01, 0x01, 0xbf, 0x1c, 0x02, 0xce, 0x33, 0xc2, 0x1c, 0x03, 0x33, 0xa4, 0x33,
    0xc6, 0x1c, 0x03, 0x33, 0xfd, 0xcf, 0xca, 0x1c, 0x01, 0x1e, 0xcc, 0x1c, 0x01, 0x1e, 0xce, 0x1c,
    0x01, 0x01, 0xd1, 0x1c, 0x01, 0x01, 0xd3, 0x1c, 0x08, 0x33, 0xa4, 0x33, 0x33, 0xcf, 0xcf, 0xfd,
    0x01, 0xdc, 0x1c, 0x01, 0x1e, 0xde, 0x1c, 0x02, 0x1e, 0x01, 0xe2, 0x1c, 0x05, 0xfc, 0xfc, 0xf0,
    0x0c, 0x0c, 0x1e, 0x1d, 0x01, 0x0c, 0x20, 0x1d, 0x01, 0x0c, 0x22, 0x1d, 0x04, 0xfc, 0xf0, 0xf1,
    0x01, 0x27, 0x1d, 0x02, 0x1e, 0x1e, 0x2a, 0x1d, 0x01, 0x01, 0x2e, 0x1d, 0x08, 0xcf, 0xfd, 0xe2,
    0x33, 0x97, 0x33, 0xcf, 0x01, 0x37, 0x1d, 0x02, 0x01, 0x1e, 0x3b, 0x1d, 0x01, 0x1e, 0x3d, 0x1d,
    0x01, 0x01, 0x40, 0x1d, 0x01, 0x01, 0x42, 0x1d, 0x01, 0x33, 0x45, 0x1d, 0x03, 0xfc, 0xcf, 0x01,
    0x49, 0x1d, 0x03, 0x01, 0x1e, 0x1e, 0x53, 0x1d, 0x05, 0x01, 0x1e, 0x33, 0x33, 0xa4, 0x59, 0x1d,
    0x02, 0xfc, 0xfd, 0x5c, 0x1d, 0x02, 0x01, 0x1e, 0x60, 0x1d, 0x02, 0x1e, 0x01, 0x65, 0x1d, 0x02,
    0xfd, 0x0c, 0x9a, 0x1d, 0x02, 0x0c, 0x0c, 0x9f, 0x1d, 0x03, 0x33, 0x3f, 0xf0, 0xa3, 0x1d, 0x01,
    0x01, 0xa5, 0x1d, 0x03, 0x01, 0x1f, 0x1e, 0xa9, 0x1d, 0x04, 0x1e, 0x1f, 0x01, 0x01, 0xaf, 0x1d,
    0x01, 0xfc, 0xb1, 0x1d, 0x03, 0x33, 0x33, 0xe2, 0xb6, 0x1d, 0x04, 0x01, 0x01, 0x01, 0x1e, 0xbb,
    0x1d, 0x03, 0x1f, 0x01, 0x01, 0xc1, 0x1d, 0x01, 0x1f, 0xc3, 0x1d, 0x01, 0xcf, 0xc5, 0x1d, 0x02,
    0xa4, 0xfc, 0xc8, 0x1d, 0x01, 0xfc, 0xcf, 0x1d, 0x02, 0x01, 0x01, 0xd4, 0x1d, 0x03, 0xcf, 0xcf,
    0x33, 0xd9, 0x1d, 0x07, 0x33, 0x33, 0xcf, 0xfd, 0xfd, 0x01, 0x1e, 0xe1, 0x1d, 0x09, 0x1e, 0x01,
    0x01, 0x01, 0x73, 0xee, 0xf0, 0xf0, 0x0c, 0x17, 0x1e, 0x02, 0x0c, 0x0c, 0x1b, 0x1e, 0x0b, 0x3f,
    0x33, 0x3f, 0x33, 0x3f, 0xe2, 0xcf, 0xcf, 0xfd, 0x01, 0x1f, 0x27, 0x1e, 0x01, 0x1e, 0x29, 0x1e,
    0x04, 0x01, 0x01, 0x01, 0xfc, 0x2e, 0x1e, 0x03, 0x33, 0x33, 0xcf, 0x32, 0x1e, 0x03, 0xa4, 0xfc,
    0xcf, 0x37, 0x1e, 0x03, 0x01, 0x01, 0x1e, 0x3c, 0x1e, 0x01, 0x1e, 0x3e, 0x1e, 0x01, 0x01, 0x40,
    0x1e, 0x02, 0xfc, 0xcf, 0x46, 0x1e, 0x01, 0x33, 0x49, 0x1e, 0x05, 0x33, 0xfc, 0xfd, 0x1e, 0x1e,
    0x52, 0x1e, 0x04, 0xfd, 0xcf, 0x33, 0x33, 0x59, 0x1e, 0x02, 0x97, 0xa4, 0x5c, 0x1e, 0x01, 0x97,
    0x5e, 0x1e, 0x0c, 0xce, 0xce, 0xe2, 0xe2, 0x1e, 0x1e, 0x6b, 0xad, 0xf0, 0xf0, 0xf0, 0x83, 0x93,
    0x1e, 0x02, 0x0c, 0x0c, 0x97, 0x1e, 0x07, 0x3f, 0x3f, 0x33, 0x97, 0x9b, 0x0c, 0x33, 0x9f, 0x1e,
    0x08, 0xa4, 0x97, 0xcf, 0xcf, 0xce, 0x6a, 0x1f, 0x1e, 0xa8, 0x1e, 0x02, 0x1e, 0xfc, 0xab, 0x1e,
    0x03, 0xcf, 0x33, 0xcf, 0xaf, 0x1e, 0x01, 0xa4, 0xb2, 0x1e, 0x02, 0xa4, 0xa4, 0xb6, 0x1e, 0x01,
    0xcf, 0xb8, 0x1e, 0x03, 0xfc, 0x1f, 0x1e, 0xbd, 0x1e, 0x03, 0x01, 0xfd, 0x33, 0xc2, 0x1e, 0x01,
    0xa4, 0xc7, 0x1e, 0x01, 0x97, 0xca, 0x1e, 0x05, 0xa4, 0x33, 0x33, 0xfc, 0xe2, 0xd0, 0x1e, 0x02,
    0x1e, 0xfc, 0xd4, 0x1e, 0x03, 0xa4, 0x33, 0xa4, 0xda, 0x1e, 0x01, 0xa4, 0xdc, 0x1e, 0x01, 0xa4,
    0xde, 0x1e, 0x0b, 0x97, 0x33, 0x33, 0xcf, 0xd1, 0x6b, 0xcf, 0xf1, 0xf1, 0x0c, 0x6c, 0x13, 0x1f,
    0x07, 0x3f, 0x3f, 0x3f, 0x33, 0x97, 0x0c, 0x3f, 0x1d, 0x1f, 0x02, 0xa4, 0x33, 0x21, 0x1f, 0x01,
    0xa4, 0x23, 0x1f, 0x08, 0xcf, 0xce, 0xd1, 0xe2, 0xe2, 0xcf, 0xcf, 0x33, 0x2d, 0x1f, 0x02, 0x33,
    0xa4, 0x30, 0x1f, 0x01, 0x33, 0x32, 0x1f, 0x02, 0xa4, 0xa4, 0x37, 0x1f, 0x04, 0xa4, 0x33, 0xfd,
    0xfc, 0x3c, 0x1f, 0x02, 0xe2, 0x33, 0x3f, 0x1f, 0x01, 0xa4, 0x47, 0x1f, 0x01, 0xa4, 0x4e, 0x1f,
    0x03, 0x33, 0x1e, 0x33, 0x52, 0x1f, 0x02, 0xcf, 0x33, 0x55, 0x1f, 0x01, 0x33, 0x5c, 0x1f, 0x01,
    0xa4, 0x63, 0x1f, 0x06, 0x33, 0xf0, 0xf0, 0x0c, 0x5d, 0x5d, 0x93, 0x1f, 0x03, 0x9b, 0x33, 0x3f,
    0x99, 0x1f, 0x02, 0xa4, 0x33, 0x9d, 0x1f, 0x03, 0x97, 0xa4, 0x33, 0xa3, 0x1f, 0x01, 0x33, 0xa5,
    0x1f, 0x02, 0xce, 0x1e, 0xa8, 0x1f, 0x02, 0x33, 0xa4, 0xab, 0x1f, 0x01, 0xa4, 0xb1, 0x1f, 0x01,
    0xa4, 0xb3, 0x1f, 0x03, 0x33, 0xa4, 0x33, 0xb9, 0x1f, 0x02, 0x33, 0xce, 0xbc, 0x1f, 0x05, 0xe2,
    0x97, 0x33, 0xa4, 0x33, 0xc6, 0x1f, 0x01, 0xa4, 0xce, 0x1f, 0x08, 0xcf, 0xfc, 0x1e, 0xfc, 0x6a,
    0xcf, 0x33, 0x33, 0xda, 0x1f, 0x01, 0xa4, 0xdc, 0x1f, 0x01, 0x33, 0xe1, 0x1f, 0x06, 0x33, 0x53,
    0xa4, 0x9b, 0x0c, 0x5d, 0x11, 0x20, 0x01, 0x0c, 0x13, 0x20, 0x01, 0x62, 0x16, 0x20, 0x02, 0xa4,
    0x33, 0x1b, 0x20, 0x04, 0xa4, 0x33, 0xa4, 0x33, 0x21, 0x20, 0x01, 0x33, 0x23, 0x20, 0x08, 0xd1,
    0xd1, 0xfc, 0xfd, 0xd1, 0xcf, 0x33, 0x33, 0x30, 0x20, 0x03, 0xa4, 0x97, 0x33, 0x37, 0x20, 0x03,
    0x33, 0xcf, 0xfc, 0x3d, 0x20, 0x03, 0xfc, 0xfc, 0x33, 0x45, 0x20, 0x01, 0xa4, 0x4e, 0x20, 0x04,
    0x1e, 0x1e, 0x1e, 0x1e, 0x53, 0x20, 0x0b, 0xfc, 0xcf, 0xcf, 0xcf, 0x33, 0x33, 0xa4, 0xa4, 0x97,
    0x33, 0x33, 0x60, 0x20, 0x06, 0xcf, 0xa4, 0x62, 0x9b, 0x6c, 0x9b, 0x90, 0x20, 0x06, 0x0c, 0x3f,
    0x3f, 0x62, 0x53, 0x33, 0x98, 0x20, 0x01, 0xa4, 0x9b, 0x20, 0x01, 0xa4, 0x9d, 0x20, 0x02, 0x33,
    0x33, 0xa0, 0x20, 0x04, 0xcf, 0xcf, 0xcf, 0xe2, 0xa7, 0x20, 0x04, 0x1e, 0xfc, 0xcf, 0x33, 0xb0,
    0x20, 0x02, 0xa4, 0x33, 0xb5, 0x20, 0x04, 0x33, 0xcf, 0xcf, 0xfc, 0xba, 0x20, 0x01, 0x1e, 0xbc,
    0x20, 0x05, 0x01, 0x01, 0x1e, 0xfc, 0xfc, 0xc2, 0x20, 0x01, 0x33, 0xc5, 0x20, 0x02, 0x33, 0xa4,
    0xcb, 0x20, 0x01, 0xcf, 0xcf, 0x20, 0x03, 0x1e, 0x1e, 0x1f, 0xd4, 0x20, 0x01, 0x01, 0xd6, 0x20,
    0x05, 0xfc, 0xcf, 0xcf, 0xcf, 0x97, 0xdf, 0x20, 0x01, 0xcf, 0xe1, 0x20, 0x04, 0xa4, 0x9a, 0x6c,
    0x5d, 0x11, 0x21, 0x04, 0x9b, 0x0c, 0x3a, 0xa4, 0x16, 0x21, 0x02, 0x33, 0x33, 0x19, 0x21, 0x03,
    0xa4, 0x33, 0x33, 0x1d, 0x21, 0x08, 0xce, 0xce, 0xcf, 0xcf, 0xe2, 0x1e, 0x1e, 0x1e, 0x27, 0x21,
    0x01, 0x1e, 0x2a, 0x21, 0x03, 0xfc, 0xce, 0x33, 0x2e, 0x21, 0x02, 0x33, 0xa4, 0x33, 0x21, 0x04,
    0x33, 0xce, 0xce, 0xfc, 0x39, 0x21, 0x05, 0x1e, 0x1e, 0x1e, 0x01, 0x01, 0x42, 0x21, 0x02, 0xfd,
    0x33, 0x45, 0x21, 0x04, 0x33, 0x33, 0x97, 0xa4, 0x4a, 0x21, 0x04, 0xfc, 0x01, 0x01, 0x01, 0x4f,
    0x21, 0x06, 0x1e, 0x1e, 0x1e, 0x1f, 0x01, 0x01, 0x58, 0x21, 0x07, 0xfc, 0xfc, 0xfc, 0xce, 0x6b,
    0xe2, 0x33, 0x60, 0x21, 0x04, 0x6b, 0x83, 0x9b, 0x5d, 0x91, 0x21, 0x05, 0x5d, 0x9b, 0x0c, 0x3a,
    0xa4, 0x97, 0x21, 0x02, 0x33, 0x97, 0x9a, 0x21, 0x05, 0xcf, 0xcf, 0xcf, 0xce, 0xfd, 0xa2, 0x21,
    0x04, 0x1e, 0x1e, 0x1e, 0x01, 0xac, 0x21, 0x02, 0xfc, 0x97, 0xaf, 0x21, 0x06, 0x33, 0x33, 0x33,
    0x6b, 0xcf, 0xfd, 0xb6, 0x21, 0x05, 0x01, 0x01, 0x1e, 0x1e, 0x1e, 0xbc, 0x21, 0x02, 0x1e, 0x01,
    0xbf, 0x21, 0x01, 0x01, 0xc4, 0x21, 0x02, 0xfc, 0xce, 0xc7, 0x21, 0x03, 0x33, 0x33, 0xfc, 0xcb,
    0x21, 0x04, 0x01, 0x01, 0x01, 0x01, 0xd0, 0x21, 0x04, 0x1e, 0x1e, 0x1e, 0x1f, 0xd5, 0x21, 0x02,
    0x01, 0x01, 0xdb, 0x21, 0x08, 0xfc, 0xcf, 0xcf, 0x33, 0xad, 0x0c, 0x5d, 0x9b, 0x12, 0x22, 0x0b,
    0x5d, 0x5d, 0x0c, 0x3a, 0xa4, 0x53, 0x33, 0x6b, 0xd1, 0xcf, 0xfc, 0x1f, 0x22, 0x01, 0x1e, 0x21,
    0x22, 0x05, 0x1e, 0x1e, 0x1e, 0x1f, 0x01, 0x2a, 0x22, 0x01, 0x1e, 0x2d, 0x22, 0x01, 0x1f, 0x2f,
    0x22, 0x04, 0x33, 0xd1, 0xcf, 0xfc, 0x38, 0x22, 0x02, 0x1e, 0x1e, 0x43, 0x22, 0x01, 0x01, 0x46,
    0x22, 0x05, 0xfc, 0xfc, 0xfc, 0xe2, 0xfc, 0x4c, 0x22, 0x06, 0x01, 0x01, 0x1f, 0x01, 0x1f, 0x1e,
    0x53, 0x22, 0x07, 0x1f, 0x01, 0x1e, 0x01, 0x01, 0x01, 0x1e, 0x5c, 0x22, 0x01, 0x1e, 0x5e, 0x22,
    0x04, 0xf7, 0x51, 0x5d, 0x5d, 0x93, 0x22, 0x08, 0x9b, 0x5d, 0x9b, 0x09, 0x62, 0xcf, 0x33, 0xfc,
    0x9c, 0x22, 0x01, 0x01, 0x9e, 0x22, 0x07, 0x01, 0x01, 0x1e, 0x1e, 0x1e, 0x1e, 0x1f, 0xa7, 0x22,
    0x01, 0x01, 0xac, 0x22, 0x04, 0xfc, 0xce, 0xce, 0xcf, 0xb1, 0x22, 0x03, 0x75, 0x1e, 0x1e, 0xb5,
    0x22, 0x01, 0x01, 0xb7, 0x22, 0x01, 0x01, 0xbc, 0x22, 0x01, 0x1e, 0xbe, 0x22, 0x01, 0x01, 0xc4,
    0x22, 0x0a, 0x01, 0xfc, 0xcf, 0x33, 0x33, 0xcf, 0x6b, 0xfc, 0xfd, 0x01, 0xd0, 0x22, 0x02, 0x1f,
    0x1f, 0xd4, 0x22, 0x03, 0x1f, 0x1f, 0x1e, 0xd8, 0x22, 0x02, 0x01, 0x01, 0xdc, 0x22, 0x05, 0xe2,
    0xf7, 0x51, 0x5d, 0x9b, 0x14, 0x23, 0x05, 0x5d, 0x9b, 0x6c, 0x09, 0x51, 0x1a, 0x23, 0x01, 0xfc,
    0x1c, 0x23, 0x06, 0x01, 0x01, 0x01, 0x1f, 0x1e, 0x1e, 0x23, 0x23, 0x02, 0x1f, 0x1f, 0x26, 0x23,
    0x02, 0x01, 0x01, 0x29, 0x23, 0x07, 0x1e, 0xfc, 0xcf, 0xcf, 0xd1, 0xce, 0x97, 0x31, 0x23, 0x02,
    0x33, 0x33, 0x36, 0x23, 0x01, 0x01, 0x38, 0x23, 0x01, 0x01, 0x3b, 0x23, 0x03, 0x1e, 0x1e, 0x1f,
    0x3f, 0x23, 0x01, 0x01, 0x42, 0x23, 0x04, 0x1e, 0xfc, 0xcf, 0xcf, 0x48, 0x23, 0x0b, 0xa4, 0x97,
    0x33, 0xcf, 0xcf, 0xce, 0xce, 0xfc, 0x1e, 0x1f, 0x1f, 0x54, 0x23, 0x03, 0x1f, 0x1f, 0x1e, 0x58,
    0x23, 0x04, 0x1e, 0x01, 0x1f, 0x1e, 0x5d, 0x23, 0x03, 0x31, 0x5d, 0x5d, 0x95, 0x23, 0x05, 0x05,
    0x5d, 0x6c, 0x86, 0xb3, 0x9b, 0x23, 0x07, 0xfc, 0x01, 0x01, 0x1f, 0x1f, 0x1e, 0x1e, 0xa3, 0x23,
    0x0b, 0x1e, 0x1f, 0x1f, 0x01, 0xfd, 0xfc, 0xcf, 0xcf, 0xcf, 0xd1, 0x33, 0xaf, 0x23, 0x01, 0x33,
    0xb2, 0x23, 0x01, 0xa4, 0xb4, 0x23, 0x01, 0xfd, 0xb6, 0x23, 0x09, 0x01, 0x01, 0x01, 0x1f, 0x1e,
    0x1e, 0x1e, 0x01, 0x01, 0xc0, 0x23, 0x01, 0x01, 0xc2, 0x23, 0x03, 0xfc, 0xcf, 0x33, 0xc8, 0x23,
    0x03, 0x33, 0xa4, 0x33, 0xcc, 0x23, 0x09, 0x33, 0xcf, 0xce, 0xce, 0xd1, 0xe2, 0xe2, 0x1f, 0x1e,
    0xd6, 0x23, 0x02, 0x1f, 0x1f, 0xdc, 0x23, 0x03, 0xc6, 0x5d, 0x9b, 0x16, 0x24, 0x05, 0x05, 0x3f,
    0x5d, 0x62, 0x51, 0x1c, 0x24, 0x04, 0xfc, 0x01, 0x01, 0x1f, 0x21, 0x24, 0x0b, 0x1e, 0x1e, 0x1f,
    0x1f, 0xfc, 0x01, 0xce, 0xcf, 0xcf, 0xcf, 0x97, 0x2d, 0x24, 0x02, 0x33, 0x33, 0x31, 0x24, 0x01,
    0xa4, 0x36, 0x24, 0x01, 0xfc, 0x38, 0x24, 0x0c, 0x01, 0x1f, 0x1f, 0x1e, 0x1e, 0x1e, 0x01, 0x01,
    0xfd, 0xce, 0xcf, 0x33, 0x46, 0x24, 0x01, 0xa4, 0x49, 0x24, 0x01, 0x33, 0x4c, 0x24, 0x01, 0xa4,
    0x4e, 0x24, 0x07, 0x33, 0xcf, 0xce, 0x6b, 0xe2, 0xd1, 0xfc, 0x56, 0x24, 0x03, 0x1f, 0x1f, 0x1e,
    0x5b, 0x24, 0x03, 0xc6, 0x5d, 0x5d, 0x98, 0x24, 0x06, 0x5d, 0x5d, 0x62, 0x51, 0x01, 0xfc, 0x9f,
    0x24, 0x01, 0x01, 0xa1, 0x24, 0x01, 0x1e, 0xa3, 0x24, 0x01, 0xe2, 0xa5, 0x24, 0x06, 0xd1, 0xce,
    0xce, 0x6a, 0xcf, 0x33, 0xae, 0x24, 0x03, 0xa4, 0x97, 0x97, 0xb4, 0x24, 0x05, 0xa4, 0x33, 0x33,
    0xce, 0xfd, 0xba, 0x24, 0x08, 0x1f, 0x1e, 0x1e, 0x1e, 0xe2, 0xcf, 0xcf, 0xce, 0xc4, 0x24, 0x02,
    0xa4, 0x97, 0xc9, 0x24, 0x04, 0xa4, 0xa4, 0xa4, 0xa4, 0xd0, 0x24, 0x09, 0x33, 0xcf, 0xd1, 0xd1,
    0xd1, 0xd1, 0xcf, 0xfc, 0x1e, 0xda, 0x24, 0x03, 0x31, 0xc6, 0x5d, 0x19, 0x25, 0x0f, 0x5d, 0x9b,
    0x31, 0xc7, 0x01, 0xfc, 0x1f, 0x01, 0xe2, 0xd1, 0xd1, 0xcf, 0xcf, 0x6b, 0xce, 0x2d, 0x25, 0x03,
    0xa4, 0x33, 0x33, 0x32, 0x25, 0x03, 0x97, 0x33, 0x97, 0x37, 0x25, 0x04, 0xa4, 0xfd, 0xcf, 0xe2,
    0x3d, 0x25, 0x04, 0xe2, 0xd1, 0xd1, 0x33, 0x42, 0x25, 0x03, 0xa4, 0x33, 0xa4, 0x49, 0x25, 0x02,
    0x33, 0x33, 0x4f, 0x25, 0x01, 0x97, 0x52, 0x25, 0x06, 0x33, 0xcf, 0xd1, 0xcf, 0xcf, 0xcf, 0x59,
    0x25, 0x03, 0x53, 0xc6, 0x3f, 0x9a, 0x25, 0x0c, 0x05, 0x3f, 0xc6, 0x62, 0xfc, 0xfd, 0xcf, 0xd1,
    0xd1, 0xd1, 0x6b, 0x6b, 0xab, 0x25, 0x02, 0xa4, 0x33, 0xaf, 0x25, 0x02, 0xa4, 0xa4, 0xb2, 0x25,
    0x01, 0x97, 0xb5, 0x25, 0x01, 0xa4, 0xb9, 0x25, 0x08, 0x33, 0xd1, 0x33, 0x33, 0xcf, 0xd1, 0x33,
    0xa4, 0xc2, 0x25, 0x02, 0x33, 0xa4, 0xcc, 0x25, 0x02, 0xa4, 0xa4, 0xd4, 0x25, 0x04, 0x33, 0xd1,
    0xcf, 0xfc, 0xda, 0x25, 0x01, 0x5d, 0x1b, 0x26, 0x09, 0x05, 0x5d, 0x62, 0x62, 0x6a, 0xfd, 0xd1,
    0xd1, 0xd1, 0x29, 0x26, 0x01, 0xa4, 0x2d, 0x26, 0x01, 0xa4, 0x2f, 0x26, 0x02, 0x33, 0x33, 0x33,
    0x26, 0x01, 0xa4, 0x39, 0x26, 0x02, 0x33, 0x33, 0x3e, 0x26, 0x02, 0x97, 0xa4, 0x41, 0x26, 0x01,
    0x33, 0x4a, 0x26, 0x04, 0xa4, 0xa4, 0x33, 0x33, 0x55, 0x26, 0x05, 0xa4, 0x53, 0xf6, 0x62, 0x5d,
    0x9d, 0x26, 0x01, 0x5d, 0x9f, 0x26, 0x01, 0x31, 0xa3, 0x26, 0x01, 0xcf, 0xa9, 0x26, 0x02, 0xa4,
    0x33, 0xac, 0x26, 0x01, 0xa4, 0xae, 0x26, 0x01, 0x33, 0xb5, 0x26, 0x02, 0xa4, 0x33, 0xb8, 0x26,
    0x0a, 0x33, 0xcf, 0xcf, 0xd1, 0x33, 0x6b, 0xcf, 0xe2, 0x33, 0xa4, 0xc9, 0x26, 0x03, 0xa4, 0x33,
    0x97, 0xd4, 0x26, 0x04, 0xa4, 0x53, 0x53, 0x62, 0x1e, 0x27, 0x01, 0x5d, 0x20, 0x27, 0x03, 0x53,
    0x53, 0x33, 0x27, 0x27, 0x03, 0xa4, 0xa4, 0x33, 0x32, 0x27, 0x02, 0xa4, 0xa4, 0x35, 0x27, 0x0e,
    0x33, 0x33, 0xd1, 0xcf, 0xcf, 0xcf, 0xe2, 0x1e, 0xfc, 0xfc, 0xd1, 0xd1, 0xcf, 0x33, 0x48, 0x27,
    0x01, 0xa4, 0x4a, 0x27, 0x01, 0x33, 0x4d, 0x27, 0x01, 0x33, 0x53, 0x27, 0x04, 0xa4, 0x53, 0x60,
    0xa4, 0x9f, 0x27, 0x01, 0x05, 0xa2, 0x27, 0x01, 0xf6, 0xa5, 0x27, 0x03, 0xa4, 0x33, 0x33, 0xaa,
    0x27, 0x01, 0xa4, 0xac, 0x27, 0x01, 0x33, 0xb0, 0x27, 0x0c, 0xa4, 0xa4, 0x33, 0x33, 0x33, 0xcf,
    0xd1, 0xd1, 0xcf, 0xcf, 0xfc, 0x1e, 0xbf, 0x27, 0x06, 0xfd, 0xd1, 0xcf, 0xcf, 0xcf, 0x33, 0xc8,
    0x27, 0x02, 0xa4, 0x33, 0xcb, 0x27, 0x02, 0xa4, 0x33, 0xd2, 0x27, 0x05, 0x33, 0x53, 0x60, 0x62,
    0xc6, 0x22, 0x28, 0x04, 0x31, 0xf6, 0xbc, 0x33, 0x29, 0x28, 0x03, 0xa4, 0xa4, 0x33, 0x31, 0x28,
    0x01, 0x33, 0x33, 0x28, 0x06, 0xcf, 0xcf, 0xcf, 0xd1, 0xd1, 0xcf, 0x3b, 0x28, 0x02, 0x1e, 0x1e,
    0x3f, 0x28, 0x0a, 0x01, 0xfc, 0xcf, 0xcf, 0xcf, 0xcf, 0xcf, 0x33, 0xa4, 0x33, 0x4c, 0x28, 0x01,
    0x33, 0x50, 0x28, 0x02, 0xcf, 0x33, 0x53, 0x28, 0x01, 0x51, 0x55, 0x28, 0x01, 0xc6, 0xa1, 0x28,
    0x04, 0x05, 0xc6, 0x62, 0x62, 0xa6, 0x28, 0x02, 0x33, 0xa4, 0xa9, 0x28, 0x01, 0x33, 0xaf, 0x28,
    0x0a, 0xa4, 0x33, 0x33, 0xcf, 0xcf, 0xcf, 0xcf, 0xd1, 0xfc, 0x1e, 0xba, 0x28, 0x04, 0x1e, 0x01,
    0x1e, 0x1e, 0xc0, 0x28, 0x01, 0x01, 0xc2, 0x28, 0x07, 0xfc, 0xcf, 0xcf, 0xcf, 0x6b, 0xfc, 0x33,
    0xca, 0x28, 0x01, 0xa4, 0xce, 0x28, 0x03, 0x33, 0xfc, 0x33, 0xd3, 0x28, 0x01, 0x01, 0xd5, 0x28,
    0x01, 0x5d, 0x22, 0x29, 0x03, 0x05, 0xc6, 0x62, 0x26, 0x29, 0x03, 0xf7, 0xbc, 0x33, 0x2a, 0x29,
    0x02, 0xa4, 0x33, 0x2e, 0x29, 0x0c, 0xa4, 0x33, 0xce, 0xce, 0xcf, 0xcf, 0xcf, 0xcf, 0xfc, 0x1f,
    0x1e, 0x1e, 0x3c, 0x29, 0x03, 0x1f, 0x1e, 0x1e, 0x41, 0x29, 0x01, 0x01, 0x43, 0x29, 0x09, 0xfc,
    0x6b, 0x6b, 0xcf, 0xcf, 0xcf, 0x6b, 0x97, 0x33, 0x4e, 0x29, 0x07, 0xcf, 0x97, 0xa4, 0x62, 0xc7,
    0xc6, 0x5d, 0xa3, 0x29, 0x09, 0x5d, 0x9e, 0x31, 0x33, 0x62, 0x53, 0x33, 0x33, 0xa4, 0xad, 0x29,
    0x0d, 0xa4, 0xfc, 0xce, 0xce, 0xce, 0xcf, 0xcf, 0xcf, 0xd1, 0x01, 0x1f, 0x1e, 0x1e, 0xbc, 0x29,
    0x03, 0x1f, 0x1e, 0x1e, 0xc1, 0x29, 0x01, 0x01, 0xc5, 0x29, 0x0f, 0xfc, 0xcf, 0xcf, 0xcf, 0xfc,
    0x6a, 0xcf, 0x33, 0xa4, 0xbc, 0x53, 0x62, 0xad, 0x62, 0x9b, 0x24, 0x2a, 0x10, 0x5d, 0x58, 0x31,
    0xa4, 0x62, 0xa4, 0xa5, 0xa4, 0x33, 0xfc, 0xcf, 0xce, 0xfd, 0x6a, 0xcf, 0xcf, 0x35, 0x2a, 0x0a,
    0x1e, 0x01, 0x1f, 0x1f, 0x1e, 0x01, 0x1e, 0x01, 0x1e, 0x1e, 0x41, 0x2a, 0x01, 0x01, 0x46, 0x2a,
    0x0e, 0xfc, 0xcf, 0xcf, 0xcf, 0xce, 0xcf, 0x75, 0x6d, 0x60, 0x62, 0x51, 0x62, 0x5d, 0x3f, 0xa5,
    0x2a, 0x0e, 0x5d, 0x5d, 0x31, 0x62, 0xa4, 0x60, 0x9c, 0xe2, 0xcf, 0xcf, 0xcf, 0x6a, 0x6a, 0xfd,
    0xb6, 0x2a, 0x06, 0x1f, 0x1f, 0x1f, 0x1e, 0x1e, 0x1f, 0xbd, 0x2a, 0x06, 0x1f, 0x1e, 0x1e, 0x01,
    0x01, 0x01, 0xc8, 0x2a, 0x0b, 0xcf, 0xcf, 0xcf, 0xfc, 0x9c, 0x82, 0xcf, 0x51, 0x83, 0x5d, 0x5d,
    0x25, 0x2b, 0x0e, 0x05, 0x5d, 0x3f, 0x86, 0x75, 0x75, 0xad, 0x75, 0xfc, 0xcf, 0xcf, 0xce, 0xfd,
    0x01, 0x34, 0x2b, 0x01, 0x1e, 0x36, 0x2b, 0x04, 0x1e, 0x1f, 0x1f, 0x1e, 0x3b, 0x2b, 0x05, 0x01,
    0x1e, 0x1f, 0x1e, 0x1e, 0x41, 0x2b, 0x02, 0x01, 0x01, 0x44, 0x2b, 0x01, 0x1e, 0x49, 0x2b, 0x09,
    0xfc, 0xfc, 0xcf, 0xad, 0x75, 0xd1, 0x9a, 0x6c, 0x3f, 0xa6, 0x2b, 0x0e, 0x05, 0x9b, 0x6c, 0x9f,
    0x51, 0xad, 0xad, 0x9c, 0x9c, 0xcf, 0xcf, 0x1f, 0x01, 0x1f, 0xb6, 0x2b, 0x0a, 0x1e, 0x1f, 0x1f,
    0x1f, 0x1e, 0x01, 0x01, 0x1f, 0x1e, 0x1e, 0xc1, 0x2b, 0x03, 0x01, 0x01, 0x01, 0xc9, 0x2b, 0x09,
    0xfc, 0xd1, 0x6a, 0xcf, 0xb3, 0x9b, 0x3f, 0x5d, 0x3f, 0x27, 0x2c, 0x0d, 0x05, 0x9b, 0x6c, 0x9b,
    0x51, 0xad, 0xcf, 0xad, 0xcf, 0xfc, 0x1f, 0x01, 0x01, 0x36, 0x2c, 0x05, 0x1e, 0x1f, 0x1f, 0x1f,
    0x1e, 0x3c, 0x2c, 0x04, 0x1f, 0x1f, 0x1f, 0x1e, 0x41, 0x2c, 0x03, 0x01, 0x01, 0x01, 0x48, 0x2c,
    0x09, 0xfc, 0x82, 0xb3, 0x6b, 0xad, 0xf0, 0x6c, 0x5d, 0x5d, 0xa8, 0x2c, 0x0c, 0x5d, 0x9b, 0x6c,
    0x9a, 0x51, 0xcf, 0xcf, 0xad, 0x9c, 0x6b, 0x6a, 0x01, 0xb6, 0x2c, 0x01, 0x1e, 0xb8, 0x2c, 0x0d,
    0x1f, 0x01, 0x1f, 0x1e, 0x01, 0x1f, 0x1f, 0x1e, 0x1e, 0x1e, 0x01, 0x01, 0x01, 0xc7, 0x2c, 0x09,
    0x6a, 0x6b, 0xad, 0xad, 0xd1, 0x0c, 0x83, 0x6c, 0x9b, 0x29, 0x2d, 0x17, 0x5d, 0x5d, 0x9b, 0x3f,
    0x09, 0xad, 0x6b, 0xad, 0x9c, 0x72, 0xfd, 0x01, 0x1e, 0x1e, 0x1e, 0x1e, 0x1f, 0x1f, 0x1e, 0x01,
    0x1f, 0x1f, 0x1e, 0x41, 0x2d, 0x04, 0x1e, 0x01, 0x01, 0x01, 0x46, 0x2d, 0x0a, 0x6a, 0x6b, 0xad,
    0xad, 0xb3, 0x0c, 0x9b, 0x9b, 0x5d, 0x5d, 0xaa, 0x2d, 0x0c, 0x5d, 0x5d, 0x3f, 0x9b, 0x0c, 0xad,
    0xad, 0xad, 0x9d, 0xce, 0xfd, 0x1e, 0xb7, 0x2d, 0x09, 0x1e, 0x1e, 0x1f, 0x01, 0x1f, 0x1e, 0x1f,
    0x1f, 0x1f, 0xc1, 0x2d, 0x01, 0x1e, 0xc3, 0x2d, 0x0c, 0x01, 0xfd, 0x6a, 0x6b, 0xad, 0xad, 0xad,
    0x0c, 0x9b, 0x9b, 0x5d, 0x5d, 0x2a, 0x2e, 0x17, 0x05, 0x5d, 0x3f, 0x3f, 0x9b, 0x0c, 0xad, 0xad,
    0xac, 0x6a, 0xce, 0x74, 0x23, 0x1e, 0x1e, 0x1e, 0x01, 0x1f, 0x01, 0x1f, 0x1f, 0x1f, 0x1e, 0x43,
    0x2e, 0x0b, 0xfc, 0x72, 0xce, 0xac, 0xad, 0xad, 0xf0, 0x9b, 0x9b, 0x3f, 0x5d, 0xab, 0x2e, 0x0f,
    0x05, 0x9b, 0x5d, 0x3f, 0x9b, 0x0c, 0xf5, 0xac, 0x6a, 0xac, 0x75, 0x74, 0xe2, 0x1f, 0x1e, 0xbb,
    0x2e, 0x12, 0x1f, 0x01, 0x1f, 0x1f, 0x1f, 0x1e, 0x1e, 0xfc, 0x73, 0x9d, 0xce, 0xac, 0xad, 0xf0,
    0xf0, 0x83, 0x5d, 0x9b, 0x2c, 0x2f, 0x0e, 0x05, 0x5d, 0x5d, 0x3f, 0x9b, 0x0c, 0xf5, 0x6a, 0xac,
    0xad, 0x9c, 0x82, 0xe2, 0x1e, 0x3b, 0x2f, 0x01, 0x01, 0x3d, 0x2f, 0x0f, 0x01, 0x01, 0x1f, 0x1e,
    0xe2, 0x73, 0x9c, 0xad, 0xce, 0xac, 0xf1, 0xf0, 0x83, 0x5d, 0x5d, 0xad, 0x2f, 0x0e, 0x05, 0x5d,
    0x5d, 0x3f, 0x9b, 0x0c, 0xf1, 0xac, 0xad, 0xcf, 0xb3, 0xd1, 0x74, 0xfc, 0xbc, 0x2f, 0x10, 0x01,
    0x01, 0x01, 0x01, 0x75, 0x6d, 0x82, 0xad, 0xad, 0xcf, 0xf1, 0x0c, 0x9b, 0x6c, 0x9b, 0x5d, 0x2e,
    0x30, 0x0f, 0x05, 0x5d, 0x9b, 0x3f, 0x9b, 0x0c, 0xf0, 0xac, 0xb3, 0xd1, 0xd1, 0xd1, 0x74, 0xfc,
    0x01, 0x3f, 0x30, 0x0c, 0x75, 0x75, 0x9c, 0xb3, 0xad, 0xad, 0xf0, 0x0c, 0x9b, 0x9b, 0x5d, 0x5d,
    0xaf, 0x30, 0x1b, 0x05, 0x5d, 0x5d, 0x3f, 0x9b, 0xf0, 0xf1, 0xf5, 0xb3, 0x75, 0xb3, 0x82, 0x9c,
    0x6b, 0xfd, 0x6b, 0x9c, 0xd1, 0xb3, 0xb3, 0xb3, 0xf0, 0xf0, 0x9b, 0x3f, 0x9b, 0x5d, 0x30, 0x31,
    0x19, 0x05, 0x3f, 0x5d, 0x3f, 0x9b, 0xf1, 0xf0, 0xee, 0xb3, 0xcf, 0xd1, 0xad, 0x33, 0x01, 0x60,
    0x9d, 0xcf, 0xb3, 0xb3, 0xf0, 0xf0, 0x9b, 0x3f, 0x5d, 0x9b, 0xb1, 0x31, 0x17, 0x05, 0x5d, 0x5d,
    0x3f, 0x9b, 0xf0, 0xee, 0xee, 0xad, 0xb3, 0x33, 0xc7, 0x53, 0xf6, 0x51, 0xcf, 0xb3, 0xee, 0xf0,
    0xf0, 0x3f, 0x5d, 0x5d, 0x32, 0x32, 0x16, 0x5d, 0x5d, 0x9b, 0x6c, 0x9b, 0xf0, 0xee, 0xee, 0x09,
    0xc6, 0x31, 0xf7, 0x31, 0x31, 0xa4, 0xf0, 0xee, 0x0c, 0x83, 0x6c, 0x9b, 0x5d, 0xb3, 0x32, 0x0a,
    0x5d, 0x5d, 0x5d, 0x6c, 0x9b, 0xee, 0xf0, 0x9a, 0x9e, 0x31, 0xbe, 0x32, 0x09, 0x62, 0x31, 0x3f,
    0x9a, 0x0c, 0x83, 0x9b, 0x9b, 0x5d, 0x34, 0x33, 0x09, 0x5d, 0x3f, 0x5d, 0x3f, 0x9a, 0x9a, 0x6c,
    0x9b, 0x5d, 0x3e, 0x33, 0x08, 0x62, 0x3f, 0x5d, 0x9b, 0x9a, 0x6c, 0x5d, 0x3f, 0xb5, 0x33, 0x10,
    0x3f, 0x5d, 0x5d, 0x3f, 0x3f, 0x5d, 0x9b, 0x5d, 0x5d, 0x5d, 0x5d, 0x9b, 0x5d, 0x6c, 0x5d, 0x9b,
    0x36, 0x34, 0x07, 0x5d, 0x5d, 0x5d, 0x5d, 0x3f, 0x5d, 0x5d, 0x3f, 0x34, 0x06, 0x05, 0x5d, 0x5d,
    0x5d, 0x5d, 0x5d, 0xb7, 0x34, 0x05, 0x5d, 0x9b, 0x5d, 0x5d, 0x5d, 0xc1, 0x34, 0x03, 0x5d, 0x5d,
    0x5d, 0x38, 0x35, 0x03, 0x5d, 0x5d, 0x5d, 0x42, 0x35, 0x01, 0x5d, 0xb9, 0x35, 0x01, 0x0c, 0xc3,
    0x17, 0x02, 0x0c, 0x0c, 0x3f, 0x18, 0x01, 0x0c, 0x41, 0x18, 0x01, 0x0c, 0x43, 0x18, 0x05, 0x33,
    0x33, 0x3f, 0x0c, 0x0c, 0xbc, 0x18, 0x01, 0x0c, 0xc2, 0x18, 0x01, 0xa4, 0xc5, 0x18, 0x06, 0xa4,
    0x9b, 0x33, 0x33, 0x3f, 0x0c, 0x38, 0x19, 0x01, 0x0c, 0x3a, 0x19, 0x01, 0x0c, 0x3d, 0x19, 0x03,
    0xfc, 0xe2, 0x97, 0x44, 0x19, 0x01, 0xa4, 0x48, 0x19, 0x04, 0x33, 0x33, 0x0c, 0x0c, 0x4d, 0x19,
    0x01, 0x0c, 0xb5, 0x19, 0x02, 0x0c, 0x0c, 0xb8, 0x19, 0x02, 0xf0, 0xf1, 0xbb, 0x19, 0x01, 0x1e,
    0xbd, 0x19, 0x06, 0x1f, 0x01, 0xcf, 0xfc, 0xfc, 0x33, 0xc5, 0x19, 0x03, 0x97, 0x33, 0xf0, 0xc9,
    0x19, 0x03, 0x1e, 0x1e, 0x1e, 0xcd, 0x19, 0x02, 0xf0, 0xfc, 0xd0, 0x19, 0x01, 0x0c, 0x31, 0x1a,
    0x01, 0x0c, 0x33, 0x1a, 0x06, 0x0c, 0x3f, 0x33, 0x3f, 0xfc, 0x01, 0x3a, 0x1a, 0x05, 0x01, 0x1e,
    0x1f, 0x1f, 0x01, 0x41, 0x1a, 0x01, 0x01, 0x44, 0x1a, 0x08, 0x0c, 0xfc, 0x01, 0x01, 0x1f, 0x1e,
    0x01, 0x1f, 0x4f, 0x1a, 0x01, 0x01, 0x51, 0x1a, 0x04, 0xfd, 0x0c, 0x0c, 0x0c, 0xad, 0x1a, 0x07,
    0x0c, 0x0c, 0x0c, 0x33, 0x3f, 0x3f, 0xa4, 0xb6, 0x1a, 0x06, 0xcf, 0x33, 0xcf, 0xfd, 0x01, 0x1f,
    0xbd, 0x1a, 0x02, 0x1f, 0x1e, 0xc2, 0x1a, 0x01, 0x3f, 0xc4, 0x1a, 0x02, 0xcf, 0xcf, 0xc7, 0x1a,
    0x07, 0xfc, 0xe2, 0x1f, 0x1e, 0x1e, 0x1f, 0x01, 0xd0, 0x1a, 0x08, 0xfc, 0x33, 0xcf, 0xa4, 0x33,
    0x33, 0x0c, 0x0c, 0x2a, 0x1b, 0x01, 0x0c, 0x2c, 0x1b, 0x04, 0x33, 0x3f, 0x3f, 0x3f, 0x31, 0x1b,
    0x01, 0x33, 0x36, 0x1b, 0x01, 0xa4, 0x38, 0x1b, 0x05, 0x6b, 0x33, 0x33, 0xe2, 0xe2, 0x3e, 0x1b,
    0x02, 0x1f, 0xf1, 0x47, 0x1b, 0x07, 0xcf, 0xce, 0x01, 0xfc, 0xe2, 0x1e, 0xe2, 0x4f, 0x1b, 0x05,
    0x33, 0xce, 0xa4, 0x33, 0xa4, 0x55, 0x1b, 0x02, 0xa4, 0xa4, 0x58, 0x1b, 0x01, 0x33, 0x5a, 0x1b,
    0x01, 0x0c, 0xa6, 0x1b, 0x08, 0x0c, 0x0c, 0x0c, 0xfc, 0xee, 0xfc, 0xee, 0x33, 0xb0, 0x1b, 0x02,
    0xa4, 0x33, 0xb5, 0x1b, 0x02, 0xa4, 0x33, 0xb9, 0x1b, 0x01, 0x33, 0xbb, 0x1b, 0x02, 0xcf, 0x0c,
    0xbe, 0x1b, 0x01, 0x33, 0xc1, 0x1b, 0x01, 0x33, 0xc4, 0x1b, 0x01, 0xa4, 0xc8, 0x1b, 0x01, 0xa4,
    0xca, 0x1b, 0x08, 0xce, 0x33, 0xfc, 0xfc, 0x33, 0xa4, 0x97, 0x33, 0xd6, 0x1b, 0x01, 0xa4, 0xd8,
    0x1b, 0x01, 0x97, 0xdb, 0x1b, 0x01, 0x33, 0xdd, 0x1b, 0x01, 0x0c, 0x22, 0x1c, 0x02, 0x0c, 0x0c,
    0x25, 0x1c, 0x07, 0x0c, 0xf1, 0xf0, 0xf0, 0xee, 0x1f, 0x01, 0x2d, 0x1c, 0x03, 0xfc, 0xcf, 0x33,
    0x32, 0x1c, 0x06, 0xa4, 0x33, 0xa4, 0x33, 0x33, 0x33, 0x39, 0x1c, 0x02, 0x3f, 0x1e, 0x3c, 0x1c,
    0x05, 0x1e, 0x6a, 0xcf, 0x33, 0x33, 0x44, 0x1c, 0x02, 0xa4, 0x33, 0x49, 0x1c, 0x09, 0x33, 0x33,
    0xd1, 0x1e, 0x1e, 0x1e, 0xcf, 0x33, 0x33, 0x55, 0x1c, 0x01, 0xa4, 0x58, 0x1c, 0x01, 0x33, 0x5b,
    0x1c, 0x05, 0x33, 0xcf, 0xfc, 0x1f, 0x0c, 0x9f, 0x1c, 0x08, 0x0c, 0x0c, 0x0c, 0x0c, 0xf0, 0xf0,
    0xf1, 0x01, 0xa8, 0x1c, 0x01, 0x1e, 0xaa, 0x1c, 0x01, 0x1e, 0xaf, 0x1c, 0x09, 0xfc, 0xce, 0x97,
    0x33, 0x33, 0x33, 0x33, 0x3f, 0x01, 0xba, 0x1c, 0x04, 0x1e, 0x1e, 0x01, 0x01, 0xbf, 0x1c, 0x03,
    0x01, 0xcf, 0x33, 0xc3, 0x1c, 0x01, 0x97, 0xc9, 0x1c, 0x01, 0xcf, 0xcb, 0x1c, 0x04, 0x1e, 0x1e,
    0x1e, 0x01, 0xd2, 0x1c, 0x01, 0xcf, 0xd4, 0x1c, 0x03, 0x33, 0xa4, 0x33, 0xd9, 0x1c, 0x05, 0x33,
    0xce, 0xfc, 0xf0, 0x1e, 0xe0, 0x1c, 0x01, 0x1e, 0xe2, 0x1c, 0x01, 0x0c, 0x1b, 0x1d, 0x02, 0x0c,
    0x0c, 0x1e, 0x1d, 0x04, 0x0c, 0x3f, 0x33, 0x0c, 0x24, 0x1d, 0x01, 0x01, 0x27, 0x1d, 0x01, 0x1e,
    0x29, 0x1d, 0x01, 0x1e, 0x2b, 0x1d, 0x01, 0x01, 0x2f, 0x1d, 0x06, 0x01, 0xe2, 0xfc, 0xe2, 0x33,
    0x1e, 0x36, 0x1d, 0x01, 0x01, 0x3a, 0x1d, 0x01, 0x1e, 0x3c, 0x1d, 0x01, 0x01, 0x42, 0x1d, 0x01,
    0xfc, 0x44, 0x1d, 0x01, 0x33, 0x48, 0x1d, 0x01, 0x01, 0x4c, 0x1d, 0x02, 0x1e, 0x1f, 0x4f, 0x1d,
    0x01, 0x01, 0x53, 0x1d, 0x02, 0x01, 0x1e, 0x57, 0x1d, 0x04, 0x33, 0xcf, 0xfc, 0xf1, 0x5d, 0x1d,
    0x01, 0x1e, 0x61, 0x1d, 0x01, 0x01, 0x65, 0x1d, 0x01, 0xf1, 0x67, 0x1d, 0x01, 0x0c, 0x98, 0x1d,
    0x01, 0x0c, 0x9a, 0x1d, 0x0a, 0x33, 0x33, 0x3f, 0x3f, 0x3f, 0xa4, 0x33, 0xcf, 0xcf, 0xcf, 0xa9,
    0x1d, 0x02, 0x1e, 0x1e, 0xac, 0x1d, 0x02, 0x01, 0xfc, 0xaf, 0x1d, 0x02, 0x0c, 0xf0, 0xb3, 0x1d,
    0x01, 0x33, 0xb5, 0x1d, 0x01, 0xfc, 0xbc, 0x1d, 0x01, 0x1e, 0xbe, 0x1d, 0x01, 0x01, 0xc1, 0x1d,
    0x01, 0x1e, 0xc4, 0x1d, 0x01, 0xd1, 0xc6, 0x1d, 0x01, 0xfc, 0xcf, 0x1d, 0x01, 0x01, 0xd6, 0x1d,
    0x03, 0xe2, 0x33, 0x3f, 0xdb, 0x1d, 0x01, 0x01, 0xdd, 0x1d, 0x02, 0x01, 0x1e, 0xe2, 0x1d, 0x01,
    0x01, 0xe6, 0x1d, 0x01, 0x1f, 0xe8, 0x1d, 0x01, 0xf0, 0xea, 0x1d, 0x01, 0x0c, 0x14, 0x1e, 0x07,
    0x0c, 0x0c, 0x3f, 0x33, 0x33, 0x9b, 0x3f, 0x1f, 0x1e, 0x02, 0x33, 0x97, 0x23, 0x1e, 0x02, 0x97,
    0xfc, 0x26, 0x1e, 0x02, 0x1e, 0x1e, 0x29, 0x1e, 0x05, 0xfc, 0xfc, 0xf1, 0x0c, 0xcf, 0x33, 0x1e,
    0x01, 0x33, 0x35, 0x1e, 0x01, 0x33, 0x37, 0x1e, 0x01, 0xfc, 0x39, 0x1e, 0x01, 0x01, 0x3c, 0x1e,
    0x02, 0x1e, 0x01, 0x49, 0x1e, 0x02, 0xfc, 0xfc, 0x4c, 0x1e, 0x02, 0x1f, 0x1e, 0x52, 0x1e, 0x01,
    0x01, 0x54, 0x1e, 0x03, 0xfc, 0x33, 0x3f, 0x59, 0x1e, 0x03, 0xa4, 0xcf, 0xcf, 0x5f, 0x1e, 0x01,
    0x01, 0x63, 0x1e, 0x02, 0x01, 0x01, 0x67, 0x1e, 0x01, 0x1e, 0x69, 0x1e, 0x03, 0x73, 0xee, 0xee,
    0x94, 0x1e, 0x04, 0x33, 0x3f, 0x3f, 0x33, 0x9a, 0x1e, 0x04, 0xa4, 0xa4, 0x33, 0x33, 0x9f, 0x1e,
    0x03, 0xa4, 0xa4, 0x33, 0xa4, 0x1e, 0x07, 0xa4, 0xfd, 0xfc, 0xe2, 0xee, 0x33, 0xce, 0xad, 0x1e,
    0x03, 0xa4, 0x33, 0xa4, 0xb2, 0x1e, 0x01, 0xa4, 0xb7, 0x1e, 0x02, 0x97, 0xfc, 0xbd, 0x1e, 0x01,
    0xfc, 0xbf, 0x1e, 0x01, 0xce, 0xc2, 0x1e, 0x03, 0xa4, 0x33, 0x33, 0xc6, 0x1e, 0x03, 0x33, 0x97,
    0xa4, 0xca, 0x1e, 0x02, 0xa4, 0x33, 0xd2, 0x1e, 0x03, 0xce, 0x3f, 0x33, 0xd6, 0x1e, 0x01, 0xa4,
    0xda, 0x1e, 0x01, 0x97, 0xdd, 0x1e, 0x02, 0xcf, 0x6b, 0xe1, 0x1e, 0x01, 0x1e, 0xe6, 0x1e, 0x05,
    0x01, 0xfc, 0x9c, 0x0c, 0x83, 0x13, 0x1f, 0x01, 0x53, 0x17, 0x1f, 0x02, 0xa4, 0x33, 0x1c, 0x1f,
    0x02, 0xa4, 0x33, 0x21, 0x1f, 0x07, 0xa4, 0x33, 0x33, 0x33, 0xcf, 0xfc, 0xe2, 0x29, 0x1f, 0x05,
    0xa4, 0xa4, 0x33, 0x33, 0x33, 0x33, 0x1f, 0x01, 0xa4, 0x35, 0x1f, 0x01, 0x33, 0x39, 0x1f, 0x04,
    0x33, 0xfc, 0xe2, 0xe2, 0x3f, 0x1f, 0x03, 0xa4, 0xa4, 0x33, 0x47, 0x1f, 0x05, 0xa4, 0xa4, 0x33,
    0xa4, 0x33, 0x4f, 0x1f, 0x04, 0xe2, 0xcf, 0x0c, 0x33, 0x55, 0x1f, 0x02, 0x33, 0xa4, 0x58, 0x1f,
    0x01, 0x33, 0x5b, 0x1f, 0x01, 0xa4, 0x60, 0x1f, 0x02, 0xa4, 0xce, 0x64, 0x1f, 0x01, 0x1e, 0x66,
    0x1f, 0x05, 0xfc, 0xac, 0x51, 0x6c, 0x9b, 0x93, 0x1f, 0x02, 0x9b, 0x53, 0x99, 0x1f, 0x02, 0xa4,
    0x33, 0x9d, 0x1f, 0x01, 0xa4, 0x9f, 0x1f, 0x0b, 0x33, 0x33, 0x33, 0xcf, 0xe2, 0xe2, 0xcf, 0x01,
    0xe2, 0x33, 0xa4, 0xb2, 0x1f, 0x02, 0x33, 0x33, 0xb8, 0x1f, 0x01, 0x33, 0xbb, 0x1f, 0x02, 0xfd,
    0xe2, 0xbe, 0x1f, 0x01, 0x33, 0xc7, 0x1f, 0x01, 0x97, 0xc9, 0x1f, 0x01, 0x33, 0xcf, 0x1f, 0x02,
    0x0c, 0xe2, 0xd2, 0x1f, 0x01, 0xa4, 0xd4, 0x1f, 0x01, 0xa4, 0xda, 0x1f, 0x01, 0xa4, 0xdc, 0x1f,
    0x01, 0x33, 0xde, 0x1f, 0x01, 0xa4, 0xe4, 0x1f, 0x01, 0x6b, 0xe6, 0x1f, 0x04, 0xb3, 0x9b, 0x5d,
    0x5d, 0x13, 0x20, 0x01, 0x5d, 0x16, 0x20, 0x01, 0xa4, 0x1a, 0x20, 0x09, 0x33, 0xa4, 0x33, 0x33,
    0x33, 0xcf, 0xcf, 0xfc, 0xcf, 0x27, 0x20, 0x01, 0x1e, 0x30, 0x20, 0x01, 0xa4, 0x36, 0x20, 0x03,
    0x33, 0x33, 0x1e, 0x3a, 0x20, 0x01, 0x1e, 0x3c, 0x20, 0x03, 0x1f, 0xfc, 0xfc, 0x45, 0x20, 0x02,
    0xa4, 0x33, 0x4d, 0x20, 0x04, 0x0c, 0xfc, 0x01, 0x01, 0x52, 0x20, 0x01, 0x6b, 0x5b, 0x20, 0x02,
    0xa4, 0x97, 0x5e, 0x20, 0x01, 0x33, 0x63, 0x20, 0x06, 0xa4, 0x53, 0x97, 0x9b, 0x5d, 0x5d, 0x93,
    0x20, 0x04, 0x5d, 0x69, 0x62, 0x33, 0x98, 0x20, 0x01, 0xa4, 0x9a, 0x20, 0x06, 0x33, 0x3f, 0xcf,
    0xce, 0xfd, 0xcf, 0xa1, 0x20, 0x01, 0x1e, 0xa4, 0x20, 0x01, 0x1e, 0xa6, 0x20, 0x01, 0x01, 0xaa,
    0x20, 0x01, 0xfc, 0xad, 0x20, 0x02, 0xa4, 0x33, 0xb3, 0x20, 0x03, 0x33, 0x33, 0xfc, 0xb8, 0x20,
    0x03, 0x1e, 0x1e, 0x1e, 0xbc, 0x20, 0x01, 0x01, 0xbf, 0x20, 0x01, 0xfc, 0xcb, 0x20, 0x01, 0xf0,
    0xd2, 0x20, 0x01, 0x1e, 0xd5, 0x20, 0x01, 0xcf, 0xda, 0x20, 0x02, 0xa4, 0x33, 0xe2, 0x20, 0x06,
    0xa5, 0x53, 0x51, 0x6c, 0x9b, 0x5d, 0x13, 0x21, 0x04, 0x05, 0x9b, 0x3a, 0x51, 0x18, 0x21, 0x05,
    0x3f, 0x6b, 0xe2, 0xfc, 0xcf, 0x21, 0x21, 0x01, 0x1e, 0x24, 0x21, 0x01, 0x1e, 0x26, 0x21, 0x01,
    0x01, 0x2b, 0x21, 0x02, 0x01, 0xfd, 0x2e, 0x21, 0x06, 0x33, 0xa4, 0x97, 0x33, 0xcf, 0xfc, 0x44,
    0x21, 0x02, 0x33, 0xa4, 0x47, 0x21, 0x01, 0xa4, 0x49, 0x21, 0x01, 0x3f, 0x4b, 0x21, 0x01, 0x01,
    0x4d, 0x21, 0x02, 0x1e, 0x1e, 0x50, 0x21, 0x01, 0x1e, 0x52, 0x21, 0x01, 0x01, 0x57, 0x21, 0x01,
    0xcf, 0x59, 0x21, 0x02, 0x33, 0x33, 0x5c, 0x21, 0x02, 0x97, 0x33, 0x60, 0x21, 0x06, 0xcf, 0xbc,
    0xa4, 0x31, 0x5d, 0x5d, 0x94, 0x21, 0x04, 0x05, 0x9b, 0x3a, 0x51, 0x99, 0x21, 0x01, 0xfc, 0x9f,
    0x21, 0x01, 0x1e, 0xa1, 0x21, 0x01, 0x1e, 0xa4, 0x21, 0x01, 0x01, 0xa8, 0x21, 0x01, 0x01, 0xaf,
    0x21, 0x03, 0x33, 0xfc, 0xcf, 0xb3, 0x21, 0x01, 0x01, 0xb5, 0x21, 0x01, 0x01, 0xb7, 0x21, 0x01,
    0x1e, 0xba, 0x21, 0x02, 0x1e, 0x1e, 0xbd, 0x21, 0x01, 0x01, 0xc2, 0x21, 0x03, 0x1e, 0xfc, 0x33,
    0xc7, 0x21, 0x01, 0x3f, 0xc9, 0x21, 0x02, 0x01, 0x01, 0xcc, 0x21, 0x01, 0x01, 0xcf, 0x21, 0x01,
    0x1e, 0xd1, 0x21, 0x01, 0x1e, 0xd3, 0x21, 0x01, 0x01, 0xd9, 0x21, 0x02, 0x01, 0xfc, 0xdd, 0x21,
    0x08, 0xa4, 0x33, 0xcf, 0x33, 0x51, 0xa4, 0x9b, 0x5d, 0x15, 0x22, 0x04, 0x05, 0x3f, 0xf7, 0x60,
    0x1a, 0x22, 0x01, 0x1e, 0x1c, 0x22, 0x01, 0x01, 0x1e, 0x22, 0x02, 0x01, 0x1e, 0x23, 0x22, 0x01,
    0x1e, 0x2b, 0x22, 0x03, 0x01, 0xfc, 0xd1, 0x2f, 0x22, 0x02, 0x33, 0x1e, 0x34, 0x22, 0x01, 0x01,
    0x36, 0x22, 0x02, 0x01, 0x1e, 0x3b, 0x22, 0x01, 0x1f, 0x3d, 0x22, 0x01, 0x01, 0x44, 0x22, 0x02,
    0x1e, 0xe2, 0x47, 0x22, 0x01, 0xe2, 0x49, 0x22, 0x07, 0x1e, 0x01, 0x01, 0x01, 0x01, 0x1e, 0x1e,
    0x52, 0x22, 0x01, 0x1e, 0x54, 0x22, 0x01, 0x01, 0x59, 0x22, 0x01, 0x1f, 0x5b, 0x22, 0x02, 0x1e,
    0xd1, 0x5e, 0x22, 0x06, 0xa4, 0x33, 0x51, 0x62, 0x9b, 0x5d, 0x96, 0x22, 0x04, 0x05, 0x5d, 0xad,
    0x96, 0x9c, 0x22, 0x01, 0x01, 0x9e, 0x22, 0x01, 0x01, 0xa2, 0x22, 0x01, 0x1e, 0xa9, 0x22, 0x04,
    0x1e, 0xfc, 0xcf, 0x33, 0xaf, 0x22, 0x01, 0xa4, 0xb1, 0x22, 0x01, 0x6b, 0xb7, 0x22, 0x03, 0x1e,
    0x1e, 0x1e, 0xbb, 0x22, 0x04, 0x1f, 0x01, 0x01, 0x01, 0xc1, 0x22, 0x08, 0x1e, 0x1e, 0x1e, 0xfd,
    0x33, 0xd1, 0x33, 0xfc, 0xcb, 0x22, 0x01, 0x01, 0xcd, 0x22, 0x01, 0x01, 0xcf, 0x22, 0x01, 0x1e,
    0xd2, 0x22, 0x01, 0x1f, 0xd5, 0x22, 0x02, 0x01, 0x01, 0xdd, 0x22, 0x06, 0x75, 0x97, 0xc6, 0xc6,
    0x9b, 0x5d, 0x17, 0x23, 0x04, 0x05, 0x5d, 0x6b, 0xfd, 0x1e, 0x23, 0x01, 0x1e, 0x23, 0x23, 0x01,
    0x01, 0x25, 0x23, 0x01, 0x01, 0x27, 0x23, 0x01, 0xfc, 0x29, 0x23, 0x02, 0xd1, 0x33, 0x2d, 0x23,
    0x03, 0xa4, 0x33, 0xa4, 0x32, 0x23, 0x01, 0xcf, 0x34, 0x23, 0x05, 0x01, 0x01, 0x1f, 0x01, 0x1e,
    0x3c, 0x23, 0x01, 0x01, 0x3e, 0x23, 0x01, 0x01, 0x41, 0x23, 0x03, 0x1e, 0xee, 0x33, 0x48, 0x23,
    0x01, 0x6b, 0x4a, 0x23, 0x01, 0xfc, 0x4c, 0x23, 0x01, 0x01, 0x4e, 0x23, 0x01, 0x01, 0x53, 0x23,
    0x01, 0x1e, 0x5a, 0x23, 0x08, 0x1e, 0x1e, 0x6b, 0x60, 0x31, 0xc6, 0x5d, 0x5d, 0x98, 0x23, 0x03,
    0x05, 0x58, 0xad, 0xa1, 0x23, 0x03, 0x1e, 0x1e, 0x01, 0xa5, 0x23, 0x04, 0xfd, 0xcf, 0x33, 0x33,
    0xab, 0x23, 0x01, 0xa4, 0xaf, 0x23, 0x01, 0x33, 0xb2, 0x23, 0x07, 0x33, 0x33, 0x01, 0x01, 0x01,
    0x1f, 0x1e, 0xbb, 0x23, 0x01, 0x1e, 0xbf, 0x23, 0x04, 0x01, 0xf0, 0xfc, 0x33, 0xc6, 0x23, 0x01,
    0xa4, 0xca, 0x23, 0x04, 0xcf, 0x33, 0xfc, 0x01, 0xcf, 0x23, 0x01, 0x1f, 0xd2, 0x23, 0x01, 0x1e,
    0xd4, 0x23, 0x04, 0x1f, 0x01, 0x01, 0x01, 0xdb, 0x23, 0x05, 0x6b, 0x97, 0x62, 0xc6, 0x3f, 0x19,
    0x24, 0x03, 0x5d, 0x58, 0x6b, 0x22, 0x24, 0x05, 0xfc, 0xfd, 0xce, 0x33, 0xcf, 0x28, 0x24, 0x02,
    0xa4, 0x33, 0x2b, 0x24, 0x01, 0xa4, 0x2d, 0x24, 0x01, 0x97, 0x2f, 0x24, 0x02, 0x33, 0xa4, 0x34,
    0x24, 0x05, 0xa4, 0xcf, 0x01, 0x01, 0x1f, 0x3a, 0x24, 0x07, 0x1e, 0x1e, 0x01, 0x01, 0xf1, 0xfd,
    0x33, 0x45, 0x24, 0x03, 0xa4, 0xa4, 0xa4, 0x4c, 0x24, 0x06, 0xce, 0x33, 0xfd, 0x01, 0x1f, 0x1e,
    0x54, 0x24, 0x01, 0x1e, 0x5a, 0x24, 0x03, 0x6a, 0xf7, 0x31, 0x5e, 0x24, 0x01, 0x5d, 0x9a, 0x24,
    0x01, 0x5d, 0x9c, 0x24, 0x0a, 0x9d, 0xfd, 0x1f, 0x1e, 0xe2, 0x1e, 0xd1, 0x33, 0xcf, 0xa4, 0xa7,
    0x24, 0x02, 0x33, 0xa4, 0xaa, 0x24, 0x01, 0x33, 0xaf, 0x24, 0x03, 0x33, 0xa4, 0xa4, 0xb3, 0x24,
    0x02, 0x33, 0xa4, 0xb6, 0x24, 0x04, 0xfc, 0x01, 0x1f, 0x1e, 0xbb, 0x24, 0x01, 0x1e, 0xbd, 0x24,
    0x02, 0xfc, 0x33, 0xc2, 0x24, 0x05, 0xa4, 0xa4, 0xa4, 0x33, 0x33, 0xc8, 0x24, 0x01, 0xa4, 0xca,
    0x24, 0x02, 0xa4, 0xa4, 0xcd, 0x24, 0x04, 0xa4, 0xcf, 0x6a, 0xfd, 0xd4, 0x24, 0x01, 0x1e, 0xd7,
    0x24, 0x02, 0x01, 0x01, 0xdb, 0x24, 0x01, 0xf7, 0xdd, 0x24, 0x01, 0x5d, 0x1b, 0x25, 0x03, 0x58,
    0xc6, 0xce, 0x1f, 0x25, 0x03, 0xd1, 0xcf, 0x33, 0x23, 0x25, 0x04, 0xa4, 0xa4, 0x33, 0xa4, 0x28,
    0x25, 0x01, 0x33, 0x2e, 0x25, 0x02, 0xa4, 0xa4, 0x31, 0x25, 0x02, 0x33, 0xa4, 0x34, 0x25, 0x01,
    0x33, 0x36, 0x25, 0x01, 0x33, 0x38, 0x25, 0x02, 0x01, 0x1e, 0x3b, 0x25, 0x03, 0xfc, 0xcf, 0x33,
    0x41, 0x25, 0x03, 0xa4, 0x97, 0x33, 0x46, 0x25, 0x05, 0xa4, 0xa4, 0xa4, 0x33, 0x33, 0x4c, 0x25,
    0x08, 0xa4, 0xa4, 0x97, 0x33, 0x33, 0xce, 0xfc, 0x1e, 0x57, 0x25, 0x01, 0x01, 0x59, 0x25, 0x01,
    0xa4, 0x5c, 0x25, 0x01, 0x5d, 0x9c, 0x25, 0x04, 0x9e, 0x62, 0x6a, 0x33, 0xa3, 0x25, 0x04, 0x33,
    0xa4, 0xa4, 0x33, 0xac, 0x25, 0x01, 0xa4, 0xae, 0x25, 0x03, 0x33, 0x97, 0xa4, 0xb2, 0x25, 0x01,
    0x33, 0xba, 0x25, 0x02, 0xd1, 0x33, 0xbf, 0x25, 0x02, 0xa4, 0x97, 0xc2, 0x25, 0x01, 0x33, 0xcb,
    0x25, 0x04, 0xa4, 0x97, 0xa4, 0x33, 0xd2, 0x25, 0x03, 0x33, 0xd1, 0xe2, 0xd9, 0x25, 0x01, 0x62,
    0xdb, 0x25, 0x01, 0x5d, 0x1d, 0x26, 0x03, 0x62, 0x31, 0x96, 0x21, 0x26, 0x01, 0x33, 0x24, 0x26,
    0x01, 0x33, 0x2b, 0x26, 0x01, 0xa4, 0x2d, 0x26, 0x01, 0x97, 0x2f, 0x26, 0x02, 0x33, 0x33, 0x37,
    0x26, 0x02, 0x33, 0xcf, 0x3a, 0x26, 0x01, 0x33, 0x3e, 0x26, 0x02, 0xa4, 0x97, 0x41, 0x26, 0x01,
    0x33, 0x49, 0x26, 0x03, 0xa4, 0x97, 0x97, 0x54, 0x26, 0x05, 0x33, 0x01, 0x53, 0x31, 0xa4, 0x9e,
    0x26, 0x05, 0xc6, 0x31, 0x96, 0x33, 0x33, 0xaa, 0x26, 0x03, 0xa4, 0x33, 0xa4, 0xae, 0x26, 0x01,
    0x33, 0xb5, 0x26, 0x0b, 0x33, 0xcf, 0xcf, 0xfc, 0x1e, 0xfc, 0x75, 0x33, 0x97, 0x33, 0x33, 0xc8,
    0x26, 0x04, 0x33, 0x97, 0x33, 0x33, 0xd4, 0x26, 0x03, 0x97, 0x53, 0x31, 0xd8, 0x26, 0x01, 0x62,
    0x1e, 0x27, 0x04, 0x05, 0x62, 0x53, 0x33, 0x29, 0x27, 0x01, 0xa4, 0x33, 0x27, 0x05, 0x33, 0xd1,
    0xd1, 0xfc, 0x1e, 0x39, 0x27, 0x06, 0x1e, 0x1e, 0x1e, 0xe2, 0x33, 0x33, 0x47, 0x27, 0x02, 0xa4,
    0x97, 0x4a, 0x27, 0x01, 0x33, 0x53, 0x27, 0x01, 0x97, 0x55, 0x27, 0x02, 0x31, 0x62, 0x9f, 0x27,
    0x01, 0x5d, 0xa1, 0x27, 0x02, 0xc7, 0xa5, 0xa7, 0x27, 0x04, 0xa4, 0xa4, 0x33, 0xa4, 0xac, 0x27,
    0x01, 0x33, 0xb1, 0x27, 0x04, 0x33, 0x3f, 0xcf, 0xfc, 0xb6, 0x27, 0x02, 0x1e, 0x1e, 0xbd, 0x27,
    0x03, 0xfc, 0xcf, 0x33, 0xc6, 0x27, 0x04, 0xa4, 0x33, 0xa4, 0x33, 0xd1, 0x27, 0x02, 0xa4, 0x60,
    0xd4, 0x27, 0x02, 0x31, 0xc6, 0x20, 0x28, 0x01, 0x9e, 0x22, 0x28, 0x02, 0x53, 0xa5, 0x26, 0x28,
    0x02, 0xa4, 0x33, 0x29, 0x28, 0x03, 0xa4, 0xa4, 0x33, 0x30, 0x28, 0x03, 0x3f, 0xcf, 0xcf, 0x34,
    0x28, 0x06, 0x1e, 0x1e, 0x1e, 0x1e, 0x01, 0x1e, 0x3e, 0x28, 0x03, 0xfc, 0xcf, 0x33, 0x45, 0x28,
    0x01, 0xa4, 0x47, 0x28, 0x02, 0x97, 0x33, 0x50, 0x28, 0x06, 0xfc, 0x33, 0x62, 0x62, 0x62, 0x5d,
    0xa1, 0x28, 0x01, 0x58, 0xa3, 0x28, 0x02, 0x33, 0xa4, 0xa7, 0x28, 0x02, 0xa4, 0xa4, 0xae, 0x28,
    0x04, 0x33, 0xcf, 0xcf, 0xfc, 0xb4, 0x28, 0x03, 0x1e, 0x1e, 0x1e, 0xb8, 0x28, 0x02, 0x1f, 0x1e,
    0xbb, 0x28, 0x01, 0x01, 0xbd, 0x28, 0x01, 0x01, 0xbf, 0x28, 0x04, 0xfc, 0xcf, 0xcf, 0x33, 0xc6,
    0x28, 0x02, 0x97, 0x33, 0xcf, 0x28, 0x06, 0xfc, 0x33, 0x62, 0xa4, 0xc6, 0x5d, 0x21, 0x29, 0x06,
    0x05, 0x9e, 0xa4, 0x33, 0xa4, 0xa4, 0x28, 0x29, 0x0a, 0x33, 0xa4, 0xa4, 0x33, 0x33, 0xce, 0xce,
    0xfc, 0x01, 0x01, 0x33, 0x29, 0x01, 0x1e, 0x35, 0x29, 0x01, 0x1e, 0x37, 0x29, 0x03, 0x1e, 0x1f,
    0x1e, 0x3c, 0x29, 0x01, 0x01, 0x3f, 0x29, 0x01, 0x01, 0x41, 0x29, 0x05, 0xcf, 0xcf, 0x97, 0xa4,
    0x97, 0x49, 0x29, 0x02, 0xa4, 0xa4, 0x4d, 0x29, 0x04, 0xa4, 0x73, 0x60, 0xa4, 0x53, 0x29, 0x01,
    0x5d, 0xa2, 0x29, 0x01, 0x05, 0xa5, 0x29, 0x02, 0x60, 0x33, 0xab, 0x29, 0x09, 0x6b, 0xcf, 0xce,
    0x01, 0x01, 0x01, 0x01, 0x1e, 0x1e, 0xb6, 0x29, 0x04, 0x01, 0x1e, 0x1f, 0x1e, 0xbc, 0x29, 0x01,
    0x01, 0xbf, 0x29, 0x02, 0x01, 0x01, 0xc2, 0x29, 0x04, 0xfc, 0xcf, 0xfc, 0x33, 0xc7, 0x29, 0x04,
    0x33, 0x33, 0x33, 0xa4, 0xcc, 0x29, 0x05, 0x33, 0xa4, 0xef, 0x31, 0x62, 0xd2, 0x29, 0x01, 0x5d,
    0x23, 0x2a, 0x01, 0x5d, 0x25, 0x2a, 0x02, 0xc7, 0x53, 0x28, 0x2a, 0x0a, 0x33, 0xd1, 0xcf, 0xcf,
    0xfc, 0x01, 0x01, 0x01, 0x01, 0x01, 0x33, 0x2a, 0x02, 0x1e, 0x1e, 0x37, 0x2a, 0x04, 0x1e, 0x1f,
    0x1e, 0x01, 0x3c, 0x2a, 0x01, 0x01, 0x3f, 0x2a, 0x02, 0x01, 0x01, 0x42, 0x2a, 0x07, 0x1e, 0xfc,
    0xcf, 0xcf, 0x33, 0x33, 0xa4, 0x4b, 0x2a, 0x04, 0x33, 0xf7, 0xbc, 0x31, 0x50, 0x2a, 0x02, 0x62,
    0x5d, 0xa4, 0x2a, 0x07, 0x5d, 0x62, 0x51, 0x82, 0xcf, 0xcf, 0xfc, 0xac, 0x2a, 0x03, 0x1e, 0x01,
    0x01, 0xb0, 0x2a, 0x05, 0x01, 0x1f, 0x01, 0x1e, 0x1e, 0xb6, 0x2a, 0x06, 0x1e, 0x1f, 0x1f, 0x1e,
    0x1e, 0x01, 0xbd, 0x2a, 0x01, 0x01, 0xbf, 0x2a, 0x09, 0x01, 0x01, 0x1e, 0x1e, 0x1e, 0x1e, 0xcf,
    0xcf, 0xcf, 0xca, 0x2a, 0x06, 0xbc, 0x97, 0xf7, 0xf7, 0x62, 0x5d, 0x24, 0x2b, 0x05, 0x05, 0x9e,
    0x62, 0xd1, 0x73, 0x2a, 0x2b, 0x01, 0x1e, 0x2c, 0x2b, 0x08, 0x1e, 0x01, 0x01, 0x01, 0x01, 0x01,
    0x01, 0x1e, 0x35, 0x2b, 0x07, 0x1e, 0x1f, 0x1e, 0x1f, 0x1e, 0x1e, 0x01, 0x3d, 0x2b, 0x01, 0x01,
    0x3f, 0x2b, 0x02, 0x01, 0x01, 0x42, 0x2b, 0x03, 0x1e, 0x1e, 0x1e, 0x46, 0x2b, 0x09, 0xfc, 0xcf,
    0xfc, 0x97, 0x97, 0x62, 0xc6, 0xc6, 0x3f, 0xa5, 0x2b, 0x06, 0x05, 0x9e, 0xf7, 0x60, 0x6a, 0xfc,
    0xae, 0x2b, 0x02, 0x01, 0x01, 0xb1, 0x2b, 0x0a, 0x01, 0x1f, 0x1f, 0x1e, 0x1e, 0x1f, 0x1e, 0x1f,
    0x1e, 0x1e, 0xbc, 0x2b, 0x02, 0x01, 0x01, 0xc2, 0x2b, 0x02, 0x1e, 0x1e, 0xc5, 0x2b, 0x01, 0x1e,
    0xc7, 0x2b, 0x07, 0xfc, 0xcf, 0x33, 0x62, 0xc6, 0x62, 0x5d, 0x26, 0x2c, 0x06, 0x05, 0x58, 0xf7,
    0x60, 0x6b, 0xfc, 0x2e, 0x2c, 0x02, 0x01, 0x01, 0x31, 0x2c, 0x05, 0x01, 0x1f, 0x1f, 0x1e, 0x1e,
    0x37, 0x2c, 0x04, 0x1f, 0x1f, 0x1f, 0x1e, 0x3c, 0x2c, 0x03, 0x01, 0x01, 0x01, 0x43, 0x2c, 0x01,
    0x1e, 0x46, 0x2c, 0x04, 0xfc, 0xcf, 0x51, 0x53, 0x4b, 0x2c, 0x02, 0xc6, 0x5d, 0xa7, 0x2c, 0x01,
    0x5d, 0xa9, 0x2c, 0x04, 0x6b, 0x60, 0x6a, 0xfc, 0xae, 0x2c, 0x0b, 0x01, 0x01, 0x01, 0x01, 0x1f,
    0x1f, 0x1e, 0x1e, 0x1e, 0x01, 0x1f, 0xba, 0x2c, 0x01, 0x1e, 0xbc, 0x2c, 0x03, 0x01, 0x01, 0x01,
    0xc3, 0x2c, 0x07, 0x1e, 0x1e, 0x6a, 0x9c, 0xc7, 0xa4, 0x62, 0xcb, 0x2c, 0x01, 0x3f, 0x28, 0x2d,
    0x0e, 0x5d, 0x31, 0xad, 0x6b, 0xcf, 0xfc, 0x01, 0x01, 0x01, 0x1e, 0x1f, 0x01, 0x1f, 0x1e, 0x37,
    0x2d, 0x08, 0x1f, 0x1f, 0x1f, 0x1e, 0x1e, 0x01, 0x01, 0x01, 0x40, 0x2d, 0x02, 0x1e, 0x01, 0x43,
    0x2d, 0x05, 0xfc, 0x6a, 0x6b, 0xc7, 0xc6, 0x49, 0x2d, 0x02, 0x5d, 0x5d, 0xa8, 0x2d, 0x09, 0x05,
    0x5d, 0x31, 0xad, 0xcf, 0x6b, 0xfc, 0x01, 0x01, 0xb2, 0x2d, 0x03, 0x01, 0x1f, 0x1f, 0xb6, 0x2d,
    0x06, 0x1e, 0x1e, 0x1f, 0x1f, 0x01, 0x1e, 0xbd, 0x2d, 0x03, 0x01, 0x01, 0x1f, 0xc2, 0x2d, 0x05,
    0xfc, 0x9c, 0x60, 0xc6, 0xc6, 0xc8, 0x2d, 0x02, 0x5d, 0x5d, 0x29, 0x2e, 0x0c, 0x05, 0x9e, 0x62,
    0x33, 0xcf, 0x6b, 0xfd, 0x01, 0x01, 0x01, 0x1f, 0x1f, 0x38, 0x2e, 0x04, 0x1f, 0x1f, 0x01, 0x1e,
    0x3d, 0x2e, 0x03, 0x01, 0x01, 0x01, 0x41, 0x2e, 0x05, 0x6a, 0x6b, 0x60, 0xde, 0x62, 0x47, 0x2e,
    0x02, 0x5d, 0x5d, 0xaa, 0x2e, 0x0b, 0x3f, 0x58, 0xf7, 0x51, 0xcf, 0x6a, 0xfd, 0x01, 0x01, 0x1f,
    0x1f, 0xb6, 0x2e, 0x06, 0x1e, 0x1e, 0x1f, 0x1f, 0x01, 0x1e, 0xbd, 0x2e, 0x0b, 0x01, 0x01, 0xfd,
    0x6a, 0x9c, 0x33, 0xde, 0x31, 0x62, 0x5d, 0x5d, 0x2b, 0x2f, 0x0b, 0x5d, 0x58, 0xc6, 0x51, 0xcf,
    0x6b, 0xfd, 0x1e, 0x1f, 0x1f, 0x1e, 0x38, 0x2f, 0x04, 0x1f, 0x1f, 0x01, 0x01, 0x3d, 0x2f, 0x07,
    0x01, 0xfd, 0x6b, 0x6b, 0x51, 0xbc, 0x31, 0x45, 0x2f, 0x02, 0x3f, 0x5d, 0xab, 0x2f, 0x0d, 0x05,
    0x5d, 0x3a, 0xc7, 0xad, 0xce, 0x6a, 0xfc, 0x01, 0x1f, 0x1e, 0x1e, 0x1e, 0xb9, 0x2f, 0x03, 0x1f,
    0x01, 0x01, 0xbd, 0x2f, 0x06, 0x6b, 0x6b, 0x6a, 0xc6, 0xbc, 0xf7, 0xc4, 0x2f, 0x02, 0x5d, 0x3f,
    0x2c, 0x30, 0x19, 0x05, 0x5d, 0x69, 0xad, 0x6a, 0xce, 0x6b, 0xe2, 0x1e, 0x1f, 0x1e, 0x1e, 0x1e,
    0x1f, 0x1f, 0xfc, 0x6a, 0xcf, 0x9d, 0xc6, 0xc6, 0x31, 0x5d, 0x5d, 0x5d, 0xad, 0x30, 0x17, 0x5d,
    0x5d, 0x9e, 0xac, 0xac, 0xcf, 0x6b, 0x1e, 0x1f, 0x1e, 0x1e, 0x1e, 0x1f, 0xe2, 0x6a, 0x9c, 0x97,
    0xc7, 0x31, 0x62, 0x5d, 0x5d, 0x5d, 0x2e, 0x31, 0x15, 0x3f, 0x5d, 0x9e, 0x33, 0xad, 0xd1, 0x75,
    0x1f, 0x1e, 0x1e, 0x1e, 0x6b, 0x74, 0xcf, 0x60, 0xa5, 0x31, 0x31, 0x3f, 0x5d, 0x5d, 0xae, 0x31,
    0x08, 0x05, 0x5d, 0x5d, 0x86, 0x51, 0xad, 0xd1, 0x75, 0xb7, 0x31, 0x0b, 0xe2, 0x75, 0x6a, 0x75,
    0x51, 0xa5, 0x53, 0x31, 0x5d, 0x3f, 0x5d, 0x2f, 0x32, 0x12, 0x05, 0x5d, 0x9b, 0xde, 0x51, 0x75,
    0x82, 0x97, 0x6b, 0xd1, 0x82, 0x51, 0xa4, 0x31, 0x53, 0x5d, 0x5d, 0x3f, 0xb0, 0x32, 0x10, 0x5d,
    0x9b, 0x6c, 0xc7, 0xb3, 0xb3, 0xf6, 0xf7, 0xd1, 0xad, 0xa5, 0xc6, 0x31, 0x5d, 0x5d, 0x5d, 0x31,
    0x33, 0x0e, 0x9b, 0x3f, 0x6c, 0xc7, 0xa5, 0x31, 0x53, 0xa5, 0x01, 0x31, 0x9b, 0x5d, 0x5d, 0x5d,
    0xb2, 0x33, 0x05, 0x5d, 0x5d, 0x6c, 0x53, 0x31, 0xb9, 0x33, 0x05, 0x62, 0x5d, 0x9b, 0x5d, 0x5d,
    0x32, 0x34, 0x04, 0x05, 0x5d, 0x5d, 0x5d, 0x38, 0x34, 0x05, 0x62, 0x5d, 0x3f, 0x5d, 0x5d, 0xb3,
    0x34, 0x04, 0x05, 0x5d, 0x5d, 0x5d, 0xb8, 0x34, 0x04, 0x9b, 0x5d, 0x5d, 0x5d, 0x34, 0x35, 0x03,
    0x5d, 0x5d, 0x5d, 0x38, 0x35, 0x03, 0x5d, 0x5d, 0x5d, 0xb5, 0x35, 0x01, 0x0c, 0xb9, 0x35, 0x01,
    0x0c, 0xc3, 0x17, 0x02, 0x0c, 0x0c, 0x3f, 0x18, 0x02, 0x0c, 0x0c, 0x42, 0x18, 0x04, 0x33, 0x33,
    0x3f, 0x3f, 0x47, 0x18, 0x01, 0x0c, 0xbc, 0x18, 0x06, 0x0c, 0x0c, 0x0c, 0x33, 0x3f, 0x3f, 0xc6,
    0x18, 0x01, 0xa4, 0xc8, 0x18, 0x02, 0x3f, 0x33, 0x38, 0x19, 0x06, 0x0c, 0x0c, 0x0c, 0x0c, 0xee,
    0xf0, 0x40, 0x19, 0x02, 0x33, 0xa4, 0x49, 0x19, 0x02, 0x33, 0x3f, 0x4c, 0x19, 0x01, 0x0c, 0xb5,
    0x19, 0x05, 0x0c, 0x0c, 0x0c, 0xf0, 0xf1, 0xbb, 0x19, 0x03, 0x1e, 0x1e, 0x1f, 0xc1, 0x19, 0x01,
    0xcf, 0xc6, 0x19, 0x06, 0x33, 0x3f, 0xfc, 0xfc, 0xd1, 0x1e, 0xcf, 0x19, 0x01, 0xf0, 0x31, 0x1a,
    0x01, 0x0c, 0x33, 0x1a, 0x03, 0x0c, 0x3f, 0x3f, 0x3e, 0x1a, 0x01, 0x01, 0x42, 0x1a, 0x03, 0xfc,
    0xfd, 0x0c, 0x46, 0x1a, 0x02, 0xcf, 0x01, 0x49, 0x1a, 0x01, 0x01, 0x4c, 0x1a, 0x03, 0x1e, 0x01,
    0x01, 0x51, 0x1a, 0x02, 0x01, 0xf0, 0x54, 0x1a, 0x01, 0x0c, 0xad, 0x1a, 0x01, 0x0c, 0xaf, 0x1a,
    0x05, 0x0c, 0x3f, 0x3f, 0x3f, 0xa4, 0xb6, 0x1a, 0x01, 0xa4, 0xba, 0x1a, 0x01, 0x01, 0xbc, 0x1a,
    0x01, 0x1e, 0xbf, 0x1a, 0x05, 0xfd, 0xfd, 0xfc, 0x0c, 0xcf, 0xc6, 0x1a, 0x02, 0xcf, 0xfc, 0xc9,
    0x1a, 0x03, 0x01, 0x01, 0x1e, 0xcd, 0x1a, 0x03, 0x1f, 0x1e, 0x01, 0xd1, 0x1a, 0x01, 0xfc, 0xd3,
    0x1a, 0x03, 0x33, 0x3f, 0x3f, 0x2c, 0x1b, 0x03, 0x3f, 0x3f, 0x3f, 0x31, 0x1b, 0x02, 0x33, 0xa4,
    0x37, 0x1b, 0x02, 0xa4, 0xa4, 0x3a, 0x1b, 0x01, 0xa4, 0x3c, 0x1b, 0x01, 0xfd, 0x3e, 0x1b, 0x03,
    0xe2, 0xf0, 0xce, 0x43, 0x1b, 0x02, 0xa4, 0x33, 0x47, 0x1b, 0x01, 0xa4, 0x49, 0x1b, 0x02, 0xcf,
    0xfc, 0x4e, 0x1b, 0x06, 0xfc, 0xfc, 0xfd, 0x33, 0x3f, 0xa4, 0x56, 0x1b, 0x01, 0xa4, 0x58, 0x1b,
    0x01, 0x3f, 0xa9, 0x1b, 0x07, 0xf0, 0xee, 0x1e, 0x1e, 0xe2, 0x33, 0x33, 0xb5, 0x1b, 0x03, 0xa4,
    0x33, 0x33, 0xb9, 0x1b, 0x01, 0x33, 0xbb, 0x1b, 0x03, 0x33, 0x3f, 0xd1, 0xbf, 0x1b, 0x03, 0xa4,
    0xa4, 0x33, 0xc9, 0x1b, 0x01, 0x33, 0xcc, 0x1b, 0x02, 0x33, 0xfc, 0xcf, 0x1b, 0x03, 0x3f, 0xa4,
    0x33, 0xdb, 0x1b, 0x01, 0x3f, 0x26, 0x1c, 0x01, 0xf1, 0x29, 0x1c, 0x01, 0x1e, 0x2c, 0x1c, 0x01,
    0x01, 0x2f, 0x1c, 0x02, 0xfd, 0x33, 0x32, 0x1c, 0x04, 0xa4, 0x33, 0xa4, 0x33, 0x37, 0x1c, 0x01,
    0x33, 0x39, 0x1c, 0x01, 0x3f, 0x3d, 0x1c, 0x03, 0x01, 0x1e, 0xcf, 0x46, 0x1c, 0x01, 0x33, 0x4a,
    0x1c, 0x08, 0x33, 0x33, 0xd1, 0xf0, 0xd1, 0xcf, 0x33, 0x33, 0x53, 0x1c, 0x01, 0x33, 0x58, 0x1c,
    0x01, 0x33, 0x5a, 0x1c, 0x01, 0xa4, 0x5d, 0x1c, 0x03, 0x33, 0xee, 0x0c, 0x9e, 0x1c, 0x01, 0x0c,
    0xa0, 0x1c, 0x01, 0x0c, 0xa8, 0x1c, 0x01, 0x1e, 0xac, 0x1c, 0x01, 0x01, 0xb0, 0x1c, 0x01, 0x01,
    0xb4, 0x1c, 0x01, 0x33, 0xb6, 0x1c, 0x01, 0x3f, 0xb8, 0x1c, 0x01, 0x01, 0xba, 0x1c, 0x01, 0x1e,
    0xbc, 0x1c, 0x02, 0x1e, 0x01, 0xc1, 0x1c, 0x03, 0xcf, 0x33, 0x97, 0xc7, 0x1c, 0x02, 0x33, 0x33,
    0xca, 0x1c, 0x01, 0xf0, 0xcc, 0x1c, 0x02, 0x1e, 0x1e, 0xcf, 0x1c, 0x01, 0x1e, 0xd1, 0x1c, 0x02,
    0xcf, 0xcf, 0xd4, 0x1c, 0x03, 0x33, 0xa4, 0x33, 0xd9, 0x1c, 0x01, 0x33, 0xdb, 0x1c, 0x08, 0x33,
    0x3f, 0xfc, 0xd1, 0x1e, 0x1e, 0x1e, 0xee, 0xe4, 0x1c, 0x01, 0x0c, 0x1a, 0x1d, 0x01, 0x0c, 0x1c,
    0x1d, 0x01, 0x0c, 0x21, 0x1d, 0x01, 0x33, 0x2f, 0x1d, 0x01, 0xfc, 0x34, 0x1d, 0x01, 0x1e, 0x38,
    0x1d, 0x03, 0x01, 0x1e, 0x1e, 0x3c, 0x1d, 0x01, 0x1f, 0x3e, 0x1d, 0x01, 0x01, 0x43, 0x1d, 0x02,
    0xce, 0x33, 0x47, 0x1d, 0x01, 0xf0, 0x4d, 0x1d, 0x03, 0x1e, 0x01, 0x01, 0x53, 0x1d, 0x03, 0xcf,
    0xcf, 0x33, 0x59, 0x1d, 0x04, 0x33, 0x3f, 0xfd, 0xcf, 0x5e, 0x1d, 0x02, 0x1e, 0x1e, 0x61, 0x1d,
    0x01, 0x01, 0x65, 0x1d, 0x01, 0xf0, 0x96, 0x1d, 0x03, 0x0c, 0x0c, 0x0c, 0x9e, 0x1d, 0x03, 0xa4,
    0xa4, 0x33, 0xa3, 0x1d, 0x01, 0x33, 0xa6, 0x1d, 0x02, 0x1f, 0x1e, 0xa9, 0x1d, 0x02, 0x1e, 0x01,
    0xac, 0x1d, 0x02, 0xfc, 0xfc, 0xaf, 0x1d, 0x02, 0x3f, 0x3f, 0xb2, 0x1d, 0x03, 0xa4, 0x33, 0xcf,
    0xb7, 0x1d, 0x01, 0x01, 0xc3, 0x1d, 0x05, 0xfc, 0xee, 0xd1, 0xfc, 0xfc, 0xcf, 0x1d, 0x01, 0x01,
    0xd6, 0x1d, 0x03, 0xd1, 0x33, 0x0c, 0xda, 0x1d, 0x02, 0x33, 0x01, 0xdd, 0x1d, 0x06, 0x01, 0x1e,
    0x1e, 0x1e, 0x1e, 0x1e, 0xe4, 0x1d, 0x01, 0x01, 0xe6, 0x1d, 0x01, 0x01, 0xe8, 0x1d, 0x01, 0xf0,
    0x13, 0x1e, 0x03, 0x0c, 0x0c, 0x33, 0x27, 0x1e, 0x02, 0x1e, 0xe2, 0x2a, 0x1e, 0x03, 0xfd, 0x3f,
    0x3f, 0x2e, 0x1e, 0x03, 0xa4, 0x33, 0x33, 0x32, 0x1e, 0x01, 0xa4, 0x36, 0x1e, 0x02, 0xcf, 0xfc,
    0x3f, 0x1e, 0x01, 0xfc, 0x41, 0x1e, 0x01, 0xf0, 0x46, 0x1e, 0x03, 0x97, 0xcf, 0x33, 0x4a, 0x1e,
    0x01, 0xfd, 0x4c, 0x1e, 0x01, 0x01, 0x50, 0x1e, 0x02, 0x01, 0x01, 0x55, 0x1e, 0x04, 0xfc, 0xf0,
    0x33, 0xcf, 0x5b, 0x1e, 0x03, 0xfc, 0xfc, 0xfc, 0x5f, 0x1e, 0x02, 0x01, 0x1e, 0x62, 0x1e, 0x02,
    0x1e, 0x1f, 0x65, 0x1e, 0x01, 0x01, 0x67, 0x1e, 0x01, 0x1e, 0x6a, 0x1e, 0x04, 0x1e, 0x1e, 0xf0,
    0x0c, 0x94, 0x1e, 0x01, 0xa4, 0x96, 0x1e, 0x02, 0x33, 0x33, 0x9d, 0x1e, 0x03, 0xa4, 0x33, 0xa4,
    0xa1, 0x1e, 0x01, 0x33, 0xa4, 0x1e, 0x01, 0x33, 0xa6, 0x1e, 0x03, 0xfc, 0x33, 0x3f, 0xaa, 0x1e,
    0x01, 0xa4, 0xad, 0x1e, 0x02, 0xa4, 0x33, 0xb6, 0x1e, 0x02, 0xa4, 0x97, 0xb9, 0x1e, 0x02, 0x01,
    0x1e, 0xbc, 0x1e, 0x01, 0x1e, 0xbe, 0x1e, 0x02, 0x0c, 0xce, 0xc2, 0x1e, 0x01, 0xa4, 0xc4, 0x1e,
    0x02, 0x97, 0x33, 0xc7, 0x1e, 0x02, 0xa4, 0xa4, 0xca, 0x1e, 0x03, 0xcf, 0x33, 0xfd, 0xcf, 0x1e,
    0x01, 0x1e, 0xd1, 0x1e, 0x01, 0x01, 0xd3, 0x1e, 0x03, 0xf0, 0xfc, 0x33, 0xda, 0x1e, 0x02, 0x97,
    0x33, 0xde, 0x1e, 0x06, 0xfc, 0xfc, 0xfd, 0x1e, 0x1e, 0x1e, 0xe5, 0x1e, 0x03, 0x1f, 0x01, 0x01,
    0xe9, 0x1e, 0x04, 0xfc, 0x73, 0xee, 0x9b, 0x13, 0x1f, 0x02, 0x6c, 0x33, 0x1b, 0x1f, 0x03, 0xa4,
    0xa4, 0x33, 0x21, 0x1f, 0x07, 0x33, 0x33, 0xfc, 0xfc, 0x01, 0x1e, 0x1e, 0x29, 0x1f, 0x04, 0xa4,
    0xa4, 0x33, 0x33, 0x30, 0x1f, 0x01, 0xa4, 0x33, 0x1f, 0x03, 0xa4, 0xa4, 0x33, 0x3b, 0x1f, 0x02,
    0x0c, 0xd1, 0x41, 0x1f, 0x01, 0x33, 0x46, 0x1f, 0x02, 0x33, 0x33, 0x4b, 0x1f, 0x05, 0x33, 0xce,
    0x33, 0xe2, 0xe2, 0x51, 0x1f, 0x03, 0xf0, 0xfd, 0x33, 0x60, 0x1f, 0x04, 0x97, 0xfd, 0xfd, 0xfc,
    0x65, 0x1f, 0x01, 0x1e, 0x67, 0x1f, 0x06, 0x01, 0xfd, 0x9d, 0x97, 0x3f, 0x6c, 0x94, 0x1f, 0x01,
    0x31, 0x98, 0x1f, 0x03, 0xa4, 0xa4, 0x33, 0x9d, 0x1f, 0x02, 0x33, 0x33, 0xa0, 0x1f, 0x03, 0xfc,
    0xfc, 0x1e, 0xa4, 0x1f, 0x01, 0x1e, 0xa6, 0x1f, 0x03, 0x01, 0x1e, 0xfc, 0xb0, 0x1f, 0x03, 0x33,
    0xa4, 0x33, 0xb7, 0x1f, 0x01, 0x33, 0xb9, 0x1f, 0x04, 0x0c, 0x01, 0xfd, 0x33, 0xbe, 0x1f, 0x03,
    0xa4, 0x33, 0x33, 0xc8, 0x1f, 0x01, 0xa4, 0xcf, 0x1f, 0x02, 0x0c, 0xfc, 0xe3, 0x1f, 0x01, 0x33,
    0xe5, 0x1f, 0x01, 0xe2, 0xe7, 0x1f, 0x05, 0x6b, 0xad, 0xc6, 0x9b, 0x5d, 0x14, 0x20, 0x03, 0x3f,
    0x33, 0x97, 0x19, 0x20, 0x01, 0x33, 0x1c, 0x20, 0x03, 0xce, 0xfd, 0xfc, 0x20, 0x20, 0x01, 0x1e,
    0x22, 0x20, 0x01, 0x1e, 0x24, 0x20, 0x03, 0x1e, 0x01, 0x01, 0x29, 0x20, 0x02, 0xfc, 0xcf, 0x2e,
    0x20, 0x01, 0x33, 0x31, 0x20, 0x01, 0x33, 0x34, 0x20, 0x05, 0x33, 0x33, 0x0c, 0xcf, 0x1e, 0x3b,
    0x20, 0x04, 0x1e, 0x1e, 0xfc, 0x33, 0x45, 0x20, 0x01, 0xa4, 0x4d, 0x20, 0x01, 0x3f, 0x4f, 0x20,
    0x01, 0xfd, 0x51, 0x20, 0x01, 0xe2, 0x53, 0x20, 0x02, 0x33, 0x33, 0x5c, 0x20, 0x01, 0xa4, 0x5e,
    0x20, 0x01, 0x33, 0x65, 0x20, 0x07, 0x33, 0x97, 0x51, 0x62, 0x5d, 0x9b, 0x5d, 0x94, 0x20, 0x02,
    0x05, 0x58, 0x97, 0x20, 0x01, 0x33, 0x99, 0x20, 0x04, 0xd1, 0xfc, 0xf0, 0x01, 0x9e, 0x20, 0x02,
    0x01, 0x1e, 0xa2, 0x20, 0x03, 0x1e, 0x1e, 0x1f, 0xa6, 0x20, 0x01, 0x01, 0xaa, 0x20, 0x02, 0xfc,
    0xcf, 0xad, 0x20, 0x04, 0xa4, 0x97, 0x33, 0xa4, 0xb2, 0x20, 0x03, 0x33, 0x0c, 0xfc, 0xbf, 0x20,
    0x02, 0xfc, 0x33, 0xc4, 0x20, 0x01, 0xa4, 0xcb, 0x20, 0x01, 0x3f, 0xcd, 0x20, 0x01, 0x1e, 0xcf,
    0x20, 0x01, 0x1e, 0xd1, 0x20, 0x04, 0x1f, 0x1e, 0xfc, 0xcf, 0xd6, 0x20, 0x01, 0x33, 0xdd, 0x20,
    0x01, 0x33, 0xe4, 0x20, 0x07, 0x33, 0x9c, 0x18, 0xc6, 0x5d, 0x5d, 0x5d, 0x15, 0x21, 0x04, 0x05,
    0x58, 0x96, 0xf0, 0x1a, 0x21, 0x01, 0x1e, 0x1c, 0x21, 0x01, 0x01, 0x1e, 0x21, 0x07, 0x01, 0x1e,
    0x1e, 0x1e, 0x1f, 0x1f, 0x1f, 0x26, 0x21, 0x01, 0x01, 0x29, 0x21, 0x01, 0x01, 0x2b, 0x21, 0x02,
    0xfc, 0x1f, 0x2f, 0x21, 0x03, 0x97, 0x9b, 0xfc, 0x33, 0x21, 0x03, 0x01, 0x01, 0x01, 0x37, 0x21,
    0x04, 0x1e, 0x1e, 0x1e, 0x1e, 0x3c, 0x21, 0x01, 0x01, 0x40, 0x21, 0x07, 0xfc, 0xcf, 0x33, 0x33,
    0x33, 0xa4, 0x33, 0x49, 0x21, 0x01, 0x3f, 0x4d, 0x21, 0x01, 0x1e, 0x55, 0x21, 0x02, 0xfc, 0xcf,
    0x58, 0x21, 0x01, 0x33, 0x5b, 0x21, 0x02, 0xa4, 0x33, 0x63, 0x21, 0x06, 0x53, 0x51, 0x31, 0x6c,
    0x3f, 0x5d, 0x96, 0x21, 0x03, 0x05, 0x51, 0xfc, 0x9c, 0x21, 0x01, 0x01, 0x9e, 0x21, 0x01, 0x01,
    0xa0, 0x21, 0x02, 0x1e, 0x1e, 0xa3, 0x21, 0x01, 0x1f, 0xa5, 0x21, 0x01, 0x01, 0xa8, 0x21, 0x01,
    0x01, 0xaa, 0x21, 0x06, 0x1e, 0x01, 0xfc, 0x33, 0xd1, 0xfc, 0xb2, 0x21, 0x01, 0x01, 0xb4, 0x21,
    0x01, 0x01, 0xb9, 0x21, 0x02, 0x1f, 0x01, 0xc2, 0x21, 0x02, 0xe2, 0x33, 0xc5, 0x21, 0x01, 0x33,
    0xc7, 0x21, 0x01, 0x3f, 0xcb, 0x21, 0x01, 0x01, 0xcd, 0x21, 0x02, 0x1e, 0x1e, 0xd2, 0x21, 0x01,
    0x01, 0xd7, 0x21, 0x05, 0xfc, 0xfc, 0xce, 0x97, 0x33, 0xdd, 0x21, 0x02, 0xa4, 0x33, 0xe1, 0x21,
    0x01, 0x33, 0xe4, 0x21, 0x04, 0x62, 0x5d, 0x5d, 0x5d, 0x17, 0x22, 0x02, 0x9e, 0x60, 0x1b, 0x22,
    0x01, 0x01, 0x1f, 0x22, 0x05, 0x1e, 0x1e, 0x1e, 0x1e, 0x01, 0x25, 0x22, 0x01, 0x01, 0x29, 0x22,
    0x04, 0xfc, 0xe2, 0xce, 0x33, 0x2e, 0x22, 0x02, 0x33, 0xcf, 0x33, 0x22, 0x01, 0x01, 0x35, 0x22,
    0x02, 0x1f, 0x1e, 0x39, 0x22, 0x02, 0x1e, 0x1f, 0x3c, 0x22, 0x01, 0x01, 0x40, 0x22, 0x06, 0x01,
    0x01, 0x1e, 0x1e, 0xe2, 0x33, 0x4e, 0x22, 0x01, 0x1e, 0x5a, 0x22, 0x02, 0xfc, 0xd1, 0x5e, 0x22,
    0x01, 0x33, 0x60, 0x22, 0x06, 0x33, 0x33, 0xa4, 0x31, 0x5d, 0x5d, 0x99, 0x22, 0x01, 0x6a, 0x9b,
    0x22, 0x09, 0x01, 0x01, 0x1f, 0x1f, 0x1e, 0x1e, 0x1e, 0x01, 0x01, 0xa5, 0x22, 0x06, 0x01, 0xfc,
    0xfc, 0xcf, 0xd1, 0x33, 0xae, 0x22, 0x03, 0xa4, 0x97, 0xfc, 0xb3, 0x22, 0x04, 0x01, 0x01, 0x01,
    0x01, 0xc1, 0x22, 0x01, 0x1e, 0xc5, 0x22, 0x03, 0x33, 0x1e, 0xfc, 0xce, 0x22, 0x02, 0x1e, 0x1e,
    0xd4, 0x22, 0x01, 0x01, 0xd6, 0x22, 0x01, 0x01, 0xda, 0x22, 0x01, 0x01, 0xdc, 0x22, 0x06, 0xe2,
    0xd1, 0xa4, 0xa4, 0xc6, 0xf7, 0xe3, 0x22, 0x02, 0x9b, 0x5d, 0x18, 0x23, 0x06, 0x05, 0x97, 0x01,
    0x01, 0x01, 0x01, 0x20, 0x23, 0x09, 0x1e, 0x1e, 0x1f, 0x01, 0xfd, 0xce, 0xcf, 0x33, 0xcf, 0x2c,
    0x23, 0x03, 0xa4, 0x97, 0x33, 0x31, 0x23, 0x01, 0xfc, 0x36, 0x23, 0x02, 0x1e, 0x1e, 0x39, 0x23,
    0x03, 0x1e, 0x1e, 0x01, 0x3d, 0x23, 0x01, 0x01, 0x42, 0x23, 0x01, 0x0c, 0x46, 0x23, 0x02, 0xa4,
    0x33, 0x49, 0x23, 0x01, 0xfc, 0x4b, 0x23, 0x01, 0x01, 0x4d, 0x23, 0x01, 0x01, 0x4f, 0x23, 0x01,
    0x1e, 0x53, 0x23, 0x01, 0x01, 0x55, 0x23, 0x01, 0x01, 0x5a, 0x23, 0x01, 0x1e, 0x5d, 0x23, 0x02,
    0xe2, 0x60, 0x60, 0x23, 0x03, 0x31, 0x62, 0x5d, 0x9a, 0x23, 0x04, 0x51, 0xfc, 0x01, 0x1f, 0x9f,
    0x23, 0x07, 0x1e, 0x1e, 0xfc, 0xf0, 0xce, 0xce, 0x33, 0xaa, 0x23, 0x03, 0xa4, 0xa4, 0x33, 0xb1,
    0x23, 0x04, 0x33, 0xfc, 0xcf, 0x01, 0xb9, 0x23, 0x01, 0x1e, 0xbb, 0x23, 0x04, 0x1f, 0x01, 0x01,
    0x01, 0xc0, 0x23, 0x02, 0x0c, 0x33, 0xc5, 0x23, 0x02, 0x33, 0xa4, 0xc8, 0x23, 0x02, 0x33, 0x33,
    0xcb, 0x23, 0x02, 0xfc, 0x01, 0xce, 0x23, 0x01, 0x01, 0xd2, 0x23, 0x02, 0x1e, 0x1f, 0xdb, 0x23,
    0x07, 0x01, 0xfc, 0xa4, 0xde, 0xa4, 0x9b, 0x5d, 0x1a, 0x24, 0x0a, 0x9e, 0x6b, 0xe2, 0x01, 0xfc,
    0xee, 0xd1, 0xcf, 0x33, 0x33, 0x26, 0x24, 0x01, 0xa4, 0x28, 0x24, 0x01, 0x97, 0x2d, 0x24, 0x04,
    0xa4, 0x33, 0x33, 0xa4, 0x32, 0x24, 0x06, 0x33, 0xcf, 0x6a, 0x01, 0x01, 0x1e, 0x39, 0x24, 0x01,
    0x1e, 0x3b, 0x24, 0x01, 0x01, 0x3d, 0x24, 0x03, 0x01, 0x0c, 0x33, 0x43, 0x24, 0x03, 0xa4, 0x33,
    0xa4, 0x4a, 0x24, 0x04, 0x33, 0xce, 0x01, 0xfd, 0x4f, 0x24, 0x01, 0x1f, 0x52, 0x24, 0x01, 0x1e,
    0x54, 0x24, 0x04, 0x1f, 0x01, 0x01, 0x01, 0x5a, 0x24, 0x04, 0x1e, 0x60, 0xf6, 0xc6, 0x5f, 0x24,
    0x02, 0x3f, 0x5d, 0x9a, 0x24, 0x01, 0x05, 0x9c, 0x24, 0x06, 0x60, 0xce, 0xd1, 0xd1, 0x33, 0xcf,
    0xa3, 0x24, 0x01, 0xa4, 0xa5, 0x24, 0x01, 0x97, 0xa7, 0x24, 0x01, 0x33, 0xaa, 0x24, 0x05, 0xa4,
    0x33, 0xa4, 0xa4, 0xa4, 0xb2, 0x24, 0x01, 0xa4, 0xb4, 0x24, 0x02, 0xce, 0xfd, 0xb9, 0x24, 0x05,
    0x1e, 0x1e, 0xfc, 0xcf, 0x33, 0xc1, 0x24, 0x01, 0xa4, 0xc3, 0x24, 0x02, 0xa4, 0x33, 0xc8, 0x24,
    0x02, 0xa4, 0xa4, 0xcc, 0x24, 0x03, 0x33, 0x6b, 0x01, 0xd0, 0x24, 0x02, 0x01, 0x1e, 0xd4, 0x24,
    0x03, 0x1e, 0x1e, 0x01, 0xd8, 0x24, 0x05, 0x01, 0xfc, 0xf7, 0xf7, 0x31, 0xde, 0x24, 0x01, 0x5d,
    0x1b, 0x25, 0x02, 0x58, 0x97, 0x1e, 0x25, 0x01, 0x33, 0x21, 0x25, 0x01, 0xa4, 0x23, 0x25, 0x03,
    0x97, 0xa4, 0x33, 0x2a, 0x25, 0x03, 0xa4, 0xa4, 0xa4, 0x2e, 0x25, 0x03, 0xa4, 0xa4, 0xa4, 0x32,
    0x25, 0x01, 0x33, 0x35, 0x25, 0x07, 0xce, 0xfc, 0xd1, 0x1e, 0xe2, 0xd1, 0x33, 0x3f, 0x25, 0x04,
    0xa4, 0x33, 0x97, 0x33, 0x48, 0x25, 0x01, 0xa4, 0x4c, 0x25, 0x07, 0xa4, 0xa4, 0xfd, 0xcf, 0xfc,
    0x1f, 0x1e, 0x54, 0x25, 0x01, 0x1e, 0x56, 0x25, 0x01, 0x01, 0x59, 0x25, 0x03, 0x18, 0x31, 0x62,
    0x5d, 0x25, 0x01, 0x5d, 0x9c, 0x25, 0x05, 0x58, 0xa4, 0xa5, 0x33, 0x33, 0xa3, 0x25, 0x01, 0x33,
    0xaa, 0x25, 0x03, 0x33, 0x33, 0xa4, 0xae, 0x25, 0x02, 0x33, 0x33, 0xb6, 0x25, 0x02, 0xd1, 0x33,
    0xb9, 0x25, 0x01, 0x33, 0xbc, 0x25, 0x01, 0xa4, 0xbe, 0x25, 0x03, 0x33, 0xa4, 0x33, 0xc8, 0x25,
    0x01, 0xa4, 0xca, 0x25, 0x03, 0x33, 0xa4, 0x33, 0xcf, 0x25, 0x04, 0x33, 0xce, 0xd1, 0xe2, 0xd5,
    0x25, 0x01, 0x1e, 0xd7, 0x25, 0x02, 0x96, 0x53, 0xda, 0x25, 0x01, 0xc6, 0x1c, 0x26, 0x06, 0x05,
    0x53, 0x60, 0x33, 0x33, 0x33, 0x28, 0x26, 0x01, 0xa4, 0x2a, 0x26, 0x02, 0x33, 0x97, 0x2d, 0x26,
    0x01, 0x33, 0x35, 0x26, 0x07, 0x33, 0xcf, 0xe2, 0xcf, 0x33, 0xa4, 0xa4, 0x3d, 0x26, 0x01, 0x33,
    0x3f, 0x26, 0x01, 0x33, 0x47, 0x26, 0x05, 0xa4, 0xa4, 0xa4, 0x33, 0x33, 0x51, 0x26, 0x0a, 0x33,
    0xd1, 0xcf, 0xe2, 0x96, 0xbc, 0xc6, 0xc6, 0xc6, 0x9b, 0x9d, 0x26, 0x04, 0x5d, 0x51, 0x53, 0x33,
    0xa7, 0x26, 0x02, 0xa4, 0x33, 0xaa, 0x26, 0x02, 0xa4, 0x33, 0xb3, 0x26, 0x09, 0x33, 0xce, 0xfc,
    0x01, 0x1e, 0xfc, 0x75, 0x33, 0x97, 0xbd, 0x26, 0x02, 0x33, 0x33, 0xc5, 0x26, 0x05, 0xa4, 0x33,
    0x33, 0x33, 0x33, 0xd3, 0x26, 0x03, 0xa4, 0x96, 0xa4, 0xd8, 0x26, 0x02, 0x62, 0x5d, 0x1d, 0x27,
    0x02, 0x05, 0x58, 0x21, 0x27, 0x01, 0x33, 0x26, 0x27, 0x02, 0xa4, 0x33, 0x29, 0x27, 0x01, 0xa4,
    0x31, 0x27, 0x07, 0x33, 0xd1, 0xe2, 0x1e, 0x1e, 0x01, 0x1e, 0x39, 0x27, 0x04, 0xe2, 0xd1, 0xcf,
    0x33, 0x44, 0x27, 0x01, 0xa4, 0x47, 0x27, 0x02, 0xa4, 0x33, 0x52, 0x27, 0x03, 0x33, 0x60, 0xf7,
    0x56, 0x27, 0x02, 0xc6, 0x62, 0x9e, 0x27, 0x04, 0x05, 0x62, 0x62, 0xa5, 0xa5, 0x27, 0x05, 0xa4,
    0x33, 0xa4, 0xa4, 0x33, 0xaf, 0x27, 0x05, 0x33, 0xcf, 0xfc, 0xee, 0x1e, 0xb6, 0x27, 0x01, 0x01,
    0xba, 0x27, 0x04, 0xfc, 0xcf, 0xcf, 0x33, 0xc4, 0x27, 0x04, 0xa4, 0x33, 0xa4, 0x33, 0xd0, 0x27,
    0x02, 0xcf, 0x01, 0xd5, 0x27, 0x01, 0xc6, 0x1f, 0x28, 0x03, 0x5d, 0x97, 0x62, 0x23, 0x28, 0x02,
    0xa4, 0x33, 0x26, 0x28, 0x02, 0xa4, 0x33, 0x2d, 0x28, 0x04, 0x33, 0xcf, 0xcf, 0xee, 0x32, 0x28,
    0x04, 0x1e, 0x1e, 0x1e, 0x1e, 0x38, 0x28, 0x02, 0x01, 0x1e, 0x3c, 0x28, 0x03, 0xcf, 0xcf, 0x33,
    0x43, 0x28, 0x03, 0xa4, 0x33, 0xa4, 0x47, 0x28, 0x01, 0x33, 0x4f, 0x28, 0x02, 0x33, 0x96, 0x52,
    0x28, 0x04, 0x31, 0x62, 0xc6, 0x5d, 0x9f, 0x28, 0x08, 0x05, 0x3f, 0xc6, 0xa4, 0x33, 0xa4, 0xa4,
    0x33, 0xa8, 0x28, 0x03, 0xa4, 0x33, 0x33, 0xac, 0x28, 0x03, 0xce, 0xcf, 0xfc, 0xb1, 0x28, 0x05,
    0x1e, 0x1e, 0x1e, 0x1e, 0x1f, 0xb8, 0x28, 0x02, 0x01, 0x1e, 0xbd, 0x28, 0x03, 0xce, 0xcf, 0x33,
    0xc2, 0x28, 0x01, 0xa4, 0xc4, 0x28, 0x01, 0x33, 0xc6, 0x28, 0x01, 0x33, 0xcd, 0x28, 0x04, 0x33,
    0xa5, 0x33, 0x53, 0xd2, 0x28, 0x01, 0xc6, 0x20, 0x29, 0x03, 0x9b, 0x86, 0xa4, 0x24, 0x29, 0x03,
    0x33, 0x33, 0xa4, 0x29, 0x29, 0x06, 0xa4, 0xce, 0xce, 0xfd, 0x01, 0x01, 0x31, 0x29, 0x02, 0x1e,
    0x1e, 0x35, 0x29, 0x01, 0x1f, 0x38, 0x29, 0x01, 0x01, 0x3d, 0x29, 0x07, 0x01, 0x01, 0xce, 0xcf,
    0xa4, 0x33, 0xa4, 0x45, 0x29, 0x01, 0x33, 0x4c, 0x29, 0x05, 0x33, 0x01, 0xbc, 0x53, 0x62, 0xa1,
    0x29, 0x06, 0x9b, 0x09, 0x62, 0xa4, 0x33, 0x33, 0xa8, 0x29, 0x07, 0xcf, 0xcf, 0xfd, 0x01, 0x01,
    0x01, 0x01, 0xb0, 0x29, 0x02, 0x1e, 0x1e, 0xb5, 0x29, 0x02, 0x1f, 0x01, 0xb8, 0x29, 0x01, 0x01,
    0xbc, 0x29, 0x01, 0x01, 0xbe, 0x29, 0x05, 0x01, 0xfd, 0x6a, 0xfc, 0x33, 0xc4, 0x29, 0x02, 0x97,
    0x33, 0xc7, 0x29, 0x02, 0x33, 0x33, 0xca, 0x29, 0x01, 0x33, 0xcc, 0x29, 0x05, 0x60, 0x53, 0x31,
    0x62, 0x62, 0x21, 0x2a, 0x15, 0x05, 0x9b, 0x62, 0x51, 0xa5, 0xcf, 0xcf, 0xfc, 0x1e, 0x01, 0x01,
    0x01, 0x01, 0x01, 0x1e, 0x1e, 0x1e, 0x1e, 0x1e, 0x1e, 0x1f, 0x38, 0x2a, 0x01, 0x01, 0x3c, 0x2a,
    0x01, 0x01, 0x3f, 0x2a, 0x0d, 0x1f, 0xfd, 0xcf, 0xd1, 0x33, 0xa4, 0x33, 0xa4, 0x33, 0xa4, 0x33,
    0xa5, 0x33, 0x4d, 0x2a, 0x02, 0x62, 0xc6, 0x50, 0x2a, 0x01, 0x3f, 0xa2, 0x2a, 0x06, 0x5d, 0x3f,
    0xb3, 0xcf, 0xe2, 0x1e, 0xaa, 0x2a, 0x05, 0x01, 0x01, 0x01, 0x01, 0x01, 0xb0, 0x2a, 0x01, 0x1e,
    0xb2, 0x2a, 0x04, 0x1e, 0x1f, 0x1e, 0x01, 0xb7, 0x2a, 0x02, 0x01, 0x01, 0xbc, 0x2a, 0x02, 0x01,
    0x01, 0xbf, 0x2a, 0x06, 0x1f, 0x1f, 0xe2, 0xd1, 0xd1, 0xd1, 0xc7, 0x2a, 0x08, 0x33, 0xa5, 0x53,
    0x18, 0xc6, 0xa4, 0xc6, 0x62, 0x22, 0x2b, 0x06, 0x05, 0x5d, 0x09, 0x6b, 0xcf, 0x1e, 0x29, 0x2b,
    0x01, 0x1e, 0x2b, 0x2b, 0x0c, 0x01, 0x01, 0x01, 0x01, 0x1f, 0x1e, 0x1e, 0x1e, 0x1f, 0x1e, 0x1f,
    0x01, 0x3f, 0x2b, 0x02, 0x1f, 0x1f, 0x43, 0x2b, 0x03, 0xd1, 0xcf, 0xcf, 0x47, 0x2b, 0x03, 0xa5,
    0x33, 0xf7, 0x4c, 0x2b, 0x02, 0xc6, 0x5d, 0xa3, 0x2b, 0x06, 0x05, 0x6c, 0xf5, 0x6b, 0x9c, 0xfc,
    0xaa, 0x2b, 0x03, 0x01, 0x01, 0x01, 0xae, 0x2b, 0x04, 0x01, 0x1f, 0x1e, 0x1e, 0xb3, 0x2b, 0x04,
    0x1e, 0x1f, 0x1f, 0x01, 0xb8, 0x2b, 0x01, 0x01, 0xbb, 0x2b, 0x01, 0x01, 0xbd, 0x2b, 0x01, 0x01,
    0xbf, 0x2b, 0x02, 0x1e, 0x1e, 0xc3, 0x2b, 0x06, 0x1e, 0xfc, 0x74, 0x6b, 0x60, 0x62, 0xca, 0x2b,
    0x01, 0xc6, 0xcc, 0x2b, 0x01, 0x5d, 0x24, 0x2c, 0x0e, 0x5d, 0x9a, 0xf5, 0xad, 0x9c, 0xfc, 0x01,
    0x01, 0x01, 0x1e, 0x01, 0x1f, 0x1e, 0x1e, 0x33, 0x2c, 0x07, 0x1e, 0x1f, 0x1f, 0x1e, 0x01, 0x01,
    0x01, 0x3d, 0x2c, 0x01, 0x01, 0x3f, 0x2c, 0x02, 0x1e, 0x1e, 0x42, 0x2c, 0x0a, 0x1e, 0xe2, 0x73,
    0x6b, 0x97, 0x62, 0xc6, 0x62, 0xc6, 0x5d, 0xa4, 0x2c, 0x05, 0x05, 0x5d, 0x0c, 0xad, 0xad, 0xaa,
    0x2c, 0x07, 0xfc, 0x01, 0x01, 0x1e, 0x01, 0x1f, 0x1f, 0xb3, 0x2c, 0x03, 0x1e, 0x1f, 0x1f, 0xb7,
    0x2c, 0x02, 0x01, 0x01, 0xbd, 0x2c, 0x01, 0x01, 0xc0, 0x2c, 0x07, 0x1e, 0xfc, 0x6b, 0x6d, 0x82,
    0xc7, 0x53, 0xc8, 0x2c, 0x03, 0x62, 0x3f, 0x5d, 0x25, 0x2d, 0x05, 0x5d, 0x3f, 0xf0, 0xad, 0x9c,
    0x2b, 0x2d, 0x02, 0x01, 0x01, 0x2e, 0x2d, 0x03, 0x01, 0x1f, 0x1f, 0x34, 0x2d, 0x06, 0x1f, 0x01,
    0x1f, 0x01, 0x01, 0x01, 0x3b, 0x2d, 0x01, 0x1e, 0x3f, 0x2d, 0x08, 0x1e, 0xe2, 0x6b, 0x9c, 0x60,
    0xc7, 0xc6, 0xc6, 0x48, 0x2d, 0x01, 0x5d, 0xa6, 0x2d, 0x08, 0x5d, 0x83, 0xf5, 0xad, 0x9c, 0x01,
    0x01, 0x01, 0xaf, 0x2d, 0x08, 0x1f, 0x1f, 0x1e, 0x1e, 0x1e, 0x1f, 0x1f, 0x1e, 0xb8, 0x2d, 0x04,
    0x01, 0x01, 0x01, 0x1e, 0xbe, 0x2d, 0x07, 0xfc, 0xd1, 0x73, 0x6b, 0x51, 0x31, 0x31, 0xc6, 0x2d,
    0x02, 0x5d, 0x5d, 0x26, 0x2e, 0x0c, 0x05, 0x5d, 0x0c, 0xf4, 0x6b, 0xce, 0xfd, 0x01, 0x1e, 0x1f,
    0x1f, 0x1f, 0x33, 0x2e, 0x08, 0x1e, 0x1f, 0x1f, 0x01, 0x1e, 0x01, 0x01, 0x01, 0x3d, 0x2e, 0x0a,
    0xfc, 0x6b, 0xcf, 0x9c, 0xc7, 0xa4, 0x31, 0x51, 0x5d, 0x5d, 0xa7, 0x2e, 0x0b, 0x5d, 0x6c, 0x0c,
    0xcf, 0xac, 0x9c, 0xe2, 0x1e, 0x1f, 0x1f, 0x01, 0xb3, 0x2e, 0x04, 0x1e, 0x1f, 0x1f, 0x01, 0xb8,
    0x2e, 0x0e, 0x01, 0x01, 0x01, 0xfc, 0x6b, 0x73, 0x6b, 0x51, 0xc7, 0x31, 0x62, 0x5d, 0x5d, 0x5d,
    0x27, 0x2f, 0x0c, 0x05, 0x5d, 0x3f, 0xf0, 0xac, 0xac, 0x6b, 0xfc, 0x1e, 0x1e, 0x1f, 0x1e, 0x34,
    0x2f, 0x0d, 0x1f, 0x1f, 0x01, 0x1e, 0x01, 0x01, 0xfd, 0x6b, 0x9c, 0x9c, 0x97, 0xa5, 0xc6, 0x42,
    0x2f, 0x03, 0x3f, 0x5d, 0x5d, 0xa8, 0x2f, 0x0a, 0x05, 0x5d, 0x0c, 0xf5, 0xac, 0xcf, 0x6a, 0x1e,
    0x1f, 0x1f, 0xb4, 0x2f, 0x03, 0x1e, 0x1f, 0x1f, 0xb8, 0x2f, 0x08, 0xe2, 0xce, 0x72, 0xce, 0x9c,
    0xc6, 0x01, 0xa4, 0xc1, 0x2f, 0x03, 0x3f, 0x9b, 0x5d, 0x29, 0x30, 0x09, 0x5d, 0x6c, 0x0c, 0xf5,
    0xac, 0x82, 0x1e, 0x1f, 0x1f, 0x33, 0x30, 0x0f, 0x1e, 0x1e, 0x1f, 0x01, 0xfc, 0x6b, 0xce, 0x9d,
    0x51, 0xc7, 0x62, 0xf7, 0x5d, 0x5d, 0x5d, 0xa9, 0x30, 0x0a, 0x05, 0x5d, 0x9a, 0xf0, 0xad, 0xb3,
    0x75, 0x1f, 0x1f, 0x1e, 0xb4, 0x30, 0x0d, 0x1e, 0xe2, 0x3d, 0x6a, 0x9c, 0xce, 0x51, 0xc7, 0x31,
    0xc6, 0x5d, 0x5d, 0x5d, 0x2a, 0x31, 0x16, 0x5d, 0x5d, 0x0c, 0xf1, 0xcf, 0xb3, 0x75, 0xe2, 0x1e,
    0x1e, 0xe2, 0x75, 0x6d, 0xcf, 0x9c, 0xa4, 0x01, 0x62, 0x31, 0x3f, 0x5d, 0x5d, 0xab, 0x31, 0x07,
    0x5d, 0x9b, 0x0c, 0xeb, 0xb3, 0xad, 0x6d, 0xb3, 0x31, 0x0c, 0x23, 0x74, 0x82, 0x9c, 0x51, 0xc6,
    0xa5, 0xc6, 0x5d, 0x3f, 0x3f, 0x5d, 0x2b, 0x32, 0x0c, 0x05, 0x5d, 0x9a, 0xf0, 0xeb, 0xb3, 0x97,
    0x18, 0x33, 0xd1, 0x82, 0x51, 0x38, 0x32, 0x06, 0x62, 0x53, 0x5d, 0x3f, 0x5d, 0x3f, 0xac, 0x32,
    0x11, 0x5d, 0x5d, 0x0c, 0x0c, 0x8e, 0x01, 0xf7, 0xa5, 0xb3, 0xb3, 0xc7, 0x31, 0x62, 0x5d, 0x3f,
    0x5d, 0x5d, 0x2c, 0x33, 0x0f, 0x05, 0x5d, 0x6c, 0x9b, 0x9a, 0xf7, 0x53, 0x53, 0xa5, 0xc7, 0x31,
    0x6c, 0x3f, 0x9b, 0x5d, 0xad, 0x33, 0x05, 0x05, 0x5d, 0x83, 0x9b, 0x6c, 0xb3, 0x33, 0x07, 0x62,
    0x31, 0x31, 0x6c, 0x5d, 0x3f, 0x5d, 0x2e, 0x34, 0x06, 0x5d, 0x6c, 0x5d, 0x5d, 0x58, 0x62, 0x35,
    0x34, 0x04, 0x5d, 0x5d, 0x5d, 0x3f, 0xae, 0x34, 0x0a, 0x05, 0x5d, 0x5d, 0x5d, 0x5d, 0x05, 0x5d,
    0x5d, 0x5d, 0x5d, 0x2f, 0x35, 0x03, 0x5d, 0x5d, 0x5d, 0x34, 0x35, 0x03, 0x5d, 0x5d, 0x5d, 0xb0,
    0x35, 0x01, 0x0c, 0xb5, 0x35, 0x01, 0x0c, 0x42, 0x18, 0x02, 0x0c, 0x0c, 0x47, 0x18, 0x01, 0x0c,
    0xbe, 0x18, 0x02, 0x0c, 0x0c, 0xc2, 0x18, 0x02, 0x33, 0x33, 0xc7, 0x18, 0x02, 0x33, 0x3f, 0x3a,
    0x19, 0x02, 0x0c, 0x0c, 0x3d, 0x19, 0x06, 0x0c, 0xe2, 0xfc, 0xe2, 0x97, 0x33, 0x49, 0x19, 0x01,
    0x33, 0x4b, 0x19, 0x01, 0x3f, 0xb6, 0x19, 0x02, 0x0c, 0x0c, 0xb9, 0x19, 0x04, 0x0c, 0xfc, 0x01,
    0x1e, 0xbe, 0x19, 0x01, 0x01, 0xc0, 0x19, 0x04, 0x01, 0xcf, 0xfc, 0x33, 0xc5, 0x19, 0x01, 0xa4,
    0xc8, 0x19, 0x01, 0x33, 0xca, 0x19, 0x06, 0x33, 0x1e, 0x1e, 0x1e, 0x01, 0xfc, 0x32, 0x1a, 0x0b,
    0x0c, 0x0c, 0x0c, 0x0c, 0x33, 0x33, 0xcf, 0xfc, 0x01, 0x01, 0x1f, 0x3e, 0x1a, 0x03, 0x1e, 0x1e,
    0x01, 0x43, 0x1a, 0x09, 0x01, 0xfd, 0x33, 0x33, 0xcf, 0x01, 0x01, 0x01, 0x1e, 0x4d, 0x1a, 0x03,
    0x1f, 0x1f, 0x01, 0xae, 0x1a, 0x05, 0x0c, 0x0c, 0x0c, 0x0c, 0x3f, 0xb4, 0x1a, 0x03, 0xa4, 0xa4,
    0x97, 0xb9, 0x1a, 0x04, 0x33, 0xcf, 0xfd, 0x01, 0xbf, 0x1a, 0x01, 0x01, 0xc1, 0x1a, 0x01, 0xfd,
    0xc3, 0x1a, 0x02, 0xfc, 0xd1, 0xc7, 0x1a, 0x01, 0x33, 0xc9, 0x1a, 0x01, 0xfc, 0xcb, 0x1a, 0x03,
    0x01, 0x1e, 0x1e, 0xd0, 0x1a, 0x01, 0x01, 0xd3, 0x1a, 0x02, 0xfc, 0xf1, 0xd7, 0x1a, 0x01, 0x0c,
    0x2a, 0x1b, 0x05, 0x0c, 0x0c, 0x0c, 0x0c, 0x0c, 0x32, 0x1b, 0x01, 0xa4, 0x36, 0x1b, 0x01, 0xa4,
    0x3f, 0x1b, 0x02, 0xfc, 0x01, 0x44, 0x1b, 0x02, 0x33, 0xa4, 0x47, 0x1b, 0x01, 0xa4, 0x4a, 0x1b,
    0x01, 0xfc, 0x4e, 0x1b, 0x0a, 0x1e, 0x1e, 0xfd, 0xfc, 0xf0, 0xcf, 0x33, 0x33, 0xa4, 0x3f, 0x5a,
    0x1b, 0x01, 0x0c, 0xa6, 0x1b, 0x01, 0x0c, 0xa8, 0x1b, 0x04, 0x0c, 0xf0, 0xf0, 0x1e, 0xad, 0x1b,
    0x04, 0x1f, 0xfc, 0xfc, 0x33, 0xb5, 0x1b, 0x01, 0xa4, 0xbd, 0x1b, 0x03, 0xd1, 0x33, 0x97, 0xc3,
    0x1b, 0x01, 0x33, 0xc7, 0x1b, 0x01, 0x33, 0xc9, 0x1b, 0x04, 0x33, 0xa4, 0x33, 0xce, 0xcf, 0x1b,
    0x04, 0xee, 0xcf, 0x33, 0x33, 0xd8, 0x1b, 0x03, 0x97, 0x3f, 0x3f, 0xdd, 0x1b, 0x01, 0x0c, 0x24,
    0x1c, 0x04, 0x0c, 0xf0, 0xf1, 0x01, 0x2b, 0x1c, 0x03, 0x1e, 0x01, 0x01, 0x2f, 0x1c, 0x08, 0x01,
    0xfc, 0x33, 0xa4, 0x33, 0xa4, 0x33, 0x33, 0x3b, 0x1c, 0x02, 0x1e, 0x1e, 0x40, 0x1c, 0x02, 0x33,
    0x33, 0x46, 0x1c, 0x03, 0x33, 0x33, 0x33, 0x4b, 0x1c, 0x01, 0x33, 0x4d, 0x1c, 0x03, 0x3f, 0x33,
    0x3f, 0x53, 0x1c, 0x03, 0x33, 0x33, 0x33, 0x58, 0x1c, 0x03, 0xa4, 0xa4, 0xa4, 0x5c, 0x1c, 0x02,
    0x3f, 0x3f, 0x60, 0x1c, 0x01, 0x0c, 0xa0, 0x1c, 0x04, 0x0c, 0x3f, 0x9b, 0xfc, 0xa5, 0x1c, 0x01,
    0x01, 0xa8, 0x1c, 0x01, 0x1e, 0xab, 0x1c, 0x01, 0x01, 0xb1, 0x1c, 0x02, 0xfc, 0xd1, 0xb6, 0x1c,
    0x02, 0xcf, 0x01, 0xba, 0x1c, 0x01, 0x1e, 0xc2, 0x1c, 0x03, 0x33, 0x97, 0x33, 0xc6, 0x1c, 0x01,
    0x33, 0xc8, 0x1c, 0x01, 0x33, 0xca, 0x1c, 0x04, 0x3f, 0xfc, 0xee, 0x1e, 0xd0, 0x1c, 0x01, 0xcf,
    0xd2, 0x1c, 0x01, 0x33, 0xd9, 0x1c, 0x01, 0x33, 0xdd, 0x1c, 0x01, 0x33, 0xdf, 0x1c, 0x06, 0xee,
    0xfc, 0xee, 0xe2, 0x0c, 0x0c, 0x1c, 0x1d, 0x03, 0x3f, 0x3f, 0x3f, 0x21, 0x1d, 0x06, 0x33, 0xcf,
    0xcf, 0xfc, 0x01, 0x01, 0x2a, 0x1d, 0x01, 0x1f, 0x31, 0x1d, 0x04, 0xcf, 0xd1, 0x33, 0xfc, 0x37,
    0x1d, 0x01, 0x01, 0x3d, 0x1d, 0x02, 0x01, 0x01, 0x42, 0x1d, 0x03, 0x01, 0x01, 0x33, 0x46, 0x1d,
    0x04, 0x33, 0x0c, 0xfc, 0xf1, 0x50, 0x1d, 0x01, 0x1e, 0x56, 0x1d, 0x03, 0x33, 0x33, 0xa4, 0x5b,
    0x1d, 0x01, 0x33, 0x5d, 0x1d, 0x03, 0xcf, 0xfc, 0xcf, 0x62, 0x1d, 0x02, 0x01, 0x1e, 0x65, 0x1d,
    0x01, 0xfc, 0x67, 0x1d, 0x01, 0x0c, 0x98, 0x1d, 0x02, 0x3f, 0x3f, 0x9b, 0x1d, 0x02, 0xa4, 0x33,
    0x9e, 0x1d, 0x01, 0xa4, 0xa0, 0x1d, 0x02, 0x33, 0xa4, 0xa3, 0x1d, 0x04, 0x33, 0x6b, 0xfd, 0x1f,
    0xa9, 0x1d, 0x03, 0x1e, 0x01, 0xfd, 0xad, 0x1d, 0x02, 0xcf, 0xcf, 0xb2, 0x1d, 0x04, 0xa4, 0x33,
    0x33, 0x33, 0xb9, 0x1d, 0x01, 0x01, 0xbd, 0x1d, 0x01, 0x01, 0xc2, 0x1d, 0x06, 0xfc, 0xe2, 0x0c,
    0xe2, 0x0c, 0xfc, 0xcc, 0x1d, 0x01, 0x1e, 0xd5, 0x1d, 0x03, 0x6b, 0xa4, 0x33, 0xd9, 0x1d, 0x01,
    0x33, 0xdb, 0x1d, 0x02, 0xcf, 0xfd, 0xe1, 0x1d, 0x02, 0x1e, 0x1e, 0xe4, 0x1d, 0x01, 0x01, 0xe8,
    0x1d, 0x01, 0xfc, 0xea, 0x1d, 0x01, 0x0c, 0x13, 0x1e, 0x01, 0x0c, 0x16, 0x1e, 0x01, 0xa4, 0x18,
    0x1e, 0x02, 0x33, 0xa4, 0x1f, 0x1e, 0x02, 0x33, 0xa4, 0x22, 0x1e, 0x06, 0x33, 0xa4, 0x33, 0xce,
    0xfc, 0xfc, 0x29, 0x1e, 0x02, 0x33, 0xce, 0x2f, 0x1e, 0x01, 0x33, 0x37, 0x1e, 0x02, 0xfc, 0x01,
    0x3f, 0x1e, 0x05, 0xfd, 0xfc, 0x0c, 0x33, 0x3f, 0x46, 0x1e, 0x01, 0xa4, 0x48, 0x1e, 0x02, 0xfc,
    0xfc, 0x4c, 0x1e, 0x01, 0x1e, 0x4f, 0x1e, 0x01, 0x1e, 0x51, 0x1e, 0x01, 0x01, 0x56, 0x1e, 0x06,
    0x01, 0xe2, 0xcf, 0x33, 0xfc, 0xe2, 0x5f, 0x1e, 0x01, 0x01, 0x61, 0x1e, 0x01, 0x1e, 0x63, 0x1e,
    0x01, 0x1e, 0x65, 0x1e, 0x01, 0x01, 0x69, 0x1e, 0x05, 0x01, 0x01, 0xfc, 0xfc, 0x0c, 0x93, 0x1e,
    0x04, 0x0c, 0x9b, 0x33, 0x33, 0x9c, 0x1e, 0x03, 0xa4, 0xa4, 0x33, 0xa7, 0x1e, 0x01, 0x33, 0xb8,
    0x1e, 0x01, 0x33, 0xbd, 0x1e, 0x03, 0xfc, 0x0c, 0x3f, 0xc4, 0x1e, 0x02, 0xa4, 0x33, 0xc7, 0x1e,
    0x01, 0x33, 0xc9, 0x1e, 0x01, 0xcf, 0xcd, 0x1e, 0x01, 0x1e, 0xcf, 0x1e, 0x01, 0x1e, 0xd2, 0x1e,
    0x01, 0x01, 0xd5, 0x1e, 0x03, 0xfc, 0xd1, 0x33, 0xda, 0x1e, 0x05, 0xa4, 0x33, 0xcf, 0xfc, 0xfc,
    0xe1, 0x1e, 0x01, 0x01, 0xe4, 0x1e, 0x01, 0x1e, 0xeb, 0x1e, 0x04, 0x1e, 0x6b, 0xf0, 0x0c, 0x14,
    0x1f, 0x02, 0x0c, 0x62, 0x19, 0x1f, 0x01, 0xa4, 0x1b, 0x1f, 0x01, 0xa4, 0x20, 0x1f, 0x01, 0x33,
    0x22, 0x1f, 0x01, 0xfc, 0x25, 0x1f, 0x02, 0x01, 0x1e, 0x28, 0x1f, 0x01, 0x33, 0x3b, 0x1f, 0x02,
    0x0c, 0x3f, 0x40, 0x1f, 0x01, 0xa4, 0x42, 0x1f, 0x03, 0xa4, 0x33, 0x33, 0x46, 0x1f, 0x02, 0x33,
    0x33, 0x4a, 0x1f, 0x02, 0xa4, 0xcf, 0x53, 0x1f, 0x02, 0xfd, 0x33, 0x56, 0x1f, 0x01, 0xa4, 0x58,
    0x1f, 0x01, 0x33, 0x5a, 0x1f, 0x03, 0xa4, 0xa4, 0xa4, 0x5f, 0x1f, 0x03, 0x33, 0xfc, 0xfd, 0x66,
    0x1f, 0x01, 0x1e, 0x6a, 0x1f, 0x05, 0xfc, 0xcf, 0x9c, 0x0c, 0x9a, 0x94, 0x1f, 0x07, 0x5d, 0x3a,
    0x33, 0x33, 0xa4, 0xa4, 0x33, 0x9c, 0x1f, 0x01, 0x33, 0x9e, 0x1f, 0x02, 0xfd, 0xcf, 0xa6, 0x1f,
    0x01, 0x1e, 0xa9, 0x1f, 0x01, 0x33, 0xb9, 0x1f, 0x01, 0xf0, 0xbb, 0x1f, 0x01, 0xe2, 0xbd, 0x1f,
    0x03, 0xa4, 0xa4, 0x97, 0xc6, 0x1f, 0x04, 0xa4, 0x97, 0xa4, 0x33, 0xcb, 0x1f, 0x02, 0xa4, 0x33,
    0xce, 0x1f, 0x01, 0xcf, 0xd0, 0x1f, 0x03, 0x1e, 0xfc, 0x33, 0xd4, 0x1f, 0x01, 0xa4, 0xd6, 0x1f,
    0x03, 0xa4, 0x33, 0x33, 0xdc, 0x1f, 0x03, 0xa4, 0xa4, 0xa4, 0xe1, 0x1f, 0x04, 0xa4, 0x33, 0xfd,
    0x1e, 0xe9, 0x1f, 0x05, 0x6a, 0x6a, 0x51, 0x9a, 0x3f, 0x15, 0x20, 0x02, 0x0c, 0x09, 0x18, 0x20,
    0x01, 0x33, 0x1a, 0x20, 0x02, 0xfc, 0xcf, 0x21, 0x20, 0x01, 0x1e, 0x23, 0x20, 0x03, 0x1e, 0x01,
    0x01, 0x2a, 0x20, 0x01, 0xfc, 0x2c, 0x20, 0x03, 0xa4, 0x33, 0x33, 0x36, 0x20, 0x02, 0xf0, 0x1e,
    0x3a, 0x20, 0x01, 0x01, 0x45, 0x20, 0x03, 0xa4, 0xa4, 0x33, 0x4e, 0x20, 0x01, 0x33, 0x50, 0x20,
    0x01, 0xfd, 0x52, 0x20, 0x01, 0xa4, 0x54, 0x20, 0x02, 0x97, 0x33, 0x60, 0x20, 0x02, 0xa4, 0x33,
    0x64, 0x20, 0x0a, 0x33, 0x33, 0xe2, 0xe2, 0xcf, 0x51, 0x01, 0x62, 0x3f, 0x9b, 0x95, 0x20, 0x02,
    0x05, 0x0c, 0x98, 0x20, 0x02, 0xd1, 0x1e, 0x9f, 0x20, 0x01, 0x1e, 0xaa, 0x20, 0x02, 0xfd, 0xfc,
    0xae, 0x20, 0x04, 0x97, 0x97, 0xa4, 0x33, 0xb3, 0x20, 0x01, 0xf1, 0xb6, 0x20, 0x02, 0x1e, 0x1e,
    0xb9, 0x20, 0x02, 0x1e, 0x01, 0xbe, 0x20, 0x02, 0xcf, 0x33, 0xcc, 0x20, 0x03, 0x33, 0xe2, 0x1e,
    0xd0, 0x20, 0x01, 0x01, 0xdd, 0x20, 0x02, 0x97, 0xa4, 0xe0, 0x20, 0x01, 0x33, 0xe5, 0x20, 0x09,
    0xcf, 0xbc, 0x97, 0x51, 0x31, 0x62, 0x5d, 0x5d, 0x5d, 0x16, 0x21, 0x02, 0x05, 0x9f, 0x1f, 0x21,
    0x01, 0x1e, 0x22, 0x21, 0x01, 0x01, 0x24, 0x21, 0x01, 0x01, 0x2b, 0x21, 0x02, 0xe2, 0xe2, 0x2e,
    0x21, 0x03, 0x33, 0x0c, 0xf0, 0x32, 0x21, 0x01, 0x01, 0x3a, 0x21, 0x01, 0x01, 0x42, 0x21, 0x01,
    0xa4, 0x44, 0x21, 0x01, 0x33, 0x4b, 0x21, 0x01, 0xfc, 0x4f, 0x21, 0x01, 0x1e, 0x51, 0x21, 0x01,
    0x1e, 0x5b, 0x21, 0x03, 0xa4, 0xa4, 0x33, 0x64, 0x21, 0x08, 0x33, 0x53, 0x60, 0xa5, 0xc6, 0x5d,
    0x9b, 0x5d, 0x97, 0x21, 0x02, 0x0c, 0xfc, 0x9b, 0x21, 0x01, 0x01, 0x9d, 0x21, 0x02, 0x01, 0x1e,
    0xa1, 0x21, 0x02, 0x1e, 0x1f, 0xa4, 0x21, 0x01, 0x01, 0xa8, 0x21, 0x06, 0x1e, 0x01, 0x1e, 0xfd,
    0x0c, 0x33, 0xaf, 0x21, 0x01, 0x1e, 0xb5, 0x21, 0x01, 0x1e, 0xb9, 0x21, 0x01, 0x01, 0xc0, 0x21,
    0x02, 0x01, 0xfc, 0xc4, 0x21, 0x01, 0xa4, 0xd0, 0x21, 0x01, 0x1e, 0xd2, 0x21, 0x01, 0x01, 0xd8,
    0x21, 0x01, 0x33, 0xda, 0x21, 0x02, 0xa4, 0xa4, 0xe3, 0x21, 0x04, 0xa4, 0x33, 0xc7, 0x62, 0xe8,
    0x21, 0x03, 0x5d, 0x5d, 0x5d, 0x17, 0x22, 0x03, 0x05, 0x09, 0x01, 0x1d, 0x22, 0x02, 0x01, 0x1e,
    0x22, 0x22, 0x01, 0x01, 0x24, 0x22, 0x01, 0x01, 0x27, 0x22, 0x04, 0xfc, 0xfc, 0x0c, 0x33, 0x2e,
    0x22, 0x01, 0x33, 0x32, 0x22, 0x01, 0x01, 0x34, 0x22, 0x01, 0x1f, 0x38, 0x22, 0x02, 0x1e, 0x01,
    0x3b, 0x22, 0x01, 0x01, 0x3f, 0x22, 0x01, 0x01, 0x41, 0x22, 0x01, 0x1f, 0x43, 0x22, 0x02, 0xe2,
    0x33, 0x47, 0x22, 0x01, 0x1e, 0x49, 0x22, 0x01, 0x01, 0x4b, 0x22, 0x01, 0x01, 0x51, 0x22, 0x03,
    0x1e, 0x01, 0x01, 0x58, 0x22, 0x04, 0x01, 0xfd, 0x33, 0x33, 0x5d, 0x22, 0x02, 0x97, 0x33, 0x61,
    0x22, 0x08, 0x33, 0xcf, 0x60, 0x31, 0x31, 0x5d, 0x9b, 0x5d, 0x98, 0x22, 0x02, 0x5d, 0xfc, 0x9c,
    0x22, 0x01, 0x1f, 0x9f, 0x22, 0x03, 0x1e, 0x1e, 0x01, 0xa3, 0x22, 0x05, 0x01, 0xfd, 0xfc, 0x0c,
    0x33, 0xad, 0x22, 0x02, 0xa4, 0x97, 0xb2, 0x22, 0x01, 0x01, 0xb4, 0x22, 0x03, 0x1f, 0x1e, 0x1e,
    0xb8, 0x22, 0x05, 0x1e, 0x1f, 0x1f, 0x01, 0x01, 0xc1, 0x22, 0x01, 0x1e, 0xc3, 0x22, 0x01, 0xfc,
    0xc5, 0x22, 0x01, 0xe2, 0xca, 0x22, 0x01, 0x01, 0xcc, 0x22, 0x01, 0x1f, 0xcf, 0x22, 0x01, 0x1e,
    0xd1, 0x22, 0x01, 0x1f, 0xd3, 0x22, 0x01, 0x01, 0xd5, 0x22, 0x01, 0x01, 0xda, 0x22, 0x03, 0x01,
    0xfc, 0x33, 0xde, 0x22, 0x01, 0xa4, 0xe0, 0x22, 0x03, 0xa4, 0x60, 0x62, 0xe4, 0x22, 0x04, 0xc6,
    0x3f, 0x5d, 0x5d, 0x18, 0x23, 0x02, 0x05, 0x09, 0x1f, 0x23, 0x01, 0x1e, 0x21, 0x23, 0x04, 0xfc,
    0xfd, 0xce, 0x33, 0x2a, 0x23, 0x01, 0xa4, 0x2c, 0x23, 0x02, 0xa4, 0x33, 0x30, 0x23, 0x01, 0x33,
    0x33, 0x23, 0x01, 0x01, 0x35, 0x23, 0x02, 0x01, 0x1e, 0x38, 0x23, 0x01, 0x1e, 0x3a, 0x23, 0x01,
    0x01, 0x3c, 0x23, 0x01, 0x01, 0x40, 0x23, 0x03, 0x1e, 0xe2, 0x33, 0x46, 0x23, 0x02, 0x97, 0xfc,
    0x4a, 0x23, 0x01, 0x01, 0x4c, 0x23, 0x01, 0x01, 0x52, 0x23, 0x01, 0x1f, 0x54, 0x23, 0x01, 0x01,
    0x58, 0x23, 0x01, 0x1e, 0x5a, 0x23, 0x01, 0x1e, 0x5c, 0x23, 0x05, 0x1e, 0xe2, 0x33, 0x97, 0xf6,
    0x62, 0x23, 0x04, 0x31, 0x5d, 0x5d, 0x5d, 0x99, 0x23, 0x01, 0x05, 0x9c, 0x23, 0x07, 0x1e, 0x1e,
    0xe2, 0xf0, 0xcf, 0x33, 0x3f, 0xa6, 0x23, 0x02, 0xa4, 0xa4, 0xa9, 0x23, 0x02, 0x33, 0x97, 0xac,
    0x23, 0x01, 0x33, 0xb3, 0x23, 0x01, 0x01, 0xb5, 0x23, 0x02, 0x01, 0x1e, 0xb8, 0x23, 0x03, 0x1e,
    0x1e, 0x1f, 0xbc, 0x23, 0x01, 0x01, 0xbe, 0x23, 0x01, 0xfc, 0xc0, 0x23, 0x01, 0x33, 0xc4, 0x23,
    0x06, 0xa4, 0x33, 0x33, 0x33, 0xcf, 0xfc, 0xcb, 0x23, 0x01, 0x01, 0xcd, 0x23, 0x01, 0x1f, 0xcf,
    0x23, 0x01, 0x1e, 0xd2, 0x23, 0x01, 0x1e, 0xd5, 0x23, 0x01, 0x01, 0xdb, 0x23, 0x09, 0x01, 0x1e,
    0x6b, 0x19, 0xa4, 0xf7, 0xc6, 0x5d, 0x9b, 0x1a, 0x24, 0x06, 0x9e, 0xfc, 0xee, 0xcf, 0x33, 0x3f,
    0x23, 0x24, 0x01, 0xa4, 0x25, 0x24, 0x02, 0x33, 0xa4, 0x28, 0x24, 0x05, 0x33, 0x33, 0xa4, 0xa4,
    0xa4, 0x32, 0x24, 0x02, 0xfc, 0x01, 0x35, 0x24, 0x02, 0x1f, 0x1e, 0x38, 0x24, 0x01, 0x1e, 0x3a,
    0x24, 0x01, 0x01, 0x3c, 0x24, 0x03, 0xfd, 0xcf, 0x33, 0x44, 0x24, 0x01, 0x33, 0x49, 0x24, 0x04,
    0x33, 0xfc, 0x01, 0x01, 0x4e, 0x24, 0x01, 0x01, 0x51, 0x24, 0x03, 0x1e, 0x1e, 0x1f, 0x55, 0x24,
    0x01, 0x01, 0x59, 0x24, 0x01, 0x1e, 0x5b, 0x24, 0x04, 0xfc, 0x96, 0x18, 0xc6, 0x60, 0x24, 0x03,
    0x62, 0x9b, 0x5d, 0x9a, 0x24, 0x03, 0x05, 0x62, 0x33, 0xa0, 0x24, 0x01, 0xa4, 0xa2, 0x24, 0x02,
    0x33, 0xa4, 0xa5, 0x24, 0x01, 0x33, 0xab, 0x24, 0x03, 0x97, 0xa4, 0xa4, 0xaf, 0x24, 0x01, 0xa4,
    0xb1, 0x24, 0x0b, 0x97, 0xa4, 0xfc, 0x01, 0x01, 0x1e, 0x1e, 0x1e, 0xfc, 0xfc, 0x33, 0xc0, 0x24,
    0x01, 0xa4, 0xc2, 0x24, 0x03, 0xa4, 0x33, 0x33, 0xca, 0x24, 0x04, 0x33, 0xcf, 0xfd, 0x01, 0xcf,
    0x24, 0x02, 0x01, 0x1e, 0xd2, 0x24, 0x01, 0x1e, 0xd4, 0x24, 0x04, 0x1f, 0x01, 0x01, 0x01, 0xda,
    0x24, 0x02, 0x97, 0xa4, 0xdd, 0x24, 0x01, 0x31, 0xdf, 0x24, 0x02, 0x3f, 0x5d, 0x1b, 0x25, 0x01,
    0x58, 0x1d, 0x25, 0x01, 0xa4, 0x20, 0x25, 0x02, 0x33, 0x97, 0x23, 0x25, 0x01, 0x33, 0x2a, 0x25,
    0x04, 0xa4, 0xa4, 0xa4, 0xa4, 0x2f, 0x25, 0x04, 0x33, 0xa4, 0x33, 0x33, 0x34, 0x25, 0x06, 0xce,
    0x1f, 0x1e, 0xe2, 0x1e, 0x33, 0x3e, 0x25, 0x02, 0xa4, 0xa4, 0x45, 0x25, 0x01, 0xa4, 0x47, 0x25,
    0x01, 0xa4, 0x4c, 0x25, 0x02, 0xcf, 0xce, 0x4f, 0x25, 0x02, 0x1e, 0x1e, 0x52, 0x25, 0x02, 0x1e,
    0x1e, 0x55, 0x25, 0x01, 0x01, 0x57, 0x25, 0x01, 0x01, 0x59, 0x25, 0x03, 0x19, 0xf7, 0x31, 0x5e,
    0x25, 0x01, 0x5d, 0x9d, 0x25, 0x01, 0x97, 0x9f, 0x25, 0x02, 0x33, 0x33, 0xaa, 0x25, 0x02, 0x97,
    0x97, 0xad, 0x25, 0x01, 0x33, 0xb4, 0x25, 0x02, 0x33, 0x33, 0xb7, 0x25, 0x01, 0x33, 0xc4, 0x25,
    0x03, 0xa4, 0x33, 0xa4, 0xc8, 0x25, 0x01, 0xa4, 0xca, 0x25, 0x02, 0x33, 0xa4, 0xcd, 0x25, 0x04,
    0x33, 0xce, 0xfd, 0x01, 0xd3, 0x25, 0x07, 0x1e, 0x1e, 0x01, 0x01, 0x96, 0xa5, 0x62, 0xdc, 0x25,
    0x02, 0x5d, 0x5d, 0x1d, 0x26, 0x02, 0x60, 0x33, 0x27, 0x26, 0x05, 0xa4, 0x97, 0x33, 0x33, 0x33,
    0x32, 0x26, 0x01, 0x33, 0x34, 0x26, 0x04, 0xcf, 0xe2, 0xcf, 0xd1, 0x3c, 0x26, 0x02, 0x33, 0x33,
    0x44, 0x26, 0x02, 0xa4, 0xa4, 0x47, 0x26, 0x03, 0xa4, 0xa4, 0xa4, 0x4b, 0x26, 0x01, 0x33, 0x4f,
    0x26, 0x06, 0xce, 0xcf, 0xe2, 0x1e, 0x1e, 0x1e, 0x56, 0x26, 0x06, 0x19, 0xa4, 0x31, 0xc6, 0xa4,
    0x5d, 0x9d, 0x26, 0x02, 0xc6, 0x33, 0xa6, 0x26, 0x03, 0xa4, 0x97, 0x33, 0xb0, 0x26, 0x01, 0x33,
    0xb2, 0x26, 0x02, 0xcf, 0xfc, 0xb5, 0x26, 0x05, 0x1e, 0x1f, 0x75, 0x33, 0x97, 0xbb, 0x26, 0x01,
    0x33, 0xc5, 0x26, 0x03, 0xa4, 0x97, 0x97, 0xc9, 0x26, 0x01, 0x33, 0xd0, 0x26, 0x07, 0x33, 0xcf,
    0xd1, 0x97, 0x01, 0x01, 0xc6, 0xd8, 0x26, 0x01, 0x62, 0xda, 0x26, 0x01, 0x5d, 0x1e, 0x27, 0x01,
    0x51, 0x23, 0x27, 0x01, 0xa4, 0x25, 0x27, 0x03, 0x33, 0xa4, 0x33, 0x2d, 0x27, 0x01, 0x33, 0x2f,
    0x27, 0x05, 0xcf, 0xd1, 0xfc, 0x1e, 0x1e, 0x35, 0x27, 0x05, 0x1e, 0x1f, 0x1e, 0xfc, 0x33, 0x44,
    0x27, 0x02, 0xa4, 0xa4, 0x47, 0x27, 0x02, 0x33, 0x33, 0x53, 0x27, 0x06, 0xf6, 0xa4, 0x31, 0xc6,
    0x62, 0x5d, 0x9e, 0x27, 0x01, 0x9e, 0xa2, 0x27, 0x01, 0xa4, 0xa4, 0x27, 0x03, 0x33, 0xa4, 0x33,
    0xab, 0x27, 0x01, 0x33, 0xad, 0x27, 0x0a, 0xcf, 0xcf, 0xfc, 0x1e, 0x1e, 0x1e, 0x1e, 0x01, 0x1e,
    0x01, 0xb9, 0x27, 0x02, 0xcf, 0x33, 0xc3, 0x27, 0x02, 0xa4, 0xa4, 0xd0, 0x27, 0x01, 0xfc, 0xd6,
    0x27, 0x01, 0xc6, 0x1e, 0x28, 0x02, 0x05, 0x51, 0x21, 0x28, 0x01, 0x33, 0x23, 0x28, 0x03, 0xa4,
    0x97, 0xa4, 0x28, 0x28, 0x01, 0x33, 0x2a, 0x28, 0x04, 0xce, 0xcf, 0xcf, 0xfc, 0x31, 0x28, 0x04,
    0x1e, 0x1e, 0x1e, 0x01, 0x3a, 0x28, 0x02, 0xcf, 0xcf, 0x4e, 0x28, 0x02, 0x33, 0x97, 0x52, 0x28,
    0x01, 0x31, 0x54, 0x28, 0x01, 0xc6, 0x9f, 0x28, 0x01, 0x9e, 0xa1, 0x28, 0x01, 0xa4, 0xa3, 0x28,
    0x02, 0xa4, 0x33, 0xa8, 0x28, 0x05, 0xce, 0xce, 0xfd, 0xcf, 0x01, 0xaf, 0x28, 0x01, 0x1e, 0xb2,
    0x28, 0x04, 0x1e, 0x1e, 0x01, 0x01, 0xbb, 0x28, 0x02, 0xcf, 0xcf, 0xc1, 0x28, 0x01, 0xa4, 0xc3,
    0x28, 0x02, 0x33, 0x33, 0xcd, 0x28, 0x01, 0x97, 0xd3, 0x28, 0x01, 0x62, 0x1f, 0x29, 0x03, 0x05,
    0x97, 0xbc, 0x23, 0x29, 0x07, 0x33, 0x33, 0xfc, 0x6b, 0xcf, 0xfd, 0xce, 0x2b, 0x29, 0x02, 0x01,
    0x01, 0x2f, 0x29, 0x01, 0x1e, 0x32, 0x29, 0x04, 0x1e, 0x1e, 0x01, 0x01, 0x3c, 0x29, 0x03, 0xcf,
    0xce, 0xce, 0x40, 0x29, 0x02, 0xa4, 0xa4, 0x43, 0x29, 0x01, 0x33, 0x4b, 0x29, 0x06, 0x33, 0x96,
    0x01, 0x53, 0x62, 0x62, 0xa0, 0x29, 0x0a, 0x5d, 0x97, 0x33, 0xcf, 0xd1, 0xcf, 0xfc, 0xcf, 0x01,
    0x01, 0xab, 0x29, 0x03, 0x01, 0x01, 0x1e, 0xaf, 0x29, 0x01, 0x1e, 0xb2, 0x29, 0x04, 0x1e, 0x1e,
    0x01, 0x01, 0xbd, 0x29, 0x05, 0x6b, 0x6a, 0x33, 0x97, 0x33, 0xc4, 0x29, 0x02, 0xa4, 0x33, 0xc9,
    0x29, 0x05, 0x33, 0x97, 0xbc, 0xf7, 0x53, 0xcf, 0x29, 0x01, 0x62, 0xd1, 0x29, 0x01, 0x5d, 0x20,
    0x2a, 0x06, 0x05, 0x69, 0x75, 0xcf, 0xfc, 0xcf, 0x28, 0x2a, 0x02, 0x01, 0x01, 0x2b, 0x2a, 0x04,
    0x01, 0x01, 0x1e, 0x1e, 0x31, 0x2a, 0x03, 0x1e, 0x1e, 0x01, 0x35, 0x2a, 0x01, 0x01, 0x3a, 0x2a,
    0x07, 0x01, 0x01, 0x01, 0x1e, 0xfc, 0xd1, 0x33, 0x42, 0x2a, 0x02, 0x33, 0x33, 0x45, 0x2a, 0x0a,
    0x33, 0xa4, 0x33, 0xec, 0x33, 0xf6, 0x53, 0x31, 0x62, 0xc6, 0xa1, 0x2a, 0x04, 0x9b, 0x51, 0xcf,
    0x1e, 0xa6, 0x2a, 0x01, 0x1e, 0xa8, 0x2a, 0x02, 0x01, 0x01, 0xab, 0x2a, 0x02, 0x01, 0x01, 0xae,
    0x2a, 0x02, 0x1e, 0x1e, 0xb1, 0x2a, 0x02, 0x1f, 0x1e, 0xb5, 0x2a, 0x01, 0x01, 0xba, 0x2a, 0x0a,
    0x01, 0x01, 0x01, 0x1f, 0x1e, 0xd1, 0xd1, 0x33, 0xa4, 0xa4, 0xc6, 0x2a, 0x03, 0x33, 0x96, 0x01,
    0xca, 0x2a, 0x01, 0xc6, 0xcc, 0x2a, 0x01, 0xa4, 0xce, 0x2a, 0x01, 0x3f, 0x21, 0x2b, 0x04, 0x05,
    0x58, 0xad, 0xfc, 0x28, 0x2b, 0x05, 0x01, 0x01, 0x01, 0x01, 0x1f, 0x2e, 0x2b, 0x01, 0x1e, 0x31,
    0x2b, 0x02, 0x1f, 0x1f, 0x35, 0x2b, 0x01, 0x01, 0x38, 0x2b, 0x02, 0x01, 0x1e, 0x3d, 0x2b, 0x06,
    0x1e, 0x1e, 0x1e, 0xd1, 0xcf, 0xd1, 0x44, 0x2b, 0x06, 0x33, 0xa4, 0x8f, 0xa5, 0xa4, 0x31, 0x4c,
    0x2b, 0x01, 0xc6, 0xa2, 0x2b, 0x03, 0x5d, 0x09, 0x9c, 0xa8, 0x2b, 0x02, 0x01, 0x01, 0xab, 0x2b,
    0x04, 0x1f, 0x01, 0x1e, 0x1e, 0xb1, 0x2b, 0x05, 0x1e, 0x1f, 0x01, 0x01, 0x01, 0xbb, 0x2b, 0x01,
    0x01, 0xbd, 0x2b, 0x03, 0x1f, 0x1e, 0x1e, 0xc1, 0x2b, 0x0b, 0xcf, 0xe2, 0x6b, 0x33, 0xa5, 0xf7,
    0x31, 0xc6, 0x62, 0xc6, 0x5d, 0x22, 0x2c, 0x04, 0x05, 0x5d, 0xad, 0x6a, 0x28, 0x2c, 0x02, 0x01,
    0x01, 0x2b, 0x2c, 0x05, 0x1f, 0x1f, 0x1e, 0x1e, 0x1e, 0x31, 0x2c, 0x05, 0x1f, 0x1f, 0x01, 0x01,
    0x01, 0x3a, 0x2c, 0x02, 0x1e, 0x01, 0x3d, 0x2c, 0x0a, 0x1f, 0x1e, 0x1e, 0x1e, 0xfc, 0x74, 0x60,
    0xbc, 0xc6, 0xc6, 0x4a, 0x2c, 0x01, 0x9b, 0xa3, 0x2c, 0x04, 0x5d, 0x09, 0xad, 0xfc, 0xa8, 0x2c,
    0x05, 0x01, 0x01, 0x01, 0x01, 0x1f, 0xae, 0x2c, 0x01, 0x1e, 0xb1, 0x2c, 0x05, 0x01, 0x1f, 0x01,
    0x01, 0x01, 0xba, 0x2c, 0x01, 0x1e, 0xbd, 0x2c, 0x05, 0x1f, 0x1e, 0xfc, 0x75, 0x96, 0xc3, 0x2c,
    0x04, 0xef, 0x53, 0x62, 0x62, 0xc8, 0x2c, 0x01, 0x5d, 0x23, 0x2d, 0x04, 0x05, 0x5d, 0xad, 0xcf,
    0x28, 0x2d, 0x08, 0x01, 0x01, 0x01, 0x01, 0x1f, 0x1e, 0x1e, 0x1e, 0x31, 0x2d, 0x06, 0x1f, 0x1f,
    0x01, 0x01, 0x01, 0x01, 0x3b, 0x2d, 0x01, 0x1e, 0x3d, 0x2d, 0x08, 0xfc, 0x6b, 0x74, 0x60, 0xf6,
    0x31, 0x31, 0x62, 0x46, 0x2d, 0x02, 0xc6, 0x5d, 0xa4, 0x2d, 0x12, 0x3f, 0x0c, 0xac, 0x73, 0x01,
    0x01, 0x01, 0x1f, 0x1f, 0x1f, 0x1e, 0x1e, 0x1e, 0x1f, 0x1f, 0x01, 0x01, 0x01, 0xba, 0x2d, 0x05,
    0x1e, 0x1e, 0x23, 0x6a, 0x8f, 0xc0, 0x2d, 0x03, 0xef, 0xc6, 0xc6, 0xc4, 0x2d, 0x02, 0x62, 0x5d,
    0x24, 0x2e, 0x13, 0x05, 0x5d, 0xf5, 0xad, 0xfd, 0x01, 0x1e, 0x1f, 0x1f, 0x1f, 0x1e, 0x1e, 0x1e,
    0x1f, 0x01, 0x01, 0x01, 0x01, 0x01, 0x38, 0x2e, 0x01, 0x1e, 0x3a, 0x2e, 0x07, 0xfc, 0x6b, 0xcf,
    0x60, 0xf7, 0x62, 0x31, 0x42, 0x2e, 0x01, 0x62, 0x44, 0x2e, 0x01, 0x0c, 0xa5, 0x2e, 0x05, 0x5d,
    0x0c, 0xad, 0x9d, 0xfd, 0xab, 0x2e, 0x02, 0x01, 0x1e, 0xaf, 0x2e, 0x01, 0x1e, 0xb1, 0x2e, 0x06,
    0x01, 0x01, 0x01, 0x01, 0x01, 0x01, 0xb8, 0x2e, 0x08, 0xfc, 0x6b, 0x6a, 0x97, 0xf7, 0xde, 0xc6,
    0xc6, 0xc2, 0x2e, 0x01, 0x5d, 0x25, 0x2f, 0x05, 0x05, 0x9b, 0xf5, 0xac, 0xce, 0x2b, 0x2f, 0x15,
    0x1f, 0x1f, 0x1e, 0x1e, 0x1e, 0x1e, 0x1f, 0x01, 0x1f, 0x01, 0x01, 0xfd, 0x23, 0x6a, 0x73, 0x33,
    0x01, 0x53, 0x31, 0xc6, 0x62, 0x41, 0x2f, 0x01, 0x5d, 0xa6, 0x2f, 0x08, 0x5d, 0x0c, 0xf4, 0xad,
    0xfc, 0x1e, 0x1f, 0x1e, 0xaf, 0x2f, 0x05, 0x1e, 0x1e, 0x1e, 0x01, 0x01, 0xb5, 0x2f, 0x08, 0xfd,
    0xce, 0x6a, 0x60, 0x53, 0xde, 0xa4, 0xf7, 0xbe, 0x2f, 0x03, 0xc6, 0x3f, 0x5d, 0x26, 0x30, 0x06,
    0x05, 0x5d, 0x0c, 0xac, 0x9c, 0xe2, 0x2d, 0x30, 0x0f, 0x1f, 0x1e, 0x1e, 0x1e, 0x1f, 0x01, 0xfc,
    0x6b, 0x6a, 0x9d, 0x60, 0xc6, 0x62, 0xf7, 0xc6, 0x3d, 0x30, 0x02, 0x51, 0x9b, 0xa7, 0x30, 0x07,
    0x5d, 0x83, 0xf4, 0xad, 0x74, 0x1e, 0x1e, 0xaf, 0x30, 0x0b, 0x1e, 0x1e, 0xe2, 0x3d, 0x6a, 0x73,
    0x33, 0xbf, 0xc7, 0x31, 0x62, 0xbb, 0x30, 0x03, 0xc6, 0x5d, 0x5d, 0x27, 0x31, 0x07, 0x05, 0x5d,
    0x0c, 0xad, 0xb3, 0xe2, 0x1f, 0x2f, 0x31, 0x06, 0x1e, 0xe2, 0x75, 0x74, 0x9c, 0x60, 0x36, 0x31,
    0x07, 0xde, 0xa4, 0x31, 0x62, 0x9b, 0x5d, 0x5d, 0xa8, 0x31, 0x0f, 0x5d, 0x83, 0xf0, 0xb3, 0x6b,
    0xe2, 0xe2, 0xd1, 0x6a, 0x82, 0x60, 0x8e, 0xc7, 0xf7, 0x31, 0xb8, 0x31, 0x03, 0x51, 0x3f, 0x5d,
    0x28, 0x32, 0x0e, 0x05, 0x5d, 0x0c, 0xeb, 0x51, 0x49, 0x6a, 0xd1, 0xd1, 0x60, 0xc6, 0x62, 0x62,
    0x53, 0x37, 0x32, 0x03, 0x9b, 0x5d, 0x3f, 0xa9, 0x32, 0x10, 0x9b, 0x6c, 0xd3, 0xc7, 0xc7, 0x97,
    0x33, 0x8e, 0xc7, 0xa4, 0x62, 0xc6, 0x62, 0x5d, 0x5d, 0x5d, 0x29, 0x33, 0x05, 0x05, 0x5d, 0x9a,
    0x69, 0xc6, 0x2f, 0x33, 0x08, 0xa4, 0xa5, 0x31, 0x31, 0x62, 0x3f, 0x5d, 0x5d, 0xaa, 0x33, 0x04,
    0x5d, 0x6c, 0x6c, 0x58, 0xaf, 0x33, 0x07, 0xbc, 0xc6, 0x31, 0x5d, 0x3f, 0x5d, 0x5d, 0x2a, 0x34,
    0x04, 0x05, 0x5d, 0x5d, 0x9b, 0x2f, 0x34, 0x01, 0x53, 0x31, 0x34, 0x04, 0x5d, 0x5d, 0x3f, 0x5d,
    0xab, 0x34, 0x08, 0x5d, 0x5d, 0x5d, 0x58, 0x5d, 0x5d, 0x5d, 0x5d, 0x2b, 0x35, 0x03, 0x05, 0x5d,
    0x0c, 0x2f, 0x35, 0x03, 0x5d, 0x5d, 0x5d, 0xb0, 0x35, 0x01, 0x0c, 0x46, 0x18, 0x02, 0x0c, 0x0c,
    0x49, 0x18, 0x02, 0x0c, 0x0c, 0xc2, 0x18, 0x01, 0x0c, 0xc4, 0x18, 0x02, 0x33, 0x97, 0xc7, 0x18,
    0x01, 0x33, 0xc9, 0x18, 0x01, 0x97, 0xcb, 0x18, 0x02, 0x3f, 0x0c, 0x3d, 0x19, 0x01, 0x0c, 0x3f,
    0x19, 0x05, 0xfc, 0xe2, 0xfc, 0xe2, 0x33, 0x49, 0x19, 0x01, 0x33, 0x4c, 0x19, 0x01, 0x97, 0x4e,
    0x19, 0x02, 0x3f, 0x0c, 0xb7, 0x19, 0x02, 0x3f, 0x0c, 0xbb, 0x19, 0x01, 0x01, 0xbd, 0x19, 0x02,
    0x1f, 0x01, 0xc0, 0x19, 0x06, 0x1f, 0x1e, 0x01, 0xfc, 0xcf, 0x33, 0xc7, 0x19, 0x0c, 0xa4, 0x33,
    0x33, 0x33, 0xcf, 0xd1, 0xe2, 0xfd, 0x0c, 0xe2, 0x0c, 0x0c, 0x32, 0x1a, 0x02, 0x3f, 0x0c, 0x36,
    0x1a, 0x01, 0x33, 0x38, 0x1a, 0x0b, 0xa4, 0x33, 0xcf, 0xce, 0xfd, 0x1e, 0x1f, 0x1e, 0x1f, 0x1e,
    0x01, 0x44, 0x1a, 0x07, 0x01, 0xcf, 0xfc, 0x33, 0xfc, 0xfc, 0xf1, 0x4c, 0x1a, 0x04, 0x1f, 0x1e,
    0x1e, 0x01, 0x53, 0x1a, 0x02, 0x0c, 0x0c, 0xad, 0x1a, 0x0a, 0xf0, 0x0c, 0x0c, 0x33, 0x97, 0xa4,
    0x33, 0xa4, 0xa4, 0x33, 0xb9, 0x1a, 0x01, 0xa4, 0xbb, 0x1a, 0x08, 0x33, 0x6a, 0x1e, 0x1f, 0x1e,
    0x1f, 0x1f, 0xfd, 0xc4, 0x1a, 0x03, 0xe2, 0x3f, 0x3f, 0xc8, 0x1a, 0x01, 0x33, 0xca, 0x1a, 0x03,
    0x01, 0x01, 0x01, 0xce, 0x1a, 0x03, 0x1e, 0x1f, 0x1f, 0xd2, 0x1a, 0x01, 0x01, 0xd4, 0x1a, 0x04,
    0x01, 0xf0, 0x0c, 0x0c, 0x28, 0x1b, 0x0a, 0x0c, 0x0c, 0x0c, 0xf0, 0xfc, 0xe2, 0xfc, 0xcf, 0xcf,
    0x33, 0x37, 0x1b, 0x01, 0xa4, 0x39, 0x1b, 0x05, 0x33, 0xa4, 0x33, 0xce, 0x33, 0x40, 0x1b, 0x03,
    0xfc, 0x3f, 0x3f, 0x45, 0x1b, 0x01, 0xa4, 0x48, 0x1b, 0x03, 0xa4, 0x33, 0xcf, 0x4c, 0x1b, 0x03,
    0x1e, 0x1f, 0x1e, 0x50, 0x1b, 0x01, 0x1f, 0x52, 0x1b, 0x01, 0x01, 0x54, 0x1b, 0x05, 0xfc, 0xfc,
    0x33, 0x0c, 0xee, 0x5a, 0x1b, 0x01, 0x0c, 0xa3, 0x1b, 0x06, 0x0c, 0x0c, 0xf0, 0xf0, 0xfc, 0xfd,
    0xaa, 0x1b, 0x04, 0x1e, 0x1e, 0x1e, 0x01, 0xb0, 0x1b, 0x03, 0xfc, 0xcf, 0x33, 0xb6, 0x1b, 0x02,
    0x33, 0x33, 0xb9, 0x1b, 0x01, 0x33, 0xbd, 0x1b, 0x03, 0x3f, 0x3f, 0xe2, 0xc3, 0x1b, 0x03, 0x33,
    0xa4, 0x33, 0xc7, 0x1b, 0x03, 0x33, 0xa4, 0x33, 0xcb, 0x1b, 0x02, 0x33, 0xce, 0xce, 0x1b, 0x01,
    0xfd, 0xd0, 0x1b, 0x02, 0x1e, 0xfc, 0xd3, 0x1b, 0x02, 0x33, 0xcf, 0xd8, 0x1b, 0x03, 0x33, 0x3f,
    0x9b, 0x1d, 0x1c, 0x07, 0x0c, 0x0c, 0x0c, 0x3f, 0x3f, 0x33, 0x33, 0x26, 0x1c, 0x03, 0x01, 0x01,
    0x01, 0x2c, 0x1c, 0x01, 0x1e, 0x2e, 0x1c, 0x01, 0x01, 0x31, 0x1c, 0x02, 0xfc, 0x6b, 0x34, 0x1c,
    0x04, 0x33, 0x33, 0x33, 0x33, 0x39, 0x1c, 0x08, 0x3f, 0xf0, 0x1e, 0x1e, 0x1e, 0x1e, 0x1e, 0xcf,
    0x42, 0x1c, 0x01, 0x33, 0x47, 0x1c, 0x02, 0x33, 0x33, 0x4a, 0x1c, 0x01, 0xa4, 0x4f, 0x1c, 0x03,
    0x0c, 0xe2, 0xd1, 0x54, 0x1c, 0x02, 0x33, 0x33, 0x57, 0x1c, 0x03, 0xa4, 0xa4, 0x97, 0x5c, 0x1c,
    0x02, 0x3f, 0x3f, 0x98, 0x1c, 0x09, 0x0c, 0x0c, 0x0c, 0x3f, 0x3f, 0x9b, 0x97, 0x97, 0x33, 0xa2,
    0x1c, 0x08, 0xa4, 0x33, 0xcf, 0xfc, 0x01, 0x01, 0x1f, 0x1e, 0xab, 0x1c, 0x03, 0x01, 0x1f, 0x01,
    0xaf, 0x1c, 0x05, 0xfc, 0xfc, 0xfc, 0x1e, 0xfc, 0xb5, 0x1c, 0x02, 0x3f, 0xf0, 0xb8, 0x1c, 0x02,
    0x01, 0x01, 0xbb, 0x1c, 0x03, 0x1e, 0x1e, 0x1e, 0xbf, 0x1c, 0x02, 0x01, 0x1e, 0xc3, 0x1c, 0x02,
    0x33, 0x33, 0xc6, 0x1c, 0x02, 0x33, 0xa4, 0xca, 0x1c, 0x01, 0x33, 0xcc, 0x1c, 0x05, 0x3f, 0xd1,
    0x1e, 0x1e, 0xd1, 0xd3, 0x1c, 0x01, 0x97, 0xd5, 0x1c, 0x01, 0x33, 0xdb, 0x1c, 0x02, 0xa4, 0xa4,
    0xdf, 0x1c, 0x03, 0x9b, 0x0c, 0x0c, 0x16, 0x1d, 0x04, 0x0c, 0x3f, 0x9b, 0x9b, 0x1b, 0x1d, 0x01,
    0x33, 0x20, 0x1d, 0x01, 0xa4, 0x24, 0x1d, 0x02, 0x33, 0x6b, 0x27, 0x1d, 0x02, 0x1f, 0x1e, 0x2a,
    0x1d, 0x04, 0xe2, 0xfd, 0xfc, 0x01, 0x2f, 0x1d, 0x03, 0x0c, 0x0c, 0x3f, 0x34, 0x1d, 0x01, 0x33,
    0x39, 0x1d, 0x03, 0x1f, 0x1e, 0x1e, 0x3d, 0x1d, 0x02, 0x01, 0x01, 0x42, 0x1d, 0x02, 0x01, 0x6b,
    0x48, 0x1d, 0x03, 0x33, 0x3f, 0xcf, 0x4e, 0x1d, 0x01, 0x1e, 0x50, 0x1d, 0x01, 0x1f, 0x54, 0x1d,
    0x02, 0x33, 0x33, 0x58, 0x1d, 0x01, 0xa4, 0x5b, 0x1d, 0x03, 0xa4, 0xa4, 0x33, 0x60, 0x1d, 0x07,
    0xcf, 0xcf, 0xce, 0xe2, 0xfc, 0x0c, 0x0c, 0x96, 0x1d, 0x02, 0x0c, 0x33, 0x9b, 0x1d, 0x02, 0xa4,
    0x33, 0x9e, 0x1d, 0x01, 0xa4, 0xa1, 0x1d, 0x01, 0x97, 0xa4, 0x1d, 0x04, 0xa4, 0x33, 0xfd, 0xe2,
    0xaa, 0x1d, 0x03, 0xf0, 0x0c, 0x0c, 0xb6, 0x1d, 0x01, 0xcf, 0xb8, 0x1d, 0x01, 0x01, 0xbb, 0x1d,
    0x01, 0x1e, 0xc2, 0x1d, 0x05, 0xfc, 0xe2, 0xe2, 0x33, 0x3f, 0xc9, 0x1d, 0x01, 0x01, 0xcd, 0x1d,
    0x01, 0x1e, 0xcf, 0x1d, 0x02, 0x1e, 0x01, 0xd5, 0x1d, 0x04, 0x6b, 0x97, 0x33, 0x33, 0xda, 0x1d,
    0x01, 0x33, 0xdc, 0x1d, 0x06, 0x33, 0xce, 0xcf, 0xcf, 0xfc, 0xfc, 0xe5, 0x1d, 0x01, 0x1e, 0xe7,
    0x1d, 0x03, 0xfc, 0x0c, 0x0c, 0x15, 0x1e, 0x02, 0x3f, 0x9b, 0x18, 0x1e, 0x01, 0x33, 0x1a, 0x1e,
    0x02, 0xa4, 0xa4, 0x21, 0x1e, 0x01, 0x33, 0x24, 0x1e, 0x03, 0x3f, 0x3f, 0x0c, 0x28, 0x1e, 0x01,
    0x33, 0x2d, 0x1e, 0x02, 0xa4, 0x97, 0x30, 0x1e, 0x01, 0x33, 0x33, 0x1e, 0x02, 0x33, 0xa4, 0x37,
    0x1e, 0x01, 0x33, 0x3a, 0x1e, 0x01, 0x1e, 0x3e, 0x1e, 0x02, 0xfd, 0xfd, 0x41, 0x1e, 0x03, 0xfc,
    0xfc, 0x3f, 0x46, 0x1e, 0x01, 0xcf, 0x49, 0x1e, 0x01, 0xfc, 0x4c, 0x1e, 0x02, 0x1e, 0x1e, 0x50,
    0x1e, 0x01, 0x01, 0x56, 0x1e, 0x0a, 0x01, 0x1e, 0x33, 0x33, 0x97, 0xe2, 0xcf, 0xfc, 0xfd, 0x01,
    0x62, 0x1e, 0x01, 0x1e, 0x64, 0x1e, 0x01, 0x1e, 0x69, 0x1e, 0x04, 0xfd, 0xfd, 0x0c, 0x0c, 0x95,
    0x1e, 0x03, 0x0c, 0x3f, 0x33, 0x9a, 0x1e, 0x11, 0x33, 0xa4, 0x97, 0x33, 0x3f, 0x3f, 0x3f, 0xcf,
    0xcf, 0xcf, 0xfc, 0xfc, 0x1e, 0xfc, 0x33, 0x33, 0x97, 0xb3, 0x1e, 0x02, 0xa4, 0x33, 0xb6, 0x1e,
    0x02, 0xa4, 0x33, 0xb9, 0x1e, 0x07, 0xfc, 0xe2, 0xe2, 0x1e, 0xcf, 0x33, 0x3f, 0xc4, 0x1e, 0x01,
    0xa4, 0xc7, 0x1e, 0x02, 0x33, 0xcf, 0xca, 0x1e, 0x04, 0xfc, 0xfd, 0x01, 0x1e, 0xd6, 0x1e, 0x06,
    0x1e, 0xfd, 0xcf, 0xd1, 0x33, 0xd1, 0xdd, 0x1e, 0x01, 0xfc, 0xdf, 0x1e, 0x01, 0x01, 0xe1, 0x1e,
    0x01, 0x01, 0xe3, 0x1e, 0x01, 0x1e, 0xe6, 0x1e, 0x02, 0x01, 0x01, 0xec, 0x1e, 0x03, 0xfc, 0xf0,
    0x0c, 0x15, 0x1f, 0x0d, 0x5d, 0x3f, 0x33, 0x33, 0x9b, 0x3f, 0xcf, 0xcf, 0xce, 0xce, 0xcf, 0xfc,
    0xfc, 0x23, 0x1f, 0x01, 0x1e, 0x28, 0x1f, 0x01, 0xfc, 0x2f, 0x1f, 0x02, 0xa4, 0x97, 0x36, 0x1f,
    0x02, 0x33, 0x33, 0x39, 0x1f, 0x01, 0xcf, 0x3b, 0x1f, 0x02, 0x33, 0x3f, 0x3f, 0x1f, 0x01, 0xa4,
    0x41, 0x1f, 0x04, 0x33, 0xa4, 0x33, 0x33, 0x46, 0x1f, 0x01, 0xa4, 0x4a, 0x1f, 0x02, 0xcf, 0x01,
    0x4d, 0x1f, 0x01, 0xe2, 0x50, 0x1f, 0x01, 0x1e, 0x53, 0x1f, 0x05, 0x01, 0xfc, 0xcf, 0xd1, 0x33,
    0x5a, 0x1f, 0x01, 0xa4, 0x5c, 0x1f, 0x05, 0x33, 0xcf, 0xcf, 0xfc, 0x01, 0x62, 0x1f, 0x02, 0x01,
    0x1e, 0x66, 0x1f, 0x04, 0x1f, 0x01, 0x01, 0x01, 0x6c, 0x1f, 0x04, 0x01, 0xfd, 0x74, 0x0c, 0x95,
    0x1f, 0x0a, 0x05, 0x0c, 0x0c, 0xd1, 0x6b, 0xfc, 0xcf, 0xfd, 0xfd, 0x01, 0xa1, 0x1f, 0x01, 0x1e,
    0xa3, 0x1f, 0x01, 0x1e, 0xa6, 0x1f, 0x01, 0x1e, 0xa9, 0x1f, 0x01, 0xfd, 0xac, 0x1f, 0x01, 0xa4,
    0xb0, 0x1f, 0x01, 0x33, 0xb2, 0x1f, 0x02, 0x33, 0x33, 0xb5, 0x1f, 0x04, 0xcf, 0xcf, 0xfc, 0xfc,
    0xba, 0x1f, 0x02, 0x1e, 0xe2, 0xbd, 0x1f, 0x04, 0x33, 0x33, 0x97, 0x33, 0xc7, 0x1f, 0x01, 0x97,
    0xcc, 0x1f, 0x04, 0xfd, 0x33, 0x1e, 0xe2, 0xd2, 0x1f, 0x03, 0xfc, 0xce, 0x33, 0xd6, 0x1f, 0x03,
    0xa4, 0x33, 0x33, 0xda, 0x1f, 0x01, 0xa4, 0xdc, 0x1f, 0x09, 0xa4, 0xa4, 0x33, 0xcf, 0xcf, 0x6b,
    0xfd, 0x01, 0x1e, 0xe7, 0x1f, 0x01, 0x1e, 0xea, 0x1f, 0x08, 0x01, 0xfc, 0x6a, 0xcf, 0xf0, 0xf1,
    0xf0, 0x0c, 0x16, 0x20, 0x04, 0x05, 0x3f, 0xfc, 0xfc, 0x1b, 0x20, 0x01, 0x01, 0x1d, 0x20, 0x01,
    0x01, 0x1f, 0x20, 0x01, 0x1e, 0x22, 0x20, 0x03, 0x1e, 0x01, 0x01, 0x28, 0x20, 0x02, 0x01, 0x01,
    0x2c, 0x20, 0x01, 0xa4, 0x2e, 0x20, 0x02, 0x33, 0x33, 0x31, 0x20, 0x06, 0xce, 0xce, 0xcf, 0xfc,
    0xfc, 0x1e, 0x39, 0x20, 0x05, 0x01, 0x01, 0x1e, 0xfc, 0x33, 0x44, 0x20, 0x01, 0xa4, 0x46, 0x20,
    0x01, 0x97, 0x4e, 0x20, 0x01, 0xcf, 0x50, 0x20, 0x01, 0xfc, 0x54, 0x20, 0x06, 0xa4, 0x33, 0xa4,
    0x33, 0x33, 0x33, 0x60, 0x20, 0x01, 0x97, 0x62, 0x20, 0x04, 0xcf, 0xce, 0xfd, 0xe2, 0x68, 0x20,
    0x0a, 0x1e, 0xfd, 0x6b, 0xcf, 0xcf, 0x6b, 0xf0, 0x0c, 0xd3, 0x9a, 0x97, 0x20, 0x02, 0x0c, 0xe2,
    0x9b, 0x20, 0x01, 0x01, 0x9d, 0x20, 0x04, 0x1f, 0x1e, 0x1e, 0x1e, 0xa2, 0x20, 0x03, 0x1f, 0x01,
    0x01, 0xa9, 0x20, 0x02, 0x01, 0xfd, 0xad, 0x20, 0x0a, 0xd1, 0xfc, 0x6b, 0xce, 0xfd, 0xfd, 0x01,
    0x1e, 0x1e, 0x1e, 0xb8, 0x20, 0x01, 0x1e, 0xba, 0x20, 0x01, 0x01, 0xc3, 0x20, 0x03, 0xa4, 0xa4,
    0x33, 0xce, 0x20, 0x01, 0xe2, 0xd0, 0x20, 0x05, 0xfd, 0xd1, 0xcf, 0x33, 0xa4, 0xd6, 0x20, 0x01,
    0x33, 0xdc, 0x20, 0x02, 0xa4, 0x97, 0xe0, 0x20, 0x01, 0x33, 0xe3, 0x20, 0x0e, 0x33, 0xce, 0xcf,
    0xd1, 0xe2, 0xe2, 0x9c, 0xce, 0xac, 0xac, 0x51, 0x9b, 0x3f, 0x3f, 0x17, 0x21, 0x02, 0x05, 0xfc,
    0x1b, 0x21, 0x05, 0x01, 0x1f, 0x01, 0x1e, 0x1e, 0x21, 0x21, 0x02, 0x1e, 0x01, 0x26, 0x21, 0x03,
    0xfc, 0xfc, 0x1e, 0x2a, 0x21, 0x06, 0xcf, 0xd1, 0xe2, 0xcf, 0xfc, 0xf0, 0x31, 0x21, 0x0a, 0x01,
    0x01, 0x01, 0x1e, 0x1e, 0x1e, 0x1f, 0x1e, 0x01, 0x01, 0x3f, 0x21, 0x02, 0xcf, 0x97, 0x42, 0x21,
    0x01, 0x97, 0x4c, 0x21, 0x03, 0x1e, 0x1e, 0x1e, 0x50, 0x21, 0x06, 0x1e, 0x1e, 0xfc, 0xcf, 0xcf,
    0x33, 0x5c, 0x21, 0x02, 0xa4, 0x33, 0x60, 0x21, 0x01, 0xa4, 0x62, 0x21, 0x01, 0x33, 0x65, 0x21,
    0x0c, 0x33, 0xfc, 0x74, 0x75, 0xad, 0x6b, 0x51, 0xd3, 0x9a, 0x6c, 0x3f, 0x5d, 0x98, 0x21, 0x01,
    0x0c, 0x9a, 0x21, 0x04, 0x01, 0x01, 0x1f, 0x1e, 0x9f, 0x21, 0x05, 0x1e, 0x1e, 0x1f, 0xfd, 0xfd,
    0xa6, 0x21, 0x0a, 0xcf, 0xcf, 0xd1, 0xce, 0xcf, 0x97, 0x0c, 0xfc, 0x1e, 0x1e, 0xb1, 0x21, 0x01,
    0x01, 0xb3, 0x21, 0x02, 0x1f, 0x1e, 0xb6, 0x21, 0x01, 0x1e, 0xb8, 0x21, 0x03, 0x1e, 0x01, 0x01,
    0xc0, 0x21, 0x06, 0xce, 0x33, 0x97, 0x33, 0xa4, 0x33, 0xc7, 0x21, 0x01, 0x33, 0xc9, 0x21, 0x02,
    0x01, 0x01, 0xcd, 0x21, 0x03, 0x1e, 0x1e, 0x1f, 0xd3, 0x21, 0x05, 0xfc, 0xcf, 0xcf, 0xcf, 0x33,
    0xdb, 0x21, 0x01, 0xa4, 0xdd, 0x21, 0x01, 0xa4, 0xdf, 0x21, 0x02, 0x33, 0x33, 0xe4, 0x21, 0x02,
    0x33, 0xa5, 0xe7, 0x21, 0x0a, 0x51, 0xb3, 0x51, 0xc6, 0x9a, 0x3f, 0x6c, 0x5d, 0x5d, 0x5d, 0x18,
    0x22, 0x13, 0x05, 0x01, 0x01, 0x01, 0x01, 0x1e, 0xe2, 0xe2, 0x1f, 0x01, 0xce, 0xce, 0xcf, 0xcf,
    0xcf, 0x33, 0x33, 0x9b, 0x33, 0x2d, 0x22, 0x02, 0x33, 0xfc, 0x30, 0x22, 0x02, 0x01, 0x01, 0x33,
    0x22, 0x02, 0x01, 0x1e, 0x37, 0x22, 0x01, 0x1e, 0x39, 0x22, 0x03, 0x01, 0x01, 0x01, 0x40, 0x22,
    0x0b, 0x01, 0xe2, 0xd1, 0x33, 0x33, 0x33, 0xfc, 0x01, 0x01, 0x01, 0x01, 0x4d, 0x22, 0x04, 0x1e,
    0x1e, 0x1f, 0x1e, 0x52, 0x22, 0x01, 0x01, 0x55, 0x22, 0x05, 0xfc, 0xcf, 0xcf, 0xce, 0x33, 0x5b,
    0x22, 0x03, 0x33, 0xa4, 0x97, 0x62, 0x22, 0x0d, 0xcf, 0x33, 0x53, 0x53, 0x51, 0x6b, 0xc6, 0x83,
    0x9b, 0x5d, 0x5d, 0x5d, 0x5d, 0x99, 0x22, 0x03, 0xfc, 0xfc, 0xfd, 0x9d, 0x22, 0x0c, 0x1e, 0xd1,
    0xcf, 0xd1, 0xce, 0xce, 0xcf, 0x33, 0x33, 0x9b, 0xa4, 0xa4, 0xaa, 0x22, 0x01, 0x33, 0xad, 0x22,
    0x07, 0xa4, 0xfc, 0xfc, 0x01, 0x01, 0x1f, 0x01, 0xb5, 0x22, 0x01, 0x1e, 0xb7, 0x22, 0x04, 0x1f,
    0x01, 0x01, 0x01, 0xc0, 0x22, 0x06, 0x1e, 0xe2, 0xe2, 0xfc, 0xe2, 0x1e, 0xc7, 0x22, 0x02, 0x01,
    0x01, 0xca, 0x22, 0x02, 0x01, 0x01, 0xcd, 0x22, 0x07, 0x1e, 0x1e, 0x1e, 0x1e, 0x01, 0x01, 0x01,
    0xd6, 0x22, 0x07, 0x01, 0xcf, 0xcf, 0xcf, 0x6b, 0x33, 0x33, 0xde, 0x22, 0x01, 0xa4, 0xe1, 0x22,
    0x01, 0x33, 0xe3, 0x22, 0x0a, 0xa4, 0x97, 0xec, 0xc7, 0xde, 0x6c, 0x6c, 0x5d, 0x5d, 0x5d, 0x19,
    0x23, 0x09, 0x09, 0xcf, 0xce, 0xcf, 0xcf, 0xd1, 0xcf, 0x6b, 0x33, 0x27, 0x23, 0x02, 0xa4, 0xa4,
    0x2a, 0x23, 0x01, 0xa4, 0x2f, 0x23, 0x06, 0xcf, 0xfd, 0x01, 0x1e, 0x1f, 0x1f, 0x37, 0x23, 0x02,
    0x1e, 0x01, 0x3a, 0x23, 0x02, 0x01, 0x01, 0x3d, 0x23, 0x05, 0x1e, 0xfc, 0xcf, 0xd1, 0x33, 0x43,
    0x23, 0x04, 0x33, 0xcf, 0xcf, 0xfc, 0x48, 0x23, 0x0c, 0x01, 0x01, 0x01, 0x01, 0x1e, 0x1e, 0x1e,
    0x1e, 0x1f, 0x1f, 0x01, 0x01, 0x58, 0x23, 0x05, 0xe2, 0xfc, 0xcf, 0xcf, 0x75, 0x5f, 0x23, 0x02,
    0x33, 0xa5, 0x62, 0x23, 0x09, 0x60, 0x8e, 0xc7, 0x62, 0x6c, 0x5d, 0x5d, 0x3f, 0x5d, 0x99, 0x23,
    0x07, 0x0c, 0x33, 0xcf, 0x75, 0x6b, 0x33, 0x0c, 0xa6, 0x23, 0x02, 0xa4, 0xa4, 0xa9, 0x23, 0x02,
    0x33, 0x33, 0xac, 0x23, 0x01, 0xa4, 0xae, 0x23, 0x04, 0x33, 0x33, 0xce, 0xfd, 0xb3, 0x23, 0x02,
    0x1f, 0x1f, 0xb6, 0x23, 0x0a, 0x1e, 0x1f, 0x01, 0x1e, 0x01, 0xfd, 0xcf, 0xcf, 0x33, 0xcf, 0xc2,
    0x23, 0x01, 0x33, 0xc4, 0x23, 0x06, 0x6b, 0xcf, 0xfc, 0xfc, 0x01, 0x01, 0xcb, 0x23, 0x02, 0x01,
    0x01, 0xce, 0x23, 0x04, 0x1e, 0x1e, 0x1f, 0x1f, 0xd3, 0x23, 0x02, 0x01, 0x01, 0xda, 0x23, 0x05,
    0xfc, 0xcf, 0xd1, 0x6b, 0xa5, 0xe0, 0x23, 0x01, 0x60, 0xe2, 0x23, 0x07, 0xde, 0xa4, 0x6c, 0x5d,
    0x9b, 0x5d, 0x5d, 0x1a, 0x24, 0x04, 0x9e, 0x33, 0x0c, 0x33, 0x23, 0x24, 0x01, 0xa4, 0x25, 0x24,
    0x01, 0x33, 0x2b, 0x24, 0x02, 0xa4, 0x97, 0x30, 0x24, 0x02, 0x33, 0xce, 0x33, 0x24, 0x0a, 0x1f,
    0x1f, 0x1e, 0x1e, 0x1f, 0xfc, 0xcf, 0xce, 0xce, 0x33, 0x3f, 0x24, 0x01, 0xa4, 0x41, 0x24, 0x01,
    0x33, 0x43, 0x24, 0x01, 0xa4, 0x46, 0x24, 0x09, 0xcf, 0xcf, 0xcf, 0xfd, 0x01, 0x1e, 0x1f, 0x1f,
    0x1e, 0x50, 0x24, 0x05, 0x1e, 0x01, 0x1f, 0x01, 0x01, 0x59, 0x24, 0x08, 0x1f, 0x1e, 0xfc, 0x33,
    0x8f, 0x48, 0xa5, 0x53, 0x62, 0x24, 0x05, 0x31, 0x5d, 0x9b, 0x5d, 0x5d, 0x9a, 0x24, 0x01, 0x3f,
    0xa0, 0x24, 0x01, 0xa4, 0xa2, 0x24, 0x01, 0x33, 0xa5, 0x24, 0x02, 0xa4, 0xa4, 0xa9, 0x24, 0x03,
    0x33, 0x97, 0xa4, 0xaf, 0x24, 0x01, 0xa4, 0xb1, 0x24, 0x02, 0xfc, 0xd1, 0xb4, 0x24, 0x08, 0x1e,
    0xfc, 0xd1, 0xd1, 0xcf, 0x33, 0x33, 0xa4, 0xbd, 0x24, 0x02, 0x33, 0x33, 0xc0, 0x24, 0x02, 0xa4,
    0xa4, 0xc3, 0x24, 0x01, 0x33, 0xc7, 0x24, 0x08, 0xce, 0xcf, 0xce, 0xfd, 0x1e, 0x1f, 0x1f, 0x1f,
    0xd0, 0x24, 0x06, 0x1e, 0x1f, 0x01, 0x1e, 0x01, 0x01, 0xda, 0x24, 0x06, 0xfc, 0x33, 0xf7, 0xf6,
    0x62, 0x53, 0xe1, 0x24, 0x04, 0x5d, 0x5d, 0x5d, 0x5d, 0x1a, 0x25, 0x04, 0x0c, 0x3a, 0x33, 0xa4,
    0x20, 0x25, 0x02, 0x33, 0x33, 0x24, 0x25, 0x01, 0xa4, 0x26, 0x25, 0x01, 0x33, 0x2d, 0x25, 0x01,
    0xa4, 0x2f, 0x25, 0x01, 0x33, 0x31, 0x25, 0x02, 0x33, 0x33, 0x34, 0x25, 0x05, 0xce, 0xd1, 0xd1,
    0x33, 0x6b, 0x3a, 0x25, 0x01, 0x33, 0x3e, 0x25, 0x01, 0xa4, 0x40, 0x25, 0x01, 0x97, 0x42, 0x25,
    0x02, 0xa4, 0xa4, 0x45, 0x25, 0x07, 0xa4, 0xa4, 0xa4, 0x33, 0xcf, 0xce, 0xce, 0x4d, 0x25, 0x02,
    0x1f, 0x1f, 0x51, 0x25, 0x03, 0x1e, 0x01, 0x01, 0x55, 0x25, 0x02, 0x01, 0x01, 0x58, 0x25, 0x02,
    0xe2, 0x96, 0x5b, 0x25, 0x08, 0xf6, 0x31, 0x31, 0x62, 0x5d, 0x5d, 0x5d, 0x5d, 0x9a, 0x25, 0x04,
    0x0c, 0x3f, 0x62, 0x33, 0xa2, 0x25, 0x02, 0xa4, 0x33, 0xaa, 0x25, 0x02, 0xa4, 0xa4, 0xad, 0x25,
    0x06, 0x33, 0x33, 0x33, 0xcf, 0xcf, 0x33, 0xb4, 0x25, 0x04, 0x33, 0x33, 0xd1, 0xa4, 0xb9, 0x25,
    0x01, 0x33, 0xbc, 0x25, 0x01, 0xa4, 0xbe, 0x25, 0x01, 0x33, 0xc1, 0x25, 0x02, 0xa4, 0xa4, 0xc4,
    0x25, 0x02, 0xa4, 0x33, 0xc8, 0x25, 0x08, 0x33, 0x33, 0xce, 0x6a, 0xd1, 0xe2, 0x1f, 0x1f, 0xd1,
    0x25, 0x06, 0x1e, 0x1f, 0x01, 0x01, 0x01, 0x01, 0xd8, 0x25, 0x04, 0x01, 0xa5, 0xf7, 0x31, 0xde,
    0x25, 0x03, 0x3f, 0x5d, 0x5d, 0x1b, 0x26, 0x03, 0x3f, 0x3a, 0x33, 0x20, 0x26, 0x01, 0xa4, 0x22,
    0x26, 0x01, 0x33, 0x27, 0x26, 0x03, 0xa4, 0x33, 0x33, 0x2b, 0x26, 0x0b, 0x33, 0x33, 0xcf, 0xcf,
    0xcf, 0xcf, 0xd1, 0xe2, 0xa4, 0x6b, 0xd1, 0x37, 0x26, 0x02, 0x33, 0x33, 0x3a, 0x26, 0x03, 0xa4,
    0xa4, 0x33, 0x45, 0x26, 0x02, 0xa4, 0x33, 0x49, 0x26, 0x07, 0xa4, 0x33, 0xfd, 0xd1, 0xd1, 0xd1,
    0x1f, 0x51, 0x26, 0x04, 0x1e, 0x01, 0x1f, 0xfc, 0x57, 0x26, 0x04, 0xbc, 0x53, 0x31, 0x62, 0x5c,
    0x26, 0x03, 0x5d, 0x5d, 0x5d, 0x9b, 0x26, 0x02, 0x3f, 0x3f, 0x9f, 0x26, 0x01, 0x33, 0xa6, 0x26,
    0x0c, 0xa4, 0x33, 0x33, 0x33, 0xcf, 0xcf, 0xd1, 0xcf, 0xcf, 0xcf, 0xfc, 0xcf, 0xb4, 0x26, 0x04,
    0xfd, 0xd1, 0xd1, 0xa4, 0xb9, 0x26, 0x01, 0x33, 0xc1, 0x26, 0x02, 0xa4, 0xa4, 0xc4, 0x26, 0x01,
    0x33, 0xc6, 0x26, 0x02, 0xa4, 0xa4, 0xc9, 0x26, 0x01, 0x33, 0xcb, 0x26, 0x06, 0x33, 0xce, 0xd1,
    0xd1, 0xd1, 0xfc, 0xd2, 0x26, 0x02, 0xe2, 0x97, 0xd5, 0x26, 0x03, 0xf6, 0xf7, 0x62, 0xd9, 0x26,
    0x01, 0xc6, 0xdb, 0x26, 0x02, 0x5d, 0x0c, 0x1b, 0x27, 0x04, 0x0c, 0x0c, 0x09, 0x33, 0x20, 0x27,
    0x02, 0xa4, 0xa4, 0x23, 0x27, 0x01, 0xa4, 0x26, 0x27, 0x09, 0x33, 0xcf, 0xcf, 0xcf, 0xd1, 0xcf,
    0xd1, 0xe2, 0xcf, 0x30, 0x27, 0x02, 0x1e, 0x1e, 0x34, 0x27, 0x05, 0xfc, 0xd1, 0xd1, 0xcf, 0x33,
    0x3f, 0x27, 0x01, 0xa4, 0x41, 0x27, 0x02, 0x33, 0x33, 0x45, 0x27, 0x01, 0xa4, 0x47, 0x27, 0x02,
    0x33, 0x33, 0x4d, 0x27, 0x07, 0xcf, 0xd1, 0xcf, 0x33, 0xa4, 0x96, 0xf6, 0x55, 0x27, 0x01, 0x31,
    0x57, 0x27, 0x01, 0xc6, 0x59, 0x27, 0x02, 0x5d, 0x0c, 0x9b, 0x27, 0x06, 0x0c, 0x3f, 0x3f, 0xa4,
    0x33, 0xa4, 0xa2, 0x27, 0x01, 0x97, 0xa4, 0x27, 0x0a, 0xfd, 0xce, 0xce, 0xcf, 0xcf, 0xcf, 0xcf,
    0xe2, 0xd1, 0x1e, 0xb0, 0x27, 0x01, 0x1e, 0xb4, 0x27, 0x05, 0x01, 0xe2, 0xcf, 0xcf, 0xcf, 0xbe,
    0x27, 0x01, 0xa4, 0xc0, 0x27, 0x01, 0x33, 0xc3, 0x27, 0x01, 0xa4, 0xc5, 0x27, 0x01, 0x33, 0xce,
    0x27, 0x04, 0x33, 0xa5, 0x33, 0xf6, 0xd3, 0x27, 0x01, 0x31, 0xd5, 0x27, 0x04, 0x62, 0xc6, 0x9b,
    0x5d, 0x1c, 0x28, 0x03, 0x3f, 0x3f, 0x3a, 0x20, 0x28, 0x0e, 0x33, 0xfc, 0xcf, 0xcf, 0x6a, 0x6a,
    0xce, 0xcf, 0xfc, 0xd1, 0x01, 0x1e, 0x1e, 0x1e, 0x2f, 0x28, 0x03, 0x01, 0x1e, 0x1e, 0x34, 0x28,
    0x01, 0x01, 0x36, 0x28, 0x04, 0xcf, 0xcf, 0xcf, 0xcf, 0x3d, 0x28, 0x02, 0xa4, 0x33, 0x43, 0x28,
    0x02, 0xa4, 0x33, 0x4b, 0x28, 0x07, 0x33, 0x33, 0xa5, 0x8f, 0xf7, 0xa5, 0x62, 0x53, 0x28, 0x01,
    0x62, 0x56, 0x28, 0x01, 0x5d, 0x9c, 0x28, 0x12, 0x0c, 0x3f, 0xf0, 0x6b, 0xcf, 0xcf, 0xcf, 0x6b,
    0xfd, 0x6a, 0xfc, 0xcf, 0x01, 0x1f, 0x1f, 0x1e, 0x1e, 0x1e, 0xaf, 0x28, 0x01, 0x1f, 0xb1, 0x28,
    0x01, 0x1e, 0xb4, 0x28, 0x01, 0x01, 0xb7, 0x28, 0x07, 0xcf, 0xcf, 0xcf, 0xcf, 0xa4, 0xa4, 0x33,
    0xc1, 0x28, 0x03, 0xa4, 0xa4, 0x33, 0xc9, 0x28, 0x09, 0x33, 0xec, 0xa5, 0xa5, 0xf7, 0xf6, 0x62,
    0x53, 0xc6, 0xd3, 0x28, 0x02, 0x62, 0x5d, 0x1c, 0x29, 0x0a, 0x0c, 0xee, 0xf0, 0xeb, 0xfc, 0xcf,
    0xcf, 0xfd, 0xfd, 0x01, 0x28, 0x29, 0x06, 0x1f, 0x01, 0x1f, 0x1e, 0x1e, 0x01, 0x2f, 0x29, 0x01,
    0x1f, 0x31, 0x29, 0x01, 0x1e, 0x34, 0x29, 0x01, 0x01, 0x37, 0x29, 0x07, 0xfc, 0xcf, 0xcf, 0x6b,
    0xcf, 0x33, 0x33, 0x40, 0x29, 0x01, 0xa4, 0x42, 0x29, 0x02, 0x33, 0x33, 0x47, 0x29, 0x02, 0x33,
    0xa4, 0x4a, 0x29, 0x06, 0xbc, 0x33, 0xf6, 0xc6, 0x31, 0xc6, 0x9c, 0x29, 0x0a, 0x0c, 0xf0, 0xf0,
    0xf0, 0xad, 0xfc, 0xcf, 0x01, 0x1f, 0x01, 0xa8, 0x29, 0x0a, 0x01, 0x1f, 0x1f, 0x1e, 0x01, 0x1e,
    0x01, 0x1e, 0x1e, 0x1e, 0xb4, 0x29, 0x01, 0x01, 0xb7, 0x29, 0x06, 0x01, 0x6b, 0xcf, 0xfc, 0xcf,
    0xce, 0xbe, 0x29, 0x01, 0xa4, 0xc0, 0x29, 0x01, 0x33, 0xc5, 0x29, 0x08, 0x33, 0xa4, 0xa5, 0xa4,
    0x33, 0xf7, 0xde, 0xc6, 0xd0, 0x29, 0x01, 0x51, 0x1d, 0x2a, 0x08, 0xf0, 0xf0, 0xf0, 0xf5, 0x9c,
    0x1f, 0x01, 0x01, 0x28, 0x2a, 0x04, 0x1f, 0x1f, 0x1f, 0x1e, 0x2d, 0x2a, 0x04, 0x1e, 0x1f, 0x1e,
    0x1e, 0x33, 0x2a, 0x01, 0x01, 0x36, 0x2a, 0x01, 0x01, 0x39, 0x2a, 0x05, 0xfc, 0xce, 0xce, 0xcf,
    0xe2, 0x42, 0x2a, 0x01, 0x33, 0x45, 0x2a, 0x07, 0xa5, 0x53, 0x97, 0x48, 0x62, 0x31, 0x31, 0x4d,
    0x2a, 0x03, 0x62, 0x51, 0x5d, 0x9d, 0x2a, 0x08, 0xf0, 0xf0, 0xf0, 0xf0, 0x6b, 0xfd, 0x01, 0x01,
    0xa7, 0x2a, 0x0b, 0x1e, 0x1f, 0x1f, 0x1f, 0x1e, 0x01, 0x01, 0x1f, 0x1e, 0x1e, 0x01, 0xb3, 0x2a,
    0x01, 0x01, 0xb5, 0x2a, 0x01, 0x01, 0xb7, 0x2a, 0x01, 0x01, 0xb9, 0x2a, 0x06, 0xfc, 0xce, 0xce,
    0xcf, 0x75, 0xd1, 0xc0, 0x2a, 0x02, 0x33, 0xec, 0xc3, 0x2a, 0x01, 0x01, 0xc5, 0x2a, 0x05, 0xa4,
    0x60, 0xc7, 0xc6, 0xf7, 0xcc, 0x2a, 0x02, 0xc6, 0x5d, 0x1d, 0x2b, 0x09, 0x0c, 0xf0, 0xf0, 0xf0,
    0xf5, 0xac, 0x01, 0x01, 0x1e, 0x27, 0x2b, 0x0d, 0x1e, 0x1f, 0x1f, 0x1f, 0x1e, 0x1f, 0x01, 0x1f,
    0x1e, 0x1e, 0x01, 0x01, 0x01, 0x37, 0x2b, 0x02, 0x01, 0x1e, 0x3a, 0x2b, 0x13, 0xfc, 0xcf, 0xcf,
    0xd1, 0xe2, 0x23, 0xa4, 0xa5, 0x53, 0xa4, 0x33, 0xc6, 0xde, 0xa4, 0xc6, 0x62, 0xc6, 0x5d, 0x9b,
    0x9d, 0x2b, 0x08, 0x0c, 0xf0, 0xf0, 0xf0, 0xf1, 0xac, 0xfd, 0x1e, 0xa6, 0x2b, 0x01, 0x1e, 0xa8,
    0x2b, 0x09, 0x1f, 0x1f, 0x1f, 0x1e, 0x01, 0x1f, 0x1e, 0x1e, 0x1e, 0xb2, 0x2b, 0x02, 0x01, 0x01,
    0xb6, 0x2b, 0x01, 0x01, 0xb8, 0x2b, 0x02, 0x1e, 0x1e, 0xbb, 0x2b, 0x10, 0xce, 0xfc, 0x3d, 0x75,
    0x6a, 0x82, 0xa4, 0x60, 0xa4, 0x62, 0xa4, 0x31, 0xc6, 0xc6, 0x5d, 0x5d, 0x1e, 0x2c, 0x06, 0xf0,
    0xf0, 0xf0, 0xf0, 0xf4, 0xac, 0x26, 0x2c, 0x09, 0x1e, 0x1e, 0x1f, 0x1f, 0x01, 0x1f, 0x1f, 0x01,
    0x1e, 0x30, 0x2c, 0x04, 0x1e, 0x01, 0x01, 0x01, 0x38, 0x2c, 0x0c, 0x1e, 0x1e, 0xe2, 0x22, 0x6a,
    0x6d, 0xd1, 0x9c, 0xad, 0x51, 0xa5, 0xf7, 0x46, 0x2c, 0x04, 0x51, 0x5d, 0x9b, 0x5d, 0x9e, 0x2c,
    0x18, 0xf0, 0xf0, 0xf0, 0xf1, 0xf1, 0xac, 0xfc, 0x1e, 0x1e, 0x1e, 0x01, 0x1f, 0x01, 0x01, 0x1f,
    0x1f, 0x1e, 0x1e, 0x1e, 0x01, 0x01, 0x01, 0x1e, 0x01, 0xb7, 0x2c, 0x11, 0xfc, 0xfc, 0x6b, 0x74,
    0x6a, 0xcf, 0x82, 0x75, 0x51, 0xa4, 0xc7, 0xc6, 0xf7, 0x33, 0x3f, 0x5d, 0x5d, 0x1e, 0x2d, 0x09,
    0xf0, 0xf0, 0xf1, 0xf1, 0xf1, 0xeb, 0xb3, 0x1e, 0x1e, 0x28, 0x2d, 0x02, 0x1f, 0x1f, 0x2b, 0x2d,
    0x04, 0x01, 0x1f, 0x1e, 0x1e, 0x30, 0x2d, 0x04, 0x1e, 0x01, 0x1f, 0x01, 0x35, 0x2d, 0x0d, 0xfc,
    0x23, 0x6b, 0x6a, 0x73, 0x9c, 0x9c, 0xad, 0x51, 0xa4, 0xc7, 0x31, 0x31, 0x43, 0x2d, 0x04, 0x5d,
    0x3f, 0x5d, 0x5d, 0x9e, 0x2d, 0x0c, 0x0c, 0xf0, 0xf0, 0xf0, 0xf1, 0xee, 0xd1, 0xe2, 0x1f, 0x1e,
    0x01, 0x01, 0xab, 0x2d, 0x04, 0x1f, 0x1f, 0x1e, 0x1e, 0xb1, 0x2d, 0x14, 0x01, 0x1f, 0xfd, 0x23,
    0xcf, 0x6a, 0x73, 0xcf, 0x9c, 0x82, 0xad, 0xec, 0xc7, 0x18, 0x62, 0x31, 0x5d, 0x9b, 0x5d, 0x3f,
    0x1e, 0x2e, 0x09, 0x0c, 0xf0, 0xf1, 0xf1, 0xf0, 0xf0, 0xeb, 0xb3, 0x1e, 0x28, 0x2e, 0x01, 0x1f,
    0x2a, 0x2e, 0x04, 0x1f, 0x1f, 0x1f, 0x1e, 0x31, 0x2e, 0x13, 0xfd, 0x6a, 0x6b, 0x6b, 0x9c, 0x6b,
    0x9c, 0xb3, 0xad, 0x51, 0xc6, 0x62, 0x31, 0x60, 0x5d, 0x5d, 0x5d, 0x5d, 0x5d, 0x9f, 0x2e, 0x08,
    0xf0, 0xf1, 0xf1, 0xf0, 0xee, 0xee, 0xb3, 0xe2, 0xa8, 0x2e, 0x1a, 0x1f, 0x01, 0x01, 0x01, 0x1f,
    0x1e, 0xe2, 0xfc, 0x75, 0x6b, 0x6b, 0x9d, 0x6b, 0xcf, 0xad, 0xad, 0x33, 0xc6, 0xc7, 0xc6, 0x60,
    0x5d, 0x5d, 0x9b, 0x5d, 0x5d, 0x1f, 0x2f, 0x08, 0xf1, 0xf1, 0xf0, 0xee, 0xee, 0xee, 0xeb, 0x6b,
    0x28, 0x2f, 0x01, 0x01, 0x2a, 0x2f, 0x17, 0x01, 0x1f, 0xe2, 0x3d, 0x75, 0x6a, 0x73, 0xce, 0x9d,
    0x9d, 0xcf, 0xad, 0x97, 0x8e, 0xc7, 0xde, 0x3f, 0x9b, 0x3f, 0x5d, 0x5d, 0x5d, 0x5d, 0x9f, 0x2f,
    0x20, 0x0c, 0xf0, 0xf0, 0xee, 0xee, 0xf0, 0xee, 0xad, 0xfc, 0x01, 0x01, 0xfc, 0x3d, 0x75, 0xd1,
    0x73, 0xcf, 0x9c, 0x9c, 0xac, 0xac, 0x6b, 0x51, 0x62, 0xc7, 0x6c, 0x6c, 0x5d, 0x9b, 0x9b, 0x5d,
    0x5d, 0x1f, 0x30, 0x09, 0x0c, 0xf1, 0xf0, 0xee, 0xee, 0xee, 0xee, 0xf5, 0xad, 0x29, 0x30, 0x15,
    0x6a, 0x6a, 0x74, 0x6b, 0x75, 0x9c, 0xad, 0xad, 0xce, 0xac, 0x97, 0xa4, 0xc6, 0x6c, 0x6c, 0x5d,
    0x5d, 0x9b, 0x9b, 0x5d, 0x0c, 0xa0, 0x30, 0x1c, 0xf0, 0xee, 0xee, 0xf0, 0xee, 0xf0, 0x0c, 0xc6,
    0x19, 0x6b, 0x9c, 0x75, 0x75, 0xd1, 0xb3, 0xcf, 0xad, 0x51, 0x8e, 0xc7, 0x83, 0x3f, 0x6c, 0x5d,
    0x5d, 0x5d, 0x5d, 0x9b, 0x20, 0x31, 0x1a, 0xf0, 0xee, 0xee, 0x0c, 0xd3, 0x9b, 0x9a, 0x86, 0x31,
    0x97, 0x9c, 0xb3, 0x75, 0xd1, 0x6b, 0xad, 0x51, 0xc6, 0x9a, 0x6c, 0x6c, 0x9b, 0x5d, 0x9b, 0x5d,
    0x5d, 0xa0, 0x31, 0x19, 0x0c, 0x0c, 0xd3, 0x9b, 0x9a, 0x9b, 0x6c, 0x9b, 0x31, 0xde, 0xad, 0xb3,
    0x6b, 0xd1, 0x51, 0x62, 0x9a, 0x6c, 0x6c, 0x5d, 0x5d, 0x9b, 0x5d, 0x5d, 0x0c, 0x21, 0x32, 0x08,
    0x9b, 0x9a, 0x83, 0x6c, 0x9b, 0x3f, 0x5d, 0x58, 0x2a, 0x32, 0x0d, 0x97, 0xb3, 0x97, 0xec, 0x9a,
    0x3f, 0x3f, 0x6c, 0x5d, 0x5d, 0x5d, 0x3f, 0x5d, 0xa1, 0x32, 0x15, 0x6c, 0x3f, 0x6c, 0x6c, 0x9b,
    0x3f, 0x3f, 0x5d, 0xc6, 0x31, 0x8e, 0x9a, 0x9a, 0x9b, 0x3f, 0x5d, 0x5d, 0x3f, 0x5d, 0x9b, 0x3f,
    0x21, 0x33, 0x13, 0x6c, 0x5d, 0x5d, 0x5d, 0x9b, 0x3f, 0x5d, 0x5d, 0x58, 0x5d, 0x9a, 0x6c, 0x9b,
    0x6c, 0x3f, 0x3f, 0x5d, 0x5d, 0x5d, 0xa2, 0x33, 0x06, 0x5d, 0x9b, 0x5d, 0x5d, 0x9b, 0x5d, 0xaa,
    0x33, 0x08, 0x5d, 0x6c, 0x6c, 0x5d, 0x5d, 0x3f, 0x5d, 0x5d, 0x22, 0x34, 0x04, 0x5d, 0x5d, 0x5d,
    0x0c, 0x2a, 0x34, 0x07, 0x05, 0x5d, 0x5d, 0x9b, 0x5d, 0x3f, 0x5d, 0xa2, 0x34, 0x02, 0x5d, 0x0c,
    0xab, 0x34, 0x04, 0x5d, 0x5d, 0x5d, 0x5d, 0x2b, 0x35, 0x03, 0x05, 0x5d, 0x0c, 0x49, 0x18, 0x01,
    0x0c, 0x4b, 0x18, 0x01, 0x0c, 0xc3, 0x18, 0x01, 0x0c, 0xc6, 0x18, 0x01, 0x33, 0xc9, 0x18, 0x02,
    0xa4, 0x33, 0xcc, 0x18, 0x03, 0x33, 0x0c, 0x0c, 0x3e, 0x19, 0x01, 0x0c, 0x42, 0x19, 0x03, 0x1e,
    0xfc, 0x33, 0x4c, 0x19, 0x03, 0xa4, 0x33, 0xa4, 0x50, 0x19, 0x01, 0x0c, 0xb7, 0x19, 0x02, 0x3f,
    0x0c, 0xbb, 0x19, 0x01, 0xfc, 0xbd, 0x19, 0x01, 0x01, 0xc2, 0x19, 0x01, 0x01, 0xc5, 0x19, 0x06,
    0xfc, 0x33, 0xa4, 0x33, 0xa4, 0x33, 0xcd, 0x19, 0x04, 0x33, 0x33, 0x3f, 0xd1, 0x32, 0x1a, 0x01,
    0x3f, 0x38, 0x1a, 0x01, 0xa4, 0x3a, 0x1a, 0x01, 0xa4, 0x40, 0x1a, 0x01, 0x1e, 0x44, 0x1a, 0x01,
    0x01, 0x46, 0x1a, 0x02, 0x01, 0xfc, 0x49, 0x1a, 0x05, 0x33, 0x9b, 0xfc, 0xfd, 0xfc, 0x4f, 0x1a,
    0x02, 0x1e, 0x1e, 0x52, 0x1a, 0x04, 0x01, 0xf0, 0x0c, 0x0c, 0xad, 0x1a, 0x01, 0xfc, 0xb0, 0x1a,
    0x02, 0xd1, 0xa4, 0xb3, 0x1a, 0x01, 0x97, 0xb5, 0x1a, 0x01, 0x33, 0xb9, 0x1a, 0x05, 0xa4, 0xa4,
    0xa4, 0xa4, 0xcf, 0xbf, 0x1a, 0x01, 0x1f, 0xc1, 0x1a, 0x07, 0x1e, 0x01, 0xfd, 0xfc, 0xf0, 0x0c,
    0x33, 0xc9, 0x1a, 0x02, 0x33, 0xfc, 0xcc, 0x1a, 0x02, 0x01, 0x01, 0xcf, 0x1a, 0x01, 0x1e, 0xd1,
    0x1a, 0x03, 0x1e, 0x01, 0x01, 0xd6, 0x1a, 0x01, 0xf0, 0x27, 0x1b, 0x01, 0x0c, 0x2a, 0x1b, 0x01,
    0xfc, 0x2c, 0x1b, 0x01, 0x1e, 0x30, 0x1b, 0x02, 0x1e, 0xfc, 0x39, 0x1b, 0x02, 0x97, 0xa4, 0x3c,
    0x1b, 0x01, 0x33, 0x3e, 0x1b, 0x01, 0x33, 0x41, 0x1b, 0x03, 0x0c, 0x0c, 0xce, 0x48, 0x1b, 0x01,
    0xa4, 0x4b, 0x1b, 0x02, 0xfc, 0xfc, 0x4e, 0x1b, 0x02, 0x01, 0x1e, 0x51, 0x1b, 0x01, 0x1e, 0x53,
    0x1b, 0x01, 0x01, 0x56, 0x1b, 0x03, 0xfc, 0xfd, 0x1f, 0xa2, 0x1b, 0x01, 0x0c, 0xa5, 0x1b, 0x02,
    0x1e, 0x1e, 0xa9, 0x1b, 0x03, 0x01, 0x1e, 0x1e, 0xae, 0x1b, 0x01, 0x01, 0xb2, 0x1b, 0x01, 0xfd,
    0xb6, 0x1b, 0x02, 0x97, 0x33, 0xb9, 0x1b, 0x02, 0x33, 0x33, 0xbc, 0x1b, 0x04, 0x33, 0x3f, 0x3f,
    0xd1, 0xc5, 0x1b, 0x01, 0x33, 0xc9, 0x1b, 0x01, 0x97, 0xcd, 0x1b, 0x03, 0xfc, 0xfd, 0x1f, 0xd1,
    0x1b, 0x0a, 0x1e, 0xfc, 0xfc, 0x01, 0xcf, 0xcf, 0x33, 0x33, 0x3f, 0xa4, 0x1c, 0x1c, 0x01, 0x0c,
    0x1f, 0x1c, 0x01, 0x33, 0x24, 0x1c, 0x01, 0x97, 0x2a, 0x1c, 0x02, 0x1e, 0x1e, 0x33, 0x1c, 0x02,
    0xfd, 0x33, 0x37, 0x1c, 0x01, 0x33, 0x39, 0x1c, 0x02, 0x3f, 0xf0, 0x3d, 0x1c, 0x01, 0x1e, 0x3f,
    0x1c, 0x01, 0x1e, 0x4a, 0x1c, 0x01, 0xa4, 0x4c, 0x1c, 0x01, 0x33, 0x4e, 0x1c, 0x03, 0x33, 0xfc,
    0xe2, 0x52, 0x1c, 0x06, 0xcf, 0x33, 0x33, 0x3f, 0x3f, 0xa4, 0x59, 0x1c, 0x01, 0x33, 0x5c, 0x1c,
    0x03, 0xa4, 0x3f, 0x0c, 0x97, 0x1c, 0x01, 0x0c, 0x99, 0x1c, 0x02, 0x33, 0x33, 0x9e, 0x1c, 0x03,
    0x97, 0x97, 0x33, 0xb4, 0x1c, 0x03, 0x33, 0xf0, 0xf0, 0xb8, 0x1c, 0x01, 0x01, 0xbc, 0x1c, 0x01,
    0x1e, 0xc0, 0x1c, 0x01, 0x1e, 0xc2, 0x1c, 0x03, 0xcf, 0x33, 0x33, 0xc8, 0x1c, 0x01, 0x33, 0xca,
    0x1c, 0x02, 0x33, 0x33, 0xce, 0x1c, 0x04, 0xe2, 0xfc, 0xee, 0x3f, 0xd3, 0x1c, 0x01, 0xa4, 0xd5,
    0x1c, 0x01, 0x33, 0xd8, 0x1c, 0x01, 0xa4, 0xda, 0x1c, 0x03, 0x33, 0xa4, 0xa4, 0xdf, 0x1c, 0x01,
    0x9b, 0xe2, 0x1c, 0x01, 0x0c, 0x16, 0x1d, 0x05, 0x0c, 0x33, 0x97, 0xa4, 0x33, 0x20, 0x1d, 0x03,
    0xa4, 0x97, 0xa4, 0x25, 0x1d, 0x02, 0xa4, 0xfd, 0x2f, 0x1d, 0x03, 0x3f, 0x3f, 0x3f, 0x34, 0x1d,
    0x02, 0xa4, 0xfc, 0x3d, 0x1d, 0x01, 0x01, 0x43, 0x1d, 0x02, 0x6a, 0xa4, 0x46, 0x1d, 0x02, 0x33,
    0x33, 0x4a, 0x1d, 0x0a, 0x33, 0xfc, 0xf0, 0xf0, 0x1e, 0x01, 0x01, 0x1e, 0xcf, 0xa4, 0x55, 0x1d,
    0x01, 0x33, 0x5d, 0x1d, 0x02, 0x33, 0x33, 0x60, 0x1d, 0x03, 0x33, 0x3f, 0x3f, 0x64, 0x1d, 0x01,
    0x0c, 0x97, 0x1d, 0x01, 0x33, 0x9f, 0x1d, 0x01, 0x33, 0xa4, 0x1d, 0x02, 0x33, 0x33, 0xa7, 0x1d,
    0x01, 0xfc, 0xaa, 0x1d, 0x03, 0x3f, 0x3f, 0x3f, 0xae, 0x1d, 0x03, 0xa4, 0xa4, 0xa4, 0xb4, 0x1d,
    0x01, 0x33, 0xb8, 0x1d, 0x01, 0x01, 0xbb, 0x1d, 0x01, 0x1e, 0xbd, 0x1d, 0x01, 0x1e, 0xbf, 0x1d,
    0x01, 0x01, 0xc2, 0x1d, 0x08, 0xfc, 0xfc, 0x1e, 0x33, 0x33, 0x33, 0xf0, 0xf0, 0xcb, 0x1d, 0x01,
    0x01, 0xd1, 0x1d, 0x01, 0x01, 0xd4, 0x1d, 0x02, 0xcf, 0xcf, 0xda, 0x1d, 0x04, 0x33, 0xa4, 0x33,
    0x33, 0xe0, 0x1d, 0x08, 0x33, 0x33, 0xcf, 0xcf, 0xfc, 0xee, 0xfc, 0x0c, 0x17, 0x1e, 0x02, 0x3f,
    0xa4, 0x1a, 0x1e, 0x02, 0x97, 0xa4, 0x1f, 0x1e, 0x02, 0x33, 0x33, 0x22, 0x1e, 0x01, 0x33, 0x24,
    0x1e, 0x03, 0xf0, 0xf1, 0xf0, 0x2a, 0x1e, 0x05, 0xa4, 0xa4, 0x33, 0xa4, 0x33, 0x32, 0x1e, 0x03,
    0xa4, 0x97, 0xa4, 0x36, 0x1e, 0x03, 0xa4, 0x33, 0x01, 0x3c, 0x1e, 0x04, 0x1e, 0x1e, 0xfd, 0xfd,
    0x41, 0x1e, 0x06, 0xfc, 0xfc, 0x3f, 0x3f, 0x3f, 0x1e, 0x48, 0x1e, 0x01, 0xfc, 0x4e, 0x1e, 0x01,
    0x1e, 0x50, 0x1e, 0x02, 0x1e, 0x01, 0x57, 0x1e, 0x01, 0x6b, 0x5a, 0x1e, 0x02, 0x97, 0x33, 0x5d,
    0x1e, 0x06, 0x33, 0x33, 0xce, 0xcf, 0xfc, 0xcf, 0x64, 0x1e, 0x01, 0x1e, 0x66, 0x1e, 0x01, 0x1e,
    0x68, 0x1e, 0x03, 0xfc, 0x0c, 0x0c, 0x97, 0x1e, 0x01, 0x0c, 0x99, 0x1e, 0x01, 0x33, 0x9b, 0x1e,
    0x06, 0x97, 0xfc, 0xfd, 0xf1, 0xf0, 0xf0, 0xa2, 0x1e, 0x02, 0x1e, 0x1e, 0xa5, 0x1e, 0x01, 0x01,
    0xa8, 0x1e, 0x03, 0x33, 0x33, 0x33, 0xb1, 0x1e, 0x01, 0xa4, 0xb9, 0x1e, 0x07, 0xfc, 0xe2, 0xfc,
    0xfc, 0x33, 0x3f, 0x3f, 0xc4, 0x1e, 0x01, 0xa4, 0xc6, 0x1e, 0x02, 0xa4, 0x33, 0xc9, 0x1e, 0x02,
    0xfc, 0xfc, 0xce, 0x1e, 0x01, 0x1e, 0xd0, 0x1e, 0x03, 0x1e, 0x01, 0x01, 0xd7, 0x1e, 0x01, 0x01,
    0xdb, 0x1e, 0x04, 0xd1, 0xcf, 0xfc, 0xfc, 0xe3, 0x1e, 0x01, 0x1e, 0xe5, 0x1e, 0x01, 0x1e, 0xe7,
    0x1e, 0x01, 0x1e, 0xea, 0x1e, 0x03, 0xfc, 0xfc, 0x0c, 0x17, 0x1f, 0x04, 0x0c, 0xe2, 0xf0, 0xf0,
    0x1c, 0x1f, 0x01, 0x01, 0x1e, 0x1f, 0x01, 0x01, 0x20, 0x1f, 0x05, 0x1e, 0x1e, 0x1e, 0x1e, 0x01,
    0x28, 0x1f, 0x01, 0xfc, 0x2f, 0x1f, 0x02, 0x97, 0x33, 0x36, 0x1f, 0x01, 0x33, 0x38, 0x1f, 0x03,
    0x33, 0xfc, 0x33, 0x3f, 0x1f, 0x02, 0xa4, 0xa4, 0x42, 0x1f, 0x02, 0x33, 0x33, 0x46, 0x1f, 0x01,
    0xa4, 0x4b, 0x1f, 0x01, 0xfd, 0x56, 0x1f, 0x03, 0x1e, 0xfc, 0xce, 0x5a, 0x1f, 0x01, 0x33, 0x63,
    0x1f, 0x02, 0x1e, 0x1e, 0x66, 0x1f, 0x03, 0x1f, 0x01, 0x01, 0x6c, 0x1f, 0x04, 0x01, 0xfd, 0xee,
    0x0c, 0x98, 0x1f, 0x01, 0x1e, 0x9b, 0x1f, 0x01, 0x01, 0x9d, 0x1f, 0x01, 0x01, 0x9f, 0x1f, 0x02,
    0x1e, 0x1e, 0xa2, 0x1f, 0x02, 0x1e, 0x01, 0xa8, 0x1f, 0x01, 0x01, 0xaa, 0x1f, 0x01, 0xa4, 0xac,
    0x1f, 0x01, 0x97, 0xb2, 0x1f, 0x01, 0x33, 0xb4, 0x1f, 0x02, 0x33, 0xf0, 0xb7, 0x1f, 0x01, 0x1e,
    0xb9, 0x1f, 0x01, 0x01, 0xbb, 0x1f, 0x04, 0x33, 0xa4, 0x97, 0x97, 0xc5, 0x1f, 0x02, 0xa4, 0x97,
    0xcb, 0x1f, 0x04, 0x6b, 0xfd, 0xfd, 0x1e, 0xd4, 0x1f, 0x04, 0xfd, 0xcf, 0x33, 0x33, 0xda, 0x1f,
    0x03, 0xa4, 0xa4, 0x33, 0xe1, 0x1f, 0x01, 0x01, 0xe4, 0x1f, 0x01, 0x1e, 0xee, 0x1f, 0x04, 0x01,
    0xfd, 0xf0, 0x0c, 0x1c, 0x20, 0x01, 0x01, 0x1e, 0x20, 0x01, 0x1e, 0x21, 0x20, 0x04, 0x1f, 0x01,
    0x01, 0x01, 0x27, 0x20, 0x01, 0x01, 0x29, 0x20, 0x02, 0x1f, 0x33, 0x2c, 0x20, 0x02, 0xa4, 0x97,
    0x30, 0x20, 0x01, 0x33, 0x32, 0x20, 0x01, 0x01, 0x34, 0x20, 0x01, 0x1e, 0x37, 0x20, 0x01, 0x1e,
    0x39, 0x20, 0x01, 0x01, 0x3c, 0x20, 0x01, 0x33, 0x44, 0x20, 0x01, 0xa4, 0x46, 0x20, 0x03, 0x33,
    0x33, 0xa4, 0x4a, 0x20, 0x01, 0x33, 0x4d, 0x20, 0x05, 0xce, 0x1e, 0xe2, 0x1e, 0xfc, 0x53, 0x20,
    0x01, 0x33, 0x56, 0x20, 0x03, 0xa4, 0x97, 0x33, 0x5a, 0x20, 0x02, 0x33, 0x33, 0x61, 0x20, 0x01,
    0xfc, 0x64, 0x20, 0x01, 0x01, 0x67, 0x20, 0x01, 0x1e, 0x6f, 0x20, 0x04, 0xfd, 0x23, 0x74, 0x0c,
    0x9a, 0x20, 0x01, 0x01, 0x9c, 0x20, 0x01, 0x01, 0x9f, 0x20, 0x01, 0x1e, 0xa1, 0x20, 0x01, 0x1f,
    0xa3, 0x20, 0x01, 0x01, 0xa9, 0x20, 0x01, 0x01, 0xac, 0x20, 0x01, 0x3f, 0xb2, 0x20, 0x01, 0x01,
    0xb4, 0x20, 0x01, 0x1e, 0xb7, 0x20, 0x01, 0x1e, 0xbb, 0x20, 0x01, 0x01, 0xbd, 0x20, 0x01, 0xcf,
    0xc4, 0x20, 0x01, 0x33, 0xcd, 0x20, 0x03, 0x33, 0x33, 0xfc, 0xe2, 0x20, 0x04, 0x33, 0xfc, 0x01,
    0x1e, 0xe9, 0x20, 0x01, 0x1e, 0xed, 0x20, 0x06, 0xfc, 0x6b, 0xcf, 0xd1, 0xee, 0x0c, 0x1a, 0x21,
    0x02, 0x01, 0x01, 0x1d, 0x21, 0x01, 0x1e, 0x1f, 0x21, 0x03, 0x1e, 0x1e, 0x01, 0x23, 0x21, 0x01,
    0x01, 0x25, 0x21, 0x01, 0xfc, 0x28, 0x21, 0x02, 0xee, 0xce, 0x2b, 0x21, 0x02, 0xd1, 0x1e, 0x2f,
    0x21, 0x03, 0x01, 0x01, 0x01, 0x36, 0x21, 0x01, 0x1e, 0x39, 0x21, 0x01, 0x01, 0x3c, 0x21, 0x03,
    0x01, 0xcf, 0xcf, 0x40, 0x21, 0x01, 0xa4, 0x4a, 0x21, 0x04, 0x33, 0x33, 0xe2, 0x1e, 0x4f, 0x21,
    0x07, 0x1e, 0x1e, 0x6b, 0x33, 0x33, 0x33, 0x33, 0x60, 0x21, 0x06, 0xa4, 0xa4, 0x33, 0x33, 0x33,
    0xfc, 0x69, 0x21, 0x01, 0x1e, 0x6b, 0x21, 0x08, 0xfc, 0x22, 0x6b, 0x9c, 0x33, 0x8e, 0x9a, 0x83,
    0x98, 0x21, 0x01, 0x0c, 0x9a, 0x21, 0x02, 0x01, 0x1e, 0x9e, 0x21, 0x01, 0x1e, 0xa0, 0x21, 0x02,
    0x01, 0xfd, 0xa3, 0x21, 0x03, 0x0c, 0xcf, 0xcf, 0xab, 0x21, 0x02, 0x97, 0xfc, 0xb0, 0x21, 0x01,
    0x01, 0xb2, 0x21, 0x01, 0x1f, 0xb7, 0x21, 0x03, 0x1e, 0x01, 0x01, 0xbe, 0x21, 0x03, 0x6b, 0xcf,
    0x33, 0xc3, 0x21, 0x01, 0x97, 0xc7, 0x21, 0x01, 0x33, 0xc9, 0x21, 0x01, 0xfc, 0xcd, 0x21, 0x01,
    0x1e, 0xd0, 0x21, 0x01, 0x1e, 0xd2, 0x21, 0x02, 0xfc, 0x33, 0xdd, 0x21, 0x05, 0xa4, 0xa4, 0x97,
    0x33, 0x33, 0xe6, 0x21, 0x02, 0x33, 0xe2, 0xe9, 0x21, 0x0a, 0xe2, 0x6b, 0x6a, 0xce, 0x60, 0xc7,
    0xc7, 0x62, 0x6c, 0x5d, 0x18, 0x22, 0x01, 0x0c, 0x1a, 0x22, 0x01, 0x1f, 0x1c, 0x22, 0x02, 0xfc,
    0xe2, 0x1f, 0x22, 0x03, 0x0c, 0xce, 0xce, 0x29, 0x22, 0x02, 0xa4, 0x33, 0x2c, 0x22, 0x02, 0xcf,
    0xfc, 0x2f, 0x22, 0x01, 0x01, 0x32, 0x22, 0x01, 0x01, 0x34, 0x22, 0x01, 0x1e, 0x36, 0x22, 0x01,
    0x1e, 0x3a, 0x22, 0x02, 0x01, 0x01, 0x3e, 0x22, 0x05, 0x01, 0xce, 0xcf, 0x97, 0xa4, 0x44, 0x22,
    0x01, 0x33, 0x46, 0x22, 0x01, 0x01, 0x4c, 0x22, 0x01, 0x1e, 0x4e, 0x22, 0x02, 0x1e, 0x01, 0x51,
    0x22, 0x01, 0x1e, 0x54, 0x22, 0x02, 0xcf, 0x33, 0x5d, 0x22, 0x02, 0x33, 0x33, 0x66, 0x22, 0x0c,
    0x33, 0xcf, 0x97, 0x6d, 0x97, 0xc6, 0xc7, 0xc6, 0x31, 0x5d, 0x5d, 0x9b, 0x99, 0x22, 0x05, 0xfc,
    0x0c, 0x33, 0xd1, 0xcf, 0xa3, 0x22, 0x03, 0xa4, 0xa4, 0xa4, 0xa7, 0x22, 0x02, 0x97, 0x97, 0xaa,
    0x22, 0x01, 0x33, 0xad, 0x22, 0x01, 0xcf, 0xaf, 0x22, 0x01, 0x01, 0xb1, 0x22, 0x01, 0x1f, 0xb3,
    0x22, 0x01, 0x1e, 0xb5, 0x22, 0x02, 0x1e, 0x1f, 0xb8, 0x22, 0x01, 0x01, 0xbf, 0x22, 0x02, 0x1e,
    0xd1, 0xc4, 0x22, 0x01, 0x1e, 0xc6, 0x22, 0x01, 0x01, 0xc8, 0x22, 0x01, 0x01, 0xcb, 0x22, 0x01,
    0x1e, 0xcd, 0x22, 0x02, 0x1e, 0x01, 0xd4, 0x22, 0x03, 0x01, 0xfd, 0xce, 0xe4, 0x22, 0x0e, 0x33,
    0xec, 0xa5, 0x8f, 0x60, 0xf6, 0xc6, 0x62, 0x31, 0x3f, 0x5d, 0x5d, 0x5d, 0x5d, 0x19, 0x23, 0x01,
    0x33, 0x1f, 0x23, 0x01, 0xa4, 0x24, 0x23, 0x01, 0x33, 0x27, 0x23, 0x02, 0xa4, 0xa4, 0x2d, 0x23,
    0x03, 0x33, 0xcf, 0x01, 0x31, 0x23, 0x01, 0x1f, 0x36, 0x23, 0x03, 0x1f, 0x01, 0x01, 0x3d, 0x23,
    0x01, 0x1e, 0x3f, 0x23, 0x01, 0x33, 0x42, 0x23, 0x02, 0xcf, 0xfc, 0x46, 0x23, 0x06, 0x01, 0x01,
    0x01, 0x01, 0x1e, 0x1e, 0x4d, 0x23, 0x02, 0x1f, 0x1e, 0x50, 0x23, 0x02, 0x01, 0x01, 0x54, 0x23,
    0x02, 0x01, 0x01, 0x57, 0x23, 0x04, 0x6b, 0x97, 0x33, 0x33, 0x5c, 0x23, 0x02, 0xa4, 0x33, 0x62,
    0x23, 0x0e, 0x33, 0xec, 0xa5, 0x33, 0xf7, 0xc7, 0xde, 0xa4, 0xc6, 0x5d, 0x3f, 0x5d, 0x5d, 0x5d,
    0x99, 0x23, 0x03, 0x97, 0xa4, 0xa4, 0x9e, 0x23, 0x01, 0x33, 0xa6, 0x23, 0x03, 0xa4, 0xa4, 0xa4,
    0xac, 0x23, 0x01, 0xa4, 0xae, 0x23, 0x02, 0xfc, 0xfd, 0xb1, 0x23, 0x02, 0x01, 0x1e, 0xb4, 0x23,
    0x01, 0x1e, 0xb6, 0x23, 0x01, 0x01, 0xb8, 0x23, 0x01, 0x01, 0xba, 0x23, 0x01, 0xfc, 0xc3, 0x23,
    0x01, 0xcf, 0xc7, 0x23, 0x01, 0x01, 0xc9, 0x23, 0x01, 0x01, 0xcb, 0x23, 0x02, 0x1e, 0x1e, 0xcf,
    0x23, 0x01, 0x1f, 0xd1, 0x23, 0x01, 0x01, 0xd3, 0x23, 0x01, 0x01, 0xd8, 0x23, 0x05, 0xfc, 0xcf,
    0x33, 0xa4, 0x33, 0xe0, 0x23, 0x08, 0x33, 0xa4, 0x8f, 0x33, 0xf6, 0xc6, 0xf7, 0x31, 0xe9, 0x23,
    0x04, 0x5d, 0x9b, 0x5d, 0x3f, 0x19, 0x24, 0x02, 0x0c, 0x97, 0x1c, 0x24, 0x02, 0x33, 0x33, 0x2a,
    0x24, 0x01, 0xa4, 0x2c, 0x24, 0x01, 0x97, 0x2e, 0x24, 0x05, 0x33, 0xcf, 0xfc, 0x1f, 0x1e, 0x34,
    0x24, 0x01, 0x1e, 0x36, 0x24, 0x02, 0x01, 0xfd, 0x3f, 0x24, 0x04, 0xa4, 0xa4, 0x33, 0x33, 0x44,
    0x24, 0x02, 0xcf, 0xcf, 0x47, 0x24, 0x04, 0x01, 0x01, 0x01, 0x01, 0x4f, 0x24, 0x04, 0x1f, 0x01,
    0x01, 0x01, 0x56, 0x24, 0x01, 0x1e, 0x59, 0x24, 0x03, 0xfd, 0xcf, 0x33, 0x5d, 0x24, 0x04, 0x33,
    0xec, 0xa5, 0x60, 0x62, 0x24, 0x02, 0xf6, 0x31, 0x67, 0x24, 0x04, 0x5d, 0x5d, 0x5d, 0x5d, 0x99,
    0x24, 0x01, 0x3f, 0xa4, 0x24, 0x04, 0xa4, 0xa4, 0x97, 0x33, 0xa9, 0x24, 0x02, 0x33, 0x33, 0xaf,
    0x24, 0x03, 0xce, 0xcf, 0x1e, 0xb3, 0x24, 0x03, 0xfc, 0xe2, 0x33, 0xbd, 0x24, 0x04, 0x97, 0x97,
    0x33, 0x33, 0xc5, 0x24, 0x04, 0xcf, 0xcf, 0x01, 0x01, 0xca, 0x24, 0x01, 0x01, 0xd0, 0x24, 0x01,
    0x01, 0xd2, 0x24, 0x01, 0x01, 0xd7, 0x24, 0x01, 0x1e, 0xda, 0x24, 0x01, 0x1e, 0xdc, 0x24, 0x07,
    0xa4, 0x96, 0x33, 0xf6, 0xde, 0x62, 0x31, 0xe5, 0x24, 0x04, 0x3f, 0x5d, 0x5d, 0x0c, 0x19, 0x25,
    0x02, 0x0c, 0x33, 0x21, 0x25, 0x01, 0xa4, 0x23, 0x25, 0x02, 0x33, 0xa4, 0x26, 0x25, 0x01, 0x33,
    0x2f, 0x25, 0x02, 0x33, 0x33, 0x32, 0x25, 0x01, 0x33, 0x39, 0x25, 0x01, 0xa4, 0x3b, 0x25, 0x01,
    0x33, 0x3d, 0x25, 0x01, 0x33, 0x40, 0x25, 0x04, 0xa4, 0x33, 0xa4, 0xa4, 0x46, 0x25, 0x08, 0xcf,
    0x6b, 0xfd, 0x01, 0x1f, 0x1f, 0x1e, 0x1e, 0x4f, 0x25, 0x05, 0x1e, 0x1f, 0x01, 0x01, 0x01, 0x56,
    0x25, 0x0a, 0x1e, 0x1e, 0x1f, 0xfc, 0x75, 0x96, 0xf6, 0xef, 0x53, 0x31, 0x62, 0x25, 0x04, 0x62,
    0x5d, 0x5d, 0x5d, 0x99, 0x25, 0x02, 0x0c, 0x33, 0x9f, 0x25, 0x01, 0xa4, 0xa1, 0x25, 0x03, 0x33,
    0xa4, 0x33, 0xac, 0x25, 0x07, 0x33, 0x33, 0xfc, 0xfc, 0xfc, 0xcf, 0x33, 0xb6, 0x25, 0x03, 0xa4,
    0xa4, 0x33, 0xc0, 0x25, 0x01, 0x33, 0xc6, 0x25, 0x06, 0xa4, 0xcf, 0xfd, 0xfd, 0x1f, 0x1f, 0xce,
    0x25, 0x07, 0x1e, 0x1e, 0x01, 0x01, 0x01, 0x01, 0x01, 0xd6, 0x25, 0x08, 0x1e, 0xfc, 0x97, 0x96,
    0xf6, 0xf6, 0x31, 0x31, 0xe1, 0x25, 0x03, 0x3f, 0x5d, 0x5d, 0x19, 0x26, 0x02, 0x0c, 0x3f, 0x1d,
    0x26, 0x01, 0xa4, 0x1f, 0x26, 0x02, 0x33, 0xa4, 0x22, 0x26, 0x01, 0x33, 0x29, 0x26, 0x04, 0x33,
    0x33, 0xfc, 0xe2, 0x2f, 0x26, 0x05, 0x1e, 0x1e, 0x75, 0x75, 0xa4, 0x36, 0x26, 0x03, 0x33, 0x33,
    0x33, 0x3f, 0x26, 0x04, 0xa4, 0x33, 0xa4, 0xa4, 0x44, 0x26, 0x01, 0xa4, 0x46, 0x26, 0x06, 0x97,
    0xa4, 0xcf, 0xce, 0xfc, 0x1f, 0x4e, 0x26, 0x01, 0x1e, 0x51, 0x26, 0x01, 0x01, 0x53, 0x26, 0x09,
    0x01, 0xfc, 0xfc, 0x96, 0x18, 0xa5, 0xef, 0x62, 0x31, 0x5e, 0x26, 0x04, 0xc6, 0x5d, 0x5d, 0x5d,
    0x99, 0x26, 0x02, 0x0c, 0x9b, 0x9c, 0x26, 0x02, 0x33, 0xa4, 0x9f, 0x26, 0x01, 0x33, 0xa5, 0x26,
    0x02, 0x33, 0x33, 0xa8, 0x26, 0x05, 0xfc, 0xfc, 0x1e, 0x1e, 0x1e, 0xae, 0x26, 0x02, 0x01, 0x1e,
    0xb1, 0x26, 0x04, 0xfc, 0xfc, 0xcf, 0x33, 0xc1, 0x26, 0x02, 0xa4, 0xa4, 0xc4, 0x26, 0x02, 0x33,
    0xa4, 0xc7, 0x26, 0x06, 0x33, 0x33, 0xcf, 0xcf, 0xfc, 0x1f, 0xce, 0x26, 0x02, 0x1e, 0x1e, 0xd1,
    0x26, 0x03, 0x01, 0xfd, 0x97, 0xd5, 0x26, 0x05, 0xf6, 0xef, 0x62, 0x53, 0xc6, 0xdc, 0x26, 0x04,
    0x51, 0x9b, 0x5d, 0x0c, 0x19, 0x27, 0x04, 0x0c, 0x3f, 0x33, 0x33, 0x1e, 0x27, 0x01, 0x33, 0x20,
    0x27, 0x07, 0xa4, 0xa4, 0x33, 0x33, 0xce, 0xfc, 0xfc, 0x29, 0x27, 0x01, 0x1e, 0x2b, 0x27, 0x03,
    0x1e, 0x1e, 0x1f, 0x2f, 0x27, 0x01, 0x1e, 0x31, 0x27, 0x04, 0x1e, 0xcf, 0xcf, 0x33, 0x3f, 0x27,
    0x01, 0xa4, 0x41, 0x27, 0x03, 0x33, 0x97, 0xa4, 0x45, 0x27, 0x01, 0x33, 0x4a, 0x27, 0x04, 0xce,
    0xd1, 0xd1, 0x1e, 0x50, 0x27, 0x08, 0xfc, 0x97, 0x01, 0x53, 0xbc, 0x62, 0x31, 0xa4, 0x5a, 0x27,
    0x03, 0x51, 0x5d, 0x5d, 0x9a, 0x27, 0x02, 0x3f, 0x33, 0x9d, 0x27, 0x02, 0xa4, 0x33, 0xa0, 0x27,
    0x0a, 0xa4, 0xce, 0xfd, 0xce, 0x01, 0x01, 0x01, 0x1e, 0x1e, 0x1e, 0xab, 0x27, 0x03, 0x1e, 0x1f,
    0x1e, 0xb1, 0x27, 0x05, 0x1e, 0xfc, 0xcf, 0xcf, 0x33, 0xbf, 0x27, 0x02, 0xa4, 0x97, 0xc2, 0x27,
    0x02, 0x33, 0x33, 0xcb, 0x27, 0x03, 0xcf, 0xd1, 0xcf, 0xcf, 0x27, 0x09, 0x01, 0xa5, 0xf6, 0xf7,
    0xc6, 0x31, 0x62, 0xc6, 0xa4, 0xd9, 0x27, 0x02, 0x5d, 0x5d, 0x1a, 0x28, 0x09, 0x3f, 0x0c, 0x33,
    0xd1, 0xcf, 0xfc, 0xce, 0x01, 0x01, 0x24, 0x28, 0x06, 0x01, 0x1f, 0x01, 0x1e, 0x1e, 0x1e, 0x2b,
    0x28, 0x03, 0x1f, 0x1e, 0x1e, 0x2f, 0x28, 0x01, 0x01, 0x32, 0x28, 0x04, 0x01, 0xfc, 0xcf, 0xcf,
    0x3c, 0x28, 0x02, 0xa4, 0xa4, 0x3f, 0x28, 0x01, 0x33, 0x4b, 0x28, 0x01, 0x33, 0x4d, 0x28, 0x03,
    0x01, 0x18, 0xef, 0x51, 0x28, 0x03, 0x31, 0xc6, 0x62, 0x55, 0x28, 0x04, 0xc6, 0xc6, 0x5d, 0x5d,
    0x9a, 0x28, 0x04, 0xee, 0xee, 0xfc, 0xd1, 0xa1, 0x28, 0x06, 0x01, 0x01, 0x01, 0x01, 0x01, 0x1e,
    0xa8, 0x28, 0x01, 0x1e, 0xab, 0x28, 0x03, 0x1e, 0x1e, 0x1f, 0xaf, 0x28, 0x01, 0x01, 0xb4, 0x28,
    0x03, 0xcf, 0xcf, 0xcf, 0xbc, 0x28, 0x02, 0x97, 0x33, 0xca, 0x28, 0x01, 0x48, 0xce, 0x28, 0x05,
    0xf7, 0x31, 0x62, 0xc6, 0x62, 0xd5, 0x28, 0x01, 0x5d, 0x1a, 0x29, 0x04, 0xee, 0xf0, 0xfc, 0x1e,
    0x1f, 0x29, 0x07, 0x1e, 0x01, 0x01, 0x01, 0x01, 0x01, 0x01, 0x27, 0x29, 0x01, 0x1e, 0x29, 0x29,
    0x05, 0x1e, 0x1f, 0x1e, 0x1f, 0x01, 0x2f, 0x29, 0x01, 0x01, 0x34, 0x29, 0x04, 0xfc, 0xcf, 0xcf,
    0x33, 0x39, 0x29, 0x01, 0xa4, 0x3b, 0x29, 0x01, 0x33, 0x3d, 0x29, 0x01, 0x33, 0x46, 0x29, 0x01,
    0x33, 0x49, 0x29, 0x01, 0xa5, 0x4b, 0x29, 0x01, 0x53, 0x4e, 0x29, 0x03, 0xc6, 0xa4, 0x62, 0x52,
    0x29, 0x02, 0xc6, 0x0c, 0x9a, 0x29, 0x03, 0x0c, 0xf0, 0xfc, 0xa0, 0x29, 0x02, 0x01, 0x01, 0xa3,
    0x29, 0x06, 0x1f, 0x01, 0x1f, 0x1e, 0x1e, 0x1e, 0xaa, 0x29, 0x02, 0x1e, 0x1f, 0xae, 0x29, 0x01,
    0x01, 0xb3, 0x29, 0x01, 0x01, 0xb5, 0x29, 0x06, 0x6b, 0x6b, 0xce, 0xa4, 0x33, 0x33, 0xbd, 0x29,
    0x01, 0xa4, 0xc4, 0x29, 0x02, 0x33, 0x97, 0xc8, 0x29, 0x02, 0xf7, 0xa4, 0xcd, 0x29, 0x02, 0xa4,
    0x62, 0xd0, 0x29, 0x01, 0x51, 0x1a, 0x2a, 0x03, 0x0c, 0xf0, 0xf0, 0x1f, 0x2a, 0x06, 0x01, 0x01,
    0x01, 0x01, 0x01, 0x1f, 0x26, 0x2a, 0x02, 0x1e, 0x1e, 0x29, 0x2a, 0x03, 0x1f, 0x1f, 0x1f, 0x2e,
    0x2a, 0x01, 0x01, 0x33, 0x2a, 0x09, 0x01, 0x01, 0xfc, 0xfd, 0xcf, 0xcf, 0x33, 0xa4, 0xa4, 0x3d,
    0x2a, 0x02, 0x33, 0x33, 0x41, 0x2a, 0x08, 0x33, 0x33, 0x97, 0x01, 0x19, 0x53, 0xf7, 0xf7, 0x4e,
    0x2a, 0x01, 0x51, 0x9a, 0x2a, 0x03, 0x0c, 0xf0, 0xf0, 0x9f, 0x2a, 0x08, 0x01, 0x01, 0x01, 0x01,
    0x1f, 0x01, 0x1e, 0x1e, 0xa8, 0x2a, 0x07, 0x1e, 0x1f, 0x1f, 0x1e, 0x01, 0x01, 0x01, 0xb2, 0x2a,
    0x02, 0x01, 0x01, 0xb5, 0x2a, 0x07, 0x1f, 0xcf, 0xce, 0xcf, 0x97, 0x33, 0x33, 0xbd, 0x2a, 0x01,
    0xa4, 0xbf, 0x2a, 0x08, 0x33, 0x97, 0xec, 0x01, 0xf6, 0xa4, 0xf7, 0x53, 0xc8, 0x2a, 0x02, 0x62,
    0xc6, 0xcc, 0x2a, 0x01, 0x5d, 0x1a, 0x2b, 0x04, 0x0c, 0xf0, 0xf0, 0xfc, 0x1f, 0x2b, 0x02, 0x01,
    0x01, 0x22, 0x2b, 0x03, 0x01, 0x01, 0x1f, 0x26, 0x2b, 0x01, 0x1e, 0x28, 0x2b, 0x07, 0x1e, 0x1f,
    0x1f, 0x1f, 0x01, 0x01, 0x01, 0x32, 0x2b, 0x01, 0x01, 0x35, 0x2b, 0x06, 0x1e, 0x1e, 0xce, 0xd1,
    0xd1, 0x33, 0x3c, 0x2b, 0x04, 0x33, 0x33, 0x97, 0x49, 0x41, 0x2b, 0x01, 0xa5, 0x43, 0x2b, 0x02,
    0xf7, 0x62, 0x46, 0x2b, 0x02, 0xc6, 0xc6, 0x49, 0x2b, 0x02, 0x62, 0x5d, 0x9a, 0x2b, 0x0a, 0x0c,
    0xf0, 0xf0, 0xfc, 0x01, 0x01, 0x01, 0x1f, 0x01, 0x1f, 0xa7, 0x2b, 0x04, 0x1e, 0x1f, 0x1f, 0x1f,
    0xac, 0x2b, 0x02, 0x01, 0x01, 0xb5, 0x2b, 0x0e, 0x1e, 0x1f, 0xfc, 0xd1, 0xd1, 0xfc, 0xa4, 0x96,
    0x49, 0xf7, 0x01, 0xf7, 0xc6, 0x31, 0xc7, 0x2b, 0x02, 0xc6, 0x5d, 0x1b, 0x2c, 0x06, 0xf0, 0xf0,
    0xf0, 0x01, 0x01, 0x01, 0x22, 0x2c, 0x04, 0x1f, 0x1f, 0x1e, 0x1e, 0x27, 0x2c, 0x03, 0x1e, 0x1f,
    0x1f, 0x2b, 0x2c, 0x03, 0x01, 0x01, 0x01, 0x32, 0x2c, 0x01, 0x01, 0x34, 0x2c, 0x02, 0x1e, 0x1e,
    0x37, 0x2c, 0x10, 0xfc, 0xe2, 0x75, 0x96, 0xec, 0xa5, 0xef, 0x53, 0x31, 0xc6, 0xc6, 0x62, 0xc6,
    0x62, 0x51, 0x0c, 0x9b, 0x2c, 0x0a, 0xf0, 0xf0, 0xf1, 0x01, 0x01, 0x1e, 0x1f, 0x1f, 0x1f, 0x1e,
    0xa6, 0x2c, 0x04, 0x1e, 0x1f, 0x01, 0x1f, 0xab, 0x2c, 0x03, 0x01, 0x01, 0x01, 0xaf, 0x2c, 0x01,
    0x1e, 0xb1, 0x2c, 0x01, 0x01, 0xb5, 0x2c, 0x0d, 0xfd, 0x23, 0x97, 0x96, 0x18, 0xf6, 0x01, 0x53,
    0x31, 0xc6, 0xc6, 0xa4, 0x62, 0xc3, 0x2c, 0x02, 0x9b, 0x0c, 0x1b, 0x2d, 0x08, 0xf0, 0xf0, 0xf1,
    0x01, 0x01, 0x01, 0x1f, 0x1f, 0x24, 0x2d, 0x01, 0x1e, 0x26, 0x2d, 0x07, 0x1e, 0x01, 0x1f, 0x1f,
    0x01, 0x01, 0x01, 0x30, 0x2d, 0x01, 0x1e, 0x32, 0x2d, 0x01, 0xe2, 0x34, 0x2d, 0x08, 0x6b, 0x96,
    0x49, 0x18, 0xf6, 0xef, 0x31, 0xf7, 0x3d, 0x2d, 0x02, 0xc6, 0x62, 0x40, 0x2d, 0x03, 0xc6, 0x5d,
    0x5d, 0x9b, 0x2d, 0x0a, 0xf0, 0xf0, 0xf1, 0xfd, 0x1e, 0x1e, 0x1e, 0x1f, 0x1e, 0x1e, 0xa6, 0x2d,
    0x03, 0x1e, 0x1f, 0x01, 0xaa, 0x2d, 0x03, 0x01, 0x01, 0x01, 0xaf, 0x2d, 0x0e, 0x1e, 0xfc, 0x23,
    0x75, 0x96, 0x50, 0x53, 0xa5, 0xef, 0x62, 0x31, 0x53, 0xc6, 0x62, 0xbe, 0x2d, 0x03, 0xc6, 0x5d,
    0x5d, 0x1b, 0x2e, 0x04, 0xf0, 0xf1, 0xf1, 0xfc, 0x20, 0x2e, 0x03, 0x1f, 0x1f, 0x1e, 0x25, 0x2e,
    0x04, 0x1e, 0x1f, 0x01, 0x1f, 0x2a, 0x2e, 0x0e, 0x01, 0x01, 0x01, 0xfc, 0x23, 0x6b, 0x6b, 0x33,
    0xf7, 0x01, 0xf7, 0x31, 0xc6, 0x31, 0x3b, 0x2e, 0x04, 0xc6, 0x51, 0x5d, 0x0c, 0x9b, 0x2e, 0x0e,
    0x0c, 0xf0, 0xf1, 0xf0, 0x1e, 0x1f, 0x1f, 0x1e, 0x1e, 0x1e, 0x1f, 0x1f, 0x01, 0x1e, 0xaa, 0x2e,
    0x0b, 0x01, 0xfd, 0x6a, 0x6a, 0x96, 0x60, 0xa4, 0xf6, 0xf6, 0x31, 0xc6, 0xb8, 0x2e, 0x01, 0x62,
    0xba, 0x2e, 0x03, 0x51, 0x5d, 0x0c, 0x1b, 0x2f, 0x0c, 0x0c, 0xf1, 0xf0, 0xf0, 0x1f, 0x1f, 0x1e,
    0x1e, 0x1e, 0x1e, 0x1f, 0x01, 0x28, 0x2f, 0x0c, 0xfc, 0x01, 0x6a, 0x6b, 0x96, 0x50, 0xf7, 0x01,
    0x18, 0x53, 0x31, 0x31, 0x35, 0x2f, 0x02, 0xc6, 0xc6, 0x39, 0x2f, 0x01, 0x5d, 0x9b, 0x2f, 0x09,
    0x0c, 0xf1, 0xf0, 0xee, 0xe2, 0x1e, 0x1e, 0x1e, 0x1e, 0xa5, 0x2f, 0x0e, 0x1f, 0xfc, 0x23, 0x6b,
    0xce, 0x8f, 0xbf, 0xa4, 0x53, 0xef, 0x62, 0x53, 0x31, 0xc6, 0xb4, 0x2f, 0x01, 0xc6, 0xb6, 0x2f,
    0x02, 0x5d, 0x5d, 0x1b, 0x30, 0x17, 0x0c, 0xf0, 0xf0, 0xee, 0xfc, 0x1f, 0x1e, 0x1e, 0xe2, 0x1e,
    0x75, 0x6a, 0x6a, 0x97, 0xa4, 0x01, 0xf6, 0xf7, 0xc6, 0x31, 0x62, 0xc6, 0x62, 0x33, 0x30, 0x03,
    0xc6, 0x3f, 0x5d, 0x9c, 0x30, 0x12, 0xf0, 0xee, 0xf0, 0xee, 0xfc, 0xe2, 0x3d, 0x6b, 0x74, 0x73,
    0x60, 0xa4, 0x01, 0xa5, 0x31, 0xc6, 0xc6, 0xa4, 0xaf, 0x30, 0x05, 0xa4, 0x62, 0x5d, 0x5d, 0x5d,
    0x1c, 0x31, 0x09, 0xee, 0xee, 0x0c, 0xf0, 0x6b, 0xd1, 0x74, 0x8f, 0xbf, 0x26, 0x31, 0x0c, 0xf6,
    0xef, 0xf7, 0xc6, 0x53, 0xc6, 0xc6, 0x62, 0xc6, 0x5d, 0x5d, 0x5d, 0x9c, 0x31, 0x0d, 0x0c, 0x9b,
    0x9a, 0x9a, 0x97, 0x33, 0x48, 0xf7, 0xf6, 0xc6, 0x31, 0xa4, 0xf7, 0xac, 0x31, 0x04, 0x9b, 0x3f,
    0x5d, 0x5d, 0x1c, 0x32, 0x09, 0x9a, 0x83, 0x6c, 0x3f, 0x9b, 0xa4, 0xc7, 0xde, 0x31, 0x26, 0x32,
    0x01, 0x62, 0x28, 0x32, 0x01, 0x62, 0x2a, 0x32, 0x04, 0x9b, 0x5d, 0x9b, 0x3f, 0x9d, 0x32, 0x05,
    0x6c, 0x6c, 0x6c, 0x5d, 0xf7, 0xa3, 0x32, 0x09, 0xf7, 0x31, 0xc6, 0x62, 0x62, 0x5d, 0x5d, 0x5d,
    0x5d, 0x1d, 0x33, 0x06, 0x5d, 0x5d, 0x3f, 0x5d, 0xf7, 0x62, 0x25, 0x33, 0x05, 0x9b, 0x3f, 0x5d,
    0x5d, 0x5d, 0x9d, 0x33, 0x05, 0x5d, 0x5d, 0x5d, 0x5d, 0x9b, 0xa3, 0x33, 0x05, 0x9b, 0x5d, 0x5d,
    0x9b, 0x5d, 0x1e, 0x34, 0x02, 0x5d, 0x5d, 0x22, 0x34, 0x04, 0x5d, 0x5d, 0x5d, 0x0c, 0xa2, 0x34,
    0x02, 0x5d, 0x0c, 0x4a, 0x18, 0x01, 0x0c, 0x4c, 0x18, 0x02, 0x0c, 0x0c, 0xc4, 0x18, 0x01, 0x0c,
    0xc7, 0x18, 0x01, 0x33, 0xcc, 0x18, 0x01, 0xa4, 0xce, 0x18, 0x02, 0x33, 0x0c, 0x3e, 0x19, 0x01,
    0x0c, 0x41, 0x19, 0x02, 0xfc, 0x1e, 0x44, 0x19, 0x02, 0xe2, 0x33, 0x47, 0x19, 0x01, 0x33, 0x4d,
    0x19, 0x05, 0xa4, 0xa4, 0x33, 0x97, 0x0c, 0xb8, 0x19, 0x01, 0x0c, 0xbb, 0x19, 0x02, 0x33, 0xfc,
    0xbe, 0x19, 0x03, 0x01, 0x01, 0x1e, 0xc2, 0x19, 0x01, 0x1e, 0xc6, 0x19, 0x02, 0xfc, 0x33, 0xc9,
    0x19, 0x02, 0xa4, 0x33, 0xd1, 0x19, 0x01, 0x33, 0xd3, 0x19, 0x01, 0x0c, 0x31, 0x1a, 0x02, 0x0c,
    0x0c, 0x35, 0x1a, 0x01, 0x33, 0x37, 0x1a, 0x04, 0xa4, 0x33, 0x33, 0x97, 0x3c, 0x1a, 0x04, 0x33,
    0xcf, 0x01, 0x01, 0x42, 0x1a, 0x01, 0x01, 0x46, 0x1a, 0x01, 0x01, 0x48, 0x1a, 0x01, 0xfd, 0x4a,
    0x1a, 0x02, 0xa4, 0x97, 0x4e, 0x1a, 0x03, 0xfc, 0x1e, 0x1e, 0x52, 0x1a, 0x01, 0x1f, 0x54, 0x1a,
    0x01, 0xee, 0xab, 0x1a, 0x02, 0x0c, 0x0c, 0xae, 0x1a, 0x06, 0xe2, 0xe2, 0x1e, 0xd1, 0x97, 0xa4,
    0xb5, 0x1a, 0x01, 0x33, 0xba, 0x1a, 0x02, 0xa4, 0xa4, 0xbd, 0x1a, 0x03, 0xa4, 0xfd, 0xfd, 0xc1,
    0x1a, 0x01, 0x1e, 0xc3, 0x1a, 0x02, 0x01, 0x01, 0xc8, 0x1a, 0x01, 0x33, 0xcd, 0x1a, 0x02, 0x01,
    0x01, 0xd0, 0x1a, 0x05, 0x1e, 0x1e, 0x1e, 0x01, 0x01, 0xd7, 0x1a, 0x02, 0xfc, 0x0c, 0x24, 0x1b,
    0x03, 0x0c, 0x0c, 0x0c, 0x28, 0x1b, 0x03, 0xfc, 0xfc, 0x01, 0x2e, 0x1b, 0x01, 0x1e, 0x30, 0x1b,
    0x01, 0x1e, 0x32, 0x1b, 0x01, 0xcf, 0x37, 0x1b, 0x04, 0xa4, 0x33, 0xa4, 0xa4, 0x3c, 0x1b, 0x01,
    0x33, 0x42, 0x1b, 0x02, 0x33, 0xce, 0x47, 0x1b, 0x03, 0xa4, 0xa4, 0x33, 0x4b, 0x1b, 0x01, 0xcf,
    0x4d, 0x1b, 0x01, 0x01, 0x4f, 0x1b, 0x06, 0x01, 0x1e, 0x1e, 0x1f, 0x1f, 0x01, 0x57, 0x1b, 0x03,
    0x01, 0x01, 0xfc, 0x9e, 0x1b, 0x09, 0x0c, 0x0c, 0x0c, 0x3f, 0x33, 0x33, 0x97, 0xe2, 0xe2, 0xa8,
    0x1b, 0x01, 0x01, 0xab, 0x1b, 0x01, 0x1e, 0xad, 0x1b, 0x02, 0x1e, 0x01, 0xb2, 0x1b, 0x02, 0x01,
    0xcf, 0xb9, 0x1b, 0x02, 0x33, 0x33, 0xbc, 0x1b, 0x06, 0xfc, 0xd1, 0xd1, 0xcf, 0xd1, 0x33, 0xc4,
    0x1b, 0x01, 0x97, 0xc9, 0x1b, 0x03, 0xa4, 0x97, 0xa4, 0xcd, 0x1b, 0x01, 0xcf, 0xd2, 0x1b, 0x02,
    0x1e, 0x1e, 0xd5, 0x1b, 0x01, 0x01, 0xd7, 0x1b, 0x05, 0xfc, 0xe2, 0xf0, 0x33, 0x0c, 0x19, 0x1c,
    0x07, 0x0c, 0x0c, 0x3f, 0x33, 0x33, 0x97, 0x33, 0x24, 0x1c, 0x03, 0xa4, 0xcf, 0xcf, 0x29, 0x1c,
    0x01, 0x01, 0x2b, 0x1c, 0x03, 0x1e, 0x1e, 0x1f, 0x33, 0x1c, 0x02, 0xfd, 0x33, 0x36, 0x1c, 0x04,
    0xfc, 0xfc, 0xcf, 0xce, 0x3d, 0x1c, 0x01, 0x1e, 0x41, 0x1c, 0x02, 0xfc, 0xfc, 0x49, 0x1c, 0x05,
    0xa4, 0xa4, 0xa4, 0x33, 0x33, 0x4f, 0x1c, 0x01, 0xcf, 0x52, 0x1c, 0x06, 0x1e, 0xfc, 0xfc, 0x0c,
    0x0c, 0x33, 0x5d, 0x1c, 0x01, 0x0c, 0x5f, 0x1c, 0x01, 0x0c, 0x97, 0x1c, 0x03, 0x0c, 0x0c, 0x33,
    0x9d, 0x1c, 0x04, 0xa4, 0x33, 0x33, 0x33, 0xa2, 0x1c, 0x02, 0xa4, 0xa4, 0xa5, 0x1c, 0x03, 0x33,
    0xcf, 0xfd, 0xad, 0x1c, 0x02, 0xfd, 0xfc, 0xb0, 0x1c, 0x04, 0x33, 0x33, 0xcf, 0xcf, 0xb5, 0x1c,
    0x01, 0xfc, 0xb8, 0x1c, 0x01, 0x01, 0xc3, 0x1c, 0x02, 0xfd, 0x33, 0xc6, 0x1c, 0x01, 0xa4, 0xce,
    0x1c, 0x05, 0x33, 0x33, 0x0c, 0x0c, 0x33, 0xd7, 0x1c, 0x03, 0xa4, 0x97, 0x33, 0xdf, 0x1c, 0x02,
    0x3f, 0x0c, 0x17, 0x1d, 0x02, 0x0c, 0x0c, 0x1f, 0x1d, 0x04, 0xa4, 0x33, 0x97, 0x97, 0x27, 0x1d,
    0x08, 0xfd, 0xfc, 0xe2, 0xe2, 0x33, 0x33, 0xce, 0xcf, 0x30, 0x1d, 0x01, 0xa4, 0x32, 0x1d, 0x01,
    0x33, 0x34, 0x1d, 0x03, 0xa4, 0x33, 0xfc, 0x38, 0x1d, 0x01, 0x01, 0x3a, 0x1d, 0x01, 0x1e, 0x43,
    0x1d, 0x02, 0x01, 0x6b, 0x47, 0x1d, 0x01, 0x33, 0x4a, 0x1d, 0x01, 0x33, 0x4c, 0x1d, 0x02, 0x0c,
    0xf0, 0x4f, 0x1d, 0x01, 0x01, 0x51, 0x1d, 0x03, 0x1f, 0xd1, 0x97, 0x5b, 0x1d, 0x04, 0xa4, 0xa4,
    0xa4, 0xa4, 0x60, 0x1d, 0x02, 0x33, 0x9b, 0x97, 0x1d, 0x03, 0x0c, 0x3f, 0xa4, 0x9b, 0x1d, 0x01,
    0x33, 0x9e, 0x1d, 0x02, 0xa4, 0x33, 0xa2, 0x1d, 0x01, 0x33, 0xa4, 0x1d, 0x06, 0xe2, 0xe2, 0xfc,
    0x1e, 0xd1, 0xcf, 0xab, 0x1d, 0x02, 0xa4, 0x33, 0xae, 0x1d, 0x03, 0xa4, 0xa4, 0xa4, 0xb2, 0x1d,
    0x02, 0x33, 0xa4, 0xb6, 0x1d, 0x02, 0xa4, 0xfc, 0xbc, 0x1d, 0x02, 0x1e, 0x1e, 0xbf, 0x1d, 0x01,
    0x01, 0xc5, 0x1d, 0x01, 0xe2, 0xc7, 0x1d, 0x03, 0x33, 0xf0, 0xf0, 0xcd, 0x1d, 0x01, 0x1e, 0xd4,
    0x1d, 0x03, 0xce, 0x33, 0x33, 0xdc, 0x1d, 0x01, 0x33, 0xe4, 0x1d, 0x03, 0x33, 0x0c, 0x0c, 0x18,
    0x1e, 0x01, 0x9b, 0x1b, 0x1e, 0x09, 0x33, 0x33, 0xcf, 0xce, 0xfc, 0xfc, 0xfc, 0xcf, 0xd1, 0x25,
    0x1e, 0x04, 0x01, 0x1e, 0xfc, 0x33, 0x2a, 0x1e, 0x03, 0xa4, 0xa4, 0x33, 0x34, 0x1e, 0x01, 0x33,
    0x36, 0x1e, 0x05, 0xa4, 0x33, 0xce, 0x01, 0x1e, 0x3c, 0x1e, 0x02, 0x1e, 0x1e, 0x40, 0x1e, 0x01,
    0xfc, 0x43, 0x1e, 0x04, 0x3f, 0x3f, 0x3f, 0xd1, 0x4a, 0x1e, 0x01, 0x01, 0x52, 0x1e, 0x01, 0x01,
    0x57, 0x1e, 0x04, 0x97, 0x33, 0xa4, 0x33, 0x61, 0x1e, 0x01, 0x33, 0x63, 0x1e, 0x06, 0xfc, 0xfc,
    0xf0, 0xee, 0xfc, 0x0c, 0x98, 0x1e, 0x05, 0xd1, 0xfc, 0xfc, 0xfc, 0x01, 0x9e, 0x1e, 0x01, 0x01,
    0xa0, 0x1e, 0x02, 0x1e, 0x1e, 0xa3, 0x1e, 0x04, 0x1e, 0x01, 0x01, 0x1e, 0xa8, 0x1e, 0x01, 0xce,
    0xaf, 0x1e, 0x01, 0x33, 0xb1, 0x1e, 0x02, 0xa4, 0xa4, 0xb4, 0x1e, 0x01, 0x33, 0xb9, 0x1e, 0x03,
    0xcf, 0xd1, 0xfc, 0xbe, 0x1e, 0x02, 0x3f, 0x3f, 0xc2, 0x1e, 0x03, 0xa4, 0xa4, 0xa4, 0xc6, 0x1e,
    0x03, 0xa4, 0x33, 0xcf, 0xcc, 0x1e, 0x01, 0x01, 0xce, 0x1e, 0x01, 0x1e, 0xd1, 0x1e, 0x01, 0x01,
    0xd8, 0x1e, 0x0a, 0x01, 0xd1, 0x33, 0xa4, 0xa4, 0x33, 0x33, 0xfd, 0xfd, 0xf0, 0xe3, 0x1e, 0x02,
    0x1e, 0x1e, 0xe8, 0x1e, 0x04, 0xf0, 0xfc, 0x0c, 0x0c, 0x18, 0x1f, 0x01, 0x1e, 0x1b, 0x1f, 0x01,
    0x01, 0x1d, 0x1f, 0x01, 0x01, 0x1f, 0x1f, 0x01, 0x1e, 0x22, 0x1f, 0x03, 0x1e, 0x01, 0x01, 0x28,
    0x1f, 0x03, 0xfd, 0x33, 0xa4, 0x2c, 0x1f, 0x01, 0x33, 0x2f, 0x1f, 0x01, 0x33, 0x35, 0x1f, 0x02,
    0xcf, 0x33, 0x39, 0x1f, 0x02, 0xe2, 0xcf, 0x3c, 0x1f, 0x08, 0xa4, 0xa4, 0xa4, 0x33, 0xa4, 0x33,
    0x33, 0x33, 0x45, 0x1f, 0x02, 0x33, 0xa4, 0x4b, 0x1f, 0x01, 0xfd, 0x50, 0x1f, 0x01, 0x1e, 0x53,
    0x1f, 0x01, 0x01, 0x58, 0x1f, 0x02, 0x01, 0xcf, 0x5b, 0x1f, 0x01, 0x33, 0x5f, 0x1f, 0x01, 0x01,
    0x61, 0x1f, 0x01, 0x01, 0x64, 0x1f, 0x01, 0x1e, 0x66, 0x1f, 0x01, 0x1e, 0x68, 0x1f, 0x01, 0x1f,
    0x6b, 0x1f, 0x03, 0xf0, 0xfc, 0x0c, 0x9c, 0x1f, 0x01, 0x01, 0x9e, 0x1f, 0x01, 0x1e, 0xa1, 0x1f,
    0x04, 0x1f, 0x01, 0x01, 0x01, 0xa7, 0x1f, 0x01, 0x01, 0xa9, 0x1f, 0x02, 0x1f, 0xa4, 0xac, 0x1f,
    0x02, 0x97, 0xa4, 0xb0, 0x1f, 0x03, 0xce, 0x33, 0x33, 0xb4, 0x1f, 0x0c, 0xe2, 0xee, 0x1e, 0x1e,
    0x01, 0x1f, 0x1e, 0xcf, 0xa4, 0xa4, 0xa4, 0x33, 0xc5, 0x1f, 0x04, 0xa4, 0x33, 0xa4, 0xa4, 0xca,
    0x1f, 0x05, 0x33, 0xcf, 0xfd, 0x01, 0x1e, 0xd1, 0x1f, 0x02, 0x1e, 0x01, 0xd4, 0x1f, 0x01, 0x01,
    0xd6, 0x1f, 0x01, 0xfc, 0xd8, 0x1f, 0x01, 0x33, 0xdb, 0x1f, 0x01, 0xa4, 0xdd, 0x1f, 0x02, 0xd1,
    0xfc, 0xe0, 0x1f, 0x01, 0x01, 0xe2, 0x1f, 0x01, 0x01, 0xe4, 0x1f, 0x02, 0x1e, 0x1e, 0xe7, 0x1f,
    0x03, 0x1e, 0x01, 0x01, 0xed, 0x1f, 0x03, 0xf0, 0xfd, 0x0c, 0x18, 0x20, 0x01, 0x01, 0x1a, 0x20,
    0x01, 0x01, 0x1d, 0x20, 0x01, 0x1e, 0x20, 0x20, 0x01, 0x1f, 0x22, 0x20, 0x01, 0x01, 0x24, 0x20,
    0x01, 0x01, 0x27, 0x20, 0x02, 0x01, 0x1f, 0x2a, 0x20, 0x08, 0x33, 0xd1, 0x97, 0x97, 0xfc, 0xfd,
    0xfd, 0x01, 0x33, 0x20, 0x01, 0x1e, 0x35, 0x20, 0x02, 0x1e, 0x1e, 0x38, 0x20, 0x01, 0x1e, 0x3b,
    0x20, 0x02, 0xfc, 0xcf, 0x44, 0x20, 0x01, 0xa4, 0x46, 0x20, 0x03, 0x33, 0x33, 0xa4, 0x4a, 0x20,
    0x01, 0x33, 0x4d, 0x20, 0x01, 0xfd, 0x52, 0x20, 0x01, 0xcf, 0x54, 0x20, 0x01, 0x33, 0x57, 0x20,
    0x01, 0xa4, 0x59, 0x20, 0x04, 0x33, 0x33, 0x33, 0xa4, 0x5e, 0x20, 0x07, 0x33, 0xcf, 0xfc, 0x01,
    0x01, 0x1f, 0x1e, 0x67, 0x20, 0x04, 0x01, 0x1f, 0x01, 0x01, 0x6f, 0x20, 0x04, 0xf1, 0xfc, 0xee,
    0x0c, 0x98, 0x20, 0x02, 0xfc, 0x01, 0x9b, 0x20, 0x02, 0x01, 0x1e, 0x9e, 0x20, 0x01, 0x1e, 0xa0,
    0x20, 0x01, 0x1f, 0xa2, 0x20, 0x01, 0x01, 0xa6, 0x20, 0x04, 0xcf, 0xfc, 0xfc, 0xcf, 0xab, 0x20,
    0x03, 0xfc, 0xf0, 0x1e, 0xb1, 0x20, 0x01, 0x01, 0xb6, 0x20, 0x01, 0x1e, 0xb8, 0x20, 0x01, 0x01,
    0xbb, 0x20, 0x02, 0x01, 0xfc, 0xc1, 0x20, 0x01, 0xa4, 0xc3, 0x20, 0x02, 0x97, 0x33, 0xce, 0x20,
    0x01, 0x33, 0xd4, 0x20, 0x01, 0xa4, 0xd6, 0x20, 0x01, 0x33, 0xda, 0x20, 0x0b, 0xa4, 0xa4, 0x97,
    0x33, 0xa4, 0xcf, 0x33, 0xcf, 0xfd, 0x01, 0x1e, 0xe9, 0x20, 0x01, 0x1f, 0xeb, 0x20, 0x02, 0x01,
    0x01, 0xf0, 0x20, 0x02, 0x1f, 0x1e, 0x18, 0x21, 0x04, 0xfc, 0x01, 0x01, 0x1e, 0x1d, 0x21, 0x0f,
    0x1e, 0x1e, 0x01, 0x01, 0x01, 0xfd, 0xfc, 0xcf, 0x33, 0x33, 0x33, 0x3f, 0xa4, 0xa4, 0x1e, 0x32,
    0x21, 0x02, 0x1e, 0x1e, 0x36, 0x21, 0x01, 0x01, 0x3c, 0x21, 0x03, 0x01, 0x33, 0xa4, 0x40, 0x21,
    0x01, 0x33, 0x42, 0x21, 0x01, 0x33, 0x4b, 0x21, 0x01, 0x33, 0x4f, 0x21, 0x03, 0xd1, 0xcf, 0xa4,
    0x53, 0x21, 0x03, 0x33, 0x33, 0x97, 0x58, 0x21, 0x02, 0x33, 0x33, 0x61, 0x21, 0x04, 0x97, 0xcf,
    0xfd, 0xfd, 0x66, 0x21, 0x01, 0x1e, 0x68, 0x21, 0x01, 0x1e, 0x6a, 0x21, 0x04, 0x01, 0x01, 0x01,
    0x01, 0x6f, 0x21, 0x06, 0xfc, 0x23, 0x6a, 0x73, 0xee, 0x0c, 0x99, 0x21, 0x02, 0x1e, 0x1e, 0x9c,
    0x21, 0x08, 0xe2, 0xe2, 0xfc, 0xcf, 0xce, 0x33, 0x33, 0x3f, 0xa6, 0x21, 0x03, 0xa4, 0xa4, 0x33,
    0xaf, 0x21, 0x01, 0x01, 0xb1, 0x21, 0x01, 0x01, 0xb5, 0x21, 0x04, 0x1e, 0x1f, 0x01, 0x01, 0xbe,
    0x21, 0x01, 0x6b, 0xc0, 0x21, 0x04, 0x33, 0xa4, 0x97, 0xa4, 0xc7, 0x21, 0x01, 0x33, 0xc9, 0x21,
    0x01, 0xfc, 0xcb, 0x21, 0x08, 0x1e, 0x1e, 0x1e, 0x1e, 0x1f, 0x75, 0xfc, 0x33, 0xd4, 0x21, 0x02,
    0x33, 0x33, 0xdc, 0x21, 0x03, 0xa4, 0xa4, 0x97, 0xe1, 0x21, 0x01, 0x33, 0xe3, 0x21, 0x04, 0x33,
    0xce, 0xce, 0xe2, 0xe9, 0x21, 0x01, 0x1e, 0xeb, 0x21, 0x01, 0x01, 0xed, 0x21, 0x08, 0xfc, 0x6a,
    0x6a, 0xcf, 0x60, 0x51, 0xf0, 0x9a, 0x19, 0x22, 0x09, 0xfc, 0xd1, 0xcf, 0x33, 0x33, 0x33, 0x3f,
    0xa4, 0xa4, 0x23, 0x22, 0x03, 0x33, 0x33, 0x33, 0x2e, 0x22, 0x01, 0x01, 0x30, 0x22, 0x04, 0x1f,
    0x01, 0x1e, 0x1e, 0x35, 0x22, 0x02, 0x1e, 0x01, 0x3a, 0x22, 0x01, 0x01, 0x3d, 0x22, 0x03, 0x01,
    0x01, 0xd1, 0x41, 0x22, 0x05, 0xa4, 0xa4, 0x33, 0x33, 0xfc, 0x48, 0x22, 0x01, 0x01, 0x4d, 0x22,
    0x03, 0x1e, 0x1e, 0x01, 0x51, 0x22, 0x03, 0x1e, 0xfc, 0xcf, 0x5c, 0x22, 0x01, 0xa4, 0x5e, 0x22,
    0x01, 0x33, 0x63, 0x22, 0x06, 0xa4, 0x33, 0x33, 0xce, 0xd1, 0xe2, 0x6a, 0x22, 0x07, 0xfc, 0x6b,
    0x6b, 0x6a, 0x60, 0x51, 0xad, 0x72, 0x22, 0x02, 0x6c, 0x9b, 0x98, 0x22, 0x03, 0x0c, 0x33, 0x3f,
    0x9c, 0x22, 0x02, 0xa4, 0xa4, 0x9f, 0x22, 0x01, 0x33, 0xa3, 0x22, 0x03, 0xa4, 0xa4, 0xa4, 0xa7,
    0x22, 0x02, 0x97, 0x33, 0xac, 0x22, 0x01, 0x33, 0xae, 0x22, 0x01, 0x01, 0xb0, 0x22, 0x01, 0x01,
    0xb3, 0x22, 0x03, 0x1e, 0x1e, 0x1f, 0xb7, 0x22, 0x01, 0x01, 0xbe, 0x22, 0x06, 0x1e, 0xe2, 0x33,
    0xe2, 0xfc, 0x1e, 0xca, 0x22, 0x02, 0x1e, 0x1e, 0xce, 0x22, 0x03, 0x01, 0x01, 0x1e, 0xd3, 0x22,
    0x03, 0xcf, 0xce, 0x33, 0xda, 0x22, 0x01, 0xa4, 0xdc, 0x22, 0x01, 0x33, 0xde, 0x22, 0x01, 0xa4,
    0xe0, 0x22, 0x04, 0xa4, 0xa4, 0x33, 0x33, 0xe6, 0x22, 0x01, 0xce, 0xe8, 0x22, 0x0c, 0xe2, 0x74,
    0x6b, 0x33, 0x60, 0xce, 0x62, 0x31, 0xc6, 0x62, 0x5d, 0x5d, 0x18, 0x23, 0x01, 0x0c, 0x1a, 0x23,
    0x03, 0x33, 0x33, 0x33, 0x1f, 0x23, 0x02, 0xa4, 0xa4, 0x22, 0x23, 0x01, 0x33, 0x24, 0x23, 0x03,
    0x97, 0x33, 0xa4, 0x2d, 0x23, 0x04, 0xfc, 0x01, 0x01, 0x1f, 0x33, 0x23, 0x03, 0x1e, 0x1e, 0x01,
    0x37, 0x23, 0x01, 0x01, 0x3b, 0x23, 0x07, 0xfc, 0xfc, 0xcf, 0x33, 0x33, 0x33, 0xd1, 0x4f, 0x23,
    0x01, 0x01, 0x54, 0x23, 0x05, 0xce, 0xfd, 0xcf, 0xa4, 0xa4, 0x5a, 0x23, 0x02, 0x33, 0xa4, 0x5e,
    0x23, 0x01, 0x33, 0x65, 0x23, 0x0a, 0x33, 0xa4, 0xa5, 0x8f, 0x97, 0x6b, 0xc7, 0x53, 0xc6, 0x31,
    0x70, 0x23, 0x03, 0x3f, 0x9b, 0x5d, 0x98, 0x23, 0x08, 0x0c, 0xa4, 0xa4, 0xa4, 0xa4, 0xa4, 0x33,
    0x33, 0xa6, 0x23, 0x16, 0xa4, 0xa4, 0xa4, 0xa4, 0x33, 0x33, 0x33, 0xcf, 0x01, 0x01, 0x1f, 0x1e,
    0x1e, 0x1e, 0x01, 0x01, 0x01, 0xfd, 0xfc, 0xcf, 0x33, 0x33, 0xc1, 0x23, 0x02, 0x33, 0xfc, 0xc6,
    0x23, 0x01, 0x01, 0xc8, 0x23, 0x01, 0x01, 0xca, 0x23, 0x01, 0x1e, 0xcd, 0x23, 0x02, 0x1f, 0x1e,
    0xd0, 0x23, 0x01, 0x01, 0xd3, 0x23, 0x01, 0x01, 0xd5, 0x23, 0x04, 0x01, 0xfc, 0xcf, 0x97, 0xda,
    0x23, 0x04, 0x33, 0xa4, 0x33, 0xa4, 0xe2, 0x23, 0x10, 0x33, 0x33, 0xa5, 0xa4, 0x60, 0xf7, 0xc7,
    0xde, 0xa4, 0x31, 0x62, 0x9b, 0x9b, 0x5d, 0x3f, 0x5d, 0x18, 0x24, 0x03, 0x0c, 0x33, 0x33, 0x23,
    0x24, 0x02, 0xa4, 0xa4, 0x28, 0x24, 0x01, 0x33, 0x2c, 0x24, 0x04, 0xa4, 0x33, 0xfc, 0x1e, 0x32,
    0x24, 0x07, 0x1e, 0xe2, 0xfc, 0xf0, 0xce, 0x33, 0x33, 0x3f, 0x24, 0x03, 0xa4, 0xa4, 0x33, 0x43,
    0x24, 0x01, 0xcf, 0x46, 0x24, 0x01, 0x01, 0x48, 0x24, 0x01, 0x01, 0x4a, 0x24, 0x01, 0x1e, 0x4e,
    0x24, 0x01, 0x1e, 0x50, 0x24, 0x01, 0x01, 0x55, 0x24, 0x04, 0x01, 0x1f, 0xfc, 0xcf, 0x60, 0x24,
    0x04, 0x33, 0xa4, 0xa5, 0x60, 0x65, 0x24, 0x04, 0x62, 0xde, 0x62, 0x31, 0x6a, 0x24, 0x05, 0x62,
    0x3f, 0x5d, 0x5d, 0x5d, 0x98, 0x24, 0x01, 0x0c, 0xa0, 0x24, 0x01, 0xa4, 0xa2, 0x24, 0x03, 0x33,
    0x33, 0xa4, 0xa6, 0x24, 0x02, 0x33, 0x33, 0xae, 0x24, 0x07, 0xd1, 0xfd, 0xfc, 0xee, 0xd1, 0x33,
    0x33, 0xba, 0x24, 0x03, 0xa4, 0xa4, 0xa4, 0xbe, 0x24, 0x01, 0x97, 0xc0, 0x24, 0x01, 0x33, 0xc3,
    0x24, 0x02, 0xcf, 0xcf, 0xc6, 0x24, 0x04, 0x01, 0x01, 0x01, 0x01, 0xcd, 0x24, 0x05, 0x1e, 0x1e,
    0x01, 0x01, 0x01, 0xd5, 0x24, 0x06, 0x01, 0x01, 0x1e, 0xcf, 0xcf, 0xd1, 0xdc, 0x24, 0x0b, 0x33,
    0x33, 0x33, 0xa5, 0x8f, 0xa4, 0xf6, 0xde, 0x31, 0xa4, 0x31, 0xe8, 0x24, 0x05, 0x51, 0x9b, 0x3f,
    0x5d, 0x0c, 0x18, 0x25, 0x02, 0x0c, 0x33, 0x1d, 0x25, 0x01, 0xa4, 0x20, 0x25, 0x02, 0x33, 0xa4,
    0x23, 0x25, 0x01, 0x33, 0x2b, 0x25, 0x07, 0x33, 0x33, 0x3f, 0x33, 0x33, 0x33, 0x33, 0x37, 0x25,
    0x03, 0xa4, 0xa4, 0x97, 0x3b, 0x25, 0x01, 0x33, 0x3d, 0x25, 0x01, 0x33, 0x44, 0x25, 0x02, 0xcf,
    0xcf, 0x47, 0x25, 0x01, 0x01, 0x49, 0x25, 0x01, 0x1f, 0x4d, 0x25, 0x01, 0x1e, 0x4f, 0x25, 0x01,
    0x01, 0x56, 0x25, 0x02, 0x1e, 0x1e, 0x5a, 0x25, 0x0b, 0xe2, 0x33, 0xa5, 0x8f, 0xf7, 0xf6, 0xde,
    0x62, 0x53, 0x31, 0x62, 0x66, 0x25, 0x04, 0x9b, 0x5d, 0x5d, 0x5d, 0x98, 0x25, 0x03, 0x0c, 0x97,
    0xa4, 0x9c, 0x25, 0x01, 0x33, 0x9f, 0x25, 0x01, 0xa4, 0xa1, 0x25, 0x01, 0x33, 0xa7, 0x25, 0x0a,
    0x33, 0x33, 0x3f, 0x3f, 0xd1, 0xfc, 0xfc, 0x1e, 0xcf, 0x33, 0xb4, 0x25, 0x01, 0xa4, 0xb6, 0x25,
    0x04, 0xa4, 0x33, 0x33, 0x33, 0xbe, 0x25, 0x05, 0xa4, 0xa4, 0x97, 0xa4, 0xa4, 0xc5, 0x25, 0x03,
    0xcf, 0xce, 0x01, 0xc9, 0x25, 0x01, 0x1f, 0xcd, 0x25, 0x01, 0x1e, 0xcf, 0x25, 0x01, 0x01, 0xd6,
    0x25, 0x01, 0x1e, 0xd8, 0x25, 0x0a, 0xfd, 0xfc, 0x96, 0x01, 0xf6, 0x53, 0x53, 0xc6, 0x31, 0x62,
    0xe4, 0x25, 0x04, 0x9b, 0x5d, 0x5d, 0x5d, 0x18, 0x26, 0x02, 0x0c, 0x33, 0x1c, 0x26, 0x02, 0xa4,
    0x97, 0x1f, 0x26, 0x01, 0x33, 0x23, 0x26, 0x08, 0x33, 0x33, 0x3f, 0x3f, 0xcf, 0xcf, 0xfc, 0xe2,
    0x2c, 0x26, 0x02, 0x1e, 0x1e, 0x2f, 0x26, 0x03, 0xe2, 0x75, 0xa4, 0x34, 0x26, 0x01, 0x97, 0x36,
    0x26, 0x01, 0x33, 0x3d, 0x26, 0x02, 0xa4, 0x33, 0x40, 0x26, 0x03, 0x97, 0xa4, 0xa4, 0x44, 0x26,
    0x07, 0xa4, 0x33, 0x6b, 0x6a, 0x01, 0x1f, 0x1e, 0x4d, 0x26, 0x04, 0x1e, 0x1e, 0x1f, 0x01, 0x52,
    0x26, 0x01, 0x01, 0x56, 0x26, 0x05, 0xe2, 0x97, 0x01, 0x19, 0xbc, 0x5c, 0x26, 0x03, 0x31, 0x62,
    0xc6, 0x60, 0x26, 0x01, 0xc6, 0x62, 0x26, 0x03, 0x5d, 0x9b, 0x0c, 0x98, 0x26, 0x06, 0x0c, 0x33,
    0xa4, 0xa4, 0x97, 0xa4, 0x9f, 0x26, 0x09, 0x33, 0x33, 0x3f, 0x3f, 0xcf, 0xcf, 0xfc, 0xfc, 0xcf,
    0xa9, 0x26, 0x04, 0x1e, 0x1e, 0x1f, 0x1e, 0xae, 0x26, 0x03, 0x01, 0x1e, 0xfc, 0xb2, 0x26, 0x01,
    0x33, 0xc3, 0x26, 0x01, 0xa4, 0xc5, 0x26, 0x04, 0x97, 0x33, 0xfc, 0xfc, 0xca, 0x26, 0x02, 0x1e,
    0x1e, 0xcd, 0x26, 0x01, 0x1e, 0xcf, 0x26, 0x02, 0x01, 0x01, 0xd2, 0x26, 0x06, 0x01, 0xfc, 0x97,
    0x01, 0x18, 0xbc, 0xd9, 0x26, 0x02, 0xc6, 0x31, 0xdd, 0x26, 0x01, 0xa4, 0xdf, 0x26, 0x03, 0x51,
    0x3f, 0x5d, 0x18, 0x27, 0x02, 0x0c, 0x33, 0x1b, 0x27, 0x0a, 0x33, 0x33, 0x0c, 0x0c, 0xcf, 0xce,
    0xce, 0xfc, 0xfc, 0x01, 0x26, 0x27, 0x01, 0x1e, 0x29, 0x27, 0x03, 0x1e, 0x1f, 0x1e, 0x2d, 0x27,
    0x01, 0x01, 0x2f, 0x27, 0x03, 0x1e, 0xcf, 0xcf, 0x41, 0x27, 0x05, 0xa4, 0xa4, 0x97, 0x33, 0x33,
    0x47, 0x27, 0x04, 0x33, 0xce, 0xcf, 0x1f, 0x4d, 0x27, 0x04, 0x1e, 0x1e, 0x01, 0x01, 0x53, 0x27,
    0x01, 0xa5, 0x55, 0x27, 0x03, 0x53, 0xf7, 0x53, 0x5c, 0x27, 0x03, 0xc6, 0x5d, 0x5d, 0x98, 0x27,
    0x09, 0x0c, 0x3f, 0x3f, 0xcf, 0xcf, 0x6b, 0xfc, 0xfc, 0xce, 0xa2, 0x27, 0x02, 0x01, 0x01, 0xa6,
    0x27, 0x02, 0x1e, 0x1e, 0xa9, 0x27, 0x01, 0x1e, 0xac, 0x27, 0x01, 0x01, 0xb0, 0x27, 0x03, 0xfc,
    0xcf, 0x33, 0xbd, 0x27, 0x01, 0xa4, 0xc0, 0x27, 0x04, 0xa4, 0x33, 0x33, 0x33, 0xc8, 0x27, 0x04,
    0xcf, 0xd1, 0xd1, 0x1e, 0xd1, 0x27, 0x02, 0xa5, 0xf7, 0xd5, 0x27, 0x04, 0xc6, 0xc6, 0x62, 0xc6,
    0xdb, 0x27, 0x02, 0x5d, 0x0c, 0x18, 0x28, 0x0b, 0x0c, 0xee, 0xd1, 0xfc, 0xfc, 0x1e, 0x01, 0x01,
    0x01, 0x01, 0x01, 0x24, 0x28, 0x01, 0x1e, 0x26, 0x28, 0x03, 0x01, 0x1e, 0x1f, 0x2b, 0x28, 0x01,
    0x01, 0x2f, 0x28, 0x05, 0x01, 0x01, 0xcf, 0xce, 0x33, 0x3a, 0x28, 0x01, 0xa4, 0x3c, 0x28, 0x02,
    0xa4, 0x33, 0x3f, 0x28, 0x01, 0x33, 0x49, 0x28, 0x0a, 0xcf, 0xd1, 0x33, 0x97, 0x01, 0x18, 0xef,
    0xa4, 0x53, 0xc6, 0x56, 0x28, 0x01, 0xc6, 0x59, 0x28, 0x01, 0x5d, 0x98, 0x28, 0x04, 0x0c, 0xf0,
    0x1e, 0x1e, 0x9d, 0x28, 0x03, 0x1e, 0x01, 0x01, 0xa1, 0x28, 0x06, 0x01, 0x01, 0x01, 0x1e, 0x1e,
    0x1e, 0xa8, 0x28, 0x03, 0x1e, 0x1e, 0x1e, 0xad, 0x28, 0x07, 0x01, 0x01, 0x01, 0x01, 0xfc, 0xcf,
    0xcf, 0xb9, 0x28, 0x04, 0xa4, 0x33, 0x97, 0x33, 0xc8, 0x28, 0x03, 0x33, 0x97, 0x01, 0xcc, 0x28,
    0x03, 0xa5, 0x53, 0xf7, 0xd0, 0x28, 0x01, 0xc6, 0xd5, 0x28, 0x02, 0x62, 0x5d, 0x18, 0x29, 0x03,
    0x0c, 0xf0, 0x1e, 0x1e, 0x29, 0x09, 0x01, 0x01, 0x01, 0x1f, 0x01, 0x1e, 0x1e, 0x1e, 0x1e, 0x28,
    0x29, 0x02, 0x1e, 0x1f, 0x2c, 0x29, 0x01, 0x01, 0x31, 0x29, 0x04, 0x01, 0xcf, 0xcf, 0x33, 0x36,
    0x29, 0x02, 0xa4, 0xa4, 0x39, 0x29, 0x04, 0x97, 0xa4, 0x33, 0x33, 0x45, 0x29, 0x01, 0x33, 0x47,
    0x29, 0x04, 0x96, 0x01, 0xf6, 0xbc, 0x4c, 0x29, 0x01, 0x53, 0x4e, 0x29, 0x01, 0xc6, 0x50, 0x29,
    0x01, 0xc6, 0x52, 0x29, 0x02, 0xc6, 0x51, 0x98, 0x29, 0x03, 0x0c, 0xf0, 0xfc, 0x9d, 0x29, 0x08,
    0x01, 0x01, 0x01, 0x01, 0x01, 0x1e, 0x1e, 0x1e, 0xa7, 0x29, 0x03, 0x1f, 0x1f, 0x1f, 0xab, 0x29,
    0x02, 0x01, 0x01, 0xb1, 0x29, 0x07, 0x01, 0xfc, 0xce, 0x6b, 0xa4, 0xa4, 0x33, 0xb9, 0x29, 0x01,
    0x33, 0xc2, 0x29, 0x06, 0x33, 0x33, 0x33, 0x01, 0x18, 0xf6, 0xc9, 0x29, 0x02, 0xf7, 0x31, 0xcc,
    0x29, 0x03, 0x62, 0xc6, 0x62, 0xd0, 0x29, 0x02, 0xc6, 0x0c, 0x18, 0x2a, 0x03, 0x0c, 0xf0, 0xfc,
    0x1d, 0x2a, 0x02, 0x01, 0x01, 0x20, 0x2a, 0x02, 0x01, 0x1f, 0x23, 0x2a, 0x01, 0x1e, 0x25, 0x2a,
    0x07, 0x1e, 0x1e, 0x1f, 0x1f, 0x01, 0x01, 0x01, 0x30, 0x2a, 0x02, 0x01, 0x01, 0x33, 0x2a, 0x02,
    0xfd, 0xfd, 0x36, 0x2a, 0x01, 0x33, 0x3a, 0x2a, 0x02, 0xa4, 0xa4, 0x3f, 0x2a, 0x04, 0x33, 0x33,
    0x97, 0x96, 0x44, 0x2a, 0x05, 0xf6, 0x18, 0x53, 0x31, 0x31, 0x4c, 0x2a, 0x01, 0x62, 0x4e, 0x2a,
    0x01, 0x51, 0x98, 0x2a, 0x03, 0x0c, 0xf0, 0xfc, 0x9c, 0x2a, 0x07, 0x01, 0x01, 0x01, 0x01, 0x01,
    0x1f, 0x1e, 0xa4, 0x2a, 0x07, 0x1e, 0x1e, 0x1f, 0x1f, 0x01, 0x01, 0x01, 0xb2, 0x2a, 0x04, 0x01,
    0xce, 0xcf, 0xd1, 0xb7, 0x2a, 0x07, 0x33, 0x33, 0xa4, 0x33, 0x33, 0x33, 0x33, 0xbf, 0x2a, 0x08,
    0x96, 0x18, 0x53, 0x01, 0x53, 0xc6, 0x31, 0x62, 0xc8, 0x2a, 0x01, 0x62, 0xcb, 0x2a, 0x01, 0x51,
    0x18, 0x2b, 0x03, 0x0c, 0xf0, 0xfc, 0x1c, 0x2b, 0x07, 0x01, 0x01, 0x01, 0x1f, 0x1f, 0x1e, 0x1e,
    0x25, 0x2b, 0x03, 0x1f, 0x1f, 0x1f, 0x29, 0x2b, 0x03, 0x01, 0x01, 0x01, 0x2e, 0x2b, 0x01, 0x1e,
    0x32, 0x2b, 0x06, 0x1f, 0xfc, 0xcf, 0xd1, 0xd1, 0xa4, 0x39, 0x2b, 0x02, 0x33, 0x33, 0x3c, 0x2b,
    0x09, 0x96, 0x96, 0xa4, 0xa5, 0xf7, 0x53, 0x31, 0x53, 0x62, 0x46, 0x2b, 0x01, 0xc6, 0x49, 0x2b,
    0x01, 0x5d, 0x98, 0x2b, 0x09, 0x0c, 0xf0, 0xfc, 0x01, 0x01, 0x01, 0x1f, 0x01, 0x1f, 0xa2, 0x2b,
    0x01, 0x1e, 0xa4, 0x2b, 0x07, 0x1e, 0x01, 0x1f, 0x1f, 0x01, 0x01, 0x01, 0xb2, 0x2b, 0x05, 0x1e,
    0x1e, 0xcf, 0xd1, 0xe2, 0xb9, 0x2b, 0x05, 0xa5, 0x96, 0xf7, 0xa5, 0x01, 0xbf, 0x2b, 0x05, 0xc6,
    0xc6, 0x62, 0xc6, 0x62, 0xc5, 0x2b, 0x03, 0xc6, 0x51, 0x5d, 0x18, 0x2c, 0x0b, 0xf1, 0xf0, 0xf0,
    0x01, 0x01, 0x1e, 0x01, 0x1f, 0x1f, 0x1e, 0x1e, 0x24, 0x2c, 0x03, 0x1f, 0x1f, 0x1f, 0x28, 0x2c,
    0x02, 0x01, 0x01, 0x31, 0x2c, 0x0e, 0x1e, 0x1f, 0xfc, 0xe2, 0xd1, 0x6b, 0x96, 0x33, 0xf7, 0xa5,
    0x53, 0x53, 0x31, 0x53, 0x41, 0x2c, 0x01, 0xc6, 0x44, 0x2c, 0x02, 0x5d, 0x0c, 0x98, 0x2c, 0x08,
    0xf0, 0xf0, 0xf1, 0x01, 0x01, 0x01, 0x1f, 0x1f, 0xa1, 0x2c, 0x01, 0x1e, 0xa3, 0x2c, 0x07, 0x1e,
    0x1f, 0x1f, 0x01, 0x01, 0x01, 0x01, 0xad, 0x2c, 0x01, 0x1e, 0xaf, 0x2c, 0x03, 0x1e, 0xfc, 0xfd,
    0xb3, 0x2c, 0x0b, 0x6b, 0x74, 0x96, 0xbf, 0xa4, 0xa5, 0xef, 0x31, 0xc6, 0x53, 0xc6, 0xbf, 0x2c,
    0x04, 0xc6, 0xc6, 0x33, 0x5d, 0x18, 0x2d, 0x08, 0xf0, 0xf0, 0xf1, 0x01, 0x1e, 0x1f, 0x1f, 0x1f,
    0x21, 0x2d, 0x01, 0x1e, 0x23, 0x2d, 0x03, 0x1e, 0x01, 0x1f, 0x27, 0x2d, 0x03, 0x01, 0x01, 0x01,
    0x2c, 0x2d, 0x03, 0x1e, 0xfc, 0xfc, 0x30, 0x2d, 0x0c, 0x75, 0x6a, 0x96, 0x73, 0xf7, 0xf6, 0xf6,
    0xde, 0x53, 0x31, 0xc6, 0xc6, 0x3f, 0x2d, 0x02, 0x5d, 0x9b, 0x98, 0x2d, 0x03, 0xf0, 0xf1, 0xf1,
    0x9d, 0x2d, 0x02, 0x1f, 0x1f, 0xa0, 0x2d, 0x01, 0x1e, 0xa2, 0x2d, 0x04, 0x1e, 0x01, 0x01, 0x1f,
    0xa7, 0x2d, 0x02, 0x01, 0x01, 0xaa, 0x2d, 0x08, 0xfc, 0xfc, 0x1e, 0x6b, 0x6a, 0x74, 0x8f, 0xbf,
    0xb3, 0x2d, 0x09, 0xf6, 0xef, 0x31, 0x62, 0x53, 0xc6, 0x62, 0x62, 0xc6, 0xbd, 0x2d, 0x02, 0x5d,
    0x5d, 0x18, 0x2e, 0x03, 0xf1, 0xf0, 0xf1, 0x1c, 0x2e, 0x09, 0x1f, 0x1f, 0x1e, 0x1e, 0x1e, 0x1e,
    0x1f, 0x01, 0x1f, 0x26, 0x2e, 0x03, 0x01, 0x01, 0xfd, 0x2a, 0x2e, 0x05, 0x6b, 0x6a, 0x6a, 0x33,
    0xbf, 0x30, 0x2e, 0x05, 0xf7, 0x53, 0x31, 0xc6, 0x31, 0x38, 0x2e, 0x01, 0xc6, 0x3a, 0x2e, 0x03,
    0x5d, 0x9b, 0x0c, 0x98, 0x2e, 0x0c, 0xf0, 0xf1, 0xf0, 0xfc, 0x1e, 0x1f, 0x1e, 0x1e, 0x1e, 0x1e,
    0x1f, 0x01, 0xa5, 0x2e, 0x07, 0xfd, 0x01, 0x6a, 0x6a, 0x6a, 0x73, 0x60, 0xad, 0x2e, 0x06, 0xa5,
    0xf6, 0x31, 0x62, 0x53, 0xf7, 0xb5, 0x2e, 0x01, 0x62, 0xb7, 0x2e, 0x04, 0x51, 0x5d, 0x5d, 0x0c,
    0x18, 0x2f, 0x06, 0xf1, 0xf0, 0xee, 0xe2, 0x1f, 0x1e, 0x1f, 0x2f, 0x0b, 0x1e, 0x1e, 0x1f, 0xfc,
    0x01, 0x6b, 0xce, 0x6b, 0x6a, 0x60, 0x9c, 0x2b, 0x2f, 0x07, 0xf6, 0x01, 0xde, 0x31, 0xc6, 0xa4,
    0xf7, 0x34, 0x2f, 0x05, 0x62, 0x9b, 0x5d, 0x5d, 0x5d, 0x98, 0x2f, 0x14, 0xf1, 0xf0, 0xee, 0xe2,
    0x1f, 0x1e, 0x1e, 0xe2, 0x1e, 0x75, 0x6b, 0x6a, 0x6b, 0xce, 0x60, 0x48, 0xf7, 0x53, 0xde, 0x31,
    0xad, 0x2f, 0x02, 0x53, 0xf7, 0xb0, 0x2f, 0x01, 0x62, 0xb2, 0x2f, 0x04, 0x9b, 0x5d, 0x5d, 0x5d,
    0x18, 0x30, 0x05, 0xf0, 0xee, 0xee, 0xfc, 0xfc, 0x1e, 0x30, 0x0f, 0x75, 0x6b, 0x74, 0x74, 0x9c,
    0x60, 0x6b, 0xa4, 0xf6, 0xc7, 0xc6, 0x62, 0xa4, 0xf7, 0x53, 0x2f, 0x30, 0x05, 0x62, 0x9b, 0x5d,
    0x5d, 0x5d, 0x98, 0x30, 0x0f, 0xee, 0x0c, 0xee, 0x9b, 0x6b, 0xd1, 0x6a, 0x82, 0x60, 0x97, 0xbf,
    0xf7, 0x01, 0xde, 0x31, 0xa9, 0x30, 0x01, 0x62, 0xab, 0x30, 0x06, 0xc6, 0x62, 0x9b, 0x5d, 0x9b,
    0x3f, 0x18, 0x31, 0x0d, 0x9b, 0x9b, 0x9a, 0x9a, 0x75, 0xd1, 0x97, 0x9c, 0xf7, 0x62, 0xc7, 0xde,
    0x53, 0x26, 0x31, 0x03, 0x31, 0x31, 0xc6, 0x2a, 0x31, 0x05, 0x3f, 0x9b, 0x5d, 0x5d, 0x5d, 0x99,
    0x31, 0x04, 0x6c, 0x6c, 0x9b, 0x60, 0x9e, 0x31, 0x03, 0xa5, 0xc7, 0xc6, 0xa3, 0x31, 0x03, 0x31,
    0xf7, 0x62, 0xa7, 0x31, 0x05, 0x62, 0x9b, 0x5d, 0x5d, 0x5d, 0x19, 0x32, 0x09, 0x6c, 0x6c, 0x5d,
    0xc7, 0x18, 0x53, 0x62, 0xc6, 0x62, 0x25, 0x32, 0x05, 0x9b, 0x5d, 0x5d, 0x3f, 0x5d, 0x99, 0x32,
    0x07, 0x5d, 0x5d, 0x3f, 0x9b, 0xf7, 0x53, 0x31, 0xa1, 0x32, 0x07, 0xc6, 0x3f, 0x9b, 0x5d, 0x5d,
    0x5d, 0x5d, 0x1a, 0x33, 0x03, 0x5d, 0x5d, 0x5d, 0x1e, 0x33, 0x07, 0xc6, 0x33, 0x5d, 0x9b, 0x3f,
    0x5d, 0x5d, 0x9a, 0x33, 0x09, 0x5d, 0x5d, 0x5d, 0x5d, 0x5d, 0x5d, 0x5d, 0x9b, 0x5d, 0x1e, 0x34,
    0x02, 0x5d, 0x5d, 0x4b, 0x18, 0x03, 0x0c, 0x0c, 0x0c, 0xc5, 0x18, 0x0c, 0x0c, 0x0c, 0x0c, 0x3f,
    0x33, 0x33, 0x33, 0x97, 0x0c, 0x3f, 0x0c, 0x0c, 0x3e, 0x19, 0x03, 0x0c, 0x0c, 0x0c, 0x42, 0x19,
    0x06, 0xe2, 0xfc, 0xe2, 0x0c, 0x33, 0x33, 0x4c, 0x19, 0x01, 0xa4, 0x50, 0x19, 0x03, 0xa4, 0x0c,
    0x0c, 0xb8, 0x19, 0x01, 0x0c, 0xbb, 0x19, 0x01, 0x33, 0xbd, 0x19, 0x01, 0xcf, 0xbf, 0x19, 0x06,
    0x01, 0x01, 0x1e, 0x1e, 0x1e, 0x1e, 0xc7, 0x19, 0x02, 0xfc, 0x33, 0xd2, 0x19, 0x03, 0x97, 0x0c,
    0x0c, 0x30, 0x1a, 0x01, 0x0c, 0x35, 0x1a, 0x01, 0x3f, 0x37, 0x1a, 0x04, 0xa4, 0x33, 0x33, 0x33,
    0x3c, 0x1a, 0x01, 0xa4, 0x3f, 0x1a, 0x07, 0x01, 0x01, 0x1f, 0x1e, 0x1e, 0x1f, 0x01, 0x48, 0x1a,
    0x04, 0x01, 0xce, 0x33, 0xa4, 0x4d, 0x1a, 0x0a, 0x33, 0x33, 0xcf, 0xfc, 0xfc, 0xe2, 0xcf, 0xd1,
    0x0c, 0x0c, 0xa8, 0x1a, 0x03, 0x0c, 0x0c, 0x0c, 0xac, 0x1a, 0x07, 0x0c, 0x0c, 0xee, 0x1e, 0x1e,
    0x1e, 0xe2, 0xb5, 0x1a, 0x01, 0xa4, 0xb7, 0x1a, 0x01, 0x33, 0xbd, 0x1a, 0x06, 0xa4, 0x33, 0xfc,
    0xe2, 0x1f, 0x1e, 0xc4, 0x1a, 0x06, 0x1f, 0x01, 0xfc, 0xfc, 0xfc, 0x33, 0xcb, 0x1a, 0x01, 0xfc,
    0xce, 0x1a, 0x03, 0x01, 0x01, 0x01, 0xd2, 0x1a, 0x04, 0x1e, 0x1e, 0x01, 0x01, 0xd7, 0x1a, 0x01,
    0xf0, 0x20, 0x1b, 0x08, 0x0c, 0x0c, 0x0c, 0x0c, 0x0c, 0x0c, 0x0c, 0xe2, 0x2a, 0x1b, 0x04, 0x01,
    0x01, 0x1e, 0x1e, 0x2f, 0x1b, 0x01, 0x1e, 0x31, 0x1b, 0x01, 0x1e, 0x33, 0x1b, 0x01, 0xcf, 0x37,
    0x1b, 0x02, 0xa4, 0x33, 0x3d, 0x1b, 0x01, 0xa4, 0x40, 0x1b, 0x01, 0xfc, 0x42, 0x1b, 0x04, 0x33,
    0x33, 0x33, 0xce, 0x47, 0x1b, 0x02, 0xa4, 0xa4, 0x4b, 0x1b, 0x01, 0xa4, 0x4d, 0x1b, 0x02, 0xfc,
    0x01, 0x50, 0x1b, 0x01, 0x01, 0x52, 0x1b, 0x01, 0x1e, 0x54, 0x1b, 0x02, 0x1f, 0x01, 0x59, 0x1b,
    0x01, 0xf0, 0x9a, 0x1b, 0x02, 0x0c, 0x0c, 0x9e, 0x1b, 0x03, 0x33, 0x33, 0x33, 0xa4, 0x1b, 0x02,
    0xa4, 0x33, 0xa7, 0x1b, 0x01, 0xfc, 0xa9, 0x1b, 0x04, 0x01, 0x01, 0x1e, 0x1e, 0xae, 0x1b, 0x01,
    0x1e, 0xb0, 0x1b, 0x01, 0x01, 0xb4, 0x1b, 0x03, 0x33, 0xa4, 0xa4, 0xb9, 0x1b, 0x02, 0x33, 0x33,
    0xbc, 0x1b, 0x07, 0xfc, 0xe2, 0xd1, 0xcf, 0xd1, 0x33, 0x33, 0xc4, 0x1b, 0x01, 0x33, 0xc6, 0x1b,
    0x02, 0xa4, 0x33, 0xca, 0x1b, 0x02, 0x33, 0xa4, 0xce, 0x1b, 0x04, 0xfd, 0x01, 0x1f, 0x1e, 0xd4,
    0x1b, 0x01, 0x1f, 0xd6, 0x1b, 0x01, 0x01, 0xd8, 0x1b, 0x01, 0x1e, 0xda, 0x1b, 0x02, 0xfc, 0x0c,
    0x19, 0x1c, 0x02, 0x0c, 0x33, 0x1d, 0x1c, 0x02, 0xa4, 0xa4, 0x27, 0x1c, 0x02, 0xfc, 0x01, 0x2a,
    0x1c, 0x01, 0x1e, 0x2c, 0x1c, 0x01, 0x1e, 0x36, 0x1c, 0x05, 0xfc, 0xcf, 0xcf, 0x01, 0x01, 0x3d,
    0x1c, 0x01, 0x1e, 0x40, 0x1c, 0x05, 0x01, 0x1e, 0xfc, 0x33, 0x33, 0x49, 0x1c, 0x02, 0xa4, 0xa4,
    0x4d, 0x1c, 0x03, 0x33, 0xa4, 0x33, 0x51, 0x1c, 0x01, 0x1e, 0x53, 0x1c, 0x01, 0x1e, 0x55, 0x1c,
    0x09, 0xfc, 0xfd, 0xfc, 0x33, 0x33, 0x33, 0xcf, 0x75, 0x0c, 0xa2, 0x1c, 0x02, 0xa4, 0xa4, 0xa5,
    0x1c, 0x02, 0xa4, 0x33, 0xab, 0x1c, 0x02, 0x1e, 0xe2, 0xb0, 0x1c, 0x02, 0xcf, 0xd1, 0xb5, 0x1c,
    0x01, 0x33, 0xba, 0x1c, 0x01, 0x01, 0xbe, 0x1c, 0x02, 0x1e, 0x01, 0xc3, 0x1c, 0x02, 0xce, 0x33,
    0xc6, 0x1c, 0x04, 0xa4, 0xa4, 0x33, 0xa4, 0xcb, 0x1c, 0x01, 0x33, 0xd0, 0x1c, 0x06, 0x33, 0xfc,
    0x33, 0x33, 0x33, 0xcf, 0xd7, 0x1c, 0x04, 0xa4, 0x33, 0x33, 0x33, 0xde, 0x1c, 0x02, 0xa4, 0x3f,
    0xe1, 0x1c, 0x01, 0x0c, 0x19, 0x1d, 0x01, 0x33, 0x1f, 0x1d, 0x01, 0xa4, 0x21, 0x1d, 0x02, 0x33,
    0x33, 0x25, 0x1d, 0x01, 0x33, 0x29, 0x1d, 0x02, 0xfc, 0x1e, 0x30, 0x1d, 0x01, 0xa4, 0x32, 0x1d,
    0x01, 0x97, 0x3a, 0x1d, 0x01, 0x1f, 0x3d, 0x1d, 0x03, 0x1e, 0x1f, 0x01, 0x44, 0x1d, 0x04, 0xcf,
    0x33, 0xa4, 0x33, 0x4b, 0x1d, 0x01, 0x33, 0x4d, 0x1d, 0x05, 0xfc, 0xfc, 0xcf, 0x1e, 0x01, 0x53,
    0x1d, 0x03, 0x33, 0x33, 0x33, 0x57, 0x1d, 0x01, 0xa4, 0x5a, 0x1d, 0x02, 0x33, 0x33, 0x5d, 0x1d,
    0x02, 0x97, 0xa4, 0x61, 0x1d, 0x03, 0xa4, 0x0c, 0x0c, 0x99, 0x1d, 0x03, 0x97, 0x33, 0x33, 0x9e,
    0x1d, 0x02, 0x33, 0x33, 0xa2, 0x1d, 0x01, 0x33, 0xa8, 0x1d, 0x01, 0x33, 0xac, 0x1d, 0x02, 0x33,
    0x33, 0xb2, 0x1d, 0x01, 0x97, 0xb6, 0x1d, 0x01, 0xa4, 0xb8, 0x1d, 0x01, 0x01, 0xba, 0x1d, 0x01,
    0x1e, 0xbc, 0x1d, 0x02, 0x1e, 0x1e, 0xc3, 0x1d, 0x03, 0x01, 0x01, 0xe2, 0xc8, 0x1d, 0x03, 0x6b,
    0xcf, 0xce, 0xcd, 0x1d, 0x01, 0x1e, 0xd1, 0x1d, 0x02, 0x01, 0x1e, 0xd4, 0x1d, 0x01, 0x01, 0xdb,
    0x1d, 0x01, 0xa4, 0xdd, 0x1d, 0x01, 0x33, 0xe1, 0x1d, 0x01, 0xa4, 0xe3, 0x1d, 0x03, 0x33, 0x33,
    0x0c, 0x19, 0x1e, 0x01, 0x33, 0x1b, 0x1e, 0x02, 0x33, 0x33, 0x1f, 0x1e, 0x01, 0x01, 0x24, 0x1e,
    0x01, 0x1e, 0x26, 0x1e, 0x03, 0x1f, 0x1e, 0xfc, 0x32, 0x1e, 0x04, 0xa4, 0xa4, 0x33, 0xa4, 0x37,
    0x1e, 0x02, 0x33, 0xcf, 0x3f, 0x1e, 0x01, 0xfd, 0x42, 0x1e, 0x04, 0xfc, 0xcf, 0xce, 0xcf, 0x47,
    0x1e, 0x02, 0x1e, 0xfc, 0x4c, 0x1e, 0x01, 0x01, 0x52, 0x1e, 0x01, 0x01, 0x55, 0x1e, 0x02, 0x01,
    0xcf, 0x59, 0x1e, 0x01, 0xa4, 0x5c, 0x1e, 0x01, 0xa4, 0x5e, 0x1e, 0x01, 0x33, 0x63, 0x1e, 0x04,
    0x33, 0x33, 0x3f, 0x0c, 0x98, 0x1e, 0x01, 0xee, 0x9c, 0x1e, 0x01, 0x01, 0xa0, 0x1e, 0x01, 0x1e,
    0xa8, 0x1e, 0x01, 0x01, 0xaf, 0x1e, 0x02, 0x33, 0x33, 0xb8, 0x1e, 0x03, 0x33, 0x33, 0x33, 0xbc,
    0x1e, 0x02, 0xfc, 0xfc, 0xc2, 0x1e, 0x03, 0xa4, 0xa4, 0xa4, 0xc6, 0x1e, 0x03, 0xa4, 0x33, 0xcf,
    0xcd, 0x1e, 0x01, 0x1e, 0xd8, 0x1e, 0x02, 0x6a, 0xa4, 0xdb, 0x1e, 0x02, 0x97, 0x97, 0xdf, 0x1e,
    0x06, 0x33, 0x33, 0x3f, 0xfc, 0xfc, 0xcf, 0xe7, 0x1e, 0x02, 0x1e, 0x0c, 0x18, 0x1f, 0x01, 0xf0,
    0x1b, 0x1f, 0x01, 0x01, 0x1d, 0x1f, 0x01, 0x01, 0x22, 0x1f, 0x01, 0x01, 0x28, 0x1f, 0x01, 0x01,
    0x2d, 0x1f, 0x01, 0x33, 0x32, 0x1f, 0x09, 0x33, 0x33, 0x33, 0xfc, 0xfc, 0xfc, 0xfc, 0xe2, 0xcf,
    0x3c, 0x1f, 0x04, 0xa4, 0xa4, 0xa4, 0x97, 0x41, 0x1f, 0x03, 0x33, 0x33, 0x33, 0x45, 0x1f, 0x02,
    0x33, 0xa4, 0x49, 0x1f, 0x02, 0xcf, 0xfc, 0x50, 0x1f, 0x01, 0x1e, 0x5b, 0x1f, 0x01, 0x33, 0x5d,
    0x1f, 0x03, 0xfc, 0xfc, 0xce, 0x61, 0x1f, 0x01, 0x01, 0x64, 0x1f, 0x01, 0x1e, 0x66, 0x1f, 0x01,
    0x1e, 0x68, 0x1f, 0x01, 0x1f, 0x6b, 0x1f, 0x02, 0x0c, 0x0c, 0x98, 0x1f, 0x01, 0xfc, 0x9a, 0x1f,
    0x01, 0x01, 0x9c, 0x1f, 0x02, 0x1e, 0x1e, 0xa0, 0x1f, 0x01, 0x1e, 0xa2, 0x1f, 0x01, 0x01, 0xa4,
    0x1f, 0x01, 0x01, 0xa7, 0x1f, 0x03, 0x01, 0x01, 0xe2, 0xac, 0x1f, 0x03, 0x97, 0x97, 0x33, 0xb1,
    0x1f, 0x04, 0xfd, 0xfc, 0xfc, 0x1e, 0xb8, 0x1f, 0x01, 0x01, 0xba, 0x1f, 0x02, 0xfc, 0xfc, 0xbd,
    0x1f, 0x01, 0x33, 0xc5, 0x1f, 0x04, 0xa4, 0x33, 0xa4, 0xa4, 0xca, 0x1f, 0x04, 0x33, 0x33, 0x01,
    0x1e, 0xd0, 0x1f, 0x02, 0x1e, 0x1e, 0xd7, 0x1f, 0x01, 0xe2, 0xd9, 0x1f, 0x02, 0x33, 0x33, 0xdd,
    0x1f, 0x01, 0x1e, 0xe0, 0x1f, 0x01, 0x01, 0xe4, 0x1f, 0x02, 0x1e, 0x1e, 0xe8, 0x1f, 0x01, 0x01,
    0xed, 0x1f, 0x02, 0x0c, 0x0c, 0x18, 0x20, 0x02, 0xfd, 0x01, 0x1b, 0x20, 0x02, 0x01, 0x1e, 0x1f,
    0x20, 0x01, 0x1e, 0x21, 0x20, 0x01, 0x01, 0x26, 0x20, 0x08, 0xfc, 0xfc, 0xe2, 0x1e, 0xe2, 0x1e,
    0xe2, 0xfc, 0x33, 0x20, 0x02, 0x1e, 0x1e, 0x37, 0x20, 0x02, 0x01, 0x1e, 0x3b, 0x20, 0x02, 0x33,
    0xcf, 0x44, 0x20, 0x01, 0xa4, 0x46, 0x20, 0x02, 0x33, 0x33, 0x49, 0x20, 0x05, 0xa4, 0x33, 0x33,
    0x33, 0xe2, 0x50, 0x20, 0x01, 0x1e, 0x52, 0x20, 0x02, 0x01, 0xfd, 0x55, 0x20, 0x01, 0x33, 0x5b,
    0x20, 0x01, 0xa4, 0x5d, 0x20, 0x02, 0x33, 0xfc, 0x63, 0x20, 0x03, 0x1e, 0x1e, 0x1e, 0x67, 0x20,
    0x03, 0x1f, 0x01, 0x01, 0x6f, 0x20, 0x02, 0x0c, 0x0c, 0x98, 0x20, 0x05, 0xfc, 0x01, 0x1f, 0x1e,
    0x1e, 0x9e, 0x20, 0x08, 0x01, 0xfc, 0xfd, 0xfd, 0xfc, 0x1e, 0xcf, 0xcf, 0xa7, 0x20, 0x02, 0x33,
    0x33, 0xaa, 0x20, 0x01, 0xfc, 0xae, 0x20, 0x03, 0x01, 0x01, 0x01, 0xb3, 0x20, 0x04, 0x1e, 0x1e,
    0x1e, 0x1f, 0xb8, 0x20, 0x01, 0x01, 0xbb, 0x20, 0x02, 0xfc, 0x33, 0xc1, 0x20, 0x01, 0xa4, 0xcd,
    0x20, 0x02, 0x33, 0xe2, 0xd6, 0x20, 0x03, 0xa4, 0xa4, 0xa4, 0xda, 0x20, 0x03, 0x97, 0x97, 0x33,
    0xdf, 0x20, 0x02, 0xfc, 0xfc, 0xe4, 0x20, 0x03, 0x1e, 0x1e, 0x1e, 0xf1, 0x20, 0x02, 0xfc, 0x0c,
    0x19, 0x21, 0x0b, 0xfd, 0xfc, 0xe2, 0x1e, 0x01, 0xcf, 0xce, 0xce, 0xcf, 0x33, 0x33, 0x27, 0x21,
    0x01, 0xa4, 0x29, 0x21, 0x02, 0x97, 0x97, 0x2e, 0x21, 0x01, 0x01, 0x30, 0x21, 0x01, 0x01, 0x32,
    0x21, 0x01, 0x1e, 0x35, 0x21, 0x02, 0x1f, 0x01, 0x3d, 0x21, 0x05, 0x33, 0xa4, 0xa4, 0x33, 0x33,
    0x4a, 0x21, 0x01, 0x33, 0x4e, 0x21, 0x01, 0x1e, 0x53, 0x21, 0x04, 0xa4, 0xa4, 0xa4, 0x33, 0x58,
    0x21, 0x02, 0x33, 0x33, 0x65, 0x21, 0x01, 0x1e, 0x68, 0x21, 0x02, 0x1e, 0x1e, 0x6d, 0x21, 0x01,
    0x01, 0x71, 0x21, 0x01, 0x01, 0x73, 0x21, 0x02, 0xe2, 0x0c, 0x97, 0x21, 0x08, 0xf0, 0x33, 0xd1,
    0xd1, 0xd1, 0x33, 0x33, 0x33, 0xa0, 0x21, 0x01, 0xa4, 0xa4, 0x21, 0x05, 0x33, 0x33, 0xa4, 0xa4,
    0x33, 0xab, 0x21, 0x01, 0xfc, 0xae, 0x21, 0x01, 0x01, 0xb0, 0x21, 0x02, 0x1f, 0x1e, 0xb5, 0x21,
    0x01, 0x01, 0xbd, 0x21, 0x02, 0xfc, 0xcf, 0xc0, 0x21, 0x03, 0xa4, 0x97, 0x97, 0xc6, 0x21, 0x01,
    0x33, 0xc8, 0x21, 0x01, 0xfc, 0xca, 0x21, 0x01, 0x1e, 0xcc, 0x21, 0x02, 0x1e, 0x01, 0xcf, 0x21,
    0x05, 0x1e, 0x97, 0x33, 0x33, 0x33, 0xd5, 0x21, 0x01, 0x33, 0xdd, 0x21, 0x03, 0x97, 0x97, 0xa4,
    0xe2, 0x21, 0x02, 0x33, 0xfc, 0xe9, 0x21, 0x03, 0x1e, 0x1e, 0x01, 0xed, 0x21, 0x01, 0x01, 0xf1,
    0x21, 0x02, 0xfc, 0xfc, 0xf4, 0x21, 0x02, 0x6a, 0x0c, 0x17, 0x22, 0x03, 0x3f, 0x33, 0x33, 0x1b,
    0x22, 0x02, 0xa4, 0xa4, 0x1e, 0x22, 0x01, 0x33, 0x20, 0x22, 0x02, 0xa4, 0xa4, 0x23, 0x22, 0x04,
    0x33, 0x33, 0x97, 0xa4, 0x2b, 0x22, 0x01, 0xcf, 0x2d, 0x22, 0x01, 0x01, 0x2f, 0x22, 0x01, 0x01,
    0x31, 0x22, 0x02, 0x1e, 0x1e, 0x34, 0x22, 0x03, 0x1e, 0x01, 0x01, 0x3d, 0x22, 0x03, 0xfd, 0xcf,
    0xd1, 0x41, 0x22, 0x05, 0x33, 0x33, 0xfc, 0xfc, 0x01, 0x47, 0x22, 0x01, 0x01, 0x4a, 0x22, 0x03,
    0x1e, 0x1e, 0x1e, 0x4f, 0x22, 0x01, 0x01, 0x51, 0x22, 0x02, 0xcf, 0x33, 0x61, 0x22, 0x03, 0xa4,
    0xa4, 0x97, 0x65, 0x22, 0x01, 0xfd, 0x6a, 0x22, 0x01, 0x1e, 0x6c, 0x22, 0x01, 0x01, 0x6e, 0x22,
    0x02, 0xfd, 0xfc, 0x71, 0x22, 0x05, 0x6b, 0x9c, 0x6b, 0x0c, 0x0c, 0x97, 0x22, 0x07, 0x0c, 0x33,
    0x33, 0x33, 0x33, 0xa4, 0xa4, 0x9f, 0x22, 0x01, 0x33, 0xa3, 0x22, 0x05, 0xa4, 0x33, 0xa4, 0xa4,
    0xa4, 0xab, 0x22, 0x03, 0x33, 0xfc, 0x01, 0xaf, 0x22, 0x02, 0x1f, 0x1e, 0xb4, 0x22, 0x01, 0x01,
    0xb6, 0x22, 0x01, 0x01, 0xbc, 0x22, 0x05, 0xfc, 0xfc, 0xe2, 0xe2, 0xfc, 0xc3, 0x22, 0x05, 0x1e,
    0x01, 0x01, 0x01, 0x01, 0xca, 0x22, 0x04, 0x1e, 0x1e, 0x1e, 0x01, 0xcf, 0x22, 0x02, 0x01, 0x1e,
    0xd2, 0x22, 0x01, 0xfc, 0xdd, 0x22, 0x01, 0xa4, 0xe1, 0x22, 0x03, 0x97, 0x33, 0x33, 0xe6, 0x22,
    0x03, 0xfd, 0xfc, 0x1e, 0xea, 0x22, 0x03, 0x1e, 0xfc, 0xfc, 0xee, 0x22, 0x08, 0xce, 0x9d, 0x97,
    0x33, 0xc6, 0x62, 0x9a, 0x9a, 0x17, 0x23, 0x02, 0x0c, 0x33, 0x1a, 0x23, 0x03, 0x33, 0x33, 0x33,
    0x24, 0x23, 0x03, 0xa4, 0x33, 0xa4, 0x28, 0x23, 0x05, 0xa4, 0x33, 0x33, 0x33, 0xce, 0x2e, 0x23,
    0x02, 0x1f, 0x1e, 0x31, 0x23, 0x06, 0x1e, 0x1e, 0x01, 0x01, 0x01, 0x01, 0x38, 0x23, 0x02, 0xfc,
    0xfc, 0x3b, 0x23, 0x02, 0x33, 0x33, 0x3f, 0x23, 0x03, 0xa4, 0xfc, 0x1e, 0x44, 0x23, 0x06, 0x01,
    0x01, 0x01, 0x01, 0x1e, 0x1e, 0x4c, 0x23, 0x01, 0x1e, 0x4f, 0x23, 0x01, 0x01, 0x53, 0x23, 0x01,
    0xfc, 0x55, 0x23, 0x01, 0x33, 0x5a, 0x23, 0x05, 0xa4, 0xa4, 0x33, 0x33, 0x33, 0x67, 0x23, 0x03,
    0x33, 0xfc, 0xe2, 0x6b, 0x23, 0x0b, 0x74, 0x9c, 0x97, 0x60, 0xc6, 0xa5, 0x18, 0x31, 0x3f, 0x6c,
    0x6c, 0x97, 0x23, 0x02, 0x0c, 0x33, 0xa2, 0x23, 0x03, 0xa4, 0xa4, 0xa4, 0xa6, 0x23, 0x01, 0x33,
    0xa9, 0x23, 0x04, 0xa4, 0x33, 0xfc, 0xfd, 0xae, 0x23, 0x04, 0x1f, 0x1e, 0x1e, 0x1e, 0xb3, 0x23,
    0x03, 0xfc, 0xfd, 0x01, 0xb7, 0x23, 0x02, 0x33, 0x33, 0xbd, 0x23, 0x01, 0xa4, 0xbf, 0x23, 0x03,
    0x33, 0xcf, 0xfc, 0xc4, 0x23, 0x04, 0x01, 0x01, 0x01, 0x01, 0xc9, 0x23, 0x01, 0x1e, 0xcb, 0x23,
    0x02, 0x1e, 0x1e, 0xcf, 0x23, 0x01, 0x01, 0xd3, 0x23, 0x04, 0x01, 0xfc, 0xce, 0x33, 0xd8, 0x23,
    0x04, 0xa4, 0xa4, 0x33, 0x33, 0xe6, 0x23, 0x0f, 0x33, 0xa4, 0xa5, 0x8f, 0x33, 0xf7, 0xc7, 0x18,
    0xf7, 0x62, 0x53, 0x31, 0x3f, 0x5d, 0x5d, 0x17, 0x24, 0x02, 0x3f, 0x33, 0x1e, 0x24, 0x07, 0xa4,
    0xa4, 0x33, 0x33, 0x33, 0x97, 0xa4, 0x28, 0x24, 0x01, 0x33, 0x2c, 0x24, 0x0a, 0xcf, 0xe2, 0xfc,
    0xe2, 0xfc, 0x1e, 0xcf, 0x33, 0x33, 0x3f, 0x38, 0x24, 0x01, 0xa4, 0x3a, 0x24, 0x04, 0xa4, 0xa4,
    0x33, 0x33, 0x3f, 0x24, 0x04, 0xa4, 0x33, 0xfc, 0xfc, 0x44, 0x24, 0x02, 0x01, 0x01, 0x47, 0x24,
    0x03, 0x01, 0x1e, 0x1e, 0x4c, 0x24, 0x02, 0x1f, 0x1f, 0x4f, 0x24, 0x01, 0x01, 0x54, 0x24, 0x05,
    0x01, 0xfd, 0x6a, 0x33, 0x33, 0x63, 0x24, 0x02, 0x33, 0xa4, 0x66, 0x24, 0x0f, 0x8f, 0x33, 0xf7,
    0xc7, 0xbc, 0xa4, 0xc6, 0x31, 0x31, 0x5d, 0x5d, 0x5d, 0x9b, 0x5d, 0x5d, 0x97, 0x24, 0x02, 0x3f,
    0x33, 0x9c, 0x24, 0x01, 0xa4, 0xa0, 0x24, 0x01, 0xa4, 0xa2, 0x24, 0x02, 0x33, 0x33, 0xaa, 0x24,
    0x08, 0x33, 0x33, 0x33, 0xd1, 0xd1, 0x33, 0x33, 0x3f, 0xb4, 0x24, 0x04, 0xa4, 0xa4, 0x33, 0x33,
    0xb9, 0x24, 0x02, 0x33, 0xa4, 0xbc, 0x24, 0x04, 0xa4, 0xa4, 0x33, 0x33, 0xc2, 0x24, 0x01, 0xcf,
    0xc4, 0x24, 0x02, 0x01, 0x01, 0xc7, 0x24, 0x04, 0x01, 0x1e, 0x1e, 0x1e, 0xcc, 0x24, 0x02, 0x1f,
    0x01, 0xcf, 0x24, 0x01, 0x01, 0xd4, 0x24, 0x04, 0x01, 0x1f, 0xfd, 0xcf, 0xda, 0x24, 0x01, 0x33,
    0xdc, 0x24, 0x01, 0x33, 0xe0, 0x24, 0x13, 0x33, 0xa4, 0x96, 0x8f, 0xf7, 0xa4, 0xef, 0x31, 0x31,
    0xf7, 0x53, 0x62, 0x51, 0x5d, 0x9b, 0x5d, 0x5d, 0x9b, 0x5d, 0x17, 0x25, 0x02, 0x9b, 0x97, 0x1a,
    0x25, 0x04, 0x33, 0x33, 0x33, 0xa4, 0x20, 0x25, 0x01, 0x33, 0x25, 0x25, 0x02, 0x33, 0x33, 0x2a,
    0x25, 0x02, 0xcf, 0xe2, 0x2d, 0x25, 0x02, 0x3f, 0x33, 0x31, 0x25, 0x02, 0xa4, 0xa4, 0x34, 0x25,
    0x01, 0x33, 0x37, 0x25, 0x01, 0xa4, 0x39, 0x25, 0x05, 0x33, 0x33, 0xa4, 0xa4, 0xa4, 0x41, 0x25,
    0x08, 0x33, 0xce, 0xcf, 0x01, 0x01, 0x01, 0x1f, 0x1f, 0x4c, 0x25, 0x03, 0x1e, 0x1f, 0x1f, 0x50,
    0x25, 0x02, 0x01, 0x01, 0x54, 0x25, 0x01, 0x1e, 0x58, 0x25, 0x03, 0xce, 0xcf, 0x33, 0x5d, 0x25,
    0x09, 0x33, 0xa4, 0x96, 0x8f, 0xa4, 0xf6, 0xf6, 0xa4, 0x31, 0x67, 0x25, 0x02, 0x31, 0x31, 0x6a,
    0x25, 0x06, 0x3f, 0x9b, 0x5d, 0x5d, 0x3f, 0x5d, 0x96, 0x25, 0x04, 0x0c, 0x3f, 0x33, 0xa4, 0x9b,
    0x25, 0x02, 0x33, 0x33, 0xa0, 0x25, 0x03, 0x33, 0x33, 0x33, 0xa5, 0x25, 0x06, 0xcf, 0xcf, 0xe2,
    0xfc, 0xf0, 0xee, 0xad, 0x25, 0x02, 0x6b, 0x75, 0xb2, 0x25, 0x01, 0x33, 0xb4, 0x25, 0x01, 0xa4,
    0xb7, 0x25, 0x01, 0x33, 0xbb, 0x25, 0x06, 0xa4, 0x33, 0xa4, 0xa4, 0xa4, 0xa4, 0xc2, 0x25, 0x04,
    0x33, 0xcf, 0xce, 0x01, 0xc7, 0x25, 0x02, 0x01, 0x1f, 0xca, 0x25, 0x01, 0x1e, 0xcc, 0x25, 0x06,
    0x1e, 0x01, 0x01, 0x01, 0x01, 0x01, 0xd5, 0x25, 0x01, 0x1e, 0xd8, 0x25, 0x0c, 0x1f, 0xcf, 0x33,
    0x97, 0x96, 0xa4, 0xf6, 0x18, 0xf7, 0x62, 0x31, 0x31, 0xe7, 0x25, 0x06, 0xc6, 0x5d, 0x5d, 0x9b,
    0x5d, 0x0c, 0x16, 0x26, 0x07, 0x0c, 0x3f, 0x33, 0xa4, 0xa4, 0xa4, 0x97, 0x20, 0x26, 0x07, 0xcf,
    0xcf, 0xcf, 0xe2, 0xfc, 0xf0, 0xee, 0x2d, 0x26, 0x04, 0xe2, 0xfc, 0x33, 0xa4, 0x32, 0x26, 0x01,
    0xa4, 0x34, 0x26, 0x01, 0x33, 0x3d, 0x26, 0x03, 0xa4, 0x33, 0xa4, 0x42, 0x26, 0x04, 0x33, 0xcf,
    0x6a, 0xfd, 0x47, 0x26, 0x02, 0x1f, 0x1f, 0x4a, 0x26, 0x01, 0x1e, 0x4c, 0x26, 0x06, 0x1e, 0x01,
    0x1f, 0x01, 0x01, 0x01, 0x53, 0x26, 0x01, 0x1e, 0x56, 0x26, 0x0c, 0x1e, 0xe2, 0x97, 0x96, 0x19,
    0xf6, 0x53, 0x53, 0x62, 0xc6, 0xa4, 0x31, 0x63, 0x26, 0x07, 0xc6, 0x33, 0x3f, 0x5d, 0x5d, 0x5d,
    0x0c, 0x96, 0x26, 0x02, 0x3f, 0x0c, 0x9b, 0x26, 0x09, 0x6b, 0x6b, 0x6a, 0xce, 0xfc, 0xfc, 0xf0,
    0xf0, 0x1e, 0xa5, 0x26, 0x01, 0x1e, 0xa9, 0x26, 0x01, 0x1e, 0xab, 0x26, 0x07, 0x01, 0x1e, 0xfc,
    0xcf, 0xcf, 0x33, 0x33, 0xbe, 0x26, 0x01, 0xa4, 0xc0, 0x26, 0x02, 0x33, 0x33, 0xc3, 0x26, 0x0c,
    0x97, 0xce, 0xfc, 0xfc, 0x1e, 0x1e, 0x1e, 0x1e, 0x1e, 0x1e, 0x01, 0x01, 0xd0, 0x26, 0x02, 0x01,
    0x01, 0xd5, 0x26, 0x01, 0x97, 0xd7, 0x26, 0x07, 0x19, 0xf6, 0xf7, 0x53, 0x31, 0x62, 0x62, 0xe2,
    0x26, 0x04, 0x5d, 0x5d, 0x3f, 0x5d, 0x16, 0x27, 0x09, 0xee, 0xf0, 0xe2, 0xcf, 0xcf, 0xfc, 0xfd,
    0xf1, 0xf1, 0x20, 0x27, 0x02, 0x01, 0x1f, 0x24, 0x27, 0x01, 0x1e, 0x26, 0x27, 0x03, 0x1e, 0x01,
    0x1e, 0x2a, 0x27, 0x01, 0x01, 0x2e, 0x27, 0x02, 0xcf, 0xcf, 0x3a, 0x27, 0x03, 0xa4, 0xa4, 0xa4,
    0x3e, 0x27, 0x01, 0x33, 0x41, 0x27, 0x01, 0xa4, 0x43, 0x27, 0x01, 0x33, 0x45, 0x27, 0x0c, 0xcf,
    0xcf, 0xe2, 0x1f, 0x1e, 0x1e, 0x1e, 0x1e, 0x01, 0x01, 0x01, 0x01, 0x52, 0x27, 0x05, 0x97, 0x01,
    0x18, 0xf6, 0xf7, 0x58, 0x27, 0x02, 0xc6, 0x31, 0x5c, 0x27, 0x07, 0xa4, 0x62, 0xc6, 0x5d, 0x3f,
    0x5d, 0x5d, 0x96, 0x27, 0x08, 0xee, 0xf0, 0xe2, 0xcf, 0xf0, 0x01, 0x01, 0x01, 0xa0, 0x27, 0x05,
    0x01, 0x01, 0x1e, 0x1e, 0x1e, 0xa6, 0x27, 0x01, 0x1e, 0xae, 0x27, 0x03, 0xcf, 0xcf, 0x33, 0xb7,
    0x27, 0x01, 0xa4, 0xba, 0x27, 0x02, 0x33, 0x33, 0xbd, 0x27, 0x03, 0xa4, 0xa4, 0xa4, 0xc1, 0x27,
    0x01, 0x33, 0xc5, 0x27, 0x03, 0xce, 0xcf, 0xd1, 0xca, 0x27, 0x04, 0x1e, 0x1e, 0x1e, 0xfc, 0xcf,
    0x27, 0x01, 0xa4, 0xd1, 0x27, 0x06, 0xa5, 0xef, 0xf7, 0x53, 0xf7, 0x31, 0xd8, 0x27, 0x01, 0xc6,
    0xdc, 0x27, 0x04, 0x33, 0x5d, 0x5d, 0x0c, 0x15, 0x28, 0x08, 0x0c, 0xf0, 0xf0, 0xfc, 0x1e, 0x1e,
    0x01, 0x01, 0x1e, 0x28, 0x08, 0x01, 0x01, 0x1e, 0x1e, 0x1e, 0x1e, 0x1f, 0x1e, 0x28, 0x28, 0x01,
    0x01, 0x2d, 0x28, 0x04, 0x01, 0xfc, 0xce, 0xce, 0x36, 0x28, 0x03, 0xa4, 0x33, 0x33, 0x3a, 0x28,
    0x01, 0xa4, 0x3d, 0x28, 0x02, 0x33, 0x33, 0x46, 0x28, 0x03, 0xcf, 0xd1, 0xcf, 0x4a, 0x28, 0x01,
    0xe2, 0x4e, 0x28, 0x08, 0x19, 0x53, 0xf7, 0xa4, 0x31, 0x31, 0x62, 0xc6, 0x57, 0x28, 0x01, 0x62,
    0x5a, 0x28, 0x02, 0x5d, 0x5d, 0x95, 0x28, 0x04, 0x0c, 0xf0, 0xf0, 0xfc, 0x9a, 0x28, 0x03, 0x01,
    0x01, 0x01, 0x9e, 0x28, 0x05, 0x01, 0x01, 0x1e, 0x1e, 0x1e, 0xa4, 0x28, 0x02, 0x1e, 0x1e, 0xac,
    0x28, 0x06, 0x01, 0x01, 0xfd, 0xce, 0xce, 0x33, 0xb3, 0x28, 0x01, 0xa4, 0xb6, 0x28, 0x01, 0x33,
    0xb9, 0x28, 0x03, 0xa4, 0x33, 0x33, 0xc6, 0x28, 0x03, 0x33, 0x33, 0x97, 0xcb, 0x28, 0x02, 0x19,
    0x53, 0xce, 0x28, 0x03, 0xf7, 0x53, 0xc6, 0xd2, 0x28, 0x01, 0x62, 0xd4, 0x28, 0x02, 0xc6, 0x62,
    0xd7, 0x28, 0x02, 0x5d, 0x5d, 0x15, 0x29, 0x04, 0x0c, 0xf0, 0xf0, 0xfc, 0x1a, 0x29, 0x03, 0x01,
    0x01, 0x01, 0x1e, 0x29, 0x03, 0x01, 0x01, 0x1e, 0x22, 0x29, 0x01, 0x1e, 0x25, 0x29, 0x03, 0x1e,
    0x1f, 0x1f, 0x29, 0x29, 0x02, 0x01, 0x01, 0x2f, 0x29, 0x03, 0x6b, 0x6b, 0x6a, 0x33, 0x29, 0x02,
    0x33, 0x33, 0x36, 0x29, 0x02, 0xa4, 0xa4, 0x39, 0x29, 0x01, 0x33, 0x43, 0x29, 0x04, 0x33, 0x33,
    0x97, 0x96, 0x48, 0x29, 0x03, 0xf6, 0xf7, 0xa4, 0x4c, 0x29, 0x01, 0x53, 0x4e, 0x29, 0x01, 0xc6,
    0x50, 0x29, 0x02, 0xa4, 0xc6, 0x54, 0x29, 0x02, 0x3f, 0x5d, 0x95, 0x29, 0x0d, 0xf0, 0xf0, 0xf0,
    0xfc, 0x01, 0x01, 0x01, 0x01, 0x01, 0x1f, 0x1f, 0x1e, 0x1e, 0xa3, 0x29, 0x07, 0x1e, 0x1f, 0x1e,
    0x1f, 0x01, 0x01, 0x01, 0xaf, 0x29, 0x04, 0xfc, 0xcf, 0xfd, 0x33, 0xb4, 0x29, 0x01, 0xa4, 0xb7,
    0x29, 0x01, 0x33, 0xc0, 0x29, 0x07, 0x33, 0xa4, 0x97, 0x96, 0xa5, 0xf6, 0xef, 0xc9, 0x29, 0x01,
    0xf7, 0xcc, 0x29, 0x07, 0x62, 0xc6, 0xc6, 0x62, 0xc6, 0x51, 0x5d, 0x15, 0x2a, 0x06, 0xf0, 0xf0,
    0xf0, 0xfd, 0x01, 0x01, 0x1d, 0x2a, 0x04, 0x01, 0x1f, 0x1f, 0x1e, 0x22, 0x2a, 0x04, 0x1e, 0x1f,
    0x1e, 0x1f, 0x27, 0x2a, 0x02, 0x01, 0x01, 0x2e, 0x2a, 0x05, 0x01, 0xfc, 0xce, 0xce, 0xcf, 0x35,
    0x2a, 0x01, 0x33, 0x3c, 0x2a, 0x08, 0x33, 0x33, 0xa4, 0x96, 0x97, 0xa4, 0xf6, 0xa4, 0x45, 0x2a,
    0x02, 0xf7, 0x31, 0x49, 0x2a, 0x02, 0x62, 0xc6, 0x4c, 0x2a, 0x01, 0x62, 0x4e, 0x2a, 0x02, 0x97,
    0x5d, 0x95, 0x2a, 0x0c, 0xf0, 0xf0, 0xf0, 0xfd, 0x01, 0x01, 0x1e, 0x01, 0x1f, 0x01, 0x1e, 0x1e,
    0xa2, 0x2a, 0x06, 0x1e, 0x1f, 0x1f, 0x01, 0x01, 0x01, 0xad, 0x2a, 0x01, 0x01, 0xb0, 0x2a, 0x05,
    0xcf, 0xcf, 0xcf, 0xa4, 0xa4, 0xb7, 0x2a, 0x0a, 0x33, 0x33, 0x33, 0xa4, 0xa4, 0x96, 0x96, 0x53,
    0xf6, 0x18, 0xc2, 0x2a, 0x02, 0xf7, 0x62, 0xc9, 0x2a, 0x01, 0xc6, 0xcb, 0x2a, 0x02, 0x51, 0x0c,
    0x14, 0x2b, 0x0b, 0x0c, 0xf0, 0xf0, 0xf1, 0xfd, 0x01, 0x1e, 0x1e, 0x1f, 0x1f, 0x1f, 0x20, 0x2b,
    0x08, 0x1e, 0x1f, 0x1f, 0x01, 0x1e, 0x01, 0x01, 0x01, 0x29, 0x2b, 0x01, 0x1e, 0x2b, 0x2b, 0x01,
    0x01, 0x30, 0x2b, 0x04, 0xcf, 0xcf, 0xd1, 0x33, 0x35, 0x2b, 0x02, 0x33, 0x33, 0x38, 0x2b, 0x03,
    0xa4, 0x96, 0x97, 0x3c, 0x2b, 0x06, 0xf6, 0x01, 0x53, 0x53, 0xf7, 0x53, 0x44, 0x2b, 0x01, 0xa4,
    0x49, 0x2b, 0x01, 0x05, 0x94, 0x2b, 0x05, 0x0c, 0xf0, 0xf1, 0xf1, 0xfd, 0x9a, 0x2b, 0x04, 0x1e,
    0x1f, 0x1f, 0x01, 0xa0, 0x2b, 0x04, 0x1f, 0x1f, 0x1f, 0x1e, 0xa5, 0x2b, 0x03, 0x01, 0x01, 0x01,
    0xa9, 0x2b, 0x01, 0x1e, 0xac, 0x2b, 0x02, 0x1e, 0x1e, 0xb0, 0x2b, 0x0b, 0xfc, 0xcf, 0xe2, 0x3d,
    0xa4, 0xa5, 0x96, 0x8f, 0x53, 0xa5, 0x01, 0xbc, 0x2b, 0x03, 0x62, 0xc6, 0x31, 0xc0, 0x2b, 0x03,
    0xc6, 0x62, 0xc6, 0x14, 0x2c, 0x0e, 0x0c, 0xf0, 0xf1, 0xf1, 0x1f, 0x1e, 0x1e, 0x1f, 0x01, 0x1e,
    0x1e, 0x1e, 0x1f, 0x1f, 0x23, 0x2c, 0x04, 0x1e, 0x01, 0x01, 0x01, 0x28, 0x2c, 0x01, 0x1e, 0x2c,
    0x2c, 0x09, 0x1e, 0x1e, 0xfc, 0xfc, 0x23, 0x75, 0x74, 0x96, 0x97, 0x36, 0x2c, 0x09, 0xa4, 0xf6,
    0x53, 0x31, 0xa4, 0x53, 0x31, 0xc6, 0x62, 0x41, 0x2c, 0x01, 0x62, 0x43, 0x2c, 0x01, 0x5d, 0x94,
    0x2c, 0x04, 0xf0, 0xf1, 0xf1, 0xf0, 0x99, 0x2c, 0x0a, 0x1e, 0x1f, 0x1f, 0x01, 0x1e, 0x1e, 0x1f,
    0x1f, 0x01, 0x1e, 0xa4, 0x2c, 0x03, 0x01, 0x01, 0x01, 0xa8, 0x2c, 0x01, 0x1e, 0xab, 0x2c, 0x08,
    0xfc, 0x23, 0x75, 0x6b, 0x6a, 0x96, 0x60, 0xcf, 0xb4, 0x2c, 0x0a, 0x01, 0xa5, 0x31, 0x62, 0x62,
    0x53, 0xc6, 0x62, 0x62, 0xc6, 0xc0, 0x2c, 0x02, 0x5d, 0x0c, 0x14, 0x2d, 0x0d, 0xf1, 0xf0, 0xf0,
    0xee, 0x1e, 0x1e, 0x1f, 0x01, 0x1e, 0x1e, 0x1f, 0x1f, 0x01, 0x22, 0x2d, 0x01, 0x1e, 0x24, 0x2d,
    0x02, 0x01, 0x01, 0x27, 0x2d, 0x10, 0xfc, 0xfc, 0x23, 0x6b, 0x6a, 0x74, 0x96, 0x60, 0x9c, 0xa4,
    0xf6, 0xc7, 0xde, 0xf7, 0x53, 0xf7, 0x38, 0x2d, 0x01, 0x62, 0x3c, 0x2d, 0x03, 0x51, 0x9b, 0x5d,
    0x94, 0x2d, 0x07, 0xf0, 0xf1, 0xf0, 0xee, 0x1e, 0x1f, 0x01, 0x9d, 0x2d, 0x03, 0x1e, 0x1f, 0x1f,
    0xa1, 0x2d, 0x01, 0x1e, 0xa3, 0x2d, 0x0a, 0x01, 0xfd, 0x22, 0x6b, 0x6b, 0x6b, 0x6a, 0x8f, 0x60,
    0xd1, 0xae, 0x2d, 0x08, 0xf6, 0xf6, 0xde, 0x31, 0xa4, 0x31, 0xf7, 0x62, 0xb7, 0x2d, 0x06, 0x62,
    0xc6, 0x3f, 0x5d, 0x5d, 0x5d, 0x13, 0x2e, 0x08, 0x0c, 0xf1, 0xf0, 0xee, 0xee, 0x1f, 0x1e, 0x01,
    0x1c, 0x2e, 0x0e, 0x1e, 0x1f, 0x1f, 0x1f, 0xfc, 0xfc, 0x22, 0x6a, 0x6b, 0x6a, 0x6a, 0x6b, 0x33,
    0xcf, 0x2b, 0x2e, 0x07, 0xf6, 0xf6, 0x62, 0x31, 0xc6, 0x31, 0x31, 0x35, 0x2e, 0x05, 0x51, 0x5d,
    0x5d, 0x9b, 0x5d, 0x93, 0x2e, 0x07, 0x0c, 0xf0, 0xf0, 0xee, 0xf0, 0x1e, 0x1f, 0x9c, 0x2e, 0x0b,
    0x1f, 0xe2, 0x3d, 0x6b, 0xcf, 0x6a, 0x6b, 0x72, 0x9c, 0x33, 0x6b, 0xa8, 0x2e, 0x07, 0xf6, 0xc7,
    0xde, 0x31, 0xc6, 0x62, 0x31, 0xb1, 0x2e, 0x07, 0x62, 0x9e, 0x5d, 0x5d, 0x5d, 0x5d, 0x0c, 0x13,
    0x2f, 0x1a, 0x0c, 0xee, 0xee, 0xf0, 0xee, 0x01, 0xfc, 0xe2, 0x3d, 0x75, 0x74, 0x6a, 0x6b, 0xcf,
    0x9d, 0x33, 0x6a, 0xf7, 0x53, 0x01, 0xa5, 0x31, 0x31, 0xa4, 0xf7, 0xc6, 0x2f, 0x2f, 0x06, 0x5d,
    0x3f, 0x9b, 0x5d, 0x5d, 0x5d, 0x93, 0x2f, 0x14, 0xee, 0xee, 0xf0, 0x0c, 0xd3, 0x6a, 0x6b, 0x74,
    0x74, 0x6d, 0x82, 0xcf, 0x97, 0x9c, 0xf7, 0xc6, 0xc7, 0xc6, 0x62, 0x53, 0xa8, 0x2f, 0x02, 0x31,
    0x31, 0xac, 0x2f, 0x06, 0x3f, 0x3f, 0x9b, 0x5d, 0x5d, 0x5d, 0x13, 0x30, 0x0b, 0x0c, 0xd3, 0x9b,
    0x9a, 0x9b, 0xcf, 0x82, 0x82, 0xcf, 0x97, 0x9c, 0x1f, 0x30, 0x05, 0xa4, 0xc7, 0xc7, 0x31, 0x53,
    0x25, 0x30, 0x02, 0xa4, 0x53, 0x29, 0x30, 0x07, 0x5d, 0x3f, 0x9b, 0x3f, 0x5d, 0x5d, 0x5d, 0x93,
    0x30, 0x12, 0x9a, 0x9a, 0x83, 0x6c, 0x3f, 0x75, 0x60, 0x82, 0xc6, 0xc6, 0x62, 0xc7, 0x53, 0xf7,
    0xc6, 0x31, 0x31, 0xc6, 0xa6, 0x30, 0x07, 0x5d, 0x3f, 0x9b, 0x5d, 0x5d, 0x9b, 0x3f, 0x14, 0x31,
    0x04, 0x6c, 0x6c, 0x6c, 0x6c, 0x19, 0x31, 0x03, 0xa4, 0xc7, 0xc7, 0x1d, 0x31, 0x04, 0x62, 0xc6,
    0xf7, 0x53, 0x22, 0x31, 0x08, 0x5d, 0x5d, 0x3f, 0x9b, 0x5d, 0x5d, 0x5d, 0x5d, 0x94, 0x31, 0x14,
    0x5d, 0x5d, 0x5d, 0x5d, 0x3f, 0x53, 0x31, 0xc6, 0x31, 0xc6, 0x62, 0x5d, 0x5d, 0x3f, 0x9b, 0x5d,
    0x9b, 0x3f, 0x5d, 0x5d, 0x15, 0x32, 0x10, 0x5d, 0x5d, 0x5d, 0x5d, 0xf7, 0x31, 0x51, 0x5d, 0x9b,
    0x3f, 0x5d, 0x5d, 0x5d, 0x5d, 0x5d, 0x5d, 0x95, 0x32, 0x0d, 0x5d, 0x5d, 0x5d, 0x05, 0x5d, 0x5d,
    0x3f, 0x9b, 0x9b, 0x3f, 0x5d, 0x5d, 0x5d, 0x1a, 0x33, 0x06, 0x5d, 0x5d, 0x5d, 0x5d, 0x9b, 0x0c,
    0x9a, 0x33, 0x03, 0x5d, 0x5d, 0x5d, 0xcd, 0x18, 0x01, 0x0c, 0xd0, 0x18, 0x02, 0x33, 0x0c, 0x40,
    0x19, 0x01, 0x0c, 0x46, 0x19, 0x03, 0x0c, 0x3f, 0x33, 0x4c, 0x19, 0x02, 0xa4, 0xa4, 0x4f, 0x19,
    0x05, 0xa4, 0x33, 0x3f, 0x0c, 0x0c, 0xb6, 0x19, 0x03, 0x0c, 0x0c, 0x0c, 0xbb, 0x19, 0x04, 0x0c,
    0x0c, 0x3f, 0xcf, 0xc0, 0x19, 0x06, 0x01, 0x01, 0x01, 0x1e, 0x1e, 0x1e, 0xc8, 0x19, 0x01, 0xfc,
    0xd0, 0x19, 0x01, 0xa4, 0xd2, 0x19, 0x04, 0xa4, 0x3f, 0x0c, 0x0c, 0x2d, 0x1a, 0x03, 0x0c, 0x0c,
    0x0c, 0x31, 0x1a, 0x04, 0x0c, 0x0c, 0x0c, 0x0c, 0x36, 0x1a, 0x02, 0x3f, 0x3f, 0x3c, 0x1a, 0x03,
    0xa4, 0xa4, 0xfc, 0x40, 0x1a, 0x01, 0x01, 0x42, 0x1a, 0x02, 0x1f, 0x1e, 0x45, 0x1a, 0x01, 0x1f,
    0x49, 0x1a, 0x04, 0x01, 0xfd, 0x33, 0x33, 0x4e, 0x1a, 0x05, 0xa4, 0x33, 0x33, 0x33, 0x33, 0x54,
    0x1a, 0x02, 0x33, 0x0c, 0x57, 0x1a, 0x01, 0x0c, 0xa3, 0x1a, 0x09, 0x0c, 0x0c, 0x0c, 0x0c, 0x0c,
    0x0c, 0x0c, 0x0c, 0x0c, 0xae, 0x1a, 0x01, 0xf0, 0xb0, 0x1a, 0x01, 0x1e, 0xb2, 0x1a, 0x03, 0x1e,
    0xce, 0x33, 0xb6, 0x1a, 0x03, 0xa4, 0x33, 0x33, 0xbd, 0x1a, 0x01, 0xa4, 0xbf, 0x1a, 0x02, 0xcf,
    0xfc, 0xc3, 0x1a, 0x01, 0x1e, 0xc5, 0x1a, 0x02, 0x01, 0x01, 0xc9, 0x1a, 0x09, 0xfc, 0xfc, 0xfd,
    0xfc, 0xfc, 0xfc, 0xfd, 0xce, 0xcf, 0xd3, 0x1a, 0x05, 0x1e, 0x1e, 0x01, 0x01, 0xf0, 0x1c, 0x1b,
    0x02, 0x0c, 0x0c, 0x20, 0x1b, 0x09, 0x0c, 0x0c, 0x33, 0x33, 0x3f, 0x3f, 0x3f, 0xd1, 0xcf, 0x2b,
    0x1b, 0x02, 0x01, 0x01, 0x2e, 0x1b, 0x01, 0x1e, 0x30, 0x1b, 0x03, 0x1e, 0x1e, 0x1e, 0x34, 0x1b,
    0x01, 0xcf, 0x3d, 0x1b, 0x06, 0xa4, 0xa4, 0x33, 0xfc, 0xfd, 0xe2, 0x45, 0x1b, 0x04, 0xfd, 0x33,
    0x33, 0xcf, 0x4b, 0x1b, 0x02, 0xa4, 0x33, 0x4e, 0x1b, 0x02, 0xfc, 0x01, 0x51, 0x1b, 0x01, 0x01,
    0x53, 0x1b, 0x01, 0x1e, 0x55, 0x1b, 0x01, 0x1f, 0x57, 0x1b, 0x01, 0x01, 0x59, 0x1b, 0x01, 0xf0,
    0x9a, 0x1b, 0x01, 0x0c, 0x9c, 0x1b, 0x02, 0x3f, 0x3f, 0xa0, 0x1b, 0x01, 0xa4, 0xa2, 0x1b, 0x07,
    0x33, 0x33, 0x33, 0x33, 0x33, 0x33, 0xcf, 0xaa, 0x1b, 0x06, 0x01, 0x01, 0x01, 0x1e, 0x1e, 0x1e,
    0xb1, 0x1b, 0x01, 0x01, 0xb4, 0x1b, 0x02, 0xfc, 0x97, 0xb7, 0x1b, 0x01, 0x97, 0xb9, 0x1b, 0x01,
    0x33, 0xbe, 0x1b, 0x01, 0x33, 0xc2, 0x1b, 0x01, 0x33, 0xc5, 0x1b, 0x02, 0xa4, 0xa4, 0xce, 0x1b,
    0x05, 0xce, 0xfc, 0x01, 0x01, 0x1e, 0xd5, 0x1b, 0x01, 0x1f, 0xd7, 0x1b, 0x01, 0x01, 0xdb, 0x1b,
    0x01, 0xf0, 0x1a, 0x1c, 0x02, 0x3f, 0x33, 0x1d, 0x1c, 0x01, 0xa4, 0x1f, 0x1c, 0x01, 0x33, 0x24,
    0x1c, 0x02, 0xa4, 0x33, 0x27, 0x1c, 0x05, 0x33, 0xcf, 0xfd, 0x1f, 0x1f, 0x2e, 0x1c, 0x03, 0x01,
    0x01, 0x01, 0x32, 0x1c, 0x01, 0xfc, 0x36, 0x1c, 0x01, 0x33, 0x39, 0x1c, 0x01, 0xcf, 0x3b, 0x1c,
    0x01, 0x01, 0x41, 0x1c, 0x04, 0x1e, 0xfc, 0x33, 0x33, 0x4b, 0x1c, 0x01, 0xa4, 0x51, 0x1c, 0x02,
    0xfc, 0x1e, 0x54, 0x1c, 0x01, 0x1e, 0x56, 0x1c, 0x05, 0x01, 0x01, 0xfc, 0xfc, 0xfc, 0x5c, 0x1c,
    0x02, 0x1e, 0x0c, 0x99, 0x1c, 0x02, 0x0c, 0x3f, 0xa1, 0x1c, 0x01, 0xa4, 0xa3, 0x1c, 0x01, 0x33,
    0xa5, 0x1c, 0x07, 0x97, 0x33, 0x33, 0xce, 0xfc, 0xe2, 0xe2, 0xae, 0x1c, 0x02, 0xfd, 0xfd, 0xb1,
    0x1c, 0x01, 0x1e, 0xb6, 0x1c, 0x01, 0x6b, 0xb9, 0x1c, 0x01, 0x01, 0xbc, 0x1c, 0x01, 0x1e, 0xc0,
    0x1c, 0x01, 0x01, 0xc3, 0x1c, 0x01, 0xcf, 0xca, 0x1c, 0x02, 0x33, 0x33, 0xd1, 0x1c, 0x01, 0xcf,
    0xd3, 0x1c, 0x06, 0xe2, 0xe2, 0xfc, 0x33, 0x33, 0x33, 0xde, 0x1c, 0x02, 0xa4, 0x9b, 0x19, 0x1d,
    0x02, 0x0c, 0x3f, 0x1c, 0x1d, 0x01, 0x33, 0x20, 0x1d, 0x0b, 0x33, 0x33, 0x33, 0x33, 0x33, 0x33,
    0x33, 0x33, 0x33, 0xfc, 0xcf, 0x2d, 0x1d, 0x01, 0xa4, 0x2f, 0x1d, 0x01, 0x33, 0x32, 0x1d, 0x01,
    0xa4, 0x36, 0x1d, 0x02, 0x33, 0xfc, 0x3b, 0x1d, 0x02, 0x1e, 0x1e, 0x3e, 0x1d, 0x01, 0x1e, 0x44,
    0x1d, 0x03, 0xce, 0x33, 0x97, 0x4c, 0x1d, 0x02, 0x33, 0x33, 0x4f, 0x1d, 0x05, 0x33, 0xe2, 0xfc,
    0x1e, 0xd1, 0x57, 0x1d, 0x04, 0xa4, 0xa4, 0xa4, 0x33, 0x5c, 0x1d, 0x01, 0x33, 0x5e, 0x1d, 0x01,
    0x33, 0x99, 0x1d, 0x01, 0x0c, 0x9b, 0x1d, 0x02, 0x33, 0x33, 0x9e, 0x1d, 0x06, 0x33, 0x33, 0xfd,
    0xfc, 0xcf, 0xd1, 0xa5, 0x1d, 0x02, 0x1e, 0x01, 0xa8, 0x1d, 0x02, 0xfc, 0x33, 0xab, 0x1d, 0x01,
    0xa4, 0xad, 0x1d, 0x01, 0x33, 0xb2, 0x1d, 0x02, 0xa4, 0xa4, 0xb6, 0x1d, 0x03, 0xa4, 0x33, 0x01,
    0xbc, 0x1d, 0x01, 0x1e, 0xbf, 0x1d, 0x01, 0x01, 0xc3, 0x1d, 0x03, 0x01, 0x01, 0xe2, 0xc8, 0x1d,
    0x03, 0x97, 0x33, 0xcf, 0xcc, 0x1d, 0x01, 0x01, 0xce, 0x1d, 0x02, 0x1e, 0x1e, 0xd2, 0x1d, 0x02,
    0x1f, 0x1e, 0xdf, 0x1d, 0x03, 0x33, 0xa4, 0xa4, 0xe3, 0x1d, 0x01, 0x33, 0x19, 0x1e, 0x04, 0x0c,
    0xfc, 0xcf, 0xcf, 0x1f, 0x1e, 0x01, 0x01, 0x22, 0x1e, 0x01, 0x1e, 0x24, 0x1e, 0x04, 0x1e, 0x01,
    0x01, 0x1e, 0x29, 0x1e, 0x01, 0xcf, 0x2f, 0x1e, 0x01, 0xa4, 0x31, 0x1e, 0x01, 0x33, 0x35, 0x1e,
    0x01, 0xa4, 0x37, 0x1e, 0x02, 0x33, 0xfc, 0x42, 0x1e, 0x04, 0xfc, 0xcf, 0xce, 0xcf, 0x47, 0x1e,
    0x01, 0xe2, 0x53, 0x1e, 0x01, 0x1e, 0x55, 0x1e, 0x03, 0x01, 0xcf, 0x33, 0x5c, 0x1e, 0x01, 0xa4,
    0x5e, 0x1e, 0x01, 0x97, 0x61, 0x1e, 0x01, 0x33, 0x67, 0x1e, 0x01, 0x0c, 0x99, 0x1e, 0x01, 0xf0,
    0x9c, 0x1e, 0x01, 0x01, 0x9f, 0x1e, 0x01, 0x1e, 0xa3, 0x1e, 0x01, 0x01, 0xa9, 0x1e, 0x01, 0xcf,
    0xab, 0x1e, 0x01, 0xa4, 0xad, 0x1e, 0x01, 0x33, 0xb0, 0x1e, 0x01, 0x33, 0xb6, 0x1e, 0x02, 0xcf,
    0xcf, 0xbc, 0x1e, 0x02, 0xcf, 0xcf, 0xc2, 0x1e, 0x01, 0xa4, 0xc4, 0x1e, 0x03, 0xa4, 0xa4, 0x97,
    0xc8, 0x1e, 0x02, 0xfc, 0xfc, 0xcd, 0x1e, 0x03, 0x1e, 0x1e, 0x1e, 0xd1, 0x1e, 0x01, 0x1f, 0xd3,
    0x1e, 0x01, 0x01, 0xd8, 0x1e, 0x02, 0x97, 0xa4, 0xdb, 0x1e, 0x03, 0x97, 0x97, 0x33, 0xe2, 0x1e,
    0x02, 0x33, 0x33, 0xe5, 0x1e, 0x03, 0xcf, 0xcf, 0xfc, 0xe9, 0x1e, 0x01, 0x0c, 0x19, 0x1f, 0x01,
    0xfc, 0x1b, 0x1f, 0x01, 0x01, 0x1d, 0x1f, 0x02, 0x1f, 0x1e, 0x20, 0x1f, 0x01, 0x1e, 0x29, 0x1f,
    0x02, 0xfd, 0xa4, 0x2d, 0x1f, 0x01, 0x97, 0x30, 0x1f, 0x02, 0x33, 0x33, 0x34, 0x1f, 0x03, 0xfc,
    0xe2, 0x1e, 0x3a, 0x1f, 0x01, 0xa4, 0x3c, 0x1f, 0x01, 0xa4, 0x3f, 0x1f, 0x05, 0x97, 0x33, 0x33,
    0x33, 0x33, 0x49, 0x1f, 0x02, 0xfc, 0xfc, 0x51, 0x1f, 0x01, 0x1e, 0x59, 0x1f, 0x02, 0xfc, 0x33,
    0x5c, 0x1f, 0x01, 0x97, 0x5e, 0x1f, 0x01, 0x33, 0x60, 0x1f, 0x04, 0xce, 0xce, 0xfc, 0xfc, 0x65,
    0x1f, 0x02, 0x1e, 0x1e, 0x68, 0x1f, 0x04, 0x01, 0xfc, 0xf0, 0x0c, 0x98, 0x1f, 0x02, 0x0c, 0xfc,
    0x9b, 0x1f, 0x01, 0x01, 0xaa, 0x1f, 0x02, 0x33, 0x33, 0xad, 0x1f, 0x03, 0xfc, 0xfc, 0xce, 0xb1,
    0x1f, 0x01, 0x01, 0xb6, 0x1f, 0x02, 0x1e, 0x01, 0xb9, 0x1f, 0x03, 0x1e, 0xfc, 0x33, 0xbd, 0x1f,
    0x01, 0x33, 0xca, 0x1f, 0x05, 0x33, 0xfc, 0x01, 0x1f, 0x1e, 0xd0, 0x1f, 0x03, 0x1e, 0x1e, 0x01,
    0xd7, 0x1f, 0x05, 0x1e, 0xe2, 0xfc, 0xfc, 0x33, 0xdd, 0x1f, 0x02, 0xfc, 0xfc, 0xe2, 0x1f, 0x01,
    0x01, 0xe4, 0x1f, 0x02, 0x1e, 0x1e, 0xe7, 0x1f, 0x01, 0x1e, 0xe9, 0x1f, 0x01, 0x01, 0xeb, 0x1f,
    0x03, 0xfc, 0xf0, 0x0c, 0x18, 0x20, 0x04, 0x0c, 0x01, 0x01, 0x1e, 0x1d, 0x20, 0x03, 0x1e, 0x1e,
    0x01, 0x22, 0x20, 0x09, 0xfc, 0xfc, 0xfc, 0xcf, 0x33, 0x33, 0x33, 0xcf, 0xe2, 0x2c, 0x20, 0x01,
    0x1e, 0x2e, 0x20, 0x01, 0x01, 0x30, 0x20, 0x01, 0x01, 0x33, 0x20, 0x05, 0x1e, 0x1e, 0x1e, 0x01,
    0x01, 0x3a, 0x20, 0x01, 0xfc, 0x43, 0x20, 0x01, 0xa4, 0x45, 0x20, 0x03, 0xa4, 0xa4, 0xa4, 0x49,
    0x20, 0x02, 0x97, 0x33, 0x4c, 0x20, 0x02, 0xfc, 0x1e, 0x50, 0x20, 0x02, 0x1e, 0x1e, 0x54, 0x20,
    0x05, 0xfc, 0xfc, 0xcf, 0x33, 0x33, 0x5b, 0x20, 0x04, 0xa4, 0x97, 0xfc, 0x1e, 0x6a, 0x20, 0x01,
    0x1e, 0x6d, 0x20, 0x03, 0xfc, 0xf0, 0x0c, 0x99, 0x20, 0x0b, 0x1e, 0xe2, 0xe2, 0xfc, 0xe2, 0xce,
    0x33, 0x33, 0x33, 0x33, 0xd1, 0xa6, 0x20, 0x02, 0xa4, 0x33, 0xaa, 0x20, 0x01, 0xfc, 0xad, 0x20,
    0x01, 0x01, 0xaf, 0x20, 0x01, 0x01, 0xb2, 0x20, 0x01, 0x1e, 0xb4, 0x20, 0x03, 0x1f, 0x01, 0x01,
    0xc1, 0x20, 0x01, 0xa4, 0xcc, 0x20, 0x02, 0x33, 0xfc, 0xcf, 0x20, 0x05, 0xe2, 0xfc, 0x33, 0x33,
    0x33, 0xd6, 0x20, 0x03, 0xa4, 0xa4, 0xa4, 0xda, 0x20, 0x02, 0x33, 0x33, 0xde, 0x20, 0x02, 0xcf,
    0xfc, 0xe5, 0x20, 0x02, 0x1e, 0x1e, 0xe9, 0x20, 0x02, 0x01, 0x01, 0xef, 0x20, 0x03, 0xfc, 0xf1,
    0x0c, 0x18, 0x21, 0x08, 0xfc, 0x33, 0x33, 0x33, 0xcf, 0xce, 0xa4, 0xa4, 0x21, 0x21, 0x03, 0x33,
    0x33, 0x33, 0x27, 0x21, 0x01, 0xa4, 0x29, 0x21, 0x01, 0x33, 0x2d, 0x21, 0x01, 0x01, 0x2f, 0x21,
    0x01, 0x01, 0x31, 0x21, 0x05, 0x1e, 0x1e, 0x1f, 0x1f, 0x01, 0x37, 0x21, 0x01, 0x01, 0x3a, 0x21,
    0x04, 0x01, 0x01, 0x6b, 0xa4, 0x3f, 0x21, 0x03, 0xa4, 0x33, 0x33, 0x4a, 0x21, 0x01, 0x33, 0x4d,
    0x21, 0x02, 0xfc, 0xd1, 0x53, 0x21, 0x02, 0xa4, 0xa4, 0x56, 0x21, 0x01, 0x33, 0x5f, 0x21, 0x03,
    0x33, 0xcf, 0xfc, 0x65, 0x21, 0x01, 0x1e, 0x69, 0x21, 0x01, 0x01, 0x6b, 0x21, 0x01, 0x01, 0x6d,
    0x21, 0x01, 0x01, 0x70, 0x21, 0x04, 0x01, 0xfd, 0xf0, 0x0c, 0x97, 0x21, 0x03, 0xf0, 0xa4, 0xa4,
    0x9b, 0x21, 0x03, 0xa4, 0xa4, 0x33, 0xa0, 0x21, 0x01, 0xa4, 0xa4, 0x21, 0x04, 0x33, 0x97, 0x33,
    0xa4, 0xaa, 0x21, 0x01, 0x33, 0xac, 0x21, 0x04, 0x01, 0x01, 0x01, 0x1f, 0xb1, 0x21, 0x01, 0x1e,
    0xb3, 0x21, 0x05, 0x1f, 0x1f, 0x01, 0x01, 0x01, 0xbc, 0x21, 0x02, 0xfc, 0x33, 0xbf, 0x21, 0x04,
    0xa4, 0x97, 0x33, 0xa4, 0xc8, 0x21, 0x01, 0xfc, 0xcb, 0x21, 0x01, 0x1e, 0xcd, 0x21, 0x04, 0x1f,
    0xe2, 0xcf, 0x33, 0xd2, 0x21, 0x05, 0x33, 0x33, 0x33, 0xa4, 0xa4, 0xd8, 0x21, 0x01, 0xa4, 0xda,
    0x21, 0x05, 0xa4, 0x33, 0x97, 0x33, 0xa4, 0xe1, 0x21, 0x03, 0xcf, 0xfc, 0x01, 0xe6, 0x21, 0x01,
    0x1e, 0xeb, 0x21, 0x01, 0x01, 0xed, 0x21, 0x01, 0x01, 0xf3, 0x21, 0x03, 0xfc, 0xf0, 0x0c, 0x17,
    0x22, 0x01, 0x3f, 0x1b, 0x22, 0x02, 0xa4, 0xa4, 0x1e, 0x22, 0x01, 0x33, 0x26, 0x22, 0x01, 0xa4,
    0x2a, 0x22, 0x01, 0xa4, 0x2c, 0x22, 0x01, 0x01, 0x2e, 0x22, 0x02, 0x01, 0x1e, 0x31, 0x22, 0x04,
    0x1e, 0x1e, 0x1e, 0x01, 0x3d, 0x22, 0x01, 0x33, 0x40, 0x22, 0x01, 0x33, 0x44, 0x22, 0x01, 0x01,
    0x46, 0x22, 0x01, 0x01, 0x4a, 0x22, 0x01, 0x1e, 0x4d, 0x22, 0x05, 0x01, 0x1e, 0xfc, 0xfc, 0x33,
    0x53, 0x22, 0x02, 0x33, 0x33, 0x5c, 0x22, 0x03, 0xa4, 0x33, 0xa4, 0x61, 0x22, 0x04, 0xa4, 0x97,
    0xfc, 0xfd, 0x66, 0x22, 0x02, 0x01, 0x1e, 0x6c, 0x22, 0x01, 0x01, 0x6e, 0x22, 0x01, 0x01, 0x73,
    0x22, 0x02, 0x01, 0xfc, 0x99, 0x22, 0x03, 0x33, 0x33, 0x33, 0xa3, 0x22, 0x04, 0xa4, 0x33, 0xa4,
    0xa4, 0xa8, 0x22, 0x02, 0x33, 0x33, 0xab, 0x22, 0x04, 0xfd, 0x01, 0x01, 0x1f, 0xb2, 0x22, 0x02,
    0x1e, 0x01, 0xb5, 0x22, 0x01, 0x01, 0xbb, 0x22, 0x01, 0xfc, 0xbe, 0x22, 0x01, 0xe2, 0xc1, 0x22,
    0x01, 0x1e, 0xcd, 0x22, 0x02, 0x01, 0x1e, 0xd0, 0x22, 0x03, 0xfc, 0xcf, 0x33, 0xdd, 0x22, 0x02,
    0xa4, 0xa4, 0xe0, 0x22, 0x09, 0xa4, 0x97, 0xa4, 0x33, 0xcf, 0xce, 0xfd, 0x1e, 0x1e, 0xea, 0x22,
    0x01, 0x1e, 0xee, 0x22, 0x0a, 0x01, 0x01, 0xfc, 0xfc, 0x6b, 0xd1, 0x6a, 0x6a, 0xee, 0x0c, 0x17,
    0x23, 0x01, 0x33, 0x20, 0x23, 0x01, 0xa4, 0x22, 0x23, 0x01, 0x33, 0x24, 0x23, 0x02, 0x33, 0x33,
    0x28, 0x23, 0x07, 0xa4, 0x33, 0x33, 0xfc, 0x01, 0x1e, 0x1e, 0x30, 0x23, 0x01, 0x1e, 0x32, 0x23,
    0x01, 0x01, 0x35, 0x23, 0x06, 0xfc, 0xfc, 0xfc, 0x33, 0x33, 0xcf, 0x3f, 0x23, 0x01, 0x75, 0x49,
    0x23, 0x01, 0x1e, 0x4d, 0x23, 0x02, 0x01, 0x1e, 0x51, 0x23, 0x03, 0xfc, 0xcf, 0x33, 0x5a, 0x23,
    0x01, 0xa4, 0x5c, 0x23, 0x04, 0x33, 0x97, 0xa4, 0xa4, 0x61, 0x23, 0x01, 0x33, 0x65, 0x23, 0x04,
    0x33, 0xcf, 0xfc, 0x1e, 0x6a, 0x23, 0x02, 0x1e, 0x1e, 0x6d, 0x23, 0x0b, 0xfd, 0xfd, 0x6b, 0x6a,
    0x73, 0x9c, 0xd1, 0x9c, 0x60, 0x0c, 0x9b, 0x97, 0x23, 0x01, 0x33, 0x9d, 0x23, 0x02, 0xa4, 0x33,
    0xa2, 0x23, 0x03, 0xa4, 0xa4, 0xa4, 0xa6, 0x23, 0x01, 0x33, 0xac, 0x23, 0x02, 0x1f, 0x1e, 0xaf,
    0x23, 0x08, 0x1e, 0xfc, 0xfc, 0xfc, 0x33, 0x33, 0xcf, 0xcf, 0xbd, 0x23, 0x03, 0xa4, 0x33, 0xfc,
    0xc3, 0x23, 0x01, 0x01, 0xc8, 0x23, 0x01, 0x1e, 0xcb, 0x23, 0x01, 0x01, 0xd3, 0x23, 0x02, 0xce,
    0x33, 0xd9, 0x23, 0x07, 0xa4, 0xa4, 0x97, 0x33, 0x33, 0x33, 0x33, 0xe6, 0x23, 0x11, 0x33, 0xce,
    0xd1, 0xe2, 0xe2, 0x75, 0x6a, 0x73, 0x9d, 0xce, 0x9c, 0x60, 0x33, 0xc6, 0x62, 0x9a, 0x9a, 0x16,
    0x24, 0x02, 0x0c, 0xa4, 0x19, 0x24, 0x01, 0xa4, 0x1b, 0x24, 0x02, 0x33, 0x33, 0x1e, 0x24, 0x06,
    0xa4, 0xa4, 0x33, 0x33, 0x33, 0x33, 0x2a, 0x24, 0x08, 0x33, 0x33, 0xfc, 0xd1, 0x33, 0x33, 0x33,
    0xcf, 0x38, 0x24, 0x01, 0xa4, 0x40, 0x24, 0x01, 0xfc, 0x43, 0x24, 0x01, 0x01, 0x46, 0x24, 0x01,
    0x1f, 0x48, 0x24, 0x01, 0x1e, 0x4b, 0x24, 0x02, 0x1f, 0x01, 0x53, 0x24, 0x04, 0xcf, 0xce, 0x33,
    0xa4, 0x58, 0x24, 0x03, 0x97, 0x33, 0x33, 0x66, 0x24, 0x11, 0x33, 0x33, 0x6b, 0x74, 0x73, 0x75,
    0x97, 0x60, 0x9c, 0xc6, 0x62, 0xc7, 0x01, 0x31, 0x31, 0x9b, 0x6c, 0x96, 0x24, 0x02, 0x0c, 0x33,
    0x9b, 0x24, 0x02, 0xa4, 0xa4, 0xa5, 0x24, 0x06, 0x33, 0x33, 0xd1, 0xce, 0xcf, 0xe2, 0xac, 0x24,
    0x02, 0x33, 0xd1, 0xb6, 0x24, 0x02, 0x33, 0x97, 0xb9, 0x24, 0x03, 0x97, 0x33, 0x33, 0xbf, 0x24,
    0x03, 0x33, 0xcf, 0xcf, 0xc3, 0x24, 0x01, 0x01, 0xc5, 0x24, 0x02, 0x01, 0x01, 0xcb, 0x24, 0x01,
    0x1e, 0xcd, 0x24, 0x01, 0x01, 0xd2, 0x24, 0x05, 0x01, 0x01, 0x6a, 0x75, 0x97, 0xd8, 0x24, 0x04,
    0x33, 0x33, 0x33, 0x33, 0xe2, 0x24, 0x03, 0x33, 0x33, 0xa4, 0xe6, 0x24, 0x11, 0xbc, 0x53, 0x60,
    0x60, 0xbf, 0xa4, 0xc7, 0xc7, 0x18, 0x62, 0x62, 0xf7, 0x31, 0x5d, 0x5d, 0x5d, 0x5d, 0x16, 0x25,
    0x04, 0x3f, 0xa4, 0xa4, 0x33, 0x1b, 0x25, 0x02, 0x33, 0x33, 0x1f, 0x25, 0x0b, 0x33, 0x33, 0x33,
    0xcf, 0xcf, 0xd1, 0xfc, 0xfc, 0xcf, 0xcf, 0xd1, 0x2b, 0x25, 0x03, 0xe2, 0x97, 0xa4, 0x2f, 0x25,
    0x05, 0xa4, 0xa4, 0xa4, 0xa4, 0x33, 0x3b, 0x25, 0x03, 0xa4, 0xa4, 0xa4, 0x40, 0x25, 0x04, 0x33,
    0xfc, 0x01, 0x01, 0x45, 0x25, 0x03, 0x01, 0x01, 0x1e, 0x4a, 0x25, 0x06, 0x1e, 0x1f, 0x01, 0x01,
    0x01, 0x01, 0x52, 0x25, 0x02, 0x01, 0x01, 0x55, 0x25, 0x03, 0xfc, 0xcf, 0xcf, 0x59, 0x25, 0x02,
    0xa4, 0x33, 0x5f, 0x25, 0x0c, 0x33, 0x33, 0xa4, 0xa5, 0xa5, 0x97, 0x60, 0x48, 0xf7, 0xf7, 0xc7,
    0xbc, 0x6c, 0x25, 0x0a, 0xc6, 0x31, 0x53, 0x62, 0x5d, 0x5d, 0x9b, 0x5d, 0x5d, 0x5d, 0x95, 0x25,
    0x02, 0x0c, 0x33, 0x9a, 0x25, 0x01, 0x97, 0x9c, 0x25, 0x0a, 0xcf, 0xce, 0xce, 0xcf, 0xfc, 0xfc,
    0xe2, 0xcf, 0xcf, 0x1e, 0xa7, 0x25, 0x01, 0x1e, 0xa9, 0x25, 0x08, 0x1e, 0x1e, 0xe2, 0xfc, 0x97,
    0x97, 0x33, 0x33, 0xb2, 0x25, 0x01, 0x33, 0xbb, 0x25, 0x02, 0x97, 0x97, 0xc1, 0x25, 0x03, 0xcf,
    0xfc, 0x01, 0xc5, 0x25, 0x03, 0x01, 0x1f, 0x1e, 0xcb, 0x25, 0x04, 0x1f, 0x01, 0x01, 0x01, 0xd4,
    0x25, 0x10, 0x1e, 0x1e, 0xcf, 0xcf, 0xd1, 0x33, 0xa4, 0x33, 0x33, 0xa4, 0xa5, 0xbc, 0x97, 0x33,
    0xbf, 0xf7, 0xe5, 0x25, 0x0f, 0xc7, 0xc7, 0xf7, 0x31, 0x31, 0xf7, 0x62, 0x51, 0x5d, 0x9b, 0x5d,
    0x5d, 0x5d, 0x9b, 0x5d, 0x15, 0x26, 0x01, 0x0c, 0x17, 0x26, 0x09, 0xcf, 0xd1, 0x6b, 0x6b, 0x6a,
    0xfd, 0xfd, 0xcf, 0xcf, 0x22, 0x26, 0x01, 0x1e, 0x24, 0x26, 0x01, 0x1e, 0x26, 0x26, 0x01, 0x1e,
    0x28, 0x26, 0x01, 0x1e, 0x2a, 0x26, 0x05, 0x1e, 0xfc, 0xcf, 0x33, 0x33, 0x3a, 0x26, 0x03, 0xa4,
    0x33, 0xa4, 0x40, 0x26, 0x07, 0xa4, 0x33, 0xfc, 0x01, 0x01, 0x1f, 0x1e, 0x49, 0x26, 0x04, 0x1e,
    0x1e, 0x1f, 0x01, 0x4e, 0x26, 0x01, 0x01, 0x53, 0x26, 0x01, 0x1e, 0x57, 0x26, 0x08, 0xd1, 0x33,
    0x33, 0xa5, 0x96, 0x33, 0xbf, 0xa4, 0x60, 0x26, 0x04, 0xa5, 0xf6, 0xde, 0x31, 0x65, 0x26, 0x03,
    0xa4, 0x31, 0x31, 0x69, 0x26, 0x08, 0x51, 0x3f, 0x9b, 0x5d, 0x5d, 0x5d, 0x5d, 0x0c, 0x95, 0x26,
    0x08, 0xee, 0xcf, 0xe2, 0xfc, 0xcf, 0xcf, 0x01, 0x01, 0x9e, 0x26, 0x01, 0x01, 0xa0, 0x26, 0x01,
    0x1e, 0xa2, 0x26, 0x01, 0x1e, 0xa5, 0x26, 0x03, 0x1e, 0x01, 0x1e, 0xac, 0x26, 0x02, 0xcf, 0x33,
    0xbe, 0x26, 0x01, 0xa4, 0xc0, 0x26, 0x07, 0x33, 0x97, 0xcf, 0xfd, 0x01, 0x1e, 0x1e, 0xc9, 0x26,
    0x01, 0x1e, 0xcb, 0x26, 0x02, 0x01, 0x01, 0xce, 0x26, 0x02, 0x01, 0x01, 0xd2, 0x26, 0x0e, 0x1e,
    0x1e, 0xfc, 0xfc, 0x75, 0x96, 0x96, 0xbf, 0xa4, 0xf6, 0xa5, 0xc7, 0x31, 0x62, 0xe1, 0x26, 0x04,
    0xc6, 0x31, 0xc6, 0x62, 0xe6, 0x26, 0x07, 0x5d, 0x5d, 0x5d, 0x5d, 0x9b, 0x5d, 0x5d, 0x15, 0x27,
    0x02, 0xf0, 0x1e, 0x18, 0x27, 0x01, 0x1e, 0x1a, 0x27, 0x02, 0x01, 0x01, 0x1d, 0x27, 0x02, 0x01,
    0x01, 0x20, 0x27, 0x01, 0x1e, 0x22, 0x27, 0x04, 0x1e, 0x1e, 0x1e, 0x01, 0x27, 0x27, 0x02, 0x01,
    0x1e, 0x2a, 0x27, 0x01, 0x01, 0x2c, 0x27, 0x02, 0xcf, 0xcf, 0x3a, 0x27, 0x05, 0xa4, 0xa4, 0xa4,
    0xa4, 0x97, 0x41, 0x27, 0x06, 0x33, 0x33, 0xcf, 0xfc, 0x1e, 0x1e, 0x48, 0x27, 0x02, 0x1e, 0x1e,
    0x4b, 0x27, 0x02, 0x01, 0x01, 0x4e, 0x27, 0x01, 0x01, 0x51, 0x27, 0x10, 0xfc, 0xfc, 0x97, 0x97,
    0x49, 0xf7, 0xf6, 0x01, 0xef, 0xc6, 0x62, 0xa4, 0x53, 0xf7, 0x62, 0x62, 0x63, 0x27, 0x07, 0x3f,
    0x9b, 0x5d, 0x5d, 0x5d, 0x5d, 0x0c, 0x94, 0x27, 0x03, 0x0c, 0xf0, 0x1e, 0x98, 0x27, 0x01, 0x1e,
    0x9a, 0x27, 0x01, 0x01, 0x9c, 0x27, 0x03, 0x01, 0x01, 0x1e, 0xa0, 0x27, 0x02, 0x1e, 0x1e, 0xa3,
    0x27, 0x03, 0x1e, 0x1f, 0x01, 0xa8, 0x27, 0x01, 0x1e, 0xac, 0x27, 0x02, 0xcf, 0xcf, 0xb8, 0x27,
    0x01, 0xa4, 0xba, 0x27, 0x05, 0x97, 0x33, 0xa4, 0x33, 0x33, 0xc3, 0x27, 0x04, 0xce, 0xcf, 0x1f,
    0x1e, 0xc9, 0x27, 0x01, 0x1e, 0xcb, 0x27, 0x0b, 0x01, 0x01, 0xfc, 0xfc, 0x33, 0x96, 0x01, 0x18,
    0x53, 0xa5, 0xef, 0xd7, 0x27, 0x04, 0x31, 0x31, 0x31, 0xc6, 0xdc, 0x27, 0x01, 0x62, 0xdf, 0x27,
    0x07, 0x33, 0x5d, 0x5d, 0x5d, 0x9b, 0x5d, 0x5d, 0x14, 0x28, 0x02, 0xf0, 0xfc, 0x18, 0x28, 0x05,
    0x01, 0x01, 0x01, 0x01, 0x01, 0x1e, 0x28, 0x02, 0x1e, 0x1e, 0x22, 0x28, 0x03, 0x1e, 0x1e, 0x01,
    0x26, 0x28, 0x01, 0x01, 0x2b, 0x28, 0x04, 0x01, 0xcf, 0xce, 0x33, 0x34, 0x28, 0x01, 0xa4, 0x36,
    0x28, 0x01, 0x97, 0x38, 0x28, 0x01, 0x33, 0x43, 0x28, 0x03, 0x33, 0xcf, 0xd1, 0x4c, 0x28, 0x0c,
    0x48, 0x01, 0x01, 0xa5, 0xf6, 0x18, 0xf7, 0x53, 0xa4, 0x31, 0x31, 0x62, 0x5a, 0x28, 0x08, 0x62,
    0xc6, 0x5d, 0x5d, 0x5d, 0x3f, 0x5d, 0x5d, 0x94, 0x28, 0x02, 0xf0, 0xfc, 0x98, 0x28, 0x08, 0x01,
    0x01, 0x01, 0x01, 0x1f, 0x1e, 0x1e, 0x1e, 0xa1, 0x28, 0x02, 0x1e, 0x1f, 0xaa, 0x28, 0x05, 0x01,
    0x01, 0xfd, 0xce, 0x33, 0xb0, 0x28, 0x02, 0xa4, 0xa4, 0xb3, 0x28, 0x02, 0xa4, 0x33, 0xb6, 0x28,
    0x01, 0x33, 0xc4, 0x28, 0x02, 0xd1, 0xd1, 0xc8, 0x28, 0x01, 0x48, 0xcb, 0x28, 0x02, 0x19, 0xf6,
    0xce, 0x28, 0x01, 0xf7, 0xd0, 0x28, 0x03, 0xc6, 0x31, 0xc6, 0xd4, 0x28, 0x01, 0xc6, 0xd9, 0x28,
    0x05, 0x5d, 0x9b, 0x5d, 0x5d, 0x0c, 0x13, 0x29, 0x03, 0x0c, 0xf0, 0xfc, 0x17, 0x29, 0x0e, 0x01,
    0x01, 0x01, 0x01, 0x1f, 0x1f, 0x1e, 0x1e, 0x1e, 0x1e, 0x1e, 0x1f, 0x1e, 0x1e, 0x26, 0x29, 0x02,
    0x01, 0x01, 0x29, 0x29, 0x02, 0x01, 0x01, 0x2c, 0x29, 0x06, 0xfc, 0x6b, 0xcf, 0xa4, 0x97, 0x97,
    0x33, 0x29, 0x02, 0x33, 0x33, 0x42, 0x29, 0x01, 0x33, 0x44, 0x29, 0x01, 0x97, 0x47, 0x29, 0x0e,
    0x01, 0xef, 0xf7, 0xa4, 0xf7, 0xf7, 0x62, 0xc6, 0x62, 0x62, 0xc6, 0x62, 0xc6, 0x62, 0x56, 0x29,
    0x04, 0x5d, 0x5d, 0x5d, 0x0c, 0x93, 0x29, 0x02, 0x0c, 0xf0, 0x97, 0x29, 0x02, 0x01, 0x01, 0x9a,
    0x29, 0x04, 0x1f, 0x1f, 0x01, 0x1e, 0xa0, 0x29, 0x05, 0x1e, 0x1f, 0x1f, 0x1f, 0x01, 0xa6, 0x29,
    0x01, 0x01, 0xac, 0x29, 0x04, 0xfc, 0xfc, 0xcf, 0x33, 0xb1, 0x29, 0x01, 0x33, 0xbe, 0x29, 0x03,
    0x33, 0x33, 0x97, 0xc2, 0x29, 0x01, 0x01, 0xc4, 0x29, 0x01, 0x19, 0xc6, 0x29, 0x02, 0x53, 0xf7,
    0xc9, 0x29, 0x01, 0xf7, 0xcc, 0x29, 0x04, 0xc6, 0xa4, 0xa4, 0xa4, 0xd2, 0x29, 0x04, 0x62, 0x5d,
    0x5d, 0x5d, 0x13, 0x2a, 0x02, 0xf1, 0xf0, 0x16, 0x2a, 0x02, 0x01, 0x01, 0x19, 0x2a, 0x06, 0x1f,
    0x01, 0x1e, 0x1e, 0x1e, 0x1e, 0x20, 0x2a, 0x04, 0x1e, 0x1f, 0x1f, 0x01, 0x25, 0x2a, 0x01, 0x01,
    0x2c, 0x2a, 0x09, 0xfc, 0xcf, 0xce, 0x33, 0x33, 0x33, 0xa4, 0x33, 0x33, 0x39, 0x2a, 0x06, 0x33,
    0x33, 0x33, 0x97, 0x96, 0xa4, 0x40, 0x2a, 0x04, 0xf7, 0x53, 0x53, 0x53, 0x47, 0x2a, 0x01, 0xc6,
    0x49, 0x2a, 0x02, 0x62, 0xa4, 0x4c, 0x2a, 0x03, 0xc6, 0x62, 0xc6, 0x50, 0x2a, 0x02, 0x5d, 0x5d,
    0x92, 0x2a, 0x09, 0x0c, 0xf0, 0xf0, 0x01, 0x01, 0x01, 0x1f, 0x1f, 0x1f, 0x9c, 0x2a, 0x01, 0x1e,
    0x9e, 0x2a, 0x08, 0x1e, 0x1e, 0x1f, 0x1f, 0x01, 0x01, 0x01, 0x01, 0xa8, 0x2a, 0x01, 0x01, 0xaa,
    0x2a, 0x02, 0x01, 0x01, 0xad, 0x2a, 0x05, 0xce, 0xcf, 0xcf, 0xa4, 0xa4, 0xb3, 0x2a, 0x05, 0xa4,
    0xa4, 0x33, 0x33, 0xec, 0xb9, 0x2a, 0x08, 0x96, 0x01, 0x01, 0xf6, 0xf6, 0x53, 0xf7, 0xf7, 0xc2,
    0x2a, 0x01, 0x31, 0xc6, 0x2a, 0x02, 0xc6, 0xc6, 0xc9, 0x2a, 0x01, 0xc6, 0xcc, 0x2a, 0x02, 0x97,
    0x5d, 0x12, 0x2b, 0x03, 0x0c, 0xf0, 0xfd, 0x16, 0x2b, 0x04, 0x01, 0x01, 0x1f, 0x1f, 0x1b, 0x2b,
    0x02, 0x1e, 0x1e, 0x1e, 0x2b, 0x03, 0x1f, 0x1f, 0x01, 0x22, 0x2b, 0x02, 0x01, 0x01, 0x29, 0x2b,
    0x01, 0x1e, 0x2b, 0x2b, 0x05, 0x01, 0x1e, 0xcf, 0xd1, 0xcf, 0x31, 0x2b, 0x06, 0x33, 0x33, 0xa4,
    0xa4, 0x96, 0x96, 0x38, 0x2b, 0x02, 0xf7, 0xa5, 0x3b, 0x2b, 0x01, 0x53, 0x3e, 0x2b, 0x03, 0x31,
    0x31, 0xc6, 0x43, 0x2b, 0x02, 0x62, 0xc6, 0x47, 0x2b, 0x01, 0xc6, 0x49, 0x2b, 0x01, 0x09, 0x92,
    0x2b, 0x08, 0xf0, 0xf1, 0xfd, 0x01, 0x1f, 0x1f, 0x1f, 0x1e, 0x9b, 0x2b, 0x01, 0x1e, 0x9e, 0x2b,
    0x02, 0x1f, 0x01, 0xa1, 0x2b, 0x02, 0x01, 0x01, 0xa8, 0x2b, 0x02, 0x1e, 0x1f, 0xab, 0x2b, 0x01,
    0x1e, 0xad, 0x2b, 0x04, 0xe2, 0xfc, 0x6b, 0x97, 0xb2, 0x2b, 0x09, 0x96, 0x49, 0x18, 0xf6, 0x01,
    0xbc, 0xf7, 0x53, 0xf7, 0xbc, 0x2b, 0x02, 0xc6, 0x62, 0xc0, 0x2b, 0x02, 0xc6, 0x62, 0xc5, 0x2b,
    0x02, 0x51, 0x0c, 0x12, 0x2c, 0x03, 0xf1, 0xf0, 0xfc, 0x16, 0x2c, 0x02, 0x1f, 0x1f, 0x1a, 0x2c,
    0x01, 0x1e, 0x1d, 0x2c, 0x05, 0x01, 0x1f, 0x01, 0x01, 0x01, 0x25, 0x2c, 0x01, 0x1e, 0x27, 0x2c,
    0x12, 0x1e, 0xe2, 0xfc, 0xfc, 0x6b, 0x75, 0x74, 0x96, 0x8f, 0xbf, 0xa4, 0x01, 0xf6, 0xf7, 0x53,
    0x62, 0x53, 0x31, 0x3b, 0x2c, 0x01, 0x62, 0x3d, 0x2c, 0x01, 0xa4, 0x40, 0x2c, 0x03, 0xc6, 0x62,
    0x5d, 0x91, 0x2c, 0x0a, 0x0c, 0xf0, 0xf1, 0x1e, 0x1f, 0x1f, 0x1e, 0x1e, 0x1e, 0x1e, 0x9c, 0x2c,
    0x03, 0x01, 0x1f, 0x01, 0xa0, 0x2c, 0x02, 0x01, 0x01, 0xa4, 0x2c, 0x0a, 0xfc, 0xfc, 0x23, 0x6b,
    0x75, 0x6a, 0x6a, 0x96, 0x50, 0xf7, 0xaf, 0x2c, 0x09, 0xf6, 0xf6, 0x53, 0x62, 0xc6, 0xc6, 0x62,
    0xc6, 0x62, 0xb9, 0x2c, 0x03, 0x62, 0xc6, 0x62, 0xbe, 0x2c, 0x02, 0x58, 0x5d, 0x11, 0x2d, 0x06,
    0xf0, 0xf0, 0xf0, 0x1f, 0x1e, 0x1e, 0x18, 0x2d, 0x1b, 0x1e, 0x1e, 0x1e, 0x01, 0x01, 0x01, 0x01,
    0x01, 0xfd, 0xfc, 0x23, 0x6b, 0x6b, 0x6b, 0x6a, 0x96, 0x8f, 0xbf, 0xf7, 0xf6, 0xf6, 0xf6, 0x31,
    0x31, 0x62, 0x53, 0x62, 0x34, 0x2d, 0x04, 0xc6, 0x62, 0xc6, 0x62, 0x3a, 0x2d, 0x03, 0x97, 0x5d,
    0x0c, 0x91, 0x2d, 0x16, 0xf1, 0xf0, 0xee, 0x1e, 0x1f, 0x1e, 0x1e, 0x1e, 0x1e, 0x01, 0x01, 0xfc,
    0xfc, 0x6a, 0x6a, 0x6a, 0x6a, 0x6a, 0x73, 0x97, 0xbf, 0xa4, 0xa8, 0x2d, 0x08, 0xf7, 0xf6, 0xef,
    0x31, 0x62, 0xc6, 0x31, 0xf7, 0xb1, 0x2d, 0x01, 0xc6, 0xb4, 0x2d, 0x05, 0xc6, 0x62, 0x51, 0x5d,
    0x5d, 0x10, 0x2e, 0x13, 0x0c, 0xf0, 0xee, 0xe2, 0x01, 0x1e, 0x1e, 0xe2, 0xe2, 0xe2, 0x6b, 0x6b,
    0x6b, 0xce, 0x6b, 0x72, 0x60, 0x60, 0xec, 0x24, 0x2e, 0x0a, 0xa5, 0xf6, 0xf6, 0xc6, 0x62, 0x62,
    0xc6, 0x31, 0x53, 0xc6, 0x31, 0x2e, 0x01, 0xc6, 0x33, 0x2e, 0x03, 0x51, 0x5d, 0x0c, 0x90, 0x2e,
    0x03, 0x0c, 0xee, 0xee, 0x94, 0x2e, 0x0b, 0xfc, 0x23, 0x75, 0x6b, 0x74, 0x74, 0x6a, 0x73, 0x6a,
    0x33, 0xec, 0xa0, 0x2e, 0x0a, 0x53, 0xf6, 0xf6, 0x18, 0x53, 0x62, 0xc6, 0xc6, 0x53, 0xc6, 0xaf,
    0x2e, 0x04, 0x51, 0x5d, 0x5d, 0x05, 0x10, 0x2f, 0x18, 0x0c, 0xd3, 0x9b, 0x97, 0x75, 0xd1, 0x6a,
    0x6d, 0x9c, 0x60, 0x33, 0x48, 0xa4, 0xf6, 0xf6, 0xc6, 0x62, 0x31, 0xa4, 0xa4, 0x53, 0xf7, 0xc6,
    0x62, 0x2a, 0x2f, 0x05, 0x62, 0xc6, 0x5d, 0x5d, 0x5d, 0x90, 0x2f, 0x12, 0x9a, 0x9a, 0x9a, 0x6d,
    0x75, 0xcf, 0x33, 0x48, 0xf7, 0xf7, 0xf6, 0xc7, 0xbc, 0x31, 0x62, 0xc6, 0x53, 0xf7, 0xa3, 0x2f,
    0x01, 0xc6, 0xa6, 0x2f, 0x06, 0x62, 0xc6, 0x5d, 0x5d, 0x5d, 0x5d, 0x11, 0x30, 0x04, 0x6c, 0x9b,
    0x60, 0xbf, 0x16, 0x30, 0x05, 0xa5, 0xc6, 0x62, 0x31, 0x31, 0x1d, 0x30, 0x03, 0x53, 0xc6, 0x62,
    0x23, 0x30, 0x06, 0xa4, 0x9b, 0x9b, 0x3f, 0x5d, 0x5d, 0x91, 0x30, 0x06, 0x6c, 0x5d, 0xc7, 0xc7,
    0x18, 0x53, 0x99, 0x30, 0x02, 0x31, 0x31, 0x9d, 0x30, 0x01, 0x62, 0x9f, 0x30, 0x07, 0x62, 0x9b,
    0x5d, 0x5d, 0x5d, 0x5d, 0x5d, 0x12, 0x31, 0x08, 0x5d, 0x9b, 0x31, 0x31, 0xf7, 0x53, 0xc6, 0x62,
    0x1c, 0x31, 0x06, 0x9b, 0x5d, 0x5d, 0x9b, 0x3f, 0x5d, 0x92, 0x31, 0x02, 0x5d, 0x5d, 0x97, 0x31,
    0x08, 0x51, 0x3f, 0x3f, 0x5d, 0x5d, 0x5d, 0x5d, 0x5d, 0x12, 0x32, 0x02, 0x5d, 0x0c, 0x15, 0x32,
    0x07, 0x5d, 0x5d, 0x5d, 0x5d, 0x9b, 0x5d, 0x0c, 0x95, 0x32, 0x04, 0x5d, 0x5d, 0x5d, 0x05, 0xc9,
    0x18, 0x05, 0x0c, 0x0c, 0x0c, 0x0c, 0x0c, 0xcf, 0x18, 0x02, 0x0c, 0x33, 0x40, 0x19, 0x03, 0x0c,
    0x0c, 0x0c, 0x45, 0x19, 0x03, 0x0c, 0x0c, 0x0c, 0x49, 0x19, 0x01, 0x33, 0x4d, 0x19, 0x01, 0xa4,
    0x4f, 0x19, 0x04, 0x97, 0x33, 0x33, 0x3f, 0xb6, 0x19, 0x02, 0x0c, 0x0c, 0xbb, 0x19, 0x03, 0x0c,
    0x0c, 0x3f, 0xbf, 0x19, 0x01, 0xcf, 0xc1, 0x19, 0x03, 0x01, 0x01, 0x01, 0xc6, 0x19, 0x01, 0x1e,
    0xc8, 0x19, 0x03, 0x01, 0xcf, 0xcf, 0xd0, 0x19, 0x01, 0xa4, 0xd4, 0x19, 0x01, 0x9b, 0x2c, 0x1a,
    0x01, 0x0c, 0x31, 0x1a, 0x08, 0x0c, 0xf0, 0xf0, 0xf1, 0x9b, 0x3f, 0x3f, 0xa4, 0x3a, 0x1a, 0x08,
    0x33, 0x33, 0x33, 0xa4, 0x33, 0xcf, 0xcf, 0x01, 0x43, 0x1a, 0x02, 0x01, 0x1e, 0x46, 0x1a, 0x03,
    0x1e, 0x01, 0x01, 0x4a, 0x1a, 0x05, 0x01, 0xfc, 0x33, 0xa4, 0xa4, 0x54, 0x1a, 0x02, 0x33, 0x33,
    0xa0, 0x1a, 0x03, 0x0c, 0x0c, 0x0c, 0xa6, 0x1a, 0x08, 0x33, 0x33, 0x3f, 0x0c, 0xf0, 0xf0, 0xf1,
    0xf1, 0xaf, 0x1a, 0x02, 0x1e, 0x1e, 0xb3, 0x1a, 0x04, 0x1f, 0xfc, 0x97, 0xa4, 0xb8, 0x1a, 0x01,
    0x33, 0xc0, 0x1a, 0x03, 0xcf, 0xfd, 0x1f, 0xc5, 0x1a, 0x01, 0x1e, 0xc7, 0x1a, 0x01, 0x01, 0xcb,
    0x1a, 0x01, 0x01, 0xd0, 0x1a, 0x03, 0x33, 0xcf, 0x01, 0xd4, 0x1a, 0x01, 0x1e, 0xd6, 0x1a, 0x01,
    0x1f, 0xd8, 0x1a, 0x02, 0xe2, 0x0c, 0x1c, 0x1b, 0x06, 0x0c, 0x33, 0x3f, 0x3f, 0x3f, 0x9b, 0x23,
    0x1b, 0x04, 0x33, 0x33, 0x33, 0x33, 0x29, 0x1b, 0x01, 0xfc, 0x2b, 0x1b, 0x01, 0x01, 0x2e, 0x1b,
    0x01, 0x1e, 0x32, 0x1b, 0x01, 0x1f, 0x35, 0x1b, 0x02, 0xcf, 0xa4, 0x38, 0x1b, 0x03, 0xa4, 0xa4,
    0x33, 0x3e, 0x1b, 0x01, 0xa4, 0x40, 0x1b, 0x03, 0x33, 0xce, 0xe2, 0x48, 0x1b, 0x01, 0xcf, 0x4d,
    0x1b, 0x02, 0x33, 0xfc, 0x50, 0x1b, 0x03, 0x01, 0x01, 0x01, 0x56, 0x1b, 0x02, 0x1e, 0x01, 0x5a,
    0x1b, 0x02, 0xfc, 0x0c, 0x9b, 0x1b, 0x02, 0x0c, 0x33, 0xa0, 0x1b, 0x01, 0xa4, 0xa2, 0x1b, 0x05,
    0x33, 0x33, 0x33, 0x97, 0xa4, 0xa9, 0x1b, 0x02, 0xfc, 0x01, 0xac, 0x1b, 0x02, 0x1f, 0x1e, 0xaf,
    0x1b, 0x01, 0x1f, 0xb1, 0x1b, 0x01, 0x01, 0xb5, 0x1b, 0x03, 0xfc, 0x33, 0xa4, 0xb9, 0x1b, 0x02,
    0x97, 0x33, 0xbe, 0x1b, 0x06, 0xfc, 0xcf, 0xd1, 0xcf, 0xd1, 0x33, 0xc5, 0x1b, 0x01, 0xa4, 0xc7,
    0x1b, 0x03, 0x97, 0x33, 0x33, 0xcb, 0x1b, 0x01, 0x33, 0xcf, 0x1b, 0x02, 0xfc, 0xfc, 0xd2, 0x1b,
    0x03, 0x01, 0x1e, 0x1e, 0xd6, 0x1b, 0x01, 0x1f, 0x1b, 0x1c, 0x01, 0x0c, 0x22, 0x1c, 0x01, 0xa4,
    0x24, 0x1c, 0x03, 0x97, 0x33, 0x33, 0x2a, 0x1c, 0x02, 0x01, 0x1f, 0x2d, 0x1c, 0x01, 0x1e, 0x30,
    0x1c, 0x02, 0xfd, 0xfc, 0x35, 0x1c, 0x01, 0x33, 0x37, 0x1c, 0x03, 0xcf, 0xcf, 0xcf, 0x3d, 0x1c,
    0x02, 0x1e, 0x1e, 0x40, 0x1c, 0x02, 0x01, 0x1e, 0x43, 0x1c, 0x02, 0xcf, 0x33, 0x4c, 0x1c, 0x05,
    0xa4, 0x33, 0xa4, 0x33, 0x33, 0x53, 0x1c, 0x01, 0x1e, 0x56, 0x1c, 0x01, 0x1e, 0x58, 0x1c, 0x01,
    0x01, 0x5d, 0x1c, 0x01, 0xfc, 0x9b, 0x1c, 0x01, 0x33, 0x9d, 0x1c, 0x01, 0x33, 0xa1, 0x1c, 0x01,
    0xa4, 0xa3, 0x1c, 0x01, 0x33, 0xa5, 0x1c, 0x01, 0x33, 0xa7, 0x1c, 0x02, 0x33, 0x33, 0xab, 0x1c,
    0x07, 0x33, 0x33, 0x33, 0xce, 0xce, 0xcf, 0xcf, 0xb3, 0x1c, 0x05, 0xa4, 0xa4, 0x33, 0xa4, 0xfc,
    0xbb, 0x1c, 0x02, 0x01, 0x1e, 0xbf, 0x1c, 0x03, 0x1e, 0x01, 0x01, 0xc4, 0x1c, 0x01, 0xcf, 0xc9,
    0x1c, 0x03, 0xa4, 0x97, 0xa4, 0xce, 0x1c, 0x02, 0x33, 0x33, 0xd2, 0x1c, 0x02, 0xfc, 0x1e, 0xd5,
    0x1c, 0x0b, 0xe2, 0xfc, 0xfc, 0xfd, 0x33, 0x33, 0x33, 0x33, 0x3f, 0x3f, 0xa4, 0x1c, 0x1d, 0x05,
    0x33, 0x33, 0x33, 0x33, 0x33, 0x22, 0x1d, 0x07, 0xfc, 0xfc, 0xfc, 0xd1, 0xcf, 0xcf, 0xd1, 0x2c,
    0x1d, 0x02, 0x33, 0x97, 0x2f, 0x1d, 0x01, 0x33, 0x33, 0x1d, 0x02, 0xa4, 0xa4, 0x37, 0x1d, 0x01,
    0x33, 0x3b, 0x1d, 0x02, 0x1e, 0x1e, 0x44, 0x1d, 0x04, 0x01, 0xfc, 0x33, 0x33, 0x4e, 0x1d, 0x02,
    0x33, 0x33, 0x52, 0x1d, 0x08, 0xfc, 0xe2, 0x33, 0x3f, 0x3f, 0x3f, 0xa4, 0xa4, 0x5b, 0x1d, 0x04,
    0x33, 0x33, 0x33, 0x33, 0x60, 0x1d, 0x02, 0xa4, 0x3f, 0x9b, 0x1d, 0x06, 0xfc, 0xe2, 0xcf, 0xcf,
    0xce, 0x01, 0xa2, 0x1d, 0x02, 0x1e, 0x1e, 0xa7, 0x1d, 0x01, 0x1e, 0xb7, 0x1d, 0x01, 0x33, 0xbc,
    0x1d, 0x03, 0x1e, 0x1e, 0x01, 0xc5, 0x1d, 0x02, 0x1e, 0xfc, 0xca, 0x1d, 0x05, 0xfc, 0xfd, 0xf1,
    0xf0, 0xf0, 0xd1, 0x1d, 0x02, 0x1e, 0x01, 0xd4, 0x1d, 0x01, 0xcf, 0xd9, 0x1d, 0x01, 0xa4, 0xdb,
    0x1d, 0x03, 0x33, 0x33, 0x33, 0xdf, 0x1d, 0x02, 0x33, 0xa4, 0xe3, 0x1d, 0x01, 0x3f, 0x1a, 0x1e,
    0x01, 0xfc, 0x1d, 0x1e, 0x01, 0x01, 0x1f, 0x1e, 0x03, 0x1e, 0x1e, 0x1e, 0x23, 0x1e, 0x03, 0x1f,
    0x01, 0x01, 0x29, 0x1e, 0x01, 0xfc, 0x2e, 0x1e, 0x04, 0xa4, 0x97, 0x33, 0x33, 0x39, 0x1e, 0x01,
    0x1e, 0x3e, 0x1e, 0x01, 0xfd, 0x43, 0x1e, 0x05, 0x3f, 0x3f, 0x3f, 0x3f, 0xe2, 0x49, 0x1e, 0x01,
    0x1e, 0x4f, 0x1e, 0x01, 0x1e, 0x51, 0x1e, 0x01, 0x1e, 0x53, 0x1e, 0x01, 0x1e, 0x56, 0x1e, 0x01,
    0xcf, 0x5e, 0x1e, 0x04, 0xa4, 0xa4, 0x33, 0x97, 0x65, 0x1e, 0x02, 0x3f, 0x0c, 0x9d, 0x1e, 0x01,
    0x01, 0x9f, 0x1e, 0x02, 0x1e, 0x1e, 0xa2, 0x1e, 0x01, 0x1f, 0xa4, 0x1e, 0x01, 0x01, 0xa9, 0x1e,
    0x01, 0xfc, 0xab, 0x1e, 0x01, 0xa4, 0xad, 0x1e, 0x01, 0x33, 0xb5, 0x1e, 0x03, 0x33, 0xfc, 0xfc,
    0xba, 0x1e, 0x02, 0x33, 0x33, 0xc2, 0x1e, 0x01, 0xa4, 0xc4, 0x1e, 0x01, 0xa4, 0xc6, 0x1e, 0x01,
    0x97, 0xd1, 0x1e, 0x03, 0x1e, 0x01, 0x01, 0xd7, 0x1e, 0x01, 0xcf, 0xdb, 0x1e, 0x03, 0xa4, 0xa4,
    0x33, 0xdf, 0x1e, 0x07, 0xa4, 0xa4, 0xa4, 0xa4, 0xa4, 0x33, 0x33, 0xe8, 0x1e, 0x01, 0x0c, 0x1a,
    0x1f, 0x03, 0x01, 0x01, 0x1f, 0x1f, 0x1f, 0x03, 0x1e, 0x1e, 0x1f, 0x23, 0x1f, 0x01, 0x01, 0x29,
    0x1f, 0x01, 0xfd, 0x2d, 0x1f, 0x03, 0x97, 0x33, 0x33, 0x31, 0x1f, 0x03, 0xfc, 0xfc, 0xfc, 0x35,
    0x1f, 0x02, 0x1e, 0x1e, 0x38, 0x1f, 0x01, 0x1e, 0x3a, 0x1f, 0x01, 0xa4, 0x3c, 0x1f, 0x04, 0xa4,
    0xa4, 0xa4, 0x33, 0x41, 0x1f, 0x01, 0x33, 0x43, 0x1f, 0x02, 0x33, 0x33, 0x4d, 0x1f, 0x01, 0x1e,
    0x4f, 0x1f, 0x01, 0x1e, 0x5d, 0x1f, 0x01, 0x33, 0x62, 0x1f, 0x07, 0x33, 0x33, 0xcf, 0xcf, 0xcf,
    0xcf, 0xfc, 0x99, 0x1f, 0x03, 0xfc, 0x01, 0x1e, 0x9d, 0x1f, 0x04, 0x1e, 0x1e, 0x1e, 0x01, 0xa4,
    0x1f, 0x05, 0xfc, 0xfc, 0xfc, 0xfc, 0xf0, 0xaa, 0x1f, 0x03, 0xfc, 0xe2, 0xfc, 0xae, 0x1f, 0x01,
    0x01, 0xb0, 0x1f, 0x01, 0x01, 0xb3, 0x1f, 0x03, 0x1e, 0x1e, 0x1e, 0xb7, 0x1f, 0x01, 0x1f, 0xba,
    0x1f, 0x01, 0xcf, 0xbd, 0x1f, 0x01, 0x33, 0xc6, 0x1f, 0x02, 0x97, 0xa4, 0xcb, 0x1f, 0x01, 0x01,
    0xcd, 0x1f, 0x02, 0x1f, 0x1e, 0xd0, 0x1f, 0x01, 0x1e, 0xd2, 0x1f, 0x01, 0x01, 0xd8, 0x1f, 0x10,
    0x1e, 0x01, 0xcf, 0x33, 0x33, 0x97, 0x97, 0xcf, 0xcf, 0xce, 0xfd, 0xfc, 0xfc, 0xcf, 0xd1, 0x1e,
    0xe9, 0x1f, 0x02, 0x01, 0x1e, 0x18, 0x20, 0x02, 0x0c, 0x1e, 0x1b, 0x20, 0x0a, 0xe2, 0xe2, 0xfc,
    0xfc, 0xf1, 0xf1, 0xcf, 0x33, 0x33, 0x33, 0x29, 0x20, 0x02, 0x33, 0xfc, 0x36, 0x20, 0x02, 0x01,
    0x1e, 0x43, 0x20, 0x01, 0xa4, 0x46, 0x20, 0x02, 0xa4, 0xa4, 0x49, 0x20, 0x05, 0x33, 0xa4, 0xfd,
    0x01, 0x1e, 0x50, 0x20, 0x02, 0x1e, 0x1e, 0x57, 0x20, 0x05, 0xfc, 0xfc, 0xce, 0xcf, 0x33, 0x5d,
    0x20, 0x03, 0xfc, 0xd1, 0xcf, 0x69, 0x20, 0x01, 0x01, 0x98, 0x20, 0x06, 0x33, 0xd1, 0x33, 0x33,
    0x33, 0x33, 0xa6, 0x20, 0x02, 0xa4, 0x33, 0xa9, 0x20, 0x02, 0x33, 0xfc, 0xaf, 0x20, 0x03, 0x1e,
    0x1e, 0x1e, 0xb3, 0x20, 0x02, 0x1e, 0x01, 0xba, 0x20, 0x02, 0x01, 0x33, 0xc5, 0x20, 0x01, 0x33,
    0xcc, 0x20, 0x01, 0xfc, 0xd1, 0x20, 0x08, 0xfc, 0xfd, 0xfd, 0xcf, 0x33, 0x33, 0x33, 0xd1, 0xdd,
    0x20, 0x01, 0x33, 0xe5, 0x20, 0x02, 0x1e, 0x1e, 0xeb, 0x20, 0x01, 0x1e, 0xef, 0x20, 0x01, 0x0c,
    0x17, 0x21, 0x02, 0x0c, 0x33, 0x21, 0x21, 0x05, 0x33, 0x33, 0x33, 0x33, 0x33, 0x29, 0x21, 0x02,
    0x33, 0xfc, 0x2c, 0x21, 0x01, 0x01, 0x2e, 0x21, 0x03, 0x1f, 0x1e, 0x1e, 0x3b, 0x21, 0x02, 0xfd,
    0xa4, 0x3f, 0x21, 0x01, 0x33, 0x4b, 0x21, 0x06, 0x33, 0x33, 0xe2, 0x33, 0x33, 0x33, 0x5f, 0x21,
    0x01, 0xfc, 0x66, 0x21, 0x02, 0x1e, 0x1e, 0x69, 0x21, 0x03, 0x1f, 0x01, 0x01, 0x6f, 0x21, 0x03,
    0x01, 0xfd, 0x0c, 0x97, 0x21, 0x03, 0x0c, 0xa4, 0xa4, 0x9c, 0x21, 0x01, 0x97, 0xa5, 0x21, 0x03,
    0xa4, 0x33, 0xa4, 0xa9, 0x21, 0x02, 0x33, 0xfd, 0xae, 0x21, 0x01, 0x1e, 0xbb, 0x21, 0x02, 0xfc,
    0x33, 0xc0, 0x21, 0x01, 0x33, 0xc6, 0x21, 0x01, 0x33, 0xc9, 0x21, 0x02, 0xfc, 0xe2, 0xce, 0x21,
    0x01, 0x33, 0xda, 0x21, 0x01, 0xa4, 0xdc, 0x21, 0x01, 0x33, 0xe0, 0x21, 0x01, 0x33, 0xec, 0x21,
    0x02, 0x01, 0x01, 0xf2, 0x21, 0x02, 0xfc, 0x0c, 0x17, 0x22, 0x01, 0x3f, 0x23, 0x22, 0x02, 0xa4,
    0x33, 0x26, 0x22, 0x01, 0xa4, 0x29, 0x22, 0x03, 0x33, 0x6b, 0x01, 0x2d, 0x22, 0x02, 0x01, 0x1e,
    0x30, 0x22, 0x04, 0x1e, 0x1e, 0x1e, 0x01, 0x35, 0x22, 0x01, 0x01, 0x3c, 0x22, 0x01, 0x1e, 0x40,
    0x22, 0x01, 0x33, 0x43, 0x22, 0x01, 0xfc, 0x45, 0x22, 0x01, 0x01, 0x4b, 0x22, 0x07, 0x1e, 0x01,
    0x1f, 0xe2, 0x97, 0x33, 0x33, 0x53, 0x22, 0x01, 0x97, 0x55, 0x22, 0x01, 0x33, 0x5c, 0x22, 0x03,
    0xa4, 0x33, 0xa4, 0x61, 0x22, 0x02, 0x33, 0xfc, 0x68, 0x22, 0x01, 0x1e, 0x74, 0x22, 0x02, 0xfc,
    0x0c, 0x96, 0x22, 0x02, 0x0c, 0x33, 0xa6, 0x22, 0x01, 0xa4, 0xa8, 0x22, 0x01, 0x97, 0xaa, 0x22,
    0x01, 0xce, 0xac, 0x22, 0x02, 0x01, 0x1e, 0xb1, 0x22, 0x02, 0x1e, 0x01, 0xb4, 0x22, 0x01, 0x01,
    0xba, 0x22, 0x01, 0xfc, 0xbd, 0x22, 0x01, 0xe2, 0xc3, 0x22, 0x01, 0x01, 0xc5, 0x22, 0x01, 0x01,
    0xc7, 0x22, 0x0a, 0x1e, 0x1e, 0x1e, 0x1e, 0x1e, 0x01, 0x1e, 0x1e, 0xfc, 0x33, 0xdc, 0x22, 0x03,
    0xa4, 0x33, 0xa4, 0xe1, 0x22, 0x04, 0xa4, 0xa4, 0xfc, 0x01, 0xe6, 0x22, 0x02, 0x1f, 0x1e, 0xea,
    0x22, 0x03, 0x1e, 0x1e, 0x01, 0xf2, 0x22, 0x02, 0x1e, 0x1e, 0xf6, 0x22, 0x02, 0xe2, 0x0c, 0x16,
    0x23, 0x01, 0x3f, 0x21, 0x23, 0x07, 0xa4, 0x97, 0xa4, 0x97, 0x33, 0x33, 0x33, 0x2a, 0x23, 0x03,
    0xce, 0x1e, 0x1e, 0x2e, 0x23, 0x02, 0x1e, 0x1e, 0x31, 0x23, 0x01, 0x01, 0x33, 0x23, 0x02, 0xfd,
    0xfd, 0x37, 0x23, 0x01, 0x33, 0x3d, 0x23, 0x03, 0xa4, 0xcf, 0x1e, 0x43, 0x23, 0x01, 0x01, 0x45,
    0x23, 0x01, 0x01, 0x47, 0x23, 0x01, 0x1e, 0x49, 0x23, 0x01, 0x1e, 0x4b, 0x23, 0x04, 0x1e, 0x01,
    0x1e, 0x1e, 0x50, 0x23, 0x02, 0xfc, 0x33, 0x5d, 0x23, 0x01, 0xa4, 0x5f, 0x23, 0x01, 0xa4, 0x61,
    0x23, 0x01, 0x33, 0x63, 0x23, 0x05, 0xa4, 0x33, 0xfd, 0x01, 0x1e, 0x6b, 0x23, 0x02, 0x1e, 0x01,
    0x73, 0x23, 0x06, 0x1e, 0x01, 0xfc, 0xe2, 0x75, 0x0c, 0x95, 0x23, 0x02, 0x0c, 0x3f, 0x9a, 0x23,
    0x01, 0xa4, 0x9c, 0x23, 0x03, 0x33, 0xa4, 0x33, 0xaa, 0x23, 0x09, 0xcf, 0x1e, 0x1e, 0xe2, 0xe2,
    0xfc, 0x33, 0x33, 0x33, 0xba, 0x23, 0x01, 0xa4, 0xbc, 0x23, 0x03, 0x33, 0x33, 0xfc, 0xc2, 0x23,
    0x01, 0x01, 0xc4, 0x23, 0x04, 0x01, 0x01, 0x1e, 0x1e, 0xca, 0x23, 0x01, 0x1e, 0xcd, 0x23, 0x01,
    0x01, 0xd1, 0x23, 0x02, 0xfc, 0xcf, 0xda, 0x23, 0x08, 0xa4, 0xa4, 0x33, 0x33, 0x33, 0x33, 0xa4,
    0xa4, 0xe4, 0x23, 0x03, 0x33, 0x33, 0xfd, 0xeb, 0x23, 0x03, 0x1e, 0x1e, 0x01, 0xf1, 0x23, 0x08,
    0xfc, 0xfc, 0x6b, 0xd1, 0x96, 0x96, 0x0c, 0xd3, 0x15, 0x24, 0x05, 0xf0, 0x97, 0xa4, 0x33, 0x97,
    0x1b, 0x24, 0x02, 0x33, 0x33, 0x26, 0x24, 0x07, 0x33, 0x33, 0x33, 0x33, 0x33, 0x33, 0x33, 0x34,
    0x24, 0x01, 0xa4, 0x36, 0x24, 0x02, 0xa4, 0xa4, 0x39, 0x24, 0x07, 0x33, 0xa4, 0xa4, 0x33, 0x33,
    0xcf, 0xcf, 0x42, 0x24, 0x01, 0x01, 0x44, 0x24, 0x07, 0x01, 0x01, 0x1e, 0x1e, 0x1e, 0x1e, 0x1e,
    0x4d, 0x24, 0x01, 0x01, 0x52, 0x24, 0x01, 0xcf, 0x58, 0x24, 0x03, 0xa4, 0xa4, 0x97, 0x5d, 0x24,
    0x01, 0x33, 0x5f, 0x24, 0x02, 0x33, 0x33, 0x67, 0x24, 0x02, 0xce, 0x1e, 0x6a, 0x24, 0x01, 0x1e,
    0x6c, 0x24, 0x09, 0xfc, 0xfc, 0x01, 0x6a, 0x33, 0x96, 0x96, 0xbf, 0xf7, 0x76, 0x24, 0x02, 0xf6,
    0x9a, 0x95, 0x24, 0x07, 0x3f, 0x33, 0x33, 0xa4, 0x33, 0xa4, 0xa4, 0xa0, 0x24, 0x03, 0x33, 0x33,
    0x33, 0xa4, 0x24, 0x04, 0xd1, 0xe2, 0xfc, 0x1e, 0xa9, 0x24, 0x03, 0x1e, 0xd1, 0x33, 0xaf, 0x24,
    0x02, 0xa4, 0xa4, 0xb3, 0x24, 0x05, 0x33, 0x97, 0x97, 0x33, 0x97, 0xb9, 0x24, 0x03, 0xa4, 0x33,
    0x33, 0xbe, 0x24, 0x02, 0x33, 0xfc, 0xc2, 0x24, 0x01, 0x01, 0xc4, 0x24, 0x02, 0x01, 0x1e, 0xc7,
    0x24, 0x01, 0x1e, 0xc9, 0x24, 0x04, 0x1e, 0x1e, 0x01, 0x01, 0xd3, 0x24, 0x03, 0xce, 0xa4, 0xa4,
    0xd7, 0x24, 0x04, 0xa4, 0x97, 0x33, 0x33, 0xe9, 0x24, 0x0f, 0xe2, 0x23, 0x97, 0x96, 0x96, 0x73,
    0xec, 0xa4, 0xf6, 0xf6, 0xc7, 0xc6, 0x31, 0x62, 0x9b, 0x14, 0x25, 0x02, 0x0c, 0x3f, 0x1b, 0x25,
    0x01, 0x33, 0x1d, 0x25, 0x06, 0xce, 0xcf, 0xfc, 0xfc, 0xe2, 0x1e, 0x24, 0x25, 0x01, 0x1e, 0x26,
    0x25, 0x01, 0x01, 0x29, 0x25, 0x05, 0x1e, 0x6b, 0x33, 0xa4, 0xa4, 0x2f, 0x25, 0x02, 0x97, 0x97,
    0x33, 0x25, 0x02, 0x33, 0x33, 0x39, 0x25, 0x03, 0xa4, 0xa4, 0xa4, 0x3e, 0x25, 0x03, 0x33, 0xcf,
    0xfc, 0x42, 0x25, 0x01, 0x01, 0x44, 0x25, 0x04, 0x1f, 0x1e, 0x1e, 0x1e, 0x49, 0x25, 0x01, 0x1e,
    0x4c, 0x25, 0x01, 0x01, 0x53, 0x25, 0x05, 0x01, 0xe2, 0x33, 0x33, 0x33, 0x59, 0x25, 0x02, 0x97,
    0x33, 0x64, 0x25, 0x07, 0x33, 0x33, 0xec, 0x97, 0x97, 0x96, 0x50, 0x6c, 0x25, 0x06, 0xa4, 0xf6,
    0xf6, 0xbc, 0x62, 0x62, 0x73, 0x25, 0x02, 0x31, 0x62, 0x76, 0x25, 0x02, 0x5d, 0x5d, 0x94, 0x25,
    0x01, 0x0c, 0x97, 0x25, 0x08, 0xd1, 0xcf, 0xcf, 0xfd, 0xfd, 0x01, 0x01, 0x01, 0xa1, 0x25, 0x01,
    0x1e, 0xa3, 0x25, 0x01, 0x1e, 0xa5, 0x25, 0x01, 0x1e, 0xa7, 0x25, 0x01, 0x1e, 0xa9, 0x25, 0x08,
    0x1e, 0xfc, 0x33, 0x33, 0x33, 0x33, 0x33, 0x33, 0xb8, 0x25, 0x06, 0xa4, 0x33, 0x33, 0x97, 0xa4,
    0xa4, 0xbf, 0x25, 0x07, 0xcf, 0xcf, 0x01, 0x01, 0x1f, 0x01, 0x1e, 0xc9, 0x25, 0x02, 0x1e, 0x01,
    0xd4, 0x25, 0x02, 0x1f, 0xcf, 0xd8, 0x25, 0x01, 0xa4, 0xe0, 0x25, 0x11, 0x33, 0x33, 0xdf, 0x97,
    0x6b, 0x49, 0x01, 0xf7, 0xf6, 0xf6, 0xef, 0xa4, 0x31, 0x62, 0xf7, 0x62, 0x31, 0xf2, 0x25, 0x01,
    0xc6, 0xf4, 0x25, 0x03, 0x5d, 0x3f, 0x5d, 0x13, 0x26, 0x04, 0x0c, 0xee, 0xfc, 0xe2, 0x18, 0x26,
    0x01, 0x1e, 0x1a, 0x26, 0x01, 0x01, 0x1c, 0x26, 0x02, 0x01, 0x01, 0x20, 0x26, 0x02, 0x1e, 0x1e,
    0x23, 0x26, 0x02, 0x1e, 0x1e, 0x26, 0x26, 0x01, 0x1e, 0x28, 0x26, 0x01, 0x1e, 0x2a, 0x26, 0x02,
    0xcf, 0x33, 0x38, 0x26, 0x02, 0xa4, 0xa4, 0x3b, 0x26, 0x02, 0x33, 0xa4, 0x3f, 0x26, 0x03, 0x33,
    0xcf, 0xfd, 0x43, 0x26, 0x01, 0x1f, 0x47, 0x26, 0x02, 0x1e, 0x1e, 0x4a, 0x26, 0x01, 0x1f, 0x4d,
    0x26, 0x01, 0x01, 0x52, 0x26, 0x01, 0x1e, 0x54, 0x26, 0x03, 0x01, 0xfc, 0xcf, 0x59, 0x26, 0x01,
    0xa4, 0x5b, 0x26, 0x09, 0x33, 0x33, 0xdf, 0x97, 0x6b, 0x49, 0x01, 0x18, 0xf6, 0x65, 0x26, 0x02,
    0x01, 0xef, 0x68, 0x26, 0x03, 0x31, 0x31, 0x53, 0x6f, 0x26, 0x08, 0xc6, 0x33, 0x5d, 0x5d, 0x9b,
    0x5d, 0x5d, 0x5d, 0x93, 0x26, 0x03, 0xf0, 0xf0, 0x1e, 0x97, 0x26, 0x01, 0x1e, 0x99, 0x26, 0x05,
    0x01, 0x01, 0x01, 0x01, 0x01, 0x9f, 0x26, 0x01, 0x1e, 0xa1, 0x26, 0x03, 0x1e, 0x1e, 0x1f, 0xa6,
    0x26, 0x02, 0x01, 0x1e, 0xaa, 0x26, 0x02, 0xcf, 0xcf, 0xbc, 0x26, 0x02, 0xa4, 0xa4, 0xbf, 0x26,
    0x06, 0x33, 0xcf, 0x6a, 0x01, 0x1f, 0x1e, 0xc7, 0x26, 0x01, 0x1e, 0xca, 0x26, 0x01, 0x01, 0xcc,
    0x26, 0x02, 0x01, 0x01, 0xd2, 0x26, 0x02, 0x1e, 0x1e, 0xd6, 0x26, 0x02, 0xe2, 0x33, 0xd9, 0x26,
    0x06, 0xdf, 0x6b, 0x49, 0x01, 0x01, 0xf6, 0xe0, 0x26, 0x02, 0xa5, 0x18, 0xe4, 0x26, 0x05, 0x62,
    0xc6, 0x31, 0x31, 0x31, 0xea, 0x26, 0x09, 0xc6, 0x62, 0xc6, 0x5d, 0x5d, 0x5d, 0x5d, 0x5d, 0x5d,
    0x12, 0x27, 0x03, 0x0c, 0xf0, 0xf0, 0x18, 0x27, 0x05, 0x01, 0x01, 0x01, 0x01, 0x1f, 0x1e, 0x27,
    0x02, 0x1e, 0x1e, 0x21, 0x27, 0x03, 0x1e, 0x1f, 0x1f, 0x25, 0x27, 0x01, 0x01, 0x2a, 0x27, 0x02,
    0xce, 0xcf, 0x36, 0x27, 0x05, 0xa4, 0xa4, 0xa4, 0xa4, 0xa4, 0x3c, 0x27, 0x03, 0x33, 0x97, 0xa4,
    0x40, 0x27, 0x05, 0x33, 0xfc, 0xfc, 0x1e, 0x1e, 0x47, 0x27, 0x02, 0x1e, 0x1e, 0x4a, 0x27, 0x01,
    0x01, 0x4c, 0x27, 0x02, 0x01, 0x01, 0x51, 0x27, 0x02, 0x1e, 0x1e, 0x57, 0x27, 0x01, 0x01, 0x59,
    0x27, 0x04, 0x18, 0x01, 0xbc, 0xf7, 0x5e, 0x27, 0x07, 0x53, 0xa4, 0x31, 0x31, 0xc6, 0x62, 0xc6,
    0x69, 0x27, 0x05, 0x51, 0x9b, 0x5d, 0x5d, 0x5d, 0x92, 0x27, 0x03, 0xf0, 0xf0, 0xfc, 0x96, 0x27,
    0x03, 0x01, 0x01, 0x01, 0x9a, 0x27, 0x04, 0x01, 0x01, 0x1e, 0x1e, 0x9f, 0x27, 0x04, 0x1e, 0x1e,
    0x1e, 0x1e, 0xa4, 0x27, 0x02, 0x01, 0x01, 0xa9, 0x27, 0x03, 0x01, 0xcf, 0xcf, 0xb2, 0x27, 0x02,
    0xa4, 0xa4, 0xb6, 0x27, 0x05, 0x33, 0x97, 0x97, 0x33, 0x97, 0xbc, 0x27, 0x03, 0xa4, 0x33, 0x33,
    0xc1, 0x27, 0x04, 0xce, 0xcf, 0x1f, 0x1e, 0xc7, 0x27, 0x01, 0x1e, 0xc9, 0x27, 0x02, 0x01, 0x01,
    0xcc, 0x27, 0x01, 0x01, 0xce, 0x27, 0x01, 0xfc, 0xd0, 0x27, 0x01, 0xdf, 0xd3, 0x27, 0x01, 0xa5,
    0xd5, 0x27, 0x02, 0x19, 0xef, 0xd8, 0x27, 0x05, 0x53, 0xf7, 0xf7, 0x31, 0x31, 0xde, 0x27, 0x02,
    0x62, 0x62, 0xe2, 0x27, 0x01, 0x62, 0xe6, 0x27, 0x04, 0x5d, 0x5d, 0x5d, 0x0c, 0x12, 0x28, 0x02,
    0xf0, 0xf0, 0x16, 0x28, 0x08, 0x01, 0x01, 0x01, 0x01, 0x1f, 0x1e, 0x1e, 0x1e, 0x1f, 0x28, 0x03,
    0x1e, 0x1f, 0x1e, 0x28, 0x28, 0x04, 0x01, 0x01, 0xcf, 0xce, 0x30, 0x28, 0x05, 0xa4, 0xa4, 0x33,
    0x33, 0xa4, 0x36, 0x28, 0x02, 0x33, 0x33, 0x41, 0x28, 0x03, 0x33, 0xd1, 0xe2, 0x47, 0x28, 0x01,
    0x1e, 0x49, 0x28, 0x01, 0xfc, 0x4b, 0x28, 0x02, 0xdf, 0x48, 0x4e, 0x28, 0x01, 0x01, 0x50, 0x28,
    0x01, 0x01, 0x52, 0x28, 0x03, 0xf7, 0x53, 0xa4, 0x57, 0x28, 0x01, 0x31, 0x59, 0x28, 0x03, 0xc6,
    0x62, 0xc6, 0x5d, 0x28, 0x03, 0x62, 0xc6, 0x62, 0x62, 0x28, 0x03, 0x9b, 0x5d, 0x5d, 0x91, 0x28,
    0x03, 0x0c, 0xf0, 0xf0, 0x95, 0x28, 0x07, 0x01, 0x01, 0x1e, 0x01, 0x01, 0x1e, 0x1e, 0x9d, 0x28,
    0x04, 0x1f, 0x1f, 0x1f, 0x1e, 0xa2, 0x28, 0x01, 0x01, 0xa8, 0x28, 0x01, 0x01, 0xaa, 0x28, 0x03,
    0x6a, 0x6a, 0x97, 0xaf, 0x28, 0x03, 0x33, 0x97, 0xa4, 0xb4, 0x28, 0x01, 0x33, 0xc2, 0x28, 0x08,
    0xd1, 0xd1, 0xe2, 0xe2, 0xdf, 0x97, 0x48, 0x01, 0xcb, 0x28, 0x03, 0xa5, 0x19, 0x53, 0xd2, 0x28,
    0x02, 0xf7, 0x31, 0xd7, 0x28, 0x01, 0xc6, 0xd9, 0x28, 0x02, 0x62, 0xc6, 0xdd, 0x28, 0x03, 0x97,
    0x5d, 0x5d, 0x11, 0x29, 0x0a, 0xf0, 0xf0, 0xfc, 0x01, 0x01, 0x01, 0x01, 0x1f, 0x1f, 0x1e, 0x1d,
    0x29, 0x03, 0x1f, 0x1e, 0x1f, 0x22, 0x29, 0x01, 0x01, 0x26, 0x29, 0x02, 0x01, 0x01, 0x29, 0x29,
    0x03, 0x1f, 0xfd, 0xfc, 0x2d, 0x29, 0x01, 0xa4, 0x30, 0x29, 0x02, 0x33, 0x33, 0x3f, 0x29, 0x07,
    0x33, 0x33, 0x33, 0x97, 0x97, 0x01, 0xa4, 0x47, 0x29, 0x02, 0x18, 0xef, 0x4c, 0x29, 0x04, 0xf7,
    0x53, 0x31, 0xc6, 0x52, 0x29, 0x02, 0x62, 0xc6, 0x55, 0x29, 0x01, 0xc6, 0x59, 0x29, 0x02, 0x51,
    0x0c, 0x90, 0x29, 0x0a, 0x0c, 0xf1, 0xf0, 0xfd, 0x01, 0x01, 0x01, 0x01, 0x1f, 0x1f, 0x9b, 0x29,
    0x02, 0x1e, 0x1e, 0x9e, 0x29, 0x06, 0x1f, 0x1f, 0x01, 0x01, 0x01, 0x01, 0xaa, 0x29, 0x06, 0xcf,
    0xcf, 0x33, 0x97, 0xa4, 0xa4, 0xba, 0x29, 0x0e, 0x33, 0x33, 0x33, 0xec, 0x97, 0x97, 0x01, 0x01,
    0x19, 0xf6, 0xef, 0x53, 0xa4, 0xf7, 0xca, 0x29, 0x01, 0xc6, 0xcc, 0x29, 0x05, 0xc6, 0x62, 0x62,
    0xa4, 0xc6, 0xd2, 0x29, 0x01, 0x62, 0x10, 0x2a, 0x03, 0xf0, 0xf0, 0xf1, 0x14, 0x2a, 0x05, 0x01,
    0x1e, 0x01, 0x1f, 0x1f, 0x1c, 0x2a, 0x04, 0x1e, 0x1f, 0x01, 0x1f, 0x21, 0x2a, 0x02, 0x01, 0x01,
    0x26, 0x2a, 0x01, 0x1e, 0x28, 0x2a, 0x01, 0x01, 0x2a, 0x2a, 0x05, 0xcf, 0xcf, 0x33, 0x33, 0x33,
    0x30, 0x2a, 0x03, 0x33, 0x33, 0xa4, 0x35, 0x2a, 0x0b, 0x33, 0x33, 0x33, 0xa4, 0x97, 0x96, 0x97,
    0x01, 0x19, 0x53, 0xf6, 0x42, 0x2a, 0x01, 0x53, 0x45, 0x2a, 0x01, 0x53, 0x47, 0x2a, 0x01, 0xc6,
    0x4b, 0x2a, 0x03, 0xc6, 0xc6, 0x62, 0x4f, 0x2a, 0x01, 0xc6, 0x8f, 0x2a, 0x09, 0x0c, 0xf0, 0xf1,
    0xfc, 0x01, 0x1e, 0x1f, 0x1f, 0x1f, 0x99, 0x2a, 0x01, 0x1e, 0x9b, 0x2a, 0x04, 0x1e, 0x1f, 0x1f,
    0x1f, 0xa0, 0x2a, 0x03, 0x01, 0x01, 0x01, 0xa7, 0x2a, 0x01, 0x01, 0xaa, 0x2a, 0x03, 0xce, 0xce,
    0xcf, 0xb0, 0x2a, 0x0d, 0x97, 0x97, 0x33, 0xa4, 0xa4, 0x33, 0x96, 0x49, 0xbc, 0xf6, 0x01, 0xa5,
    0xf7, 0xbe, 0x2a, 0x04, 0x53, 0xf7, 0x31, 0x31, 0xc5, 0x2a, 0x01, 0x62, 0xc7, 0x2a, 0x01, 0xc6,
    0xca, 0x2a, 0x01, 0xc6, 0xcc, 0x2a, 0x01, 0xc6, 0x0f, 0x2b, 0x04, 0x0c, 0xf1, 0xf1, 0xfd, 0x14,
    0x2b, 0x03, 0x1f, 0x1e, 0x1f, 0x18, 0x2b, 0x01, 0x1e, 0x1a, 0x2b, 0x08, 0x1e, 0x01, 0x01, 0x1f,
    0x01, 0x01, 0x01, 0x01, 0x23, 0x2b, 0x01, 0x1e, 0x26, 0x2b, 0x01, 0x01, 0x28, 0x2b, 0x0f, 0x1e,
    0x1e, 0xcf, 0xfc, 0xe2, 0x33, 0xa4, 0xa4, 0xa5, 0x96, 0x96, 0x18, 0xa4, 0xf6, 0xa5, 0x39, 0x2b,
    0x05, 0x53, 0xa4, 0x31, 0x31, 0xc6, 0x40, 0x2b, 0x02, 0x62, 0xa4, 0x45, 0x2b, 0x03, 0xc6, 0x62,
    0xc6, 0x49, 0x2b, 0x01, 0x51, 0x8f, 0x2b, 0x03, 0xf1, 0xf0, 0xf0, 0x93, 0x2b, 0x03, 0x1f, 0x1f,
    0x1f, 0x97, 0x2b, 0x01, 0x1e, 0x99, 0x2b, 0x04, 0x1f, 0x1f, 0x01, 0x1f, 0x9e, 0x2b, 0x03, 0x01,
    0x01, 0x01, 0xa2, 0x2b, 0x01, 0x1e, 0xa4, 0x2b, 0x01, 0x1e, 0xa6, 0x2b, 0x0f, 0xfc, 0xfc, 0xe2,
    0x22, 0x6b, 0x75, 0x74, 0x96, 0x33, 0x18, 0xf7, 0x53, 0xa5, 0x01, 0xbc, 0xb6, 0x2b, 0x08, 0xf7,
    0x62, 0xc6, 0x31, 0x53, 0x31, 0xa4, 0xa4, 0xc1, 0x2b, 0x01, 0x62, 0x0e, 0x2c, 0x07, 0x0c, 0xf1,
    0xf0, 0xf0, 0x1f, 0x1e, 0x1e, 0x16, 0x2c, 0x06, 0x1e, 0x1e, 0x1e, 0x1f, 0x01, 0x1f, 0x1d, 0x2c,
    0x03, 0x01, 0x01, 0x01, 0x21, 0x2c, 0x0f, 0xfc, 0xfc, 0xfc, 0x23, 0x75, 0x6b, 0x74, 0x96, 0x96,
    0x8f, 0xf7, 0xf7, 0xa5, 0xa5, 0x18, 0x31, 0x2c, 0x02, 0x53, 0xf7, 0x34, 0x2c, 0x02, 0x53, 0x31,
    0x37, 0x2c, 0x01, 0x62, 0x3a, 0x2c, 0x04, 0xa4, 0x62, 0xc6, 0x62, 0x8e, 0x2c, 0x04, 0xf1, 0xf0,
    0xee, 0xe2, 0x93, 0x2c, 0x01, 0x1f, 0x95, 0x2c, 0x1c, 0x1e, 0x1e, 0x1e, 0x1f, 0x01, 0x01, 0x1e,
    0x01, 0xfd, 0xfd, 0x22, 0x6b, 0x6b, 0xcf, 0x6a, 0x96, 0x8f, 0xbf, 0xf7, 0xf7, 0x01, 0xf6, 0xf6,
    0xde, 0x31, 0xa4, 0x31, 0x31, 0xb2, 0x2c, 0x01, 0xc6, 0xb4, 0x2c, 0x01, 0x62, 0xb6, 0x2c, 0x02,
    0xc6, 0x62, 0xbb, 0x2c, 0x04, 0x51, 0x58, 0x5d, 0x05, 0x0d, 0x2d, 0x04, 0x0c, 0xf0, 0xee, 0xee,
    0x12, 0x2d, 0x12, 0x1e, 0x1e, 0x1e, 0x1e, 0x1e, 0x1f, 0xfc, 0xfc, 0x23, 0x6a, 0x6a, 0x6b, 0x6a,
    0x6a, 0x8f, 0x33, 0xbf, 0xa4, 0x25, 0x2d, 0x0b, 0xf7, 0xf6, 0xf6, 0xde, 0x31, 0x31, 0x31, 0x53,
    0xf7, 0xc6, 0x62, 0x31, 0x2d, 0x02, 0x62, 0x62, 0x34, 0x2d, 0x01, 0xc6, 0x36, 0x2d, 0x05, 0x51,
    0x3a, 0x5d, 0x5d, 0x0c, 0x8d, 0x2d, 0x05, 0xf0, 0xee, 0xee, 0xf0, 0x1f, 0x93, 0x2d, 0x0c, 0xe2,
    0xe2, 0x3d, 0x75, 0x6b, 0x6a, 0x6b, 0x6b, 0x72, 0x60, 0x60, 0xa4, 0xa0, 0x2d, 0x0b, 0x01, 0xa5,
    0xf6, 0xde, 0xc6, 0x31, 0x62, 0xc6, 0x53, 0xf7, 0x31, 0xae, 0x2d, 0x02, 0xc6, 0xa4, 0xb1, 0x2d,
    0x06, 0xc6, 0x62, 0x5d, 0x5d, 0x5d, 0x0c, 0x0c, 0x2e, 0x0e, 0x0c, 0xee, 0x0c, 0x0c, 0xdf, 0x6b,
    0x75, 0x74, 0x6a, 0x74, 0x73, 0x60, 0x97, 0x33, 0x1b, 0x2e, 0x0c, 0xf7, 0xf7, 0x53, 0xc7, 0x18,
    0x53, 0x31, 0x62, 0xa4, 0xa4, 0x31, 0x31, 0x2a, 0x2e, 0x01, 0xc6, 0x2c, 0x2e, 0x08, 0x33, 0x9e,
    0x5d, 0x5d, 0x5d, 0x9b, 0x5d, 0x0c, 0x8d, 0x2e, 0x09, 0x9b, 0x9b, 0x9a, 0x96, 0x75, 0xd1, 0x60,
    0x60, 0xec, 0x97, 0x2e, 0x0e, 0xf7, 0x01, 0xa5, 0xc7, 0xde, 0xc6, 0x62, 0x62, 0xa4, 0xf7, 0x31,
    0x31, 0xc6, 0x62, 0xa8, 0x2e, 0x08, 0x62, 0x9b, 0x5d, 0x5d, 0x5d, 0x5d, 0x5d, 0x0c, 0x0d, 0x2f,
    0x0d, 0x83, 0x6c, 0x6c, 0x33, 0x48, 0xa4, 0xf7, 0xf7, 0x62, 0xc7, 0xde, 0x31, 0x53, 0x1c, 0x2f,
    0x03, 0x62, 0x31, 0x31, 0x20, 0x2f, 0x01, 0xc6, 0x22, 0x2f, 0x0a, 0xc6, 0x62, 0x33, 0x9b, 0x5d,
    0x5d, 0x5d, 0x5d, 0x5d, 0x5d, 0x8e, 0x2f, 0x08, 0x6c, 0x6c, 0xf6, 0xc7, 0x01, 0xbc, 0xc6, 0x62,
    0x98, 0x2f, 0x03, 0x31, 0xf7, 0x53, 0x9c, 0x2f, 0x01, 0x62, 0xa0, 0x2f, 0x08, 0x3f, 0x9b, 0x5d,
    0x9b, 0x5d, 0x5d, 0x5d, 0x5d, 0x0e, 0x30, 0x04, 0x5d, 0x5d, 0x5d, 0x53, 0x13, 0x30, 0x04, 0x53,
    0x31, 0xc6, 0x62, 0x1b, 0x30, 0x09, 0x33, 0x9b, 0x3f, 0x5d, 0x5d, 0x5d, 0x5d, 0x5d, 0x9b, 0x8f,
    0x30, 0x03, 0x5d, 0x5d, 0x31, 0x93, 0x30, 0x0d, 0xc6, 0x62, 0xc6, 0x62, 0x33, 0x9b, 0x5d, 0x5d,
    0x5d, 0x5d, 0x3f, 0x5d, 0x5d, 0x0f, 0x31, 0x03, 0x5d, 0x5d, 0x5d, 0x13, 0x31, 0x09, 0x97, 0x5d,
    0x5d, 0x9b, 0x3f, 0x5d, 0x5d, 0x5d, 0x5d, 0x92, 0x31, 0x06, 0x5d, 0x5d, 0x5d, 0x5d, 0x5d, 0x0c,
    0x12, 0x32, 0x02, 0x5d, 0x0c, 0xcf, 0x18, 0x03, 0x0c, 0x0c, 0x0c, 0x43, 0x19, 0x05, 0x0c, 0x0c,
    0x0c, 0x0c, 0x0c, 0x4a, 0x19, 0x05, 0x33, 0x33, 0x33, 0x97, 0x33, 0x50, 0x19, 0x05, 0x3f, 0x0c,
    0x3f, 0x0c, 0x0c, 0xb8, 0x19, 0x01, 0x0c, 0xbd, 0x19, 0x04, 0x33, 0x33, 0x33, 0xfc, 0xc3, 0x19,
    0x04, 0x01, 0x01, 0x1e, 0x1e, 0xc8, 0x19, 0x01, 0x1f, 0xca, 0x19, 0x05, 0x1e, 0x33, 0xa4, 0xa4,
    0xa4, 0xd0, 0x19, 0x03, 0x33, 0x33, 0x33, 0xd4, 0x19, 0x03, 0xa4, 0x33, 0x0c, 0x2a, 0x1a, 0x02,
    0x0c, 0x0c, 0x31, 0x1a, 0x05, 0x0c, 0xf0, 0xf0, 0xf1, 0x9b, 0x38, 0x1a, 0x01, 0xa4, 0x3a, 0x1a,
    0x03, 0x33, 0x33, 0x33, 0x40, 0x1a, 0x03, 0x33, 0xfc, 0x01, 0x44, 0x1a, 0x05, 0x01, 0x1e, 0x1e,
    0x1f, 0x01, 0x4c, 0x1a, 0x02, 0x33, 0xa4, 0x4f, 0x1a, 0x01, 0x33, 0x56, 0x1a, 0x03, 0x97, 0x33,
    0x0c, 0x9e, 0x1a, 0x02, 0x0c, 0x0c, 0xa2, 0x1a, 0x04, 0x0c, 0x0c, 0x33, 0x33, 0xa9, 0x1a, 0x02,
    0x33, 0xfc, 0xac, 0x1a, 0x08, 0x01, 0x01, 0x01, 0x1e, 0x1e, 0x1e, 0x1e, 0x1e, 0xb5, 0x1a, 0x02,
    0xfc, 0x33, 0xbd, 0x1a, 0x02, 0xa4, 0xa4, 0xc1, 0x1a, 0x03, 0x33, 0xfd, 0x1f, 0xc6, 0x1a, 0x03,
    0x01, 0x01, 0x01, 0xcc, 0x1a, 0x01, 0xfd, 0xcf, 0x1a, 0x0b, 0x33, 0x33, 0xfc, 0xfd, 0xfc, 0xfc,
    0xfc, 0xe2, 0xcf, 0xd1, 0xe2, 0x1d, 0x1b, 0x01, 0x33, 0x21, 0x1b, 0x02, 0xa4, 0xa4, 0x25, 0x1b,
    0x01, 0x33, 0x29, 0x1b, 0x03, 0x33, 0xfc, 0x01, 0x2d, 0x1b, 0x02, 0x01, 0x1e, 0x36, 0x1b, 0x01,
    0x6b, 0x38, 0x1b, 0x03, 0xa4, 0xa4, 0x33, 0x3c, 0x1b, 0x01, 0xa4, 0x3f, 0x1b, 0x02, 0xa4, 0x33,
    0x42, 0x1b, 0x04, 0xfc, 0xfc, 0xe2, 0xe2, 0x48, 0x1b, 0x08, 0x33, 0x33, 0x33, 0xcf, 0xcf, 0xcf,
    0xcf, 0xfc, 0x53, 0x1b, 0x03, 0x01, 0x1e, 0x1e, 0x58, 0x1b, 0x01, 0x01, 0x9c, 0x1b, 0x01, 0x0c,
    0xa5, 0x1b, 0x01, 0xa4, 0xa7, 0x1b, 0x01, 0xa4, 0xa9, 0x1b, 0x09, 0x33, 0x01, 0x01, 0x1f, 0x1e,
    0x1e, 0x01, 0x01, 0x01, 0xb3, 0x1b, 0x01, 0x01, 0xb6, 0x1b, 0x01, 0xfc, 0xb9, 0x1b, 0x02, 0xa4,
    0x33, 0xbe, 0x1b, 0x06, 0xfc, 0xfc, 0xd1, 0xcf, 0xd1, 0x33, 0xc7, 0x1b, 0x03, 0xa4, 0x33, 0x33,
    0xcb, 0x1b, 0x01, 0x33, 0xcf, 0x1b, 0x01, 0x6b, 0xd1, 0x1b, 0x03, 0x01, 0x01, 0x01, 0xd5, 0x1b,
    0x01, 0x1e, 0xd7, 0x1b, 0x01, 0x1f, 0xdc, 0x1b, 0x02, 0x0c, 0x0c, 0x1c, 0x1c, 0x01, 0x33, 0x22,
    0x1c, 0x03, 0xa4, 0xa4, 0x33, 0x26, 0x1c, 0x03, 0x33, 0xa4, 0xa4, 0x2a, 0x1c, 0x02, 0x01, 0x1f,
    0x2d, 0x1c, 0x01, 0x1e, 0x2f, 0x1c, 0x01, 0xfd, 0x35, 0x1c, 0x03, 0xd1, 0xcf, 0xfc, 0x3a, 0x1c,
    0x01, 0x01, 0x3c, 0x1c, 0x07, 0x01, 0x1e, 0x1e, 0x1e, 0x1e, 0x1e, 0x01, 0x45, 0x1c, 0x01, 0x33,
    0x47, 0x1c, 0x01, 0x33, 0x4c, 0x1c, 0x02, 0xa4, 0x97, 0x53, 0x1c, 0x03, 0x01, 0x1e, 0x1e, 0x57,
    0x1c, 0x03, 0x1f, 0x01, 0x01, 0x5e, 0x1c, 0x01, 0x0c, 0x9b, 0x1c, 0x05, 0x0c, 0x33, 0x33, 0x33,
    0x33, 0xa4, 0x1c, 0x03, 0x33, 0x33, 0x33, 0xaa, 0x1c, 0x04, 0xfc, 0xd1, 0xd1, 0xcf, 0xb3, 0x1c,
    0x05, 0xa4, 0xa4, 0x33, 0xa4, 0xfc, 0xbc, 0x1c, 0x01, 0x1e, 0xc2, 0x1c, 0x01, 0x1e, 0xc4, 0x1c,
    0x02, 0xcf, 0x33, 0xca, 0x1c, 0x02, 0xa4, 0xa4, 0xce, 0x1c, 0x02, 0x33, 0x33, 0xd1, 0x1c, 0x01,
    0xa4, 0xd3, 0x1c, 0x01, 0x01, 0xd6, 0x1c, 0x01, 0x1e, 0xd8, 0x1c, 0x08, 0x01, 0xfd, 0xfc, 0xfc,
    0xfc, 0xf0, 0xf1, 0x3f, 0x1b, 0x1d, 0x02, 0x33, 0x33, 0x1e, 0x1d, 0x05, 0x33, 0x33, 0x33, 0x33,
    0xcf, 0x25, 0x1d, 0x01, 0x1e, 0x28, 0x1d, 0x02, 0x1e, 0xfc, 0x2c, 0x1d, 0x03, 0x33, 0x33, 0xa4,
    0x30, 0x1d, 0x05, 0x33, 0x33, 0x33, 0x97, 0xa4, 0x39, 0x1d, 0x01, 0x01, 0x3e, 0x1d, 0x03, 0x1e,
    0x01, 0x01, 0x45, 0x1d, 0x01, 0xcf, 0x47, 0x1d, 0x01, 0x33, 0x4a, 0x1d, 0x04, 0xa4, 0x33, 0x33,
    0x33, 0x50, 0x1d, 0x04, 0x33, 0x33, 0x33, 0xfd, 0x55, 0x1d, 0x0c, 0xee, 0xee, 0xf0, 0xcf, 0x33,
    0x33, 0x33, 0x33, 0x33, 0xcf, 0xcf, 0x75, 0x9b, 0x1d, 0x02, 0x1e, 0x1e, 0xa0, 0x1d, 0x01, 0x01,
    0xa2, 0x1d, 0x01, 0x1e, 0xa4, 0x1d, 0x03, 0x1e, 0x1e, 0x01, 0xb3, 0x1d, 0x02, 0xa4, 0xa4, 0xb6,
    0x1d, 0x03, 0xa4, 0x33, 0xfd, 0xba, 0x1d, 0x01, 0x1e, 0xc4, 0x1d, 0x11, 0x01, 0x01, 0xfc, 0x33,
    0x33, 0x33, 0x33, 0x33, 0x3f, 0x0c, 0x0c, 0xfc, 0xfc, 0xe2, 0xfc, 0xd1, 0xd1, 0xd9, 0x1d, 0x01,
    0xa4, 0xdb, 0x1d, 0x03, 0x33, 0x33, 0x33, 0xe0, 0x1d, 0x03, 0xa4, 0xa4, 0x33, 0x1a, 0x1e, 0x01,
    0xfc, 0x1d, 0x1e, 0x01, 0x01, 0x1f, 0x1e, 0x03, 0x1e, 0x1e, 0x1e, 0x23, 0x1e, 0x03, 0x01, 0x01,
    0x01, 0x2e, 0x1e, 0x07, 0xa4, 0x97, 0x97, 0x33, 0x33, 0x33, 0x33, 0x38, 0x1e, 0x03, 0x33, 0x1e,
    0x1e, 0x3c, 0x1e, 0x06, 0x1e, 0x1e, 0xfc, 0xfd, 0xfc, 0xfc, 0x43, 0x1e, 0x09, 0x0c, 0x0c, 0x0c,
    0x0c, 0xe2, 0xcf, 0xd1, 0xcf, 0xce, 0x4d, 0x1e, 0x01, 0x01, 0x50, 0x1e, 0x01, 0x1e, 0x54, 0x1e,
    0x01, 0x1e, 0x56, 0x1e, 0x01, 0x33, 0x58, 0x1e, 0x02, 0xa4, 0xa4, 0x5b, 0x1e, 0x02, 0x33, 0x33,
    0x5e, 0x1e, 0x02, 0x33, 0xa4, 0x61, 0x1e, 0x01, 0xa4, 0x65, 0x1e, 0x01, 0x0c, 0x99, 0x1e, 0x01,
    0x0c, 0xab, 0x1e, 0x01, 0x33, 0xb5, 0x1e, 0x02, 0x33, 0x33, 0xba, 0x1e, 0x02, 0x33, 0x33, 0xc5,
    0x1e, 0x03, 0xa4, 0xa4, 0xe2, 0xcf, 0x1e, 0x01, 0x1e, 0xd1, 0x1e, 0x01, 0x1e, 0xd3, 0x1e, 0x01,
    0x01, 0xd8, 0x1e, 0x01, 0x33, 0xdf, 0x1e, 0x03, 0xa4, 0xa4, 0x97, 0xe3, 0x1e, 0x03, 0xa4, 0x33,
    0x33, 0x19, 0x1f, 0x01, 0xfc, 0x1b, 0x1f, 0x02, 0x01, 0x1e, 0x1f, 0x1f, 0x02, 0x1e, 0x1e, 0x2b,
    0x1f, 0x01, 0x33, 0x37, 0x1f, 0x02, 0x1e, 0x1e, 0x3d, 0x1f, 0x02, 0xa4, 0xa4, 0x40, 0x1f, 0x02,
    0x97, 0x97, 0x43, 0x1f, 0x03, 0x33, 0x33, 0xa4, 0x47, 0x1f, 0x03, 0x33, 0xcf, 0xfc, 0x4e, 0x1f,
    0x01, 0x1e, 0x59, 0x1f, 0x01, 0x33, 0x5c, 0x1f, 0x01, 0xa4, 0x61, 0x1f, 0x04, 0xa4, 0xa4, 0xa4,
    0xa4, 0x67, 0x1f, 0x01, 0x33, 0x98, 0x1f, 0x02, 0x0c, 0x01, 0x9f, 0x1f, 0x05, 0x01, 0xfd, 0xfd,
    0xfc, 0xfc, 0xa6, 0x1f, 0x04, 0x33, 0x33, 0x3f, 0xe2, 0xab, 0x1f, 0x01, 0x1e, 0xb6, 0x1f, 0x01,
    0x01, 0xc4, 0x1f, 0x01, 0xa4, 0xc6, 0x1f, 0x01, 0xa4, 0xc9, 0x1f, 0x02, 0xcf, 0xfc, 0xd0, 0x1f,
    0x01, 0x1e, 0xd9, 0x1f, 0x03, 0x01, 0x33, 0xa4, 0xdd, 0x1f, 0x03, 0xa4, 0x97, 0x33, 0xe2, 0x1f,
    0x03, 0x33, 0x33, 0x33, 0xe7, 0x1f, 0x04, 0xcf, 0xcf, 0xfc, 0xe2, 0x17, 0x20, 0x01, 0x0c, 0x19,
    0x20, 0x08, 0xe2, 0x1e, 0xfc, 0x33, 0x33, 0x33, 0x3f, 0x3f, 0x27, 0x20, 0x01, 0xa4, 0x29, 0x20,
    0x01, 0xfc, 0x2d, 0x20, 0x01, 0x01, 0x2f, 0x20, 0x01, 0x01, 0x32, 0x20, 0x01, 0x1e, 0x34, 0x20,
    0x02, 0x1e, 0x01, 0x37, 0x20, 0x01, 0x1e, 0x3a, 0x20, 0x01, 0x33, 0x44, 0x20, 0x01, 0xa4, 0x4a,
    0x20, 0x01, 0x97, 0x4d, 0x20, 0x01, 0x1e, 0x50, 0x20, 0x01, 0x1e, 0x53, 0x20, 0x01, 0x01, 0x57,
    0x20, 0x01, 0x1e, 0x59, 0x20, 0x02, 0x01, 0x1e, 0x5c, 0x20, 0x0c, 0x33, 0x33, 0x33, 0x33, 0xcf,
    0xfd, 0xfd, 0xfc, 0xfc, 0xcf, 0xd1, 0x1e, 0x6a, 0x20, 0x04, 0x1e, 0x1e, 0xfc, 0x0c, 0x97, 0x20,
    0x01, 0x0c, 0xa0, 0x20, 0x01, 0xa4, 0xa2, 0x20, 0x02, 0xa4, 0xa4, 0xa5, 0x20, 0x01, 0x33, 0xa9,
    0x20, 0x01, 0xfc, 0xac, 0x20, 0x01, 0x01, 0xae, 0x20, 0x03, 0x01, 0x1e, 0x1e, 0xb3, 0x20, 0x01,
    0x01, 0xb5, 0x20, 0x01, 0x01, 0xba, 0x20, 0x01, 0xfd, 0xc1, 0x20, 0x06, 0xa4, 0xa4, 0x97, 0xa4,
    0x97, 0xa4, 0xc8, 0x20, 0x02, 0x33, 0x33, 0xcb, 0x20, 0x01, 0x33, 0xcd, 0x20, 0x01, 0x1e, 0xd0,
    0x20, 0x02, 0x1e, 0x01, 0xd3, 0x20, 0x01, 0x01, 0xd5, 0x20, 0x0b, 0xfc, 0xfc, 0xfc, 0xe2, 0x33,
    0x33, 0x33, 0x33, 0x33, 0x1e, 0x1e, 0xe8, 0x20, 0x01, 0x1e, 0xeb, 0x20, 0x01, 0x1e, 0xee, 0x20,
    0x01, 0xfc, 0x16, 0x21, 0x05, 0x0c, 0x97, 0xa4, 0xa4, 0xa4, 0x1d, 0x21, 0x04, 0x33, 0x97, 0xa4,
    0x33, 0x22, 0x21, 0x01, 0x33, 0x24, 0x21, 0x02, 0x33, 0x33, 0x29, 0x21, 0x01, 0xfc, 0x2b, 0x21,
    0x01, 0x01, 0x2d, 0x21, 0x01, 0x1f, 0x32, 0x21, 0x01, 0x1f, 0x34, 0x21, 0x01, 0x01, 0x39, 0x21,
    0x01, 0x01, 0x3b, 0x21, 0x01, 0x33, 0x3e, 0x21, 0x03, 0xa4, 0x33, 0x33, 0x4c, 0x21, 0x01, 0xcf,
    0x4e, 0x21, 0x02, 0xe2, 0xfc, 0x51, 0x21, 0x04, 0x33, 0x33, 0x33, 0xcf, 0x5d, 0x21, 0x02, 0xa4,
    0xa4, 0x68, 0x21, 0x01, 0x1e, 0x6c, 0x21, 0x01, 0x1e, 0x6f, 0x21, 0x02, 0x01, 0x0c, 0x96, 0x21,
    0x02, 0x3f, 0x33, 0x9b, 0x21, 0x03, 0xa4, 0x33, 0x33, 0xa2, 0x21, 0x04, 0xa4, 0x33, 0x33, 0xa4,
    0xa8, 0x21, 0x04, 0x33, 0xfc, 0x01, 0x01, 0xad, 0x21, 0x01, 0x01, 0xb0, 0x21, 0x03, 0x1e, 0x1e,
    0x1e, 0xbb, 0x21, 0x01, 0x33, 0xbf, 0x21, 0x01, 0xa4, 0xcb, 0x21, 0x03, 0xfc, 0x1e, 0xd1, 0xd5,
    0x21, 0x01, 0xa4, 0xd7, 0x21, 0x01, 0xa4, 0xd9, 0x21, 0x04, 0xa4, 0xa4, 0x33, 0x33, 0xe0, 0x21,
    0x01, 0xfc, 0xe7, 0x21, 0x01, 0x1e, 0xf1, 0x21, 0x02, 0xfc, 0x0c, 0x15, 0x22, 0x02, 0x0c, 0x3f,
    0x23, 0x22, 0x08, 0xa4, 0x33, 0xa4, 0xa4, 0xa4, 0x33, 0xfc, 0x01, 0x2c, 0x22, 0x02, 0x1f, 0x1e,
    0x2f, 0x22, 0x04, 0x1e, 0x1e, 0x1e, 0x01, 0x34, 0x22, 0x01, 0x01, 0x38, 0x22, 0x01, 0x1e, 0x3a,
    0x22, 0x03, 0x01, 0xfc, 0xd1, 0x3e, 0x22, 0x03, 0xa4, 0x33, 0x33, 0x43, 0x22, 0x02, 0x33, 0x01,
    0x47, 0x22, 0x02, 0x1e, 0x1e, 0x4a, 0x22, 0x06, 0x01, 0x1e, 0x01, 0xe2, 0x97, 0xa4, 0x52, 0x22,
    0x01, 0xa4, 0x54, 0x22, 0x04, 0x33, 0x33, 0x33, 0x33, 0x59, 0x22, 0x01, 0x33, 0x5b, 0x22, 0x01,
    0x33, 0x60, 0x22, 0x02, 0x33, 0xfc, 0x6b, 0x22, 0x02, 0x1e, 0x01, 0x73, 0x22, 0x02, 0xfd, 0x0c,
    0x95, 0x22, 0x02, 0x3f, 0x33, 0x9e, 0x22, 0x05, 0xa4, 0xa4, 0xa4, 0xa4, 0xa4, 0xa5, 0x22, 0x02,
    0x33, 0x33, 0xa8, 0x22, 0x05, 0x97, 0xfd, 0x1f, 0x1f, 0x1e, 0xae, 0x22, 0x06, 0x1e, 0x1e, 0x1f,
    0x01, 0x01, 0x01, 0xb6, 0x22, 0x05, 0xfc, 0xfc, 0xfc, 0xfc, 0xe2, 0xbc, 0x22, 0x04, 0xe2, 0x1e,
    0x1e, 0x1e, 0xc1, 0x22, 0x04, 0x01, 0x01, 0x01, 0x01, 0xc6, 0x22, 0x01, 0x1e, 0xc8, 0x22, 0x02,
    0x1e, 0x1e, 0xcc, 0x22, 0x03, 0x01, 0x1e, 0xfc, 0xd0, 0x22, 0x03, 0x33, 0x33, 0x33, 0xdb, 0x22,
    0x01, 0xa4, 0xdd, 0x22, 0x02, 0x97, 0xa4, 0xe1, 0x22, 0x02, 0x33, 0xcf, 0xe4, 0x22, 0x01, 0x01,
    0xe6, 0x22, 0x02, 0x1f, 0x1e, 0xec, 0x22, 0x03, 0x01, 0x01, 0x01, 0xf2, 0x22, 0x01, 0x1e, 0xf5,
    0x22, 0x02, 0xf0, 0x0c, 0x14, 0x23, 0x02, 0x0c, 0x3f, 0x19, 0x23, 0x04, 0xa4, 0xa4, 0x33, 0x33,
    0x20, 0x23, 0x05, 0xa4, 0xa4, 0xa4, 0xa4, 0xa4, 0x26, 0x23, 0x05, 0x33, 0x33, 0x33, 0xcf, 0x1f,
    0x2d, 0x23, 0x0a, 0x1e, 0xe2, 0xfc, 0xfc, 0xfd, 0x01, 0xfc, 0x33, 0x33, 0x33, 0x3b, 0x23, 0x03,
    0xa4, 0xcf, 0x6b, 0x41, 0x23, 0x04, 0x01, 0x01, 0x01, 0x01, 0x47, 0x23, 0x01, 0x1e, 0x49, 0x23,
    0x02, 0x1e, 0x1e, 0x4c, 0x23, 0x02, 0x01, 0x1e, 0x4f, 0x23, 0x02, 0xcf, 0x33, 0x5b, 0x23, 0x03,
    0xa4, 0x33, 0xa4, 0x63, 0x23, 0x02, 0x6b, 0xfc, 0x67, 0x23, 0x02, 0x1e, 0x1e, 0x6c, 0x23, 0x01,
    0x1f, 0x74, 0x23, 0x01, 0x01, 0x76, 0x23, 0x03, 0xe2, 0xee, 0x0c, 0x93, 0x23, 0x05, 0xf0, 0x0c,
    0x33, 0x33, 0x33, 0x9a, 0x23, 0x01, 0xa4, 0x9c, 0x23, 0x01, 0x33, 0xa5, 0x23, 0x05, 0x33, 0x33,
    0x33, 0x33, 0xd1, 0xac, 0x23, 0x04, 0xcf, 0x33, 0x33, 0x33, 0xb6, 0x23, 0x05, 0xa4, 0xa4, 0x33,
    0x33, 0xa4, 0xbd, 0x23, 0x01, 0xfc, 0xc1, 0x23, 0x01, 0x01, 0xc3, 0x23, 0x01, 0x01, 0xc5, 0x23,
    0x02, 0x1e, 0x1e, 0xc9, 0x23, 0x01, 0x1e, 0xcb, 0x23, 0x01, 0x01, 0xd0, 0x23, 0x02, 0xcf, 0x33,
    0xe0, 0x23, 0x08, 0xa4, 0xa4, 0xa4, 0xa4, 0xfc, 0xfd, 0x01, 0x1f, 0xef, 0x23, 0x01, 0x01, 0xf4,
    0x23, 0x05, 0x1e, 0xfd, 0xfd, 0xe2, 0xdf, 0x13, 0x24, 0x03, 0x0c, 0x3f, 0xcf, 0x17, 0x24, 0x03,
    0x33, 0x97, 0x33, 0x1d, 0x24, 0x04, 0x33, 0x33, 0x33, 0x33, 0x24, 0x24, 0x06, 0xcf, 0xcf, 0xfc,
    0xe2, 0x33, 0x33, 0x30, 0x24, 0x03, 0xa4, 0xa4, 0x33, 0x34, 0x24, 0x01, 0x97, 0x36, 0x24, 0x02,
    0x97, 0x97, 0x39, 0x24, 0x01, 0x33, 0x3c, 0x24, 0x02, 0x33, 0xcf, 0x41, 0x24, 0x01, 0x01, 0x43,
    0x24, 0x01, 0x01, 0x46, 0x24, 0x01, 0x1e, 0x4b, 0x24, 0x01, 0x01, 0x50, 0x24, 0x02, 0xfc, 0xcf,
    0x59, 0x24, 0x01, 0xa4, 0x5c, 0x24, 0x05, 0xa4, 0x33, 0xa4, 0x97, 0x33, 0x62, 0x24, 0x02, 0x33,
    0x33, 0x65, 0x24, 0x03, 0x33, 0xcf, 0x01, 0x6b, 0x24, 0x03, 0x1e, 0x1e, 0x01, 0x70, 0x24, 0x0b,
    0xfc, 0xfc, 0xfc, 0x23, 0x6b, 0x6b, 0x6b, 0x6a, 0xee, 0xf0, 0x0c, 0x92, 0x24, 0x15, 0xf0, 0x3f,
    0x0c, 0x33, 0x33, 0x33, 0xa4, 0x33, 0xa4, 0xce, 0xcf, 0xcf, 0xcf, 0xcf, 0xfc, 0xfc, 0xe2, 0xcf,
    0x1e, 0x1f, 0x1e, 0xa8, 0x24, 0x05, 0x6a, 0x75, 0xa4, 0xa4, 0xa4, 0xaf, 0x24, 0x02, 0x97, 0x97,
    0xb3, 0x24, 0x05, 0x33, 0x33, 0x33, 0x33, 0x33, 0xbd, 0x24, 0x02, 0xcf, 0xfc, 0xc0, 0x24, 0x02,
    0x01, 0x01, 0xc3, 0x24, 0x02, 0x01, 0x1e, 0xc6, 0x24, 0x01, 0x1e, 0xc8, 0x24, 0x04, 0x1f, 0x01,
    0x01, 0x01, 0xd0, 0x24, 0x03, 0x01, 0xfc, 0xce, 0xd6, 0x24, 0x07, 0xa4, 0xa4, 0xa4, 0xa4, 0x33,
    0x33, 0x33, 0xe6, 0x24, 0x03, 0x33, 0xcf, 0xfc, 0xea, 0x24, 0x11, 0x1e, 0xe2, 0xfc, 0xe2, 0x01,
    0x22, 0x6a, 0x6a, 0x6a, 0x6a, 0x6b, 0x9c, 0x33, 0x97, 0x0c, 0xd3, 0x9b, 0x12, 0x25, 0x0c, 0xee,
    0xf0, 0xfc, 0xcf, 0xcf, 0xcf, 0xcf, 0xfd, 0xfd, 0xfc, 0xcf, 0x01, 0x20, 0x25, 0x01, 0x1e, 0x22,
    0x25, 0x01, 0x1e, 0x25, 0x25, 0x02, 0x1e, 0x1f, 0x28, 0x25, 0x05, 0xfc, 0xfc, 0x97, 0x33, 0x33,
    0x2f, 0x25, 0x02, 0x33, 0x33, 0x37, 0x25, 0x02, 0x33, 0xa4, 0x3a, 0x25, 0x02, 0xa4, 0xa4, 0x3d,
    0x25, 0x02, 0x33, 0xfc, 0x40, 0x25, 0x02, 0x01, 0x01, 0x43, 0x25, 0x01, 0x01, 0x48, 0x25, 0x04,
    0x1f, 0x01, 0x01, 0x01, 0x50, 0x25, 0x09, 0x01, 0x01, 0x6a, 0xcf, 0x97, 0xa4, 0x33, 0x33, 0x33,
    0x68, 0x25, 0x12, 0xfc, 0xe2, 0x3d, 0x75, 0xcf, 0x6a, 0x6a, 0x72, 0x33, 0x33, 0x97, 0xbf, 0xa4,
    0xc6, 0x62, 0xc7, 0x9a, 0x83, 0x91, 0x25, 0x08, 0x0c, 0xf0, 0xee, 0xfc, 0xfc, 0xcf, 0x1f, 0x01,
    0x9a, 0x25, 0x04, 0x01, 0x01, 0x1f, 0x1e, 0x9f, 0x25, 0x01, 0x1e, 0xa1, 0x25, 0x02, 0x1e, 0x1f,
    0xa7, 0x25, 0x04, 0x1e, 0xcf, 0xcf, 0x33, 0xb6, 0x25, 0x02, 0xa4, 0x33, 0xb9, 0x25, 0x03, 0x33,
    0x33, 0xa4, 0xbd, 0x25, 0x02, 0x33, 0xcf, 0xc0, 0x25, 0x01, 0x01, 0xc2, 0x25, 0x01, 0x1f, 0xc4,
    0x25, 0x02, 0x1e, 0x1e, 0xc7, 0x25, 0x06, 0x1e, 0x1f, 0x01, 0x01, 0x01, 0x01, 0xd3, 0x25, 0x03,
    0xfc, 0xfd, 0x33, 0xd8, 0x25, 0x03, 0xa4, 0x33, 0xa4, 0xe2, 0x25, 0x18, 0x33, 0x33, 0xcf, 0xec,
    0xa4, 0xa4, 0xa5, 0x74, 0x8f, 0x97, 0x60, 0xec, 0xf7, 0xa4, 0xf6, 0x62, 0xc7, 0xde, 0x31, 0xa4,
    0x62, 0x9b, 0x6c, 0x6c, 0x11, 0x26, 0x04, 0xf0, 0xf0, 0xfc, 0x1e, 0x16, 0x26, 0x02, 0x1f, 0x01,
    0x1a, 0x26, 0x05, 0x01, 0x01, 0x1e, 0x1e, 0x1e, 0x20, 0x26, 0x03, 0x1e, 0x1f, 0x1e, 0x26, 0x26,
    0x04, 0x1e, 0xfc, 0xcf, 0xcf, 0x38, 0x26, 0x03, 0xa4, 0xa4, 0xa4, 0x3d, 0x26, 0x04, 0xa4, 0xcf,
    0xfc, 0x01, 0x42, 0x26, 0x01, 0x1e, 0x44, 0x26, 0x01, 0x1e, 0x46, 0x26, 0x02, 0x1e, 0x1e, 0x49,
    0x26, 0x01, 0x01, 0x4b, 0x26, 0x02, 0x01, 0x01, 0x52, 0x26, 0x04, 0x1e, 0xfc, 0xce, 0x33, 0x57,
    0x26, 0x02, 0x33, 0x33, 0x5d, 0x26, 0x19, 0x33, 0x33, 0xcf, 0xec, 0xa4, 0xa4, 0x96, 0x33, 0x96,
    0x73, 0x9c, 0xbf, 0xf7, 0xf7, 0x01, 0x62, 0xc7, 0xde, 0xf7, 0xa4, 0x62, 0xc6, 0xf7, 0x31, 0x62,
    0x77, 0x26, 0x03, 0x5d, 0x5d, 0x5d, 0x90, 0x26, 0x03, 0x0c, 0xf0, 0xf0, 0x95, 0x26, 0x02, 0x01,
    0x01, 0x99, 0x26, 0x05, 0x01, 0x01, 0x1e, 0x1e, 0x1e, 0x9f, 0x26, 0x03, 0x1e, 0x1e, 0x1e, 0xa3,
    0x26, 0x01, 0x01, 0xa7, 0x26, 0x03, 0xfc, 0xcf, 0xcf, 0xb8, 0x26, 0x02, 0xa4, 0xa4, 0xbc, 0x26,
    0x07, 0x97, 0x97, 0x33, 0xfd, 0x01, 0x01, 0x1f, 0xc8, 0x26, 0x04, 0x1f, 0x01, 0x01, 0x01, 0xd4,
    0x26, 0x03, 0xfc, 0xcf, 0x33, 0xd8, 0x26, 0x0b, 0x33, 0x33, 0xcf, 0xec, 0xa4, 0x97, 0x96, 0x33,
    0x6a, 0x50, 0xbf, 0xe4, 0x26, 0x07, 0xa4, 0x01, 0xf6, 0xf6, 0xf6, 0x31, 0x31, 0xed, 0x26, 0x04,
    0x31, 0x31, 0x31, 0xc6, 0xf3, 0x26, 0x06, 0x5d, 0x5d, 0x3f, 0x9b, 0x5d, 0x5d, 0x10, 0x27, 0x03,
    0xf0, 0xf0, 0xfc, 0x14, 0x27, 0x03, 0x01, 0x01, 0x01, 0x18, 0x27, 0x04, 0x01, 0x1f, 0x1e, 0x1e,
    0x1e, 0x27, 0x03, 0x1e, 0x1e, 0x1e, 0x22, 0x27, 0x02, 0x01, 0x01, 0x26, 0x27, 0x04, 0x01, 0xfc,
    0xcf, 0xcf, 0x32, 0x27, 0x02, 0xa4, 0xa4, 0x35, 0x27, 0x02, 0xa4, 0xa4, 0x38, 0x27, 0x03, 0x97,
    0x97, 0xa4, 0x3c, 0x27, 0x05, 0x33, 0x33, 0x33, 0xce, 0xfd, 0x42, 0x27, 0x01, 0x1e, 0x48, 0x27,
    0x04, 0x1f, 0x01, 0x01, 0x01, 0x51, 0x27, 0x0d, 0x1e, 0x1e, 0xfc, 0xe2, 0xec, 0xa4, 0x97, 0x96,
    0x97, 0x49, 0x50, 0xf7, 0xf7, 0x5f, 0x27, 0x0d, 0x01, 0xf6, 0xf6, 0x18, 0xc6, 0x31, 0x31, 0x62,
    0x62, 0x31, 0x31, 0xc6, 0xc6, 0x6e, 0x27, 0x0b, 0x5d, 0x3f, 0x9b, 0x5d, 0x5d, 0x5d, 0x9b, 0x5d,
    0x5d, 0x5d, 0x5d, 0x8f, 0x27, 0x03, 0x0c, 0xf0, 0xf0, 0x93, 0x27, 0x02, 0x01, 0x01, 0x96, 0x27,
    0x05, 0x01, 0x1f, 0x01, 0x1e, 0x1e, 0x9c, 0x27, 0x04, 0x1f, 0x1f, 0x1f, 0x1e, 0xa5, 0x27, 0x05,
    0x01, 0x01, 0xfc, 0xcf, 0xce, 0xaf, 0x27, 0x01, 0xa4, 0xb1, 0x27, 0x03, 0x33, 0x97, 0xa4, 0xb6,
    0x27, 0x05, 0x33, 0x33, 0x33, 0x33, 0x33, 0xbf, 0x27, 0x04, 0xcf, 0xcf, 0x01, 0x1e, 0xc5, 0x27,
    0x02, 0x1e, 0x1e, 0xc8, 0x27, 0x01, 0x01, 0xcb, 0x27, 0x01, 0x01, 0xce, 0x27, 0x10, 0xfc, 0xe2,
    0xdf, 0x97, 0x97, 0x6a, 0x49, 0x01, 0x18, 0xf6, 0xa4, 0x01, 0xf6, 0xef, 0xef, 0xc6, 0xdf, 0x27,
    0x07, 0x62, 0x62, 0xc6, 0x53, 0xa4, 0x31, 0x31, 0xe9, 0x27, 0x0a, 0x33, 0x9b, 0x9b, 0x5d, 0x5d,
    0x5d, 0x9b, 0x5d, 0x5d, 0x5d, 0x0f, 0x28, 0x06, 0xf0, 0xf0, 0xf0, 0x01, 0x01, 0x1e, 0x16, 0x28,
    0x09, 0x1f, 0x1f, 0x1e, 0x1e, 0x1e, 0x1f, 0x1f, 0x1f, 0x1e, 0x20, 0x28, 0x01, 0x01, 0x25, 0x28,
    0x05, 0x01, 0x1e, 0xcf, 0xce, 0xce, 0x2b, 0x28, 0x02, 0xa4, 0xa4, 0x2f, 0x28, 0x05, 0x33, 0xa4,
    0xa4, 0x33, 0x33, 0x3f, 0x28, 0x03, 0x33, 0xcf, 0xe2, 0x45, 0x28, 0x01, 0x1e, 0x47, 0x28, 0x03,
    0x01, 0x01, 0xfc, 0x4b, 0x28, 0x05, 0xdf, 0x97, 0x6b, 0x49, 0x01, 0x51, 0x28, 0x05, 0x18, 0xf6,
    0xf6, 0xa5, 0xef, 0x58, 0x28, 0x07, 0x62, 0xa4, 0xc6, 0x31, 0x31, 0xa4, 0xa4, 0x62, 0x28, 0x02,
    0xc6, 0x62, 0x65, 0x28, 0x09, 0x5d, 0x3f, 0x5d, 0x5d, 0x5d, 0x5d, 0x5d, 0x0c, 0x05, 0x8e, 0x28,
    0x05, 0x0c, 0xf0, 0xf1, 0xfd, 0x01, 0x94, 0x28, 0x03, 0x1e, 0x1f, 0x1f, 0x98, 0x28, 0x01, 0x1e,
    0x9a, 0x28, 0x04, 0x1f, 0x1f, 0x1e, 0x01, 0x9f, 0x28, 0x01, 0x01, 0xa3, 0x28, 0x01, 0x01, 0xa6,
    0x28, 0x07, 0x1e, 0x6b, 0x6a, 0xcf, 0xa4, 0x97, 0x97, 0xaf, 0x28, 0x02, 0x33, 0x33, 0xbf, 0x28,
    0x04, 0x33, 0xcf, 0xd1, 0x1e, 0xc6, 0x28, 0x09, 0xdf, 0x6b, 0x48, 0x01, 0x01, 0xa4, 0x19, 0xf6,
    0xf7, 0xd0, 0x28, 0x01, 0x18, 0xd4, 0x28, 0x06, 0x62, 0x31, 0x31, 0xf7, 0xc6, 0x62, 0xde, 0x28,
    0x0a, 0x62, 0x62, 0x9b, 0x5d, 0x5d, 0x3f, 0x5d, 0x5d, 0x5d, 0x5d, 0x0e, 0x29, 0x05, 0xf0, 0xf0,
    0xf1, 0x01, 0x1e, 0x14, 0x29, 0x0a, 0x1f, 0x1f, 0x1f, 0x1e, 0x1e, 0x1f, 0x1f, 0x1e, 0x1e, 0x01,
    0x1f, 0x29, 0x01, 0x01, 0x23, 0x29, 0x01, 0x01, 0x25, 0x29, 0x08, 0x1e, 0x1f, 0xfd, 0xcf, 0xd1,
    0x33, 0x33, 0x33, 0x3d, 0x29, 0x02, 0x33, 0x33, 0x40, 0x29, 0x03, 0xfc, 0xdf, 0x48, 0x44, 0x29,
    0x02, 0xa5, 0xa5, 0x47, 0x29, 0x03, 0x19, 0xf6, 0xf7, 0x4b, 0x29, 0x01, 0xf7, 0x4d, 0x29, 0x02,
    0x53, 0x53, 0x50, 0x29, 0x04, 0x62, 0x31, 0x31, 0x31, 0x55, 0x29, 0x01, 0xc6, 0x57, 0x29, 0x0c,
    0x62, 0x62, 0xc6, 0x51, 0x5d, 0x5d, 0x9b, 0x3f, 0x5d, 0x5d, 0x5d, 0x5d, 0x8d, 0x29, 0x05, 0xf0,
    0xf0, 0xf0, 0xfd, 0x1f, 0x93, 0x29, 0x0e, 0x1f, 0x1f, 0x1f, 0x01, 0x1e, 0x1e, 0x1f, 0x1f, 0x01,
    0x1e, 0x1e, 0x01, 0x01, 0x01, 0xa7, 0x29, 0x09, 0xcf, 0xcf, 0xcf, 0x33, 0x33, 0xa4, 0xa4, 0xa4,
    0xa4, 0xb7, 0x29, 0x07, 0x33, 0x33, 0x33, 0xfc, 0xdf, 0xdf, 0x48, 0xbf, 0x29, 0x01, 0x01, 0xc3,
    0x29, 0x0a, 0xf7, 0x53, 0x53, 0xa4, 0x53, 0xf7, 0xf7, 0xa4, 0x31, 0x31, 0xcf, 0x29, 0x02, 0xa4,
    0xa4, 0xd4, 0x29, 0x01, 0x62, 0xd6, 0x29, 0x07, 0x5d, 0x5d, 0x9b, 0x5d, 0x5d, 0x5d, 0x5d, 0x0c,
    0x2a, 0x10, 0x0c, 0xf1, 0xf1, 0xf1, 0x1e, 0x1e, 0x1f, 0x1f, 0x1f, 0x1e, 0x1e, 0x1e, 0x1f, 0x1f,
    0x01, 0x1e, 0x1d, 0x2a, 0x03, 0x01, 0x01, 0x01, 0x22, 0x2a, 0x02, 0x1e, 0x01, 0x25, 0x2a, 0x07,
    0x1e, 0xe2, 0xcf, 0xce, 0xcf, 0xa4, 0xa4, 0x2d, 0x2a, 0x02, 0x33, 0x33, 0x31, 0x2a, 0x07, 0x33,
    0x33, 0x33, 0xcf, 0xdf, 0x97, 0x97, 0x3a, 0x2a, 0x02, 0xa5, 0x01, 0x41, 0x2a, 0x01, 0xf7, 0x43,
    0x2a, 0x03, 0xf7, 0x53, 0x53, 0x49, 0x2a, 0x01, 0xc6, 0x4b, 0x2a, 0x01, 0xc6, 0x4d, 0x2a, 0x02,
    0x62, 0xc6, 0x50, 0x2a, 0x01, 0x62, 0x52, 0x2a, 0x06, 0x5d, 0x5d, 0x5d, 0x5d, 0x0c, 0x05, 0x8c,
    0x2a, 0x09, 0xf1, 0xf0, 0xf0, 0xfc, 0x1e, 0x1f, 0x1e, 0x1f, 0x1e, 0x96, 0x2a, 0x05, 0x1e, 0x1f,
    0x1f, 0x01, 0x1e, 0x9c, 0x2a, 0x04, 0x01, 0x01, 0x01, 0x1e, 0xa1, 0x2a, 0x01, 0x1e, 0xa5, 0x2a,
    0x16, 0x1e, 0xfc, 0xce, 0xcf, 0xcf, 0x33, 0x33, 0x33, 0xcf, 0xec, 0xec, 0x97, 0x97, 0x97, 0x01,
    0x01, 0xa5, 0x19, 0x19, 0xef, 0xf7, 0xa4, 0xc3, 0x2a, 0x02, 0xc6, 0x62, 0xc6, 0x2a, 0x02, 0xa4,
    0xc6, 0xc9, 0x2a, 0x02, 0xc6, 0xa4, 0xce, 0x2a, 0x04, 0x5d, 0x9b, 0x3f, 0x5d, 0x0b, 0x2b, 0x08,
    0x0c, 0xf1, 0xf0, 0xf0, 0xe2, 0x1f, 0x1f, 0x01, 0x14, 0x2b, 0x06, 0x1e, 0x1e, 0x1f, 0x01, 0x01,
    0x1e, 0x1b, 0x2b, 0x05, 0x01, 0x01, 0x01, 0x1e, 0x1e, 0x24, 0x2b, 0x03, 0xfc, 0xfc, 0xfd, 0x28,
    0x2b, 0x0c, 0x3d, 0x75, 0xa4, 0x33, 0x96, 0x96, 0x01, 0x01, 0x19, 0xf6, 0xa5, 0xef, 0x35, 0x2b,
    0x03, 0xf7, 0x53, 0xf7, 0x39, 0x2b, 0x02, 0xf7, 0x62, 0x40, 0x2b, 0x02, 0x62, 0xc6, 0x43, 0x2b,
    0x04, 0xc6, 0x62, 0xc6, 0x62, 0x49, 0x2b, 0x03, 0xc6, 0x5d, 0x5d, 0x8b, 0x2b, 0x06, 0xf1, 0xf0,
    0xee, 0xee, 0x01, 0x1e, 0x93, 0x2b, 0x0a, 0x1e, 0x1e, 0x1f, 0x1f, 0x01, 0x1e, 0x01, 0x01, 0x01,
    0x01, 0x9e, 0x2b, 0x03, 0xfc, 0xfc, 0xfc, 0xa2, 0x2b, 0x09, 0x3d, 0x23, 0x75, 0x6b, 0x97, 0x96,
    0x96, 0x49, 0x18, 0xac, 0x2b, 0x02, 0xa5, 0xf6, 0xaf, 0x2b, 0x01, 0x18, 0xb2, 0x2b, 0x05, 0xa4,
    0xa4, 0x62, 0x31, 0x31, 0xb9, 0x2b, 0x01, 0xc6, 0xbb, 0x2b, 0x02, 0x62, 0xa4, 0x0a, 0x2c, 0x06,
    0x0c, 0xf0, 0xee, 0xee, 0xe2, 0x1f, 0x12, 0x2c, 0x04, 0x1e, 0x1f, 0x1f, 0x01, 0x17, 0x2c, 0x20,
    0xfc, 0xfc, 0xfd, 0x01, 0x22, 0x23, 0x6b, 0x6b, 0x6b, 0x6b, 0x96, 0x96, 0x96, 0x49, 0x01, 0x01,
    0xf6, 0xa5, 0x01, 0xef, 0xf7, 0x53, 0x53, 0x62, 0xc6, 0x31, 0x31, 0xf7, 0x53, 0x62, 0x62, 0xc6,
    0x39, 0x2c, 0x01, 0xc6, 0x3b, 0x2c, 0x02, 0x62, 0xc6, 0x40, 0x2c, 0x02, 0x5d, 0x5d, 0x8a, 0x2c,
    0x05, 0xf0, 0xee, 0xf0, 0xf0, 0x1f, 0x90, 0x2c, 0x16, 0x1e, 0xe2, 0xfc, 0xe2, 0x1e, 0x23, 0x23,
    0x6b, 0x6a, 0x6a, 0x6a, 0x6a, 0x6a, 0x97, 0x96, 0x49, 0x01, 0x18, 0xbc, 0xf6, 0xf6, 0xef, 0xa8,
    0x2c, 0x04, 0x31, 0xc6, 0x31, 0x53, 0xae, 0x2c, 0x03, 0x62, 0x62, 0xc6, 0xb2, 0x2c, 0x01, 0xc6,
    0xb4, 0x2c, 0x01, 0x62, 0xb7, 0x2c, 0x01, 0x62, 0xbb, 0x2c, 0x02, 0x0c, 0x05, 0x09, 0x2d, 0x04,
    0x0c, 0xee, 0x0c, 0x0c, 0x0e, 0x2d, 0x0e, 0x23, 0x3d, 0x75, 0x6b, 0x75, 0x75, 0x6a, 0x6b, 0x6a,
    0x6b, 0x96, 0x96, 0x50, 0x18, 0x1d, 0x2d, 0x04, 0xa5, 0xf6, 0xf6, 0xbc, 0x23, 0x2d, 0x02, 0x53,
    0xf7, 0x27, 0x2d, 0x09, 0x31, 0x62, 0xc6, 0xc6, 0x62, 0x62, 0xc6, 0xc6, 0x62, 0x31, 0x2d, 0x01,
    0x62, 0x34, 0x2d, 0x04, 0xc6, 0x5d, 0x0c, 0x05, 0x89, 0x2d, 0x14, 0x9b, 0x9b, 0x9b, 0x9b, 0x6b,
    0xd1, 0x74, 0x6a, 0x74, 0x6a, 0x8f, 0x8f, 0xec, 0xf7, 0xf7, 0xf6, 0xa4, 0xa5, 0x18, 0xf7, 0x9e,
    0x2d, 0x04, 0x53, 0xf7, 0xf7, 0x53, 0xa7, 0x2d, 0x03, 0xc6, 0x62, 0xc6, 0xac, 0x2d, 0x07, 0xc6,
    0x62, 0xc6, 0x33, 0x5d, 0x5d, 0x5d, 0x0a, 0x2e, 0x07, 0x83, 0x6c, 0x60, 0x82, 0x97, 0x33, 0xec,
    0x13, 0x2e, 0x04, 0xf6, 0xf6, 0x01, 0xbc, 0x18, 0x2e, 0x06, 0xf7, 0x62, 0xc6, 0x31, 0xf7, 0x53,
    0x1f, 0x2e, 0x02, 0xc6, 0x62, 0x23, 0x2e, 0x04, 0x62, 0xa4, 0xc6, 0xc6, 0x29, 0x2e, 0x05, 0x51,
    0x9e, 0x5d, 0x0c, 0x05, 0x8a, 0x2e, 0x04, 0x6c, 0x6c, 0x6c, 0xf7, 0x8f, 0x2e, 0x0f, 0xa5, 0xc7,
    0xc6, 0x62, 0x31, 0x31, 0x62, 0xa4, 0x31, 0xc6, 0x62, 0x62, 0x62, 0xc6, 0xc6, 0x9f, 0x2e, 0x02,
    0x62, 0xc6, 0xa5, 0x2e, 0x04, 0x5d, 0x5d, 0x5d, 0x5d, 0x0b, 0x2f, 0x05, 0x5d, 0x5d, 0xde, 0x31,
    0xf7, 0x11, 0x2f, 0x01, 0xa4, 0x13, 0x2f, 0x02, 0xf7, 0xf7, 0x16, 0x2f, 0x02, 0xc6, 0x62, 0x19,
    0x2f, 0x03, 0x62, 0x62, 0xc6, 0x1d, 0x2f, 0x08, 0xc6, 0x62, 0x5d, 0x9b, 0x5d, 0x5d, 0x5d, 0x0c,
    0x8b, 0x2f, 0x06, 0x5d, 0x5d, 0x5d, 0x31, 0xf7, 0x53, 0x92, 0x2f, 0x02, 0xc6, 0x62, 0x96, 0x2f,
    0x0a, 0x33, 0x9e, 0x5d, 0x9b, 0x3f, 0x5d, 0x5d, 0x5d, 0x5d, 0x5d, 0x0c, 0x30, 0x02, 0x5d, 0x5d,
    0x10, 0x30, 0x0c, 0x51, 0x3a, 0x9b, 0x3f, 0x5d, 0x5d, 0x5d, 0x5d, 0x5d, 0x5d, 0x5d, 0x0c, 0x8f,
    0x30, 0x09, 0x5d, 0x5d, 0x5d, 0x5d, 0x9b, 0x3f, 0x5d, 0x5d, 0x0c, 0x0f, 0x31, 0x05, 0x5d, 0x5d,
    0x5d, 0x5d, 0x0c, 0x46, 0x19, 0x02, 0x0c, 0x0c, 0x50, 0x19, 0x01, 0x0c, 0x54, 0x19, 0x01, 0x0c,
    0x56, 0x19, 0x01, 0x0c, 0xb0, 0x19, 0x09, 0x0c, 0x0c, 0x0c, 0x0c, 0x0c, 0x0c, 0x0c, 0x0c, 0x0c,
    0xbb, 0x19, 0x07, 0x0c, 0x0c, 0x0c, 0x0c, 0x0c, 0x0c, 0xcf, 0xc4, 0x19, 0x02, 0x01, 0x01, 0xc8,
    0x19, 0x07, 0x1e, 0x1e, 0x1e, 0xe2, 0x6b, 0xa4, 0xa4, 0xd0, 0x19, 0x04, 0x97, 0x97, 0x33, 0xa4,
    0xd5, 0x19, 0x02, 0x33, 0x33, 0xd8, 0x19, 0x01, 0x0c, 0x20, 0x1a, 0x05, 0x0c, 0x0c, 0x0c, 0x0c,
    0x0c, 0x2a, 0x1a, 0x0e, 0x0c, 0x0c, 0xe2, 0xe2, 0xfc, 0xfc, 0xfd, 0xf0, 0xf0, 0xf0, 0xee, 0xf0,
    0xce, 0x33, 0x3d, 0x1a, 0x01, 0xa4, 0x3f, 0x1a, 0x02, 0xa4, 0x97, 0x42, 0x1a, 0x02, 0xfc, 0x01,
    0x45, 0x1a, 0x01, 0x01, 0x47, 0x1a, 0x04, 0x1e, 0x1e, 0x01, 0x01, 0x4c, 0x1a, 0x02, 0xcf, 0xcf,
    0x55, 0x1a, 0x02, 0xa4, 0xa4, 0x58, 0x1a, 0x02, 0x33, 0x0c, 0x9e, 0x1a, 0x01, 0x0c, 0xa0, 0x1a,
    0x04, 0x33, 0x33, 0x3f, 0x3f, 0xa5, 0x1a, 0x04, 0xa4, 0xa4, 0xa4, 0xa4, 0xab, 0x1a, 0x01, 0xfc,
    0xae, 0x1a, 0x02, 0x01, 0x01, 0xb3, 0x1a, 0x01, 0x1e, 0xb6, 0x1a, 0x02, 0xfc, 0xcf, 0xbe, 0x1a,
    0x03, 0xa4, 0xa4, 0xa4, 0xc2, 0x1a, 0x09, 0x33, 0x01, 0x1f, 0x1f, 0x1e, 0x1e, 0x1f, 0x01, 0x01,
    0xcc, 0x1a, 0x10, 0x01, 0xfc, 0xfd, 0x33, 0x33, 0x33, 0x33, 0x33, 0x33, 0x33, 0x33, 0x33, 0x33,
    0xe2, 0x0c, 0x0c, 0x1d, 0x1b, 0x02, 0x0c, 0x33, 0x22, 0x1b, 0x03, 0xa4, 0x33, 0x33, 0x26, 0x1b,
    0x03, 0x33, 0xa4, 0xa4, 0x2a, 0x1b, 0x03, 0x33, 0xfc, 0x01, 0x2e, 0x1b, 0x02, 0x01, 0x1e, 0x31,
    0x1b, 0x03, 0x1e, 0x1f, 0x01, 0x37, 0x1b, 0x01, 0xcf, 0x3c, 0x1b, 0x05, 0xa4, 0x33, 0x33, 0x97,
    0x33, 0x42, 0x1b, 0x03, 0xcf, 0xfc, 0x1e, 0x46, 0x1b, 0x02, 0xe2, 0xe2, 0x4b, 0x1b, 0x06, 0xfc,
    0xfc, 0xfc, 0x33, 0xe2, 0xfc, 0x52, 0x1b, 0x03, 0x01, 0x01, 0x01, 0x56, 0x1b, 0x03, 0x1e, 0x1e,
    0x1f, 0x5b, 0x1b, 0x02, 0xfc, 0x0c, 0x9d, 0x1b, 0x02, 0x3f, 0xcf, 0xa6, 0x1b, 0x02, 0xa4, 0xa4,
    0xa9, 0x1b, 0x03, 0xa4, 0x6b, 0x01, 0xb0, 0x1b, 0x01, 0x1e, 0xb3, 0x1b, 0x01, 0x01, 0xb7, 0x1b,
    0x04, 0xcf, 0x33, 0x33, 0x33, 0xc4, 0x1b, 0x01, 0x33, 0xca, 0x1b, 0x04, 0xa4, 0xa4, 0xa4, 0xa4,
    0xcf, 0x1b, 0x03, 0x97, 0x33, 0xfc, 0xd3, 0x1b, 0x02, 0x01, 0x01, 0xd6, 0x1b, 0x01, 0x1e, 0xd8,
    0x1b, 0x01, 0x1e, 0xda, 0x1b, 0x01, 0x01, 0xdc, 0x1b, 0x03, 0xf0, 0xfc, 0x0c, 0x1c, 0x1c, 0x02,
    0x0c, 0x3f, 0x1f, 0x1c, 0x03, 0x33, 0x33, 0x33, 0x23, 0x1c, 0x01, 0xa4, 0x27, 0x1c, 0x02, 0xa4,
    0xa4, 0x2a, 0x1c, 0x05, 0xfd, 0xfd, 0xe2, 0xe2, 0xfc, 0x30, 0x1c, 0x06, 0xfd, 0xfc, 0xfc, 0xfc,
    0xe2, 0x1f, 0x37, 0x1c, 0x02, 0xfc, 0xfc, 0x42, 0x1c, 0x01, 0x01, 0x44, 0x1c, 0x02, 0xfc, 0x33,
    0x47, 0x1c, 0x01, 0x33, 0x4d, 0x1c, 0x03, 0xa4, 0xa4, 0xa4, 0x51, 0x1c, 0x05, 0x33, 0xfc, 0x01,
    0x01, 0x1e, 0x58, 0x1c, 0x03, 0x1e, 0x01, 0x01, 0x5e, 0x1c, 0x02, 0xf0, 0x0c, 0x9d, 0x1c, 0x01,
    0x33, 0xa0, 0x1c, 0x01, 0x33, 0xa4, 0x1c, 0x0c, 0xfc, 0xe2, 0xe2, 0xfc, 0xfd, 0xfc, 0xfc, 0xd1,
    0xe2, 0xcf, 0x33, 0x33, 0xb6, 0x1c, 0x03, 0xa4, 0xcf, 0xfc, 0xc0, 0x1c, 0x01, 0x01, 0xc2, 0x1c,
    0x01, 0x1e, 0xc4, 0x1c, 0x01, 0xcf, 0xd1, 0x1c, 0x04, 0xa4, 0x6b, 0xfd, 0x1f, 0xd7, 0x1c, 0x01,
    0x1e, 0xda, 0x1c, 0x01, 0x01, 0xde, 0x1c, 0x04, 0x01, 0xf0, 0xfd, 0x0c, 0x1b, 0x1d, 0x0a, 0x0c,
    0xfc, 0xfc, 0xcf, 0xce, 0xce, 0xcf, 0xcf, 0x1e, 0x1e, 0x26, 0x1d, 0x02, 0x01, 0x1e, 0x2a, 0x1d,
    0x01, 0x33, 0x2e, 0x1d, 0x01, 0xa4, 0x30, 0x1d, 0x05, 0x33, 0x33, 0x33, 0x33, 0xa4, 0x38, 0x1d,
    0x01, 0xfc, 0x3b, 0x1d, 0x02, 0x1e, 0x1e, 0x3e, 0x1d, 0x01, 0x1e, 0x41, 0x1d, 0x01, 0x01, 0x45,
    0x1d, 0x01, 0xcf, 0x47, 0x1d, 0x02, 0xa4, 0xa4, 0x4a, 0x1d, 0x01, 0xa4, 0x4c, 0x1d, 0x02, 0x33,
    0x33, 0x53, 0x1d, 0x01, 0xce, 0x56, 0x1d, 0x02, 0x1e, 0x1e, 0x59, 0x1d, 0x09, 0xfc, 0xfd, 0xfc,
    0xfc, 0xfc, 0xfc, 0xfc, 0xe2, 0x0c, 0x9a, 0x1d, 0x02, 0x0c, 0x1e, 0x9d, 0x1d, 0x09, 0x01, 0x01,
    0x1f, 0x1f, 0x1e, 0x1e, 0x01, 0x01, 0x1e, 0xa9, 0x1d, 0x01, 0xfc, 0xae, 0x1d, 0x04, 0xa4, 0xa4,
    0x33, 0x33, 0xb3, 0x1d, 0x03, 0x97, 0xa4, 0x33, 0xb8, 0x1d, 0x03, 0x33, 0x01, 0x1e, 0xbd, 0x1d,
    0x01, 0x1e, 0xc4, 0x1d, 0x03, 0x01, 0x01, 0x33, 0xc8, 0x1d, 0x02, 0xa4, 0x33, 0xcd, 0x1d, 0x01,
    0x33, 0xd3, 0x1d, 0x02, 0x33, 0xe2, 0xe0, 0x1d, 0x01, 0xa4, 0xe2, 0x1d, 0x02, 0x97, 0x0c, 0x1a,
    0x1e, 0x01, 0xfc, 0x1c, 0x1e, 0x04, 0x01, 0x01, 0x1f, 0x1e, 0x21, 0x1e, 0x03, 0x1e, 0x1f, 0x01,
    0x25, 0x1e, 0x01, 0x01, 0x2c, 0x1e, 0x02, 0xa4, 0x33, 0x2f, 0x1e, 0x06, 0xa4, 0xa4, 0x33, 0x33,
    0x33, 0x33, 0x39, 0x1e, 0x09, 0xcf, 0xcf, 0xd1, 0xd1, 0xd1, 0xfc, 0xfd, 0xfc, 0xfc, 0x46, 0x1e,
    0x01, 0x33, 0x48, 0x1e, 0x04, 0xcf, 0xcf, 0xcf, 0xcf, 0x52, 0x1e, 0x01, 0x1e, 0x54, 0x1e, 0x02,
    0x1f, 0x1e, 0x57, 0x1e, 0x01, 0xa4, 0x5a, 0x1e, 0x04, 0xa4, 0x33, 0x33, 0x33, 0x5f, 0x1e, 0x01,
    0x33, 0x61, 0x1e, 0x01, 0x33, 0x9a, 0x1e, 0x04, 0x01, 0x1e, 0x1f, 0x1e, 0x9f, 0x1e, 0x05, 0x1e,
    0x1f, 0x1f, 0x01, 0x01, 0xa7, 0x1e, 0x01, 0x01, 0xaa, 0x1e, 0x0f, 0xcf, 0xe2, 0xcf, 0x33, 0x33,
    0x33, 0x33, 0x33, 0x33, 0x33, 0x33, 0xd1, 0xcf, 0xfc, 0xe2, 0xba, 0x1e, 0x02, 0x33, 0x33, 0xc0,
    0x1e, 0x01, 0xa4, 0xc5, 0x1e, 0x01, 0xa4, 0xc7, 0x1e, 0x02, 0xe2, 0xfc, 0xcb, 0x1e, 0x01, 0x01,
    0xcd, 0x1e, 0x01, 0x01, 0xcf, 0x1e, 0x07, 0x1e, 0x1e, 0x1e, 0x1e, 0x01, 0x01, 0x1e, 0xd7, 0x1e,
    0x01, 0xcf, 0xe1, 0x1e, 0x01, 0x33, 0xe3, 0x1e, 0x02, 0x33, 0xa4, 0x19, 0x1f, 0x03, 0x1e, 0x01,
    0x1f, 0x1d, 0x1f, 0x14, 0xe2, 0xe2, 0xe2, 0xfc, 0xfd, 0xfd, 0xfc, 0xfc, 0xcf, 0xcf, 0xcf, 0xcf,
    0xfc, 0xcf, 0xfc, 0xfc, 0xfc, 0xfd, 0xfd, 0xfc, 0x33, 0x1f, 0x02, 0x1e, 0x1e, 0x3a, 0x1f, 0x05,
    0x33, 0x33, 0x33, 0x33, 0x33, 0x40, 0x1f, 0x03, 0xa4, 0xa4, 0x33, 0x45, 0x1f, 0x01, 0xa4, 0x47,
    0x1f, 0x02, 0x33, 0xfc, 0x53, 0x1f, 0x01, 0x01, 0x61, 0x1f, 0x07, 0xa4, 0xa4, 0xa4, 0xa4, 0xa4,
    0xa4, 0x33, 0x69, 0x1f, 0x01, 0x0c, 0x99, 0x1f, 0x0e, 0xce, 0xcf, 0xd1, 0xd1, 0xcf, 0xcf, 0xce,
    0x33, 0x97, 0x33, 0x97, 0x97, 0x33, 0x33, 0xa9, 0x1f, 0x01, 0x1e, 0xac, 0x1f, 0x06, 0x01, 0x01,
    0x01, 0x01, 0x1e, 0x1e, 0xb4, 0x1f, 0x04, 0x1e, 0x01, 0x1f, 0x1e, 0xb9, 0x1f, 0x01, 0xfc, 0xbd,
    0x1f, 0x01, 0x33, 0xc9, 0x1f, 0x01, 0xfc, 0xd9, 0x1f, 0x03, 0x01, 0x33, 0xa4, 0xdd, 0x1f, 0x04,
    0xa4, 0x97, 0x33, 0x33, 0xe9, 0x1f, 0x01, 0x33, 0xeb, 0x1f, 0x01, 0x0c, 0x18, 0x20, 0x04, 0x97,
    0x97, 0x75, 0xcf, 0x1d, 0x20, 0x02, 0x33, 0x33, 0x27, 0x20, 0x02, 0xa4, 0x33, 0x2b, 0x20, 0x09,
    0x01, 0x01, 0x01, 0x01, 0x1e, 0x1e, 0x1e, 0x1f, 0x1e, 0x35, 0x20, 0x01, 0x01, 0x44, 0x20, 0x01,
    0xa4, 0x4a, 0x20, 0x02, 0xfc, 0x01, 0x4d, 0x20, 0x01, 0x1e, 0x53, 0x20, 0x01, 0x01, 0x57, 0x20,
    0x01, 0x1e, 0x59, 0x20, 0x03, 0x01, 0x1e, 0x33, 0x5e, 0x20, 0x02, 0x97, 0x33, 0x61, 0x20, 0x04,
    0x33, 0x33, 0x33, 0x33, 0x67, 0x20, 0x05, 0xcf, 0xcf, 0xcf, 0xfc, 0xe2, 0x97, 0x20, 0x01, 0x33,
    0xa0, 0x20, 0x01, 0xa4, 0xa2, 0x20, 0x01, 0x97, 0xa5, 0x20, 0x01, 0x33, 0xa8, 0x20, 0x01, 0x33,
    0xaa, 0x20, 0x0a, 0x01, 0x01, 0x1f, 0x1f, 0x1e, 0x1e, 0x1e, 0x1f, 0x1f, 0x01, 0xb8, 0x20, 0x03,
    0x01, 0x01, 0x33, 0xc0, 0x20, 0x02, 0xa4, 0xa4, 0xc3, 0x20, 0x01, 0xa4, 0xc8, 0x20, 0x01, 0x33,
    0xca, 0x20, 0x02, 0x33, 0xfd, 0xd0, 0x20, 0x02, 0x1e, 0x01, 0xd3, 0x20, 0x01, 0x01, 0xd8, 0x20,
    0x05, 0xfc, 0xfd, 0xfc, 0xe2, 0x33, 0xde, 0x20, 0x07, 0xd1, 0xe2, 0xfc, 0xfc, 0xfd, 0xfd, 0x01,
    0xe7, 0x20, 0x01, 0x1e, 0xec, 0x20, 0x03, 0x1e, 0xfc, 0x0c, 0x16, 0x21, 0x05, 0x33, 0xa4, 0xa4,
    0xa4, 0xa4, 0x1d, 0x21, 0x02, 0x33, 0x33, 0x20, 0x21, 0x01, 0x33, 0x22, 0x21, 0x01, 0x33, 0x28,
    0x21, 0x05, 0xcf, 0x01, 0x01, 0x1f, 0x1f, 0x30, 0x21, 0x04, 0x1f, 0x1f, 0x01, 0x01, 0x37, 0x21,
    0x08, 0x01, 0x01, 0x1f, 0xfd, 0x33, 0x33, 0xa4, 0x97, 0x4b, 0x21, 0x02, 0xcf, 0x1e, 0x50, 0x21,
    0x03, 0xfc, 0xfd, 0xfd, 0x54, 0x21, 0x05, 0xfc, 0x33, 0x33, 0x33, 0x33, 0x5d, 0x21, 0x02, 0xa4,
    0x75, 0x67, 0x21, 0x02, 0x1e, 0x1e, 0x6b, 0x21, 0x01, 0x01, 0x95, 0x21, 0x01, 0x0c, 0x9f, 0x21,
    0x03, 0xa4, 0xa4, 0xa4, 0xa3, 0x21, 0x04, 0x97, 0x33, 0x97, 0x33, 0xa8, 0x21, 0x0a, 0xfd, 0x01,
    0x1e, 0x1f, 0x1f, 0x1e, 0x1e, 0x1e, 0x01, 0x1f, 0xb3, 0x21, 0x02, 0x01, 0x01, 0xba, 0x21, 0x01,
    0xfc, 0xbc, 0x21, 0x03, 0xa4, 0x33, 0xa4, 0xc7, 0x21, 0x01, 0x33, 0xcc, 0x21, 0x02, 0xe2, 0x33,
    0xd6, 0x21, 0x05, 0xa4, 0xa4, 0xa4, 0xa4, 0xa4, 0xdc, 0x21, 0x01, 0x33, 0xde, 0x21, 0x02, 0x33,
    0xcf, 0xe3, 0x21, 0x01, 0x01, 0xe8, 0x21, 0x04, 0x1e, 0x1e, 0x1e, 0x1f, 0xed, 0x21, 0x01, 0x01,
    0xef, 0x21, 0x03, 0x1e, 0xfc, 0x0c, 0x14, 0x22, 0x02, 0x3f, 0x33, 0x19, 0x22, 0x04, 0xa4, 0xa4,
    0x33, 0x33, 0x27, 0x22, 0x02, 0x97, 0xfd, 0x2a, 0x22, 0x02, 0x1f, 0x1f, 0x2d, 0x22, 0x07, 0x1e,
    0x1e, 0x01, 0x1f, 0x01, 0x01, 0x01, 0x38, 0x22, 0x01, 0x1e, 0x3a, 0x22, 0x05, 0xfd, 0x33, 0x33,
    0x33, 0x97, 0x42, 0x22, 0x02, 0xfd, 0xcf, 0x48, 0x22, 0x01, 0x1e, 0x4a, 0x22, 0x01, 0x01, 0x4c,
    0x22, 0x03, 0xfc, 0x33, 0xa4, 0x52, 0x22, 0x02, 0xa4, 0xa4, 0x56, 0x22, 0x02, 0x33, 0x33, 0x59,
    0x22, 0x01, 0x33, 0x5b, 0x22, 0x03, 0x33, 0xa4, 0xa4, 0x5f, 0x22, 0x02, 0x33, 0xfc, 0x69, 0x22,
    0x01, 0x1e, 0x6c, 0x22, 0x04, 0x1e, 0x01, 0x01, 0x1e, 0x73, 0x22, 0x01, 0x0c, 0x94, 0x22, 0x01,
    0x0c, 0x96, 0x22, 0x02, 0x33, 0x33, 0x9e, 0x22, 0x05, 0xa4, 0xa4, 0xa4, 0xa4, 0xa4, 0xa5, 0x22,
    0x05, 0x33, 0x33, 0x33, 0xe2, 0x1f, 0xab, 0x22, 0x0b, 0x1e, 0x1e, 0x1e, 0x01, 0x01, 0x01, 0xfd,
    0xfc, 0xfc, 0xfc, 0xfc, 0xb7, 0x22, 0x07, 0x33, 0x33, 0x33, 0xe2, 0xe2, 0x1e, 0x1e, 0xc6, 0x22,
    0x01, 0x1e, 0xc8, 0x22, 0x01, 0x1e, 0xca, 0x22, 0x0b, 0x1e, 0x01, 0x1e, 0x6b, 0x97, 0x97, 0x33,
    0x97, 0x97, 0xa4, 0xa4, 0xd6, 0x22, 0x01, 0x33, 0xd8, 0x22, 0x01, 0xa4, 0xdb, 0x22, 0x03, 0xa4,
    0xa4, 0xa4, 0xe0, 0x22, 0x02, 0x33, 0xfc, 0xe4, 0x22, 0x01, 0x01, 0xe8, 0x22, 0x01, 0x1e, 0xec,
    0x22, 0x01, 0x1e, 0xf3, 0x22, 0x02, 0xfc, 0xf0, 0x13, 0x23, 0x02, 0x0c, 0x33, 0x16, 0x23, 0x02,
    0x33, 0x33, 0x19, 0x23, 0x04, 0xa4, 0xa4, 0x33, 0x33, 0x26, 0x23, 0x02, 0x33, 0x33, 0x29, 0x23,
    0x0b, 0xfc, 0xe2, 0xd1, 0xd1, 0xcf, 0x33, 0x33, 0x33, 0x33, 0xcf, 0xcf, 0x3b, 0x23, 0x01, 0x6b,
    0x40, 0x23, 0x01, 0x01, 0x42, 0x23, 0x01, 0x01, 0x46, 0x23, 0x01, 0x1e, 0x48, 0x23, 0x01, 0x1e,
    0x4a, 0x23, 0x02, 0x01, 0x1e, 0x4d, 0x23, 0x02, 0xfc, 0xfc, 0x50, 0x23, 0x03, 0x33, 0x33, 0x33,
    0x5b, 0x23, 0x04, 0xa4, 0x33, 0xa4, 0xa4, 0x61, 0x23, 0x02, 0x33, 0xcf, 0x64, 0x23, 0x01, 0x01,
    0x68, 0x23, 0x01, 0x1e, 0x6c, 0x23, 0x01, 0x1f, 0x74, 0x23, 0x03, 0x01, 0xf0, 0x0c, 0x92, 0x23,
    0x03, 0x0c, 0xcf, 0x33, 0x96, 0x23, 0x02, 0x33, 0x33, 0x9a, 0x23, 0x12, 0x33, 0x33, 0x33, 0x33,
    0x33, 0x33, 0xd1, 0xcf, 0xcf, 0xcf, 0xd1, 0xe2, 0xfc, 0x33, 0x33, 0xd1, 0xcf, 0xd1, 0xb8, 0x23,
    0x01, 0x97, 0xba, 0x23, 0x03, 0x33, 0xcf, 0xfc, 0xbf, 0x23, 0x02, 0x01, 0x01, 0xc2, 0x23, 0x01,
    0x01, 0xc4, 0x23, 0x01, 0x1e, 0xc6, 0x23, 0x01, 0x1e, 0xc8, 0x23, 0x01, 0x1e, 0xce, 0x23, 0x02,
    0xcf, 0xcf, 0xdb, 0x23, 0x03, 0xa4, 0xa4, 0xa4, 0xe2, 0x23, 0x02, 0x97, 0x6b, 0xe6, 0x23, 0x01,
    0x01, 0xea, 0x23, 0x03, 0x1e, 0x1e, 0x1e, 0xf5, 0x23, 0x04, 0x01, 0xfd, 0xee, 0x0c, 0x11, 0x24,
    0x02, 0x0c, 0x0c, 0x14, 0x24, 0x10, 0xcf, 0xcf, 0x6b, 0xfd, 0x6a, 0xcf, 0xcf, 0xcf, 0xcf, 0xfc,
    0xe2, 0xe2, 0xfc, 0xcf, 0xd1, 0xd1, 0x26, 0x24, 0x02, 0xfc, 0xd1, 0x2d, 0x24, 0x03, 0xa4, 0xa4,
    0xa4, 0x32, 0x24, 0x03, 0x97, 0xa4, 0x97, 0x38, 0x24, 0x01, 0x33, 0x3b, 0x24, 0x02, 0xcf, 0xfc,
    0x3f, 0x24, 0x02, 0x01, 0x01, 0x42, 0x24, 0x02, 0x01, 0x1e, 0x45, 0x24, 0x01, 0x1e, 0x47, 0x24,
    0x03, 0x1f, 0x1e, 0x01, 0x4f, 0x24, 0x02, 0xcf, 0x33, 0x5a, 0x24, 0x06, 0xa4, 0xa4, 0x97, 0xa4,
    0xa4, 0xa4, 0x62, 0x24, 0x01, 0x33, 0x64, 0x24, 0x04, 0xcf, 0xfd, 0x01, 0x1e, 0x6b, 0x24, 0x01,
    0x1e, 0x6f, 0x24, 0x01, 0x01, 0x76, 0x24, 0x05, 0x01, 0x1e, 0xee, 0xf0, 0x0c, 0x91, 0x24, 0x01,
    0x0c, 0x93, 0x24, 0x09, 0xd1, 0xfc, 0xfc, 0xfc, 0xfd, 0xce, 0xce, 0xcf, 0x01, 0x9e, 0x24, 0x03,
    0x1e, 0x1e, 0x1e, 0xa2, 0x24, 0x08, 0x1e, 0x01, 0x1e, 0x01, 0xe2, 0xcf, 0xa4, 0xa4, 0xab, 0x24,
    0x04, 0xa4, 0xa4, 0x33, 0x33, 0xb1, 0x24, 0x04, 0x33, 0x33, 0x33, 0x33, 0xbb, 0x24, 0x02, 0x33,
    0xcf, 0xbe, 0x24, 0x02, 0x01, 0x01, 0xc1, 0x24, 0x02, 0x01, 0x01, 0xc7, 0x24, 0x04, 0x1e, 0x01,
    0x01, 0x01, 0xcf, 0x24, 0x03, 0xfc, 0xce, 0x33, 0xda, 0x24, 0x03, 0xa4, 0x97, 0x97, 0xdf, 0x24,
    0x02, 0x33, 0x33, 0xe4, 0x24, 0x05, 0x33, 0xce, 0xfd, 0x1e, 0x1e, 0xeb, 0x24, 0x01, 0x1e, 0xed,
    0x24, 0x01, 0x1f, 0xef, 0x24, 0x02, 0x01, 0x01, 0xf6, 0x24, 0x05, 0xfc, 0xe2, 0xe2, 0xdf, 0x9b,
    0x10, 0x25, 0x03, 0x0c, 0xf0, 0x1e, 0x16, 0x25, 0x05, 0x01, 0x01, 0x01, 0x01, 0x01, 0x1d, 0x25,
    0x05, 0x1e, 0x1e, 0x1e, 0x1e, 0x1e, 0x23, 0x25, 0x01, 0x1e, 0x25, 0x25, 0x08, 0x1e, 0xd1, 0xcf,
    0x33, 0x33, 0x33, 0x33, 0x33, 0x37, 0x25, 0x03, 0x33, 0xa4, 0xa4, 0x3b, 0x25, 0x05, 0x33, 0xcf,
    0xfc, 0x01, 0x01, 0x41, 0x25, 0x02, 0x1f, 0x1f, 0x47, 0x25, 0x01, 0x1e, 0x49, 0x25, 0x02, 0x01,
    0x01, 0x4f, 0x25, 0x04, 0x01, 0xce, 0xce, 0xa4, 0x54, 0x25, 0x02, 0xa4, 0xa4, 0x57, 0x25, 0x02,
    0xa4, 0x97, 0x5a, 0x25, 0x01, 0x33, 0x66, 0x25, 0x03, 0xcf, 0xfc, 0x1e, 0x6d, 0x25, 0x01, 0x1e,
    0x70, 0x25, 0x0b, 0xfd, 0xfc, 0xfc, 0x23, 0x6b, 0x6b, 0xd1, 0x74, 0x6a, 0x73, 0xf0, 0x90, 0x25,
    0x02, 0xf0, 0xfc, 0x93, 0x25, 0x01, 0x1e, 0x95, 0x25, 0x02, 0x01, 0x01, 0x98, 0x25, 0x01, 0x01,
    0x9e, 0x25, 0x02, 0x1e, 0x1e, 0xa2, 0x25, 0x02, 0x1f, 0x1e, 0xa5, 0x25, 0x03, 0xfc, 0xcf, 0xcf,
    0xb4, 0x25, 0x02, 0xa4, 0x33, 0xb7, 0x25, 0x02, 0x97, 0xa4, 0xbc, 0x25, 0x07, 0xcf, 0xfc, 0x01,
    0x01, 0x01, 0x01, 0x1e, 0xc5, 0x25, 0x03, 0x1e, 0x1f, 0x01, 0xc9, 0x25, 0x01, 0x01, 0xcf, 0x25,
    0x09, 0x01, 0xfc, 0x6b, 0x6b, 0x97, 0x33, 0x33, 0x33, 0x33, 0xe7, 0x25, 0x02, 0xce, 0xd1, 0xea,
    0x25, 0x13, 0xe2, 0xe2, 0xfc, 0x23, 0x6b, 0x6a, 0x6b, 0xce, 0x6a, 0x73, 0x9c, 0x6b, 0xcf, 0x6b,
    0x9c, 0x9c, 0x0c, 0x0c, 0x0c, 0x0f, 0x26, 0x02, 0xf0, 0xf0, 0x14, 0x26, 0x05, 0x01, 0x01, 0x01,
    0x01, 0x1e, 0x1a, 0x26, 0x02, 0x1e, 0x1e, 0x1d, 0x26, 0x03, 0x1f, 0x1e, 0x01, 0x21, 0x26, 0x01,
    0x01, 0x25, 0x26, 0x03, 0xfc, 0xcf, 0x33, 0x33, 0x26, 0x04, 0xa4, 0xa4, 0xa4, 0xa4, 0x3c, 0x26,
    0x06, 0xcf, 0x6a, 0x01, 0x01, 0x1f, 0x1f, 0x46, 0x26, 0x03, 0x1e, 0x1f, 0x01, 0x4a, 0x26, 0x01,
    0x01, 0x51, 0x26, 0x03, 0xfc, 0xfc, 0x33, 0x57, 0x26, 0x03, 0x33, 0x33, 0xa4, 0x63, 0x26, 0x19,
    0x33, 0x33, 0x33, 0xcf, 0xcf, 0x23, 0x75, 0x6b, 0x74, 0xcf, 0x6a, 0x73, 0x9d, 0x6a, 0xce, 0x97,
    0x60, 0x60, 0x33, 0x8e, 0xc6, 0xc6, 0xc6, 0x9b, 0x9a, 0x8e, 0x26, 0x03, 0x0c, 0xf0, 0xfc, 0x92,
    0x26, 0x09, 0x01, 0x01, 0x01, 0x01, 0x01, 0x1e, 0x1e, 0x1e, 0x1e, 0x9c, 0x26, 0x03, 0x1e, 0x1e,
    0x01, 0xa5, 0x26, 0x03, 0xcf, 0xcf, 0x33, 0xb8, 0x26, 0x03, 0xa4, 0xa4, 0xa4, 0xbc, 0x26, 0x06,
    0xfc, 0xfd, 0xfd, 0x01, 0x1f, 0x1e, 0xc5, 0x26, 0x05, 0x1e, 0x1f, 0x01, 0x01, 0x01, 0xd2, 0x26,
    0x06, 0xcf, 0xcf, 0x33, 0x33, 0x33, 0xa4, 0xdd, 0x26, 0x13, 0x33, 0x33, 0x33, 0xcf, 0xec, 0xec,
    0xa4, 0xa4, 0xa5, 0xa5, 0x01, 0xa5, 0x60, 0x60, 0x33, 0x97, 0xf7, 0xf7, 0xf7, 0xf1, 0x26, 0x05,
    0xc6, 0xc7, 0xc7, 0xc7, 0xa5, 0xf7, 0x26, 0x05, 0xde, 0xde, 0x6c, 0x6c, 0x6c, 0x0e, 0x27, 0x02,
    0xf0, 0xf0, 0x11, 0x27, 0x08, 0x01, 0x01, 0x01, 0x01, 0x01, 0x1f, 0x1e, 0x1e, 0x1b, 0x27, 0x03,
    0x1e, 0x1e, 0x01, 0x25, 0x27, 0x03, 0xcf, 0xce, 0x33, 0x31, 0x27, 0x01, 0xa4, 0x33, 0x27, 0x01,
    0xa4, 0x36, 0x27, 0x01, 0xa4, 0x38, 0x27, 0x03, 0x97, 0x33, 0x33, 0x3c, 0x27, 0x06, 0x33, 0xcf,
    0xfc, 0x01, 0x1f, 0x1e, 0x43, 0x27, 0x01, 0x1e, 0x45, 0x27, 0x03, 0x1e, 0x1f, 0x01, 0x49, 0x27,
    0x01, 0x01, 0x4e, 0x27, 0x01, 0x1e, 0x51, 0x27, 0x04, 0x01, 0xfc, 0xcf, 0xd1, 0x56, 0x27, 0x08,
    0xa4, 0x33, 0x33, 0x33, 0xec, 0xec, 0xa4, 0xa4, 0x5f, 0x27, 0x15, 0xa5, 0x96, 0x96, 0x8f, 0x97,
    0xf7, 0xf7, 0xa4, 0xa4, 0xf6, 0xf6, 0xc7, 0x01, 0x62, 0xde, 0x31, 0x53, 0xf7, 0xc6, 0x62, 0x62,
    0x75, 0x27, 0x06, 0xc6, 0xc6, 0x31, 0x31, 0x6c, 0x6c, 0x8d, 0x27, 0x08, 0xf0, 0xf0, 0xfc, 0x01,
    0x01, 0x1e, 0x01, 0x1f, 0x96, 0x27, 0x01, 0x1e, 0x98, 0x27, 0x07, 0x1e, 0x1e, 0x1e, 0x01, 0x01,
    0x01, 0x01, 0xa3, 0x27, 0x05, 0x01, 0xfc, 0xce, 0xce, 0x33, 0xac, 0x27, 0x02, 0xa4, 0xa4, 0xaf,
    0x27, 0x02, 0xa4, 0x33, 0xb4, 0x27, 0x04, 0x33, 0x33, 0x33, 0x33, 0xbc, 0x27, 0x0f, 0x33, 0xcf,
    0xcf, 0x1e, 0x1e, 0x1e, 0x1e, 0x1e, 0x1e, 0x01, 0x01, 0x01, 0x01, 0x01, 0x01, 0xcc, 0x27, 0x11,
    0x1e, 0x1e, 0x01, 0x1e, 0xe2, 0xe2, 0xfc, 0xcf, 0xec, 0xa4, 0xa4, 0x96, 0x97, 0x96, 0x96, 0x8f,
    0x18, 0xde, 0x27, 0x03, 0xa4, 0xa4, 0xa5, 0xe2, 0x27, 0x08, 0x53, 0xa5, 0xf6, 0xf6, 0xde, 0xde,
    0x31, 0xa4, 0xec, 0x27, 0x06, 0x31, 0x31, 0x31, 0xf7, 0xc6, 0x62, 0xf3, 0x27, 0x08, 0x5d, 0x5d,
    0x5d, 0x3f, 0x5d, 0x5d, 0x5d, 0x5d, 0x0c, 0x28, 0x05, 0x0c, 0xf0, 0xf1, 0x01, 0x01, 0x12, 0x28,
    0x02, 0x1f, 0x1f, 0x15, 0x28, 0x01, 0x1e, 0x18, 0x28, 0x06, 0x1f, 0x1e, 0x01, 0x01, 0x01, 0x01,
    0x22, 0x28, 0x05, 0x01, 0x01, 0xfc, 0x6a, 0x75, 0x2b, 0x28, 0x02, 0x97, 0x97, 0x2f, 0x28, 0x01,
    0x33, 0x3c, 0x28, 0x05, 0x33, 0xcf, 0xd1, 0xe2, 0x1e, 0x42, 0x28, 0x07, 0x1e, 0x1e, 0x01, 0x01,
    0x01, 0x01, 0x01, 0x4a, 0x28, 0x19, 0xfc, 0xfc, 0xfc, 0x1e, 0x23, 0x97, 0x97, 0x97, 0x96, 0x01,
    0x01, 0x18, 0xf7, 0xf6, 0xa5, 0xa5, 0x01, 0xf7, 0x53, 0x18, 0x53, 0x31, 0x31, 0x62, 0x62, 0x64,
    0x28, 0x04, 0xc6, 0x31, 0x53, 0x31, 0x6b, 0x28, 0x0f, 0x62, 0x51, 0x58, 0x5d, 0x9b, 0x5d, 0x3f,
    0x3f, 0x9b, 0x9b, 0x5d, 0x5d, 0x5d, 0x5d, 0x5d, 0x8b, 0x28, 0x09, 0x0c, 0xf0, 0xf1, 0xfd, 0x01,
    0x1f, 0x01, 0x1f, 0x1e, 0x97, 0x28, 0x05, 0x1f, 0x1f, 0x01, 0x01, 0x01, 0x9e, 0x28, 0x01, 0x01,
    0xa1, 0x28, 0x08, 0x01, 0x01, 0x01, 0xfc, 0xfc, 0xe2, 0xa4, 0xa4, 0xab, 0x28, 0x02, 0x33, 0x33,
    0xbd, 0x28, 0x04, 0xcf, 0xd1, 0xfc, 0x1e, 0xc3, 0x28, 0x03, 0x1e, 0xfd, 0xfd, 0xc7, 0x28, 0x03,
    0xfc, 0xdf, 0x97, 0xcc, 0x28, 0x09, 0x01, 0x01, 0xa4, 0xa5, 0x19, 0xf6, 0xf6, 0xef, 0x53, 0xd6,
    0x28, 0x01, 0xf7, 0xd8, 0x28, 0x0a, 0xa4, 0x62, 0xc6, 0xc6, 0x62, 0xf7, 0x53, 0x53, 0xf7, 0x62,
    0xe3, 0x28, 0x01, 0x62, 0xe8, 0x28, 0x0e, 0x9b, 0x9b, 0x9b, 0x5d, 0x5d, 0x5d, 0x5d, 0x3f, 0x5d,
    0x5d, 0x5d, 0x9b, 0x5d, 0x5d, 0x0b, 0x29, 0x04, 0xf0, 0xf1, 0xf1, 0x1e, 0x10, 0x29, 0x02, 0x1f,
    0x1f, 0x15, 0x29, 0x03, 0x1e, 0x1f, 0x1f, 0x19, 0x29, 0x02, 0x01, 0x01, 0x23, 0x29, 0x04, 0x1f,
    0xcf, 0xd1, 0xd1, 0x28, 0x29, 0x02, 0x33, 0xa4, 0x39, 0x29, 0x01, 0xa4, 0x3b, 0x29, 0x01, 0xa4,
    0x40, 0x29, 0x03, 0xfc, 0xdf, 0x48, 0x44, 0x29, 0x01, 0xa4, 0x46, 0x29, 0x02, 0x01, 0xa5, 0x49,
    0x29, 0x04, 0x01, 0xa5, 0xef, 0xf7, 0x4e, 0x29, 0x04, 0x53, 0xf7, 0x53, 0x53, 0x54, 0x29, 0x06,
    0x31, 0x31, 0xc6, 0x62, 0x62, 0xc6, 0x5b, 0x29, 0x04, 0xc6, 0x62, 0xc6, 0x62, 0x61, 0x29, 0x0e,
    0x62, 0x62, 0x9b, 0x9b, 0x5d, 0x5d, 0x5d, 0x5d, 0x5d, 0x9b, 0x5d, 0x5d, 0x5d, 0x0c, 0x8a, 0x29,
    0x03, 0x0c, 0xf1, 0xf1, 0x8f, 0x29, 0x02, 0x1e, 0x1f, 0x92, 0x29, 0x02, 0x1e, 0x1e, 0x95, 0x29,
    0x04, 0x1e, 0x01, 0x1f, 0x01, 0x9a, 0x29, 0x02, 0x01, 0x01, 0xa3, 0x29, 0x06, 0xfc, 0xcf, 0xcf,
    0xcf, 0xa4, 0xa4, 0xaa, 0x29, 0x03, 0x33, 0x33, 0xa4, 0xb4, 0x29, 0x03, 0x33, 0x33, 0x33, 0xb9,
    0x29, 0x06, 0x97, 0x6b, 0x48, 0x49, 0x01, 0x01, 0xc0, 0x29, 0x02, 0x01, 0xa5, 0xc3, 0x29, 0x02,
    0xf7, 0x53, 0xc6, 0x29, 0x01, 0xa4, 0xc8, 0x29, 0x01, 0xa4, 0xca, 0x29, 0x01, 0xa4, 0xcc, 0x29,
    0x05, 0xf7, 0x62, 0x31, 0xf7, 0x53, 0xd4, 0x29, 0x01, 0x62, 0xd6, 0x29, 0x02, 0x62, 0x62, 0xd9,
    0x29, 0x01, 0xc6, 0xdb, 0x29, 0x0c, 0xc6, 0x62, 0x5d, 0x5d, 0x5d, 0x5d, 0x3f, 0x5d, 0x5d, 0x5d,
    0x5d, 0x5d, 0x09, 0x2a, 0x07, 0x0c, 0xf0, 0xf1, 0xe2, 0x1f, 0x1f, 0x1f, 0x11, 0x2a, 0x0a, 0x1e,
    0x1e, 0x1e, 0x1f, 0x01, 0x1f, 0x01, 0x01, 0x01, 0x01, 0x1e, 0x2a, 0x01, 0x1e, 0x21, 0x2a, 0x01,
    0x01, 0x23, 0x2a, 0x04, 0xfd, 0xcf, 0xd1, 0x33, 0x2a, 0x2a, 0x0c, 0xa4, 0xa4, 0x33, 0x33, 0x33,
    0x33, 0xa4, 0x97, 0x97, 0x97, 0x6a, 0x49, 0x37, 0x2a, 0x0b, 0x01, 0x01, 0x01, 0xbc, 0x19, 0xf6,
    0xef, 0x53, 0xf7, 0xf7, 0xa4, 0x43, 0x2a, 0x02, 0xf7, 0x53, 0x46, 0x2a, 0x02, 0xc6, 0x62, 0x49,
    0x2a, 0x02, 0xc6, 0x62, 0x4c, 0x2a, 0x01, 0xc6, 0x4e, 0x2a, 0x04, 0xc6, 0xc6, 0x62, 0x62, 0x56,
    0x2a, 0x09, 0x97, 0x58, 0x5d, 0x5d, 0x5d, 0x9b, 0x3f, 0x5d, 0x5d, 0x89, 0x2a, 0x04, 0xf1, 0xf0,
    0xee, 0x1f, 0x8e, 0x2a, 0x01, 0x1e, 0x90, 0x2a, 0x06, 0x1e, 0x1e, 0x1e, 0x1f, 0x01, 0x1f, 0x97,
    0x2a, 0x03, 0x01, 0x01, 0x01, 0x9f, 0x2a, 0x02, 0x1e, 0x1e, 0xa3, 0x2a, 0x03, 0xfc, 0xfc, 0xe2,
    0xa7, 0x2a, 0x12, 0xa4, 0xa4, 0xa4, 0x97, 0x96, 0x96, 0x6a, 0x48, 0xec, 0x01, 0x18, 0x18, 0xf6,
    0xf6, 0x01, 0xbc, 0xbc, 0x53, 0xba, 0x2a, 0x03, 0xa4, 0x53, 0xf7, 0xbe, 0x2a, 0x04, 0x31, 0x31,
    0xc6, 0x62, 0xc3, 0x2a, 0x0b, 0xc6, 0x62, 0x62, 0xa4, 0xa4, 0x62, 0xa4, 0xa4, 0xc6, 0xc6, 0x62,
    0xcf, 0x2a, 0x02, 0xc6, 0x62, 0xd2, 0x2a, 0x05, 0x5d, 0x5d, 0x5d, 0x0c, 0x0c, 0x08, 0x2b, 0x06,
    0xf0, 0xf0, 0xee, 0xe2, 0x1f, 0x1e, 0x0f, 0x2b, 0x05, 0x1e, 0x1e, 0x1f, 0x01, 0x01, 0x16, 0x2b,
    0x03, 0x01, 0x01, 0x01, 0x1a, 0x2b, 0x19, 0xfc, 0xfc, 0xfc, 0xfc, 0xe2, 0x75, 0x6b, 0x6b, 0x6b,
    0x74, 0x96, 0x96, 0x96, 0x6b, 0xec, 0x18, 0xf7, 0x53, 0xf6, 0xf6, 0xa5, 0xa5, 0x18, 0xf7, 0x53,
    0x34, 0x2b, 0x03, 0x53, 0xf7, 0xf7, 0x38, 0x2b, 0x02, 0x31, 0xc6, 0x3e, 0x2b, 0x04, 0x62, 0x62,
    0xc6, 0xc6, 0x43, 0x2b, 0x02, 0xc6, 0x62, 0x46, 0x2b, 0x02, 0xc6, 0x62, 0x49, 0x2b, 0x01, 0xc6,
    0x4c, 0x2b, 0x03, 0x9b, 0x3f, 0x5d, 0x87, 0x2b, 0x08, 0x0c, 0xf0, 0xee, 0xf0, 0x01, 0x1e, 0x1e,
    0x1e, 0x90, 0x2b, 0x16, 0x1f, 0xfc, 0xfc, 0xfc, 0xfc, 0xfd, 0x22, 0x6a, 0x6b, 0x6b, 0x6b, 0xcf,
    0x6a, 0x6a, 0x96, 0x96, 0x96, 0x73, 0x50, 0xbf, 0xa4, 0xa4, 0xa7, 0x2b, 0x06, 0x01, 0xa5, 0xf6,
    0xef, 0xf7, 0x53, 0xae, 0x2b, 0x06, 0x62, 0xa4, 0x31, 0x31, 0xc6, 0x62, 0xb6, 0x2b, 0x01, 0xc6,
    0xb8, 0x2b, 0x06, 0x62, 0xa4, 0xa4, 0xa4, 0xc6, 0xc6, 0xc0, 0x2b, 0x02, 0xc6, 0x62, 0xc5, 0x2b,
    0x03, 0x51, 0x5d, 0x5d, 0x07, 0x2c, 0x03, 0xee, 0xee, 0x0c, 0x0b, 0x2c, 0x23, 0xfc, 0xe2, 0x3d,
    0x3d, 0x75, 0x6b, 0x6b, 0x6b, 0xce, 0x6b, 0x6b, 0x6a, 0x96, 0x96, 0x8f, 0xcf, 0xbf, 0xbf, 0xf7,
    0xf7, 0xa4, 0xf7, 0xf6, 0x01, 0xf6, 0xf6, 0xc7, 0xc7, 0x31, 0xa4, 0xa4, 0x31, 0xc6, 0x62, 0x31,
    0x2f, 0x2c, 0x03, 0x62, 0x62, 0xc6, 0x33, 0x2c, 0x01, 0x62, 0x35, 0x2c, 0x01, 0x62, 0x37, 0x2c,
    0x01, 0x62, 0x39, 0x2c, 0x02, 0xc6, 0x62, 0x3e, 0x2c, 0x03, 0x51, 0x51, 0x05, 0x87, 0x2c, 0x11,
    0x9b, 0x9b, 0x9b, 0x6a, 0x75, 0xcf, 0x6a, 0x74, 0x6a, 0x73, 0x8f, 0x97, 0x33, 0x9c, 0xbf, 0xec,
    0xa4, 0x9a, 0x2c, 0x0f, 0xa4, 0xf6, 0xf6, 0xf7, 0xf6, 0xf6, 0xc7, 0xde, 0xde, 0x31, 0x31, 0x53,
    0x53, 0xf7, 0xc6, 0xab, 0x2c, 0x01, 0x62, 0xad, 0x2c, 0x05, 0xc6, 0x62, 0x62, 0xc6, 0x62, 0xb3,
    0x2c, 0x02, 0xc6, 0x62, 0xb7, 0x2c, 0x01, 0x62, 0xb9, 0x2c, 0x02, 0x5d, 0x5d, 0x07, 0x2d, 0x09,
    0x83, 0x83, 0x60, 0x82, 0x97, 0x33, 0x33, 0xec, 0x48, 0x11, 0x2d, 0x16, 0xf7, 0xf7, 0xa4, 0xf6,
    0xf7, 0xf6, 0xc7, 0xc7, 0xc7, 0x18, 0xde, 0xc6, 0x62, 0x31, 0x31, 0x62, 0x62, 0x53, 0xf7, 0x31,
    0x31, 0x31, 0x29, 0x2d, 0x03, 0xc6, 0xc6, 0x62, 0x2f, 0x2d, 0x06, 0x51, 0x51, 0x3f, 0x5d, 0x5d,
    0x5d, 0x87, 0x2d, 0x04, 0x6c, 0x6c, 0xf7, 0xf7, 0x8c, 0x2d, 0x17, 0xa4, 0xc6, 0x62, 0xc7, 0xc7,
    0xc7, 0xc7, 0xbc, 0xde, 0x62, 0x31, 0x53, 0x53, 0xa4, 0xa4, 0xc6, 0xc6, 0x31, 0x31, 0x31, 0x31,
    0x31, 0x31, 0xa6, 0x2d, 0x0a, 0x51, 0x97, 0x58, 0x5d, 0x5d, 0x5d, 0x9b, 0x3f, 0x5d, 0x0c, 0x08,
    0x2e, 0x07, 0x5d, 0x5d, 0xde, 0x31, 0xf7, 0x53, 0xa4, 0x10, 0x2e, 0x01, 0xa4, 0x12, 0x2e, 0x07,
    0xc6, 0xf7, 0x53, 0xc6, 0x62, 0x31, 0x31, 0x1a, 0x2e, 0x04, 0xc6, 0x62, 0xc6, 0x62, 0x21, 0x2e,
    0x0a, 0x5d, 0x5d, 0x5d, 0x3f, 0x9b, 0x9b, 0x5d, 0x5d, 0x0c, 0x05, 0x88, 0x2e, 0x08, 0x5d, 0x5d,
    0x31, 0x31, 0xf7, 0x53, 0xc6, 0x62, 0x94, 0x2e, 0x01, 0x62, 0x96, 0x2e, 0x01, 0x62, 0x98, 0x2e,
    0x0d, 0x51, 0x5d, 0x3f, 0x3f, 0x9b, 0x9b, 0x5d, 0x5d, 0x5d, 0x5d, 0x5d, 0x5d, 0x5d, 0x09, 0x2f,
    0x02, 0x5d, 0x5d, 0x0f, 0x2f, 0x10, 0x97, 0x33, 0x3f, 0x3f, 0x9b, 0x9b, 0x5d, 0x9b, 0x3f, 0x5d,
    0x5d, 0x5d, 0x5d, 0x5d, 0x9b, 0x3f, 0x8b, 0x2f, 0x0d, 0x5d, 0x5d, 0x5d, 0x5d, 0x9b, 0x3f, 0x5d,
    0x5d, 0x5d, 0x5d, 0x5d, 0x0c, 0x05, 0x0c, 0x30, 0x06, 0x5d, 0x5d, 0x5d, 0x5d, 0x0c, 0x05, 0x46,
    0x19, 0x07, 0x0c, 0x0c, 0x0c, 0x0c, 0x0c, 0x0c, 0x0c, 0x51, 0x19, 0x05, 0x0c, 0x0c, 0x0c, 0x0c,
    0x0c, 0x57, 0x19, 0x01, 0x0c, 0xaa, 0x19, 0x06, 0x0c, 0x0c, 0x0c, 0x0c, 0x0c, 0x0c, 0xbb, 0x19,
    0x06, 0x0c, 0x3f, 0x3f, 0x3f, 0x3f, 0x3f, 0xc2, 0x19, 0x01, 0x6b, 0xc5, 0x19, 0x02, 0x01, 0x01,
    0xca, 0x19, 0x05, 0x1e, 0x1e, 0x1e, 0xcf, 0x33, 0xd0, 0x19, 0x02, 0x97, 0x97, 0xd3, 0x19, 0x01,
    0xa4, 0xd7, 0x19, 0x02, 0x3f, 0x33, 0x21, 0x1a, 0x0d, 0x33, 0x33, 0x33, 0x33, 0x3f, 0x9b, 0x3f,
    0x3f, 0x3f, 0x3f, 0x9b, 0x75, 0x1e, 0x34, 0x1a, 0x01, 0x1e, 0x37, 0x1a, 0x02, 0xe2, 0x33, 0x3d,
    0x1a, 0x01, 0xa4, 0x3f, 0x1a, 0x06, 0xa4, 0xa4, 0x33, 0x33, 0xfc, 0x01, 0x46, 0x1a, 0x04, 0x01,
    0x1e, 0x1e, 0x1f, 0x4b, 0x1a, 0x01, 0x01, 0x4e, 0x1a, 0x02, 0xcf, 0x33, 0x55, 0x1a, 0x01, 0xa4,
    0x59, 0x1a, 0x02, 0x33, 0x0c, 0x9f, 0x1a, 0x01, 0x0c, 0xa5, 0x1a, 0x04, 0xa4, 0xa4, 0xa4, 0xa4,
    0xaa, 0x1a, 0x03, 0x33, 0x33, 0xfc, 0xae, 0x1a, 0x01, 0x01, 0xb0, 0x1a, 0x02, 0x1e, 0x1e, 0xb3,
    0x1a, 0x02, 0x1f, 0x01, 0xb8, 0x1a, 0x01, 0x33, 0xbf, 0x1a, 0x02, 0xa4, 0xa4, 0xc2, 0x1a, 0x02,
    0xa4, 0x6b, 0xc8, 0x1a, 0x02, 0x1e, 0x01, 0xce, 0x1a, 0x02, 0x01, 0xfc, 0xd7, 0x1a, 0x04, 0x33,
    0x33, 0x33, 0x33, 0x1e, 0x1b, 0x01, 0x0c, 0x27, 0x1b, 0x02, 0xa4, 0xa4, 0x2b, 0x1b, 0x01, 0x33,
    0x2e, 0x1b, 0x03, 0x1f, 0x1e, 0x1e, 0x32, 0x1b, 0x01, 0x1f, 0x37, 0x1b, 0x02, 0x01, 0x33, 0x3d,
    0x1b, 0x03, 0x33, 0x33, 0x33, 0x43, 0x1b, 0x02, 0x33, 0xfc, 0x47, 0x1b, 0x03, 0x1e, 0xfc, 0xfd,
    0x4f, 0x1b, 0x01, 0xe2, 0x51, 0x1b, 0x0d, 0xfc, 0xfc, 0xfc, 0xfd, 0xfc, 0xfc, 0xee, 0xee, 0xf0,
    0xf0, 0xf0, 0x0c, 0x0c, 0x9e, 0x1b, 0x01, 0xcf, 0xa9, 0x1b, 0x05, 0xa4, 0xa4, 0xfd, 0x1f, 0x1e,
    0xb0, 0x1b, 0x08, 0x1e, 0xfd, 0xfc, 0xfc, 0xfc, 0xfc, 0xfc, 0xfc, 0xbd, 0x1b, 0x08, 0x0c, 0x0c,
    0x0c, 0x3f, 0x3f, 0x3f, 0x3f, 0xe2, 0xca, 0x1b, 0x04, 0xa4, 0xa4, 0xa4, 0xa4, 0xcf, 0x1b, 0x01,
    0x33, 0xd1, 0x1b, 0x01, 0xfc, 0xd4, 0x1b, 0x04, 0x01, 0x01, 0x01, 0x1e, 0xda, 0x1b, 0x01, 0x1f,
    0x1d, 0x1c, 0x02, 0x0c, 0x33, 0x22, 0x1c, 0x17, 0x33, 0x33, 0x3f, 0x3f, 0x3f, 0x3f, 0x3f, 0x0c,
    0x0c, 0xe2, 0x33, 0x33, 0x33, 0x33, 0xce, 0xcf, 0xcf, 0xcf, 0xd1, 0xce, 0xcf, 0xcf, 0x33, 0x3b,
    0x1c, 0x01, 0x01, 0x3d, 0x1c, 0x01, 0x01, 0x3f, 0x1c, 0x01, 0x1e, 0x41, 0x1c, 0x01, 0x1e, 0x43,
    0x1c, 0x01, 0x01, 0x45, 0x1c, 0x01, 0x33, 0x47, 0x1c, 0x03, 0xa4, 0xa4, 0xa4, 0x4b, 0x1c, 0x01,
    0x33, 0x4d, 0x1c, 0x06, 0xa4, 0xa4, 0xa4, 0x33, 0x33, 0xfc, 0x54, 0x1c, 0x07, 0x01, 0x01, 0x1e,
    0x1e, 0x1e, 0x1e, 0x1f, 0x5f, 0x1c, 0x02, 0xfc, 0x0c, 0x9d, 0x1c, 0x07, 0xfc, 0xfc, 0xfc, 0xfc,
    0xce, 0xce, 0xcf, 0xa8, 0x1c, 0x08, 0x01, 0x1e, 0xfc, 0x33, 0x33, 0xa4, 0x97, 0x33, 0xb1, 0x1c,
    0x02, 0x33, 0x33, 0xb6, 0x1c, 0x01, 0x33, 0xb8, 0x1c, 0x01, 0x33, 0xba, 0x1c, 0x01, 0x01, 0xbc,
    0x1c, 0x03, 0x01, 0x1e, 0x1e, 0xc0, 0x1c, 0x01, 0x1f, 0xc5, 0x1c, 0x01, 0xfc, 0xcf, 0x1c, 0x02,
    0x33, 0xa4, 0xd2, 0x1c, 0x05, 0xa4, 0xfd, 0x01, 0x1f, 0x1e, 0xd8, 0x1c, 0x04, 0x1e, 0x1f, 0x01,
    0x01, 0x1b, 0x1d, 0x01, 0x0c, 0x21, 0x1d, 0x01, 0x1e, 0x25, 0x1d, 0x03, 0x01, 0x01, 0x1e, 0x33,
    0x1d, 0x03, 0xa4, 0x97, 0xa4, 0x38, 0x1d, 0x01, 0x33, 0x3b, 0x1d, 0x05, 0x1f, 0x1e, 0x1e, 0x1e,
    0x1e, 0x46, 0x1d, 0x03, 0x33, 0xa4, 0xa4, 0x4b, 0x1d, 0x01, 0x33, 0x53, 0x1d, 0x03, 0xa4, 0xfc,
    0x1f, 0x58, 0x1d, 0x01, 0x1e, 0x5a, 0x1d, 0x03, 0x1f, 0x01, 0x01, 0x5e, 0x1d, 0x05, 0xfc, 0xfc,
    0xfc, 0xfc, 0xfd, 0x9b, 0x1d, 0x01, 0x01, 0x9f, 0x1d, 0x02, 0x1e, 0x1e, 0xae, 0x1d, 0x04, 0xa4,
    0xa4, 0x97, 0x97, 0xb3, 0x1d, 0x03, 0x97, 0xa4, 0x97, 0xb8, 0x1d, 0x01, 0x33, 0xbd, 0x1d, 0x02,
    0x1e, 0x1e, 0xc0, 0x1d, 0x01, 0x01, 0xc6, 0x1d, 0x03, 0xcf, 0x33, 0x97, 0xce, 0x1d, 0x03, 0x33,
    0x33, 0x33, 0xd6, 0x1d, 0x0e, 0x33, 0x33, 0x33, 0x33, 0x33, 0x33, 0x33, 0x33, 0xcf, 0xcf, 0xd1,
    0x6b, 0x6b, 0xe2, 0x1a, 0x1e, 0x04, 0xfc, 0x01, 0x01, 0x1f, 0x1f, 0x1e, 0x03, 0x1e, 0x1e, 0x1f,
    0x23, 0x1e, 0x01, 0x01, 0x28, 0x1e, 0x01, 0x01, 0x2d, 0x1e, 0x01, 0x97, 0x38, 0x1e, 0x06, 0x33,
    0x33, 0x33, 0x33, 0x33, 0x33, 0x45, 0x1e, 0x02, 0xfd, 0xcf, 0x48, 0x1e, 0x13, 0xcf, 0xcf, 0x6b,
    0xcf, 0xce, 0xce, 0xcf, 0xcf, 0xcf, 0xd1, 0xd1, 0xcf, 0xce, 0xd1, 0x33, 0xa4, 0xa4, 0xa4, 0xa4,
    0x5d, 0x1e, 0x05, 0x33, 0x33, 0x33, 0x33, 0x33, 0x63, 0x1e, 0x01, 0xa4, 0x99, 0x1e, 0x02, 0xfd,
    0x1f, 0x9d, 0x1e, 0x01, 0x1e, 0x9f, 0x1e, 0x0a, 0xe2, 0xfd, 0xfd, 0xfc, 0xfc, 0xfc, 0xfc, 0xfc,
    0xfd, 0xfc, 0xaa, 0x1e, 0x02, 0xfc, 0x1e, 0xad, 0x1e, 0x09, 0xfc, 0xfd, 0xfd, 0xfc, 0xfc, 0xfc,
    0xfc, 0xfc, 0x1e, 0xb7, 0x1e, 0x01, 0x01, 0xb9, 0x1e, 0x01, 0x33, 0xc0, 0x1e, 0x01, 0xa4, 0xc5,
    0x1e, 0x01, 0xa4, 0xc7, 0x1e, 0x01, 0x97, 0xc9, 0x1e, 0x01, 0x1e, 0xd1, 0x1e, 0x01, 0x1e, 0xd7,
    0x1e, 0x04, 0x6b, 0xa4, 0xa4, 0xa4, 0xdd, 0x1e, 0x02, 0x33, 0x33, 0xe2, 0x1e, 0x03, 0xa4, 0x33,
    0xa4, 0x18, 0x1f, 0x0d, 0x0c, 0xd1, 0xcf, 0xd1, 0xcf, 0x33, 0x33, 0x33, 0x33, 0x33, 0x33, 0x33,
    0x33, 0x28, 0x1f, 0x01, 0xa4, 0x2d, 0x1f, 0x01, 0x01, 0x2f, 0x1f, 0x01, 0x01, 0x32, 0x1f, 0x02,
    0x1e, 0x1e, 0x36, 0x1f, 0x01, 0x01, 0x39, 0x1f, 0x06, 0x97, 0x97, 0x97, 0x97, 0x97, 0x97, 0x40,
    0x1f, 0x01, 0x33, 0x42, 0x1f, 0x01, 0x97, 0x45, 0x1f, 0x02, 0x33, 0x33, 0x4b, 0x1f, 0x01, 0x01,
    0x4d, 0x1f, 0x01, 0x01, 0x52, 0x1f, 0x01, 0x1f, 0x55, 0x1f, 0x02, 0x01, 0x1e, 0x58, 0x1f, 0x01,
    0xcf, 0x63, 0x1f, 0x02, 0x33, 0x33, 0x66, 0x1f, 0x01, 0xa4, 0x68, 0x1f, 0x01, 0x33, 0x97, 0x1f,
    0x02, 0x0c, 0x33, 0x9f, 0x1f, 0x01, 0xa4, 0xa3, 0x1f, 0x06, 0xa4, 0xa4, 0xa4, 0x33, 0x33, 0x33,
    0xb0, 0x1f, 0x01, 0x1e, 0xb2, 0x1f, 0x02, 0x1e, 0x1e, 0xb5, 0x1f, 0x02, 0x01, 0x1e, 0xc4, 0x1f,
    0x02, 0xa4, 0xa4, 0xc9, 0x1f, 0x01, 0xfc, 0xcd, 0x1f, 0x02, 0x1f, 0x1e, 0xd2, 0x1f, 0x03, 0x1f,
    0x01, 0x01, 0xd9, 0x1f, 0x01, 0xce, 0xdd, 0x1f, 0x02, 0xa4, 0xa4, 0xe0, 0x1f, 0x01, 0x33, 0xe6,
    0x1f, 0x02, 0xa4, 0xa4, 0xe9, 0x1f, 0x01, 0x33, 0x16, 0x20, 0x01, 0x0c, 0x18, 0x20, 0x05, 0x97,
    0xa4, 0x97, 0x33, 0x33, 0x1e, 0x20, 0x01, 0x33, 0x20, 0x20, 0x03, 0x33, 0x33, 0x33, 0x28, 0x20,
    0x01, 0xfc, 0x2a, 0x20, 0x01, 0x01, 0x2e, 0x20, 0x01, 0x1e, 0x32, 0x20, 0x02, 0x01, 0x01, 0x39,
    0x20, 0x01, 0xfc, 0x44, 0x20, 0x01, 0x33, 0x46, 0x20, 0x01, 0xa4, 0x49, 0x20, 0x01, 0x33, 0x4b,
    0x20, 0x01, 0x01, 0x51, 0x20, 0x01, 0x1e, 0x5a, 0x20, 0x01, 0xcf, 0x5d, 0x20, 0x01, 0xa4, 0x60,
    0x20, 0x01, 0x33, 0x6a, 0x20, 0x01, 0x33, 0x6c, 0x20, 0x01, 0x0c, 0x95, 0x20, 0x02, 0xf0, 0x3f,
    0xa1, 0x20, 0x03, 0xa4, 0x97, 0xa4, 0xa7, 0x20, 0x03, 0x33, 0xfc, 0x01, 0xab, 0x20, 0x03, 0x1f,
    0x1e, 0x1e, 0xb0, 0x20, 0x02, 0x1e, 0x01, 0xb9, 0x20, 0x01, 0xfd, 0xc0, 0x20, 0x03, 0xa4, 0xa4,
    0xa4, 0xc4, 0x20, 0x03, 0xa4, 0xa4, 0xa4, 0xc9, 0x20, 0x04, 0x97, 0xfd, 0x01, 0x1e, 0xd0, 0x20,
    0x01, 0x1e, 0xdb, 0x20, 0x01, 0xe2, 0xde, 0x20, 0x0f, 0xa4, 0x33, 0x33, 0x33, 0x33, 0x33, 0xce,
    0xcf, 0xcf, 0xcf, 0xcf, 0xcf, 0xfc, 0xfc, 0xe2, 0x15, 0x21, 0x01, 0x3f, 0x22, 0x21, 0x02, 0xa4,
    0xa4, 0x27, 0x21, 0x02, 0xcf, 0x01, 0x2a, 0x21, 0x02, 0x1f, 0x1e, 0x2f, 0x21, 0x01, 0x1e, 0x39,
    0x21, 0x0e, 0xe2, 0x33, 0x97, 0x97, 0xa4, 0x97, 0x33, 0x33, 0x33, 0x33, 0x33, 0x33, 0x33, 0x33,
    0x4a, 0x21, 0x02, 0x33, 0x01, 0x53, 0x21, 0x13, 0xfc, 0xfc, 0xfc, 0xfc, 0xfc, 0xfc, 0x33, 0x33,
    0x33, 0x33, 0x33, 0xe2, 0xfc, 0xfc, 0xcf, 0xcf, 0xce, 0xce, 0xcf, 0x67, 0x21, 0x03, 0x1e, 0x1e,
    0x1e, 0x6c, 0x21, 0x01, 0x1e, 0x6e, 0x21, 0x02, 0xfc, 0xf0, 0x94, 0x21, 0x02, 0x3f, 0x33, 0x9d,
    0x21, 0x02, 0xa4, 0xa4, 0xa0, 0x21, 0x01, 0xa4, 0xa4, 0x21, 0x02, 0xa4, 0x33, 0xa7, 0x21, 0x01,
    0xce, 0xa9, 0x21, 0x01, 0x01, 0xad, 0x21, 0x02, 0x1e, 0x1e, 0xb8, 0x21, 0x03, 0x01, 0xfc, 0x33,
    0xbc, 0x21, 0x03, 0xa4, 0x33, 0xa4, 0xce, 0x21, 0x09, 0x33, 0x33, 0xcf, 0xcf, 0xce, 0xce, 0xcf,
    0xcf, 0xcf, 0xdd, 0x21, 0x02, 0x33, 0xe2, 0xe3, 0x21, 0x01, 0x01, 0xe5, 0x21, 0x01, 0x01, 0xe9,
    0x21, 0x02, 0x1e, 0x1e, 0xed, 0x21, 0x01, 0x01, 0xef, 0x21, 0x01, 0x1e, 0x13, 0x22, 0x03, 0x0c,
    0xa4, 0xa4, 0x18, 0x22, 0x05, 0xa4, 0xa4, 0x97, 0x33, 0x33, 0x21, 0x22, 0x01, 0x33, 0x26, 0x22,
    0x04, 0x33, 0xfc, 0x01, 0x1e, 0x2c, 0x22, 0x01, 0x1e, 0x2e, 0x22, 0x01, 0x01, 0x31, 0x22, 0x01,
    0x01, 0x37, 0x22, 0x03, 0xfc, 0xfc, 0xfc, 0x3b, 0x22, 0x01, 0x33, 0x3f, 0x22, 0x0e, 0x33, 0x33,
    0x33, 0xce, 0xcf, 0xcf, 0xcf, 0xcf, 0xd1, 0xcf, 0xcf, 0xcf, 0xe2, 0x33, 0x5c, 0x22, 0x04, 0xa4,
    0xa4, 0x33, 0xfc, 0x68, 0x22, 0x01, 0x1e, 0x6c, 0x22, 0x01, 0x1e, 0x6e, 0x22, 0x01, 0x01, 0x71,
    0x22, 0x02, 0xfc, 0xf0, 0x92, 0x22, 0x03, 0x0c, 0x3f, 0x33, 0x96, 0x22, 0x02, 0x33, 0x33, 0xa6,
    0x22, 0x01, 0x33, 0xa8, 0x22, 0x06, 0xe2, 0xe2, 0xe2, 0xfc, 0xfc, 0xfc, 0xb1, 0x22, 0x0d, 0xfc,
    0xfc, 0xfc, 0xfc, 0xfc, 0xfc, 0xcf, 0xd1, 0x33, 0xe2, 0x1e, 0x1e, 0x1e, 0xc0, 0x22, 0x01, 0x01,
    0xc2, 0x22, 0x01, 0x01, 0xc6, 0x22, 0x01, 0x1e, 0xc8, 0x22, 0x01, 0x1e, 0xca, 0x22, 0x06, 0x01,
    0x1f, 0xd1, 0xa4, 0xa4, 0xa4, 0xd1, 0x22, 0x0b, 0xa4, 0xa4, 0xa4, 0xa4, 0xa4, 0x97, 0xa4, 0xa4,
    0xa4, 0xa4, 0xa4, 0xdd, 0x22, 0x04, 0x33, 0x33, 0x33, 0xfc, 0xe6, 0x22, 0x02, 0x01, 0x1e, 0xe9,
    0x22, 0x01, 0x1e, 0xef, 0x22, 0x01, 0x1e, 0xf3, 0x22, 0x01, 0xfc, 0x11, 0x23, 0x05, 0x0c, 0x3f,
    0x33, 0xa4, 0x33, 0x18, 0x23, 0x05, 0x33, 0x33, 0x33, 0x33, 0x33, 0x25, 0x23, 0x06, 0x33, 0x33,
    0x33, 0x33, 0x33, 0x33, 0x37, 0x23, 0x04, 0xa4, 0xa4, 0x33, 0xcf, 0x3f, 0x23, 0x01, 0x01, 0x41,
    0x23, 0x01, 0x01, 0x45, 0x23, 0x02, 0x1e, 0x1e, 0x49, 0x23, 0x04, 0x01, 0x1f, 0x1e, 0xfc, 0x4e,
    0x23, 0x01, 0x33, 0x50, 0x23, 0x07, 0x33, 0x97, 0x33, 0x33, 0x33, 0x33, 0x33, 0x58, 0x23, 0x03,
    0x33, 0x33, 0x33, 0x60, 0x23, 0x02, 0x33, 0xfc, 0x67, 0x23, 0x01, 0x1e, 0x69, 0x23, 0x01, 0x1e,
    0x6d, 0x23, 0x01, 0x01, 0x73, 0x23, 0x02, 0x01, 0xfd, 0x90, 0x23, 0x12, 0xee, 0xee, 0xfc, 0xcf,
    0xcf, 0xcf, 0xce, 0xce, 0xcf, 0xcf, 0xfc, 0xe2, 0xe2, 0xfc, 0xe2, 0xfc, 0x1f, 0x1e, 0xa4, 0x23,
    0x03, 0x1e, 0xd1, 0xcf, 0xaf, 0x23, 0x01, 0xa4, 0xb3, 0x23, 0x02, 0xa4, 0xa4, 0xb6, 0x23, 0x05,
    0xa4, 0xa4, 0xa4, 0x33, 0xfc, 0xbe, 0x23, 0x01, 0x01, 0xc1, 0x23, 0x01, 0x01, 0xc3, 0x23, 0x01,
    0x1e, 0xc7, 0x23, 0x01, 0x1e, 0xcd, 0x23, 0x01, 0xfc, 0xdb, 0x23, 0x03, 0xa4, 0xa4, 0xa4, 0xe1,
    0x23, 0x02, 0x33, 0xfc, 0xe4, 0x23, 0x01, 0x01, 0xe9, 0x23, 0x02, 0x1e, 0x1e, 0xec, 0x23, 0x03,
    0x1e, 0x01, 0x01, 0xf5, 0x23, 0x02, 0x01, 0x0c, 0x0f, 0x24, 0x05, 0xf0, 0xf0, 0xe2, 0xfc, 0xfc,
    0x15, 0x24, 0x02, 0x01, 0x01, 0x18, 0x24, 0x01, 0x01, 0x1c, 0x24, 0x01, 0x1e, 0x1f, 0x24, 0x01,
    0x1e, 0x21, 0x24, 0x01, 0x01, 0x23, 0x24, 0x01, 0x1e, 0x25, 0x24, 0x06, 0x6b, 0x97, 0xa4, 0xa4,
    0xa4, 0xa4, 0x2d, 0x24, 0x05, 0xa4, 0xa4, 0x97, 0xa4, 0xa4, 0x33, 0x24, 0x02, 0x97, 0x97, 0x36,
    0x24, 0x03, 0x33, 0x33, 0x33, 0x3a, 0x24, 0x01, 0xcf, 0x3d, 0x24, 0x02, 0x01, 0x01, 0x40, 0x24,
    0x05, 0x01, 0x01, 0x1e, 0x1e, 0x1e, 0x46, 0x24, 0x02, 0x1f, 0x01, 0x49, 0x24, 0x01, 0x01, 0x4e,
    0x24, 0x01, 0xcf, 0x5a, 0x24, 0x04, 0xa4, 0x97, 0x97, 0xa4, 0x62, 0x24, 0x02, 0x33, 0xfc, 0x67,
    0x24, 0x03, 0x1e, 0x1e, 0x1e, 0x6f, 0x24, 0x01, 0x01, 0x76, 0x24, 0x02, 0x01, 0xe2, 0x8f, 0x24,
    0x03, 0xf0, 0xf0, 0xfc, 0x93, 0x24, 0x07, 0x1e, 0x01, 0x01, 0x01, 0x01, 0x01, 0x01, 0x9b, 0x24,
    0x06, 0x1e, 0x1e, 0x1e, 0x1e, 0x1e, 0x1f, 0xa3, 0x24, 0x08, 0x01, 0xe2, 0xcf, 0x33, 0x33, 0x33,
    0x33, 0xa4, 0xad, 0x24, 0x08, 0x33, 0x33, 0x33, 0x33, 0x33, 0x33, 0x33, 0x33, 0xba, 0x24, 0x02,
    0xcf, 0xfc, 0xbd, 0x24, 0x01, 0x01, 0xbf, 0x24, 0x03, 0x01, 0x01, 0x1e, 0xc3, 0x24, 0x01, 0x1e,
    0xc5, 0x24, 0x03, 0x1f, 0x1e, 0x01, 0xce, 0x24, 0x02, 0xfc, 0x33, 0xd9, 0x24, 0x02, 0xa4, 0xa4,
    0xdf, 0x24, 0x02, 0x33, 0x33, 0xe3, 0x24, 0x02, 0x33, 0xfc, 0xe8, 0x24, 0x01, 0x1e, 0xeb, 0x24,
    0x06, 0x1e, 0x1e, 0x1f, 0x01, 0x01, 0x01, 0xf7, 0x24, 0x03, 0x1e, 0x1f, 0x0c, 0x0e, 0x25, 0x03,
    0x0c, 0xf0, 0xfc, 0x13, 0x25, 0x02, 0x01, 0x01, 0x16, 0x25, 0x0b, 0x01, 0x01, 0x1f, 0x1e, 0x1e,
    0x1e, 0x1e, 0x1e, 0x1f, 0x1e, 0x1e, 0x23, 0x25, 0x03, 0x1e, 0xcf, 0xcf, 0x33, 0x25, 0x03, 0xa4,
    0xa4, 0xa4, 0x3a, 0x25, 0x04, 0xcf, 0xfc, 0x01, 0x01, 0x3f, 0x25, 0x03, 0x1f, 0x1f, 0x1e, 0x43,
    0x25, 0x01, 0x1e, 0x45, 0x25, 0x02, 0x1e, 0x1f, 0x48, 0x25, 0x01, 0x01, 0x4d, 0x25, 0x03, 0x01,
    0x01, 0xce, 0x57, 0x25, 0x04, 0xa4, 0xa4, 0x33, 0x33, 0x5c, 0x25, 0x01, 0xa4, 0x60, 0x25, 0x07,
    0xa4, 0xa4, 0xa4, 0xa4, 0xcf, 0xce, 0x01, 0x6e, 0x25, 0x01, 0x01, 0x71, 0x25, 0x01, 0x01, 0x76,
    0x25, 0x03, 0x1e, 0x1e, 0x01, 0x7a, 0x25, 0x01, 0xfc, 0x8d, 0x25, 0x03, 0x0c, 0xf0, 0xf0, 0x91,
    0x25, 0x03, 0x01, 0x01, 0x01, 0x95, 0x25, 0x06, 0x01, 0x1f, 0x01, 0x1e, 0x1e, 0x1e, 0x9c, 0x25,
    0x03, 0x1e, 0x1f, 0x1e, 0xa2, 0x25, 0x04, 0x1f, 0xfc, 0xcf, 0x33, 0xb1, 0x25, 0x03, 0xa4, 0x33,
    0xa4, 0xb5, 0x25, 0x03, 0x33, 0xa4, 0xa4, 0xba, 0x25, 0x04, 0xcf, 0xcf, 0x01, 0x01, 0xbf, 0x25,
    0x02, 0x1f, 0x1e, 0xc2, 0x25, 0x01, 0x1e, 0xc5, 0x25, 0x01, 0x1e, 0xcf, 0x25, 0x05, 0xfd, 0x33,
    0xa4, 0xa4, 0xa4, 0xd6, 0x25, 0x02, 0x33, 0x97, 0xda, 0x25, 0x03, 0x33, 0x33, 0x33, 0xdf, 0x25,
    0x04, 0x33, 0x33, 0x33, 0x33, 0xe5, 0x25, 0x04, 0xcf, 0xce, 0x01, 0x1e, 0xed, 0x25, 0x01, 0x1e,
    0xf1, 0x25, 0x01, 0x01, 0xf7, 0x25, 0x01, 0x1e, 0xf9, 0x25, 0x02, 0x01, 0xfc, 0xfc, 0x25, 0x01,
    0x0c, 0x0c, 0x26, 0x03, 0x0c, 0xf0, 0xf0, 0x10, 0x26, 0x02, 0x01, 0x01, 0x14, 0x26, 0x04, 0x1f,
    0x1f, 0x1e, 0x1e, 0x1a, 0x26, 0x04, 0x1e, 0x1e, 0x1e, 0x01, 0x1f, 0x26, 0x01, 0x01, 0x23, 0x26,
    0x03, 0xcf, 0xcf, 0x33, 0x33, 0x26, 0x04, 0xa4, 0xa4, 0xa4, 0xa4, 0x3a, 0x26, 0x03, 0xcf, 0xcf,
    0x01, 0x3e, 0x26, 0x02, 0x1f, 0x01, 0x45, 0x26, 0x02, 0x1e, 0x1f, 0x48, 0x26, 0x02, 0x01, 0x01,
    0x4f, 0x26, 0x04, 0x01, 0x6b, 0x33, 0x33, 0x55, 0x26, 0x04, 0x33, 0x33, 0x33, 0x33, 0x66, 0x26,
    0x03, 0xce, 0xcf, 0x1e, 0x6a, 0x26, 0x01, 0x1e, 0x72, 0x26, 0x0c, 0xfc, 0xfc, 0xfc, 0xfc, 0x23,
    0x6b, 0x75, 0x6b, 0x6b, 0x6a, 0xee, 0x0c, 0x8b, 0x26, 0x11, 0xf0, 0xf0, 0xf0, 0xfd, 0x01, 0x01,
    0x1e, 0x01, 0x01, 0x1f, 0x1e, 0x1e, 0x1e, 0x1f, 0x1f, 0x1f, 0x1e, 0x9e, 0x26, 0x01, 0x01, 0xa2,
    0x26, 0x03, 0x01, 0xcf, 0xcf, 0xb5, 0x26, 0x04, 0xa4, 0xa4, 0xa4, 0xa4, 0xba, 0x26, 0x03, 0x6b,
    0xce, 0x01, 0xbe, 0x26, 0x02, 0x1f, 0x1e, 0xc2, 0x26, 0x01, 0x1e, 0xc4, 0x26, 0x02, 0x1e, 0x01,
    0xce, 0x26, 0x01, 0x01, 0xd0, 0x26, 0x02, 0xfc, 0xcf, 0xd5, 0x26, 0x03, 0x33, 0x33, 0xa4, 0xe7,
    0x26, 0x17, 0x6b, 0xd1, 0xe2, 0xe2, 0xe2, 0xfc, 0x6b, 0x6b, 0x6a, 0x6a, 0x6a, 0x6b, 0x6a, 0x6a,
    0x96, 0x97, 0x8f, 0x8f, 0x60, 0x60, 0xbf, 0xd3, 0x9b, 0x0b, 0x27, 0x0b, 0xf0, 0xf0, 0xf1, 0x01,
    0x01, 0x1e, 0x01, 0x1f, 0x1f, 0x1e, 0x1e, 0x17, 0x27, 0x04, 0x1f, 0x1f, 0x1f, 0x1e, 0x1d, 0x27,
    0x01, 0x01, 0x21, 0x27, 0x04, 0x01, 0xfc, 0xcf, 0xcf, 0x2a, 0x27, 0x01, 0xa4, 0x2d, 0x27, 0x01,
    0x33, 0x2f, 0x27, 0x01, 0x33, 0x31, 0x27, 0x01, 0xa4, 0x33, 0x27, 0x06, 0x33, 0x33, 0x97, 0x97,
    0xa4, 0xa4, 0x3a, 0x27, 0x03, 0xfd, 0xcf, 0xfc, 0x3e, 0x27, 0x02, 0x1e, 0x1e, 0x41, 0x27, 0x01,
    0x1e, 0x44, 0x27, 0x02, 0x1f, 0x01, 0x47, 0x27, 0x02, 0x01, 0x01, 0x4c, 0x27, 0x01, 0x1e, 0x4e,
    0x27, 0x05, 0x1e, 0x01, 0x1e, 0xce, 0x33, 0x54, 0x27, 0x02, 0x33, 0x33, 0x60, 0x27, 0x14, 0x33,
    0x33, 0x33, 0x33, 0xa4, 0xa4, 0xa4, 0xa4, 0x74, 0x96, 0x96, 0x96, 0x33, 0x8f, 0x60, 0x9c, 0xbf,
    0x48, 0xa4, 0xa4, 0x76, 0x27, 0x07, 0x01, 0x53, 0xf6, 0xf6, 0xf6, 0x9a, 0x83, 0x8a, 0x27, 0x05,
    0xf0, 0xf1, 0xf1, 0x01, 0x1e, 0x90, 0x27, 0x02, 0x1f, 0x1f, 0x93, 0x27, 0x01, 0x1e, 0x95, 0x27,
    0x04, 0x01, 0x1f, 0x1f, 0x1e, 0x9b, 0x27, 0x01, 0x01, 0x9f, 0x27, 0x01, 0x01, 0xa2, 0x27, 0x04,
    0x6b, 0x6a, 0x97, 0xa4, 0xa7, 0x27, 0x01, 0xa4, 0xaa, 0x27, 0x01, 0x33, 0xac, 0x27, 0x02, 0xa4,
    0xa4, 0xb0, 0x27, 0x03, 0x33, 0x33, 0x33, 0xb4, 0x27, 0x04, 0x33, 0x33, 0x33, 0x33, 0xba, 0x27,
    0x05, 0x33, 0xcf, 0xfc, 0x1e, 0x1e, 0xc0, 0x27, 0x02, 0x1e, 0x1e, 0xc3, 0x27, 0x02, 0x01, 0x01,
    0xc6, 0x27, 0x02, 0x01, 0x01, 0xcc, 0x27, 0x03, 0x1e, 0x1e, 0x01, 0xd1, 0x27, 0x02, 0xe2, 0xcf,
    0xd7, 0x27, 0x12, 0x33, 0x33, 0x33, 0x33, 0x33, 0x97, 0x97, 0x97, 0x97, 0x96, 0x97, 0x33, 0x6a,
    0x6a, 0x49, 0x50, 0x50, 0xf7, 0xec, 0x27, 0x04, 0xf6, 0xf6, 0xf6, 0xf6, 0xf2, 0x27, 0x04, 0xde,
    0x31, 0x31, 0x31, 0xf7, 0x27, 0x06, 0x62, 0x62, 0xc6, 0x31, 0x6c, 0x6c, 0x09, 0x28, 0x04, 0x0c,
    0xf1, 0xf0, 0xfd, 0x0e, 0x28, 0x03, 0x1f, 0x1f, 0x1f, 0x13, 0x28, 0x06, 0x1e, 0x1f, 0x1f, 0x1f,
    0x1e, 0x01, 0x1a, 0x28, 0x01, 0x01, 0x1e, 0x28, 0x02, 0x01, 0x01, 0x21, 0x28, 0x03, 0xfc, 0xfd,
    0xfd, 0x25, 0x28, 0x03, 0xa4, 0xa4, 0x33, 0x2b, 0x28, 0x02, 0x33, 0x33, 0x3a, 0x28, 0x04, 0x33,
    0xcf, 0xe2, 0x1e, 0x40, 0x28, 0x04, 0x1e, 0x1e, 0x01, 0x01, 0x46, 0x28, 0x01, 0x01, 0x4a, 0x28,
    0x01, 0x1e, 0x4d, 0x28, 0x01, 0x1e, 0x4f, 0x28, 0x01, 0xe2, 0x53, 0x28, 0x08, 0x97, 0x97, 0x97,
    0x48, 0x49, 0x49, 0x49, 0x01, 0x5c, 0x28, 0x06, 0xa4, 0x18, 0xf7, 0xf7, 0xf7, 0xa4, 0x63, 0x28,
    0x0c, 0xa5, 0x01, 0xf6, 0xf6, 0xf6, 0xde, 0x31, 0x31, 0xa4, 0x31, 0x62, 0x62, 0x70, 0x28, 0x01,
    0xc6, 0x72, 0x28, 0x05, 0x53, 0xf7, 0xf7, 0x31, 0x62, 0x7a, 0x28, 0x03, 0x5d, 0x5d, 0x5d, 0x88,
    0x28, 0x08, 0x0c, 0xf1, 0xf1, 0xfc, 0x1e, 0x1f, 0x1f, 0x1f, 0x91, 0x28, 0x09, 0x1e, 0x1f, 0x1f,
    0x1f, 0x1e, 0x1e, 0x01, 0x01, 0x01, 0x9d, 0x28, 0x01, 0x01, 0x9f, 0x28, 0x08, 0x1e, 0x1e, 0xce,
    0xce, 0xcf, 0x33, 0x97, 0x97, 0xba, 0x28, 0x03, 0x33, 0xd1, 0xcf, 0xc0, 0x28, 0x06, 0x1e, 0x1e,
    0x01, 0x01, 0xfd, 0xfd, 0xca, 0x28, 0x08, 0x48, 0x48, 0x48, 0x48, 0xa4, 0x01, 0x01, 0x01, 0xd3,
    0x28, 0x08, 0x19, 0xf6, 0xf7, 0xa4, 0xf6, 0xa5, 0xa5, 0x18, 0xdd, 0x28, 0x01, 0xef, 0xe1, 0x28,
    0x0b, 0xa4, 0x62, 0x31, 0x31, 0x31, 0x62, 0x31, 0xf7, 0xf7, 0xf7, 0x62, 0xef, 0x28, 0x02, 0x62,
    0xc6, 0xf3, 0x28, 0x01, 0xc6, 0xf5, 0x28, 0x07, 0x62, 0x3f, 0x9b, 0x9b, 0x5d, 0x5d, 0x5d, 0x07,
    0x29, 0x07, 0x0c, 0xf0, 0xf1, 0xf0, 0x1e, 0x1f, 0x1f, 0x11, 0x29, 0x04, 0x1f, 0x1f, 0x01, 0x1e,
    0x16, 0x29, 0x02, 0x01, 0x01, 0x1a, 0x29, 0x03, 0x1e, 0x01, 0x01, 0x1e, 0x29, 0x02, 0x1e, 0x1e,
    0x21, 0x29, 0x09, 0xcf, 0xcf, 0xd1, 0xa4, 0x33, 0x33, 0x33, 0x33, 0xa4, 0x38, 0x29, 0x05, 0x33,
    0x97, 0x33, 0x97, 0x33, 0x3e, 0x29, 0x04, 0xdf, 0xdf, 0xdf, 0xdf, 0x45, 0x29, 0x01, 0x01, 0x47,
    0x29, 0x0b, 0xa4, 0x01, 0x01, 0xa5, 0x19, 0x01, 0xa5, 0xf6, 0xf6, 0xf6, 0xa5, 0x53, 0x29, 0x08,
    0x53, 0x53, 0x53, 0xa4, 0xc6, 0xc6, 0xc6, 0xc6, 0x5d, 0x29, 0x05, 0x31, 0x31, 0x31, 0x31, 0xa4,
    0x63, 0x29, 0x04, 0xf7, 0xf7, 0x31, 0x31, 0x6a, 0x29, 0x12, 0xc6, 0x62, 0x62, 0xc6, 0x97, 0x5d,
    0x9b, 0x5d, 0x5d, 0x5d, 0x5d, 0x9b, 0x5d, 0x5d, 0x5d, 0x5d, 0x5d, 0x5d, 0x87, 0x29, 0x07, 0xf1,
    0xf0, 0xf0, 0xe2, 0x1f, 0x1f, 0x1e, 0x8f, 0x29, 0x01, 0x1e, 0x91, 0x29, 0x04, 0x1f, 0x1f, 0x01,
    0x1f, 0x96, 0x29, 0x04, 0x01, 0x01, 0x01, 0x01, 0x9b, 0x29, 0x01, 0x1e, 0x9e, 0x29, 0x01, 0x01,
    0xa0, 0x29, 0x04, 0xfc, 0xcf, 0xcf, 0x33, 0xa7, 0x29, 0x02, 0xa4, 0xa4, 0xac, 0x29, 0x0d, 0x33,
    0x33, 0x33, 0x33, 0x33, 0x33, 0xec, 0xec, 0xdf, 0x97, 0x97, 0x97, 0x97, 0xbb, 0x29, 0x01, 0x01,
    0xbe, 0x29, 0x01, 0xa5, 0xc0, 0x29, 0x0b, 0x01, 0xa5, 0x19, 0xef, 0x53, 0xef, 0x18, 0x53, 0x53,
    0xf7, 0xa4, 0xcc, 0x29, 0x02, 0xf7, 0x53, 0xd0, 0x29, 0x03, 0x53, 0x62, 0x31, 0xd5, 0x29, 0x01,
    0xc6, 0xd7, 0x29, 0x03, 0x62, 0xc6, 0xc6, 0xe1, 0x29, 0x02, 0xa4, 0x62, 0xe7, 0x29, 0x0f, 0x5d,
    0x5d, 0x5d, 0x9b, 0x5d, 0x5d, 0x5d, 0x5d, 0x9b, 0x3f, 0x5d, 0x5d, 0x5d, 0x0c, 0x0c, 0x06, 0x2a,
    0x12, 0xf0, 0xf0, 0xee, 0xe2, 0x1e, 0x1f, 0x1e, 0x1e, 0x1e, 0x1e, 0x1f, 0x01, 0x01, 0x01, 0x01,
    0x01, 0x01, 0x01, 0x19, 0x2a, 0x01, 0x1e, 0x1b, 0x2a, 0x01, 0x1e, 0x1e, 0x2a, 0x05, 0x1e, 0xfc,
    0xfc, 0xfd, 0xe2, 0x24, 0x2a, 0x0e, 0x33, 0x33, 0xec, 0xec, 0xa4, 0xa4, 0xa4, 0xa4, 0x33, 0x97,
    0x97, 0x97, 0x01, 0x01, 0x33, 0x2a, 0x01, 0xa4, 0x36, 0x2a, 0x01, 0x01, 0x3a, 0x2a, 0x04, 0x19,
    0xbc, 0x53, 0x53, 0x41, 0x2a, 0x02, 0xa4, 0xf7, 0x44, 0x2a, 0x01, 0x53, 0x46, 0x2a, 0x09, 0xf7,
    0x53, 0x31, 0x31, 0x62, 0x31, 0xf7, 0x53, 0x31, 0x51, 0x2a, 0x01, 0x62, 0x54, 0x2a, 0x07, 0x62,
    0x62, 0xa4, 0x62, 0xc6, 0xc6, 0xc6, 0x5f, 0x2a, 0x0d, 0x5d, 0x5d, 0x9b, 0x3f, 0x5d, 0x5d, 0x5d,
    0x5d, 0x5d, 0x5d, 0x0c, 0x0c, 0x05, 0x85, 0x2a, 0x08, 0xf0, 0xee, 0xee, 0xee, 0x1f, 0x1e, 0x1e,
    0x1e, 0x8e, 0x2a, 0x03, 0x1f, 0x01, 0x01, 0x93, 0x2a, 0x21, 0xfd, 0xfd, 0xfd, 0xfc, 0xfc, 0xfc,
    0x23, 0x23, 0x23, 0x23, 0x6b, 0x6b, 0x6b, 0x74, 0x74, 0x6a, 0x96, 0x97, 0x33, 0x96, 0x01, 0x01,
    0x18, 0x18, 0x19, 0xa5, 0xf6, 0xf7, 0x53, 0xf6, 0xef, 0xef, 0xf7, 0xb5, 0x2a, 0x01, 0xa4, 0xb9,
    0x2a, 0x02, 0xf7, 0xf7, 0xbc, 0x2a, 0x03, 0x31, 0x31, 0x62, 0xc0, 0x2a, 0x02, 0xc6, 0x62, 0xc4,
    0x2a, 0x01, 0x62, 0xc6, 0x2a, 0x08, 0xc6, 0x62, 0x62, 0x62, 0xa4, 0xc6, 0xc6, 0x62, 0xd0, 0x2a,
    0x02, 0x62, 0x62, 0xd5, 0x2a, 0x0d, 0x97, 0x33, 0x5d, 0x5d, 0x5d, 0x5d, 0x9b, 0x3f, 0x5d, 0x5d,
    0x5d, 0x5d, 0x9b, 0x04, 0x2b, 0x23, 0x0c, 0xee, 0xee, 0x0c, 0xfc, 0xfc, 0xe2, 0xe2, 0xe2, 0x1e,
    0x23, 0x23, 0x23, 0x22, 0x6a, 0x6a, 0x6b, 0x6b, 0x6b, 0x6b, 0xcf, 0x6b, 0x96, 0x96, 0x96, 0x96,
    0x96, 0x01, 0xf7, 0xa4, 0xa4, 0xa5, 0xa5, 0x01, 0x01, 0x28, 0x2b, 0x02, 0xa4, 0xef, 0x2c, 0x2b,
    0x01, 0x53, 0x2e, 0x2b, 0x04, 0x53, 0x53, 0xf7, 0xf7, 0x33, 0x2b, 0x01, 0xf7, 0x35, 0x2b, 0x03,
    0x31, 0xc6, 0x31, 0x3c, 0x2b, 0x02, 0x62, 0x62, 0x42, 0x2b, 0x03, 0xc6, 0xc6, 0x62, 0x46, 0x2b,
    0x02, 0xc6, 0x62, 0x4a, 0x2b, 0x01, 0x62, 0x4c, 0x2b, 0x02, 0xc6, 0x62, 0x4f, 0x2b, 0x08, 0x5d,
    0x5d, 0x5d, 0x5d, 0x5d, 0x0c, 0x0c, 0x0c, 0x84, 0x2b, 0x13, 0x9b, 0x9b, 0x9b, 0x97, 0x6b, 0xd1,
    0x6b, 0x6a, 0x74, 0x6a, 0x6a, 0x6a, 0xce, 0x96, 0x96, 0x96, 0x96, 0x96, 0x49, 0x98, 0x2b, 0x16,
    0x18, 0x18, 0x18, 0x53, 0xf6, 0xf6, 0xf6, 0xf6, 0xf6, 0xef, 0xde, 0x31, 0x62, 0xa4, 0xa4, 0xc6,
    0x62, 0x31, 0x31, 0x31, 0xf7, 0x53, 0xaf, 0x2b, 0x01, 0x62, 0xb3, 0x2b, 0x02, 0xc6, 0x62, 0xb6,
    0x2b, 0x02, 0xa4, 0x62, 0xba, 0x2b, 0x02, 0xc6, 0xc6, 0xbe, 0x2b, 0x01, 0x62, 0xc0, 0x2b, 0x02,
    0xc6, 0x62, 0xc4, 0x2b, 0x01, 0x62, 0xc8, 0x2b, 0x04, 0x5d, 0x5d, 0x3f, 0x5d, 0x05, 0x2c, 0x0e,
    0x83, 0x83, 0x6d, 0x82, 0x97, 0x33, 0x60, 0x60, 0xbf, 0xbf, 0xf7, 0xa4, 0xa4, 0xa4, 0x14, 0x2c,
    0x07, 0x01, 0x01, 0x01, 0x01, 0xa5, 0xef, 0x53, 0x1f, 0x2c, 0x01, 0x53, 0x21, 0x2c, 0x07, 0x31,
    0xc6, 0x53, 0x53, 0x62, 0x62, 0xc6, 0x29, 0x2c, 0x02, 0xa4, 0xc6, 0x2c, 0x2c, 0x02, 0xc6, 0x62,
    0x2f, 0x2c, 0x06, 0x62, 0x62, 0xc6, 0xc6, 0xc6, 0x62, 0x36, 0x2c, 0x02, 0xc6, 0x62, 0x3d, 0x2c,
    0x01, 0x51, 0x40, 0x2c, 0x01, 0x05, 0x85, 0x2c, 0x04, 0x6c, 0x6c, 0xf7, 0xf7, 0x8a, 0x2c, 0x16,
    0xa5, 0xf7, 0x53, 0xf6, 0xf6, 0xf6, 0x18, 0xbc, 0xc6, 0x62, 0x31, 0x31, 0x62, 0xa4, 0xa4, 0xc6,
    0x62, 0x31, 0x31, 0x31, 0x31, 0x31, 0xa6, 0x2c, 0x03, 0x62, 0xc6, 0xc6, 0xab, 0x2c, 0x01, 0x62,
    0xad, 0x2c, 0x02, 0xc6, 0x62, 0xb1, 0x2c, 0x01, 0x62, 0xb3, 0x2c, 0x06, 0xc6, 0x3f, 0x5d, 0x5d,
    0x5d, 0x5d, 0x05, 0x2d, 0x0e, 0x5d, 0x5d, 0xde, 0xde, 0xf7, 0x53, 0xc6, 0x62, 0x62, 0x62, 0xc6,
    0xc6, 0x53, 0x53, 0x14, 0x2d, 0x05, 0x53, 0xf7, 0xf7, 0xc6, 0xc6, 0x1a, 0x2d, 0x01, 0xc6, 0x22,
    0x2d, 0x0f, 0x62, 0xc6, 0x51, 0x51, 0x51, 0x51, 0x3f, 0x5d, 0x5d, 0x5d, 0x5d, 0x5d, 0x5d, 0x0c,
    0x0c, 0x86, 0x2d, 0x07, 0x5d, 0x31, 0x31, 0x31, 0xf7, 0xa4, 0x62, 0x91, 0x2d, 0x03, 0xc6, 0x62,
    0x62, 0x97, 0x2d, 0x04, 0x62, 0xa4, 0xa4, 0xc6, 0x9c, 0x2d, 0x0d, 0x5d, 0x5d, 0x5d, 0x5d, 0x5d,
    0x5d, 0x5d, 0x5d, 0x5d, 0x5d, 0x0c, 0x0c, 0x05, 0x06, 0x2e, 0x02, 0x5d, 0x5d, 0x0a, 0x2e, 0x17,
    0xc6, 0x62, 0xc6, 0x62, 0x62, 0x62, 0xc6, 0x9b, 0x5d, 0x9b, 0x3f, 0x5d, 0x5d, 0x5d, 0x5d, 0x5d,
    0x9b, 0x3f, 0x5d, 0x5d, 0x5d, 0x5d, 0x5d, 0x88, 0x2e, 0x11, 0x5d, 0x5d, 0x5d, 0x5d, 0x9b, 0x3f,
    0x5d, 0x5d, 0x5d, 0x5d, 0x5d, 0x5d, 0x3f, 0x5d, 0x5d, 0x5d, 0x0c, 0x09, 0x2f, 0x08, 0x5d, 0x5d,
    0x5d, 0x5d, 0x5d, 0x5d, 0x0c, 0x0c, 0x4d, 0x19, 0x03, 0x0c, 0x0c, 0x0c, 0x58, 0x19, 0x01, 0x0c,
    0xaa, 0x19, 0x02, 0x0c, 0x0c, 0xbc, 0x19, 0x02, 0x33, 0x33, 0xc2, 0x19, 0x02, 0xa4, 0xfc, 0xc6,
    0x19, 0x02, 0x01, 0x01, 0xc9, 0x19, 0x04, 0x1e, 0x1e, 0x1e, 0x1e, 0xce, 0x19, 0x01, 0xfc, 0xd0,
    0x19, 0x04, 0x33, 0x33, 0xa4, 0xa4, 0xd5, 0x19, 0x01, 0x97, 0xd9, 0x19, 0x02, 0x3f, 0x0c, 0x20,
    0x1a, 0x03, 0x0c, 0x3f, 0x33, 0x27, 0x1a, 0x01, 0xa4, 0x29, 0x1a, 0x01, 0xa4, 0x2b, 0x1a, 0x03,
    0x97, 0xa4, 0xfc, 0x36, 0x1a, 0x01, 0x01, 0x38, 0x1a, 0x02, 0xfc, 0x33, 0x43, 0x1a, 0x01, 0x33,
    0x45, 0x1a, 0x01, 0x01, 0x47, 0x1a, 0x02, 0x1e, 0x1e, 0x4a, 0x1a, 0x02, 0x1f, 0x01, 0x4f, 0x1a,
    0x01, 0xfc, 0x58, 0x1a, 0x04, 0x33, 0xa4, 0x33, 0x0c, 0xa0, 0x1a, 0x02, 0x3f, 0x33, 0xa9, 0x1a,
    0x02, 0xa4, 0xa4, 0xac, 0x1a, 0x01, 0x33, 0xb0, 0x1a, 0x02, 0x1e, 0x1e, 0xb3, 0x1a, 0x02, 0x1f,
    0x01, 0xb8, 0x1a, 0x02, 0xfc, 0x33, 0xc2, 0x1a, 0x03, 0xa4, 0xa4, 0xfd, 0xc8, 0x1a, 0x02, 0x1e,
    0x1e, 0xcb, 0x1a, 0x01, 0x01, 0xcd, 0x1a, 0x01, 0x01, 0xd1, 0x1a, 0x04, 0x33, 0x33, 0x33, 0x33,
    0xdb, 0x1a, 0x02, 0x33, 0x3f, 0x1f, 0x1b, 0x02, 0x3f, 0x33, 0x22, 0x1b, 0x02, 0xa4, 0xa4, 0x25,
    0x1b, 0x01, 0x33, 0x29, 0x1b, 0x01, 0x33, 0x2c, 0x1b, 0x02, 0xfc, 0x01, 0x37, 0x1b, 0x03, 0x01,
    0xfc, 0x33, 0x44, 0x1b, 0x01, 0x33, 0x47, 0x1b, 0x01, 0x1e, 0x49, 0x1b, 0x08, 0x01, 0xfd, 0xfc,
    0xfc, 0xfc, 0xfc, 0xfc, 0xfc, 0x52, 0x1b, 0x02, 0xe2, 0xe2, 0x57, 0x1b, 0x06, 0x0c, 0x0c, 0x0c,
    0x0c, 0x0c, 0x0c, 0x5e, 0x1b, 0x01, 0x0c, 0x9e, 0x1b, 0x02, 0x3f, 0x33, 0xa1, 0x1b, 0x02, 0xa4,
    0xa4, 0xaa, 0x1b, 0x01, 0x33, 0xac, 0x1b, 0x05, 0xe2, 0xe2, 0xe2, 0xfc, 0xfc, 0xbd, 0x1b, 0x07,
    0x0c, 0x0c, 0xf0, 0xf0, 0xf0, 0xf0, 0xf0, 0xc5, 0x1b, 0x01, 0x33, 0xd1, 0x1b, 0x02, 0x6b, 0xfc,
    0xd5, 0x1b, 0x01, 0x01, 0xd7, 0x1b, 0x02, 0x01, 0x1e, 0xdb, 0x1b, 0x01, 0x1e, 0xdd, 0x1b, 0x03,
    0x01, 0xfc, 0x0c, 0x1d, 0x1c, 0x01, 0x0c, 0x1f, 0x1c, 0x0d, 0xfc, 0xfc, 0xfc, 0xfd, 0xfd, 0xf0,
    0xf0, 0xee, 0xee, 0xf0, 0xf1, 0xee, 0xe2, 0x2e, 0x1c, 0x06, 0xa4, 0xa4, 0xa4, 0xa4, 0xa4, 0xa4,
    0x37, 0x1c, 0x02, 0xa4, 0xa4, 0x3f, 0x1c, 0x01, 0x1e, 0x44, 0x1c, 0x01, 0x1e, 0x47, 0x1c, 0x03,
    0xa4, 0xa4, 0xa4, 0x4b, 0x1c, 0x01, 0x33, 0x4d, 0x1c, 0x01, 0xa4, 0x50, 0x1c, 0x03, 0x33, 0x33,
    0xcf, 0x56, 0x1c, 0x01, 0x01, 0x59, 0x1c, 0x01, 0x1e, 0x5b, 0x1c, 0x01, 0x1e, 0x5d, 0x1c, 0x02,
    0x01, 0x1e, 0x9c, 0x1c, 0x02, 0x0c, 0xfc, 0xa0, 0x1c, 0x03, 0x01, 0x01, 0x01, 0xa4, 0x1c, 0x01,
    0x1e, 0xa6, 0x1c, 0x01, 0x1e, 0xa9, 0x1c, 0x01, 0x1e, 0xab, 0x1c, 0x01, 0x33, 0xad, 0x1c, 0x02,
    0xa4, 0xa4, 0xb1, 0x1c, 0x02, 0x33, 0x33, 0xb6, 0x1c, 0x01, 0x33, 0xc1, 0x1c, 0x02, 0x01, 0x01,
    0xcf, 0x1c, 0x01, 0x97, 0xd3, 0x1c, 0x01, 0xce, 0xd6, 0x1c, 0x01, 0x01, 0xda, 0x1c, 0x02, 0x1e,
    0x1f, 0xdd, 0x1c, 0x01, 0x01, 0xe0, 0x1c, 0x02, 0x01, 0xfc, 0x1b, 0x1d, 0x02, 0x0c, 0xfc, 0x1e,
    0x1d, 0x01, 0x01, 0x20, 0x1d, 0x03, 0x1f, 0x1e, 0x1e, 0x24, 0x1d, 0x01, 0x1f, 0x32, 0x1d, 0x04,
    0xa4, 0xa4, 0x33, 0xa4, 0x39, 0x1d, 0x03, 0x01, 0x01, 0x1f, 0x3d, 0x1d, 0x01, 0x1e, 0x3f, 0x1d,
    0x01, 0x1e, 0x41, 0x1d, 0x01, 0x01, 0x49, 0x1d, 0x03, 0xa4, 0xa4, 0xa4, 0x4d, 0x1d, 0x02, 0x33,
    0x33, 0x51, 0x1d, 0x04, 0x33, 0x33, 0x97, 0xfc, 0x61, 0x1d, 0x01, 0x01, 0x63, 0x1d, 0x01, 0x0c,
    0x9b, 0x1d, 0x01, 0xfd, 0x9d, 0x1d, 0x08, 0x1f, 0x1f, 0x1e, 0x1e, 0x1e, 0x1f, 0x01, 0x01, 0xa8,
    0x1d, 0x02, 0x01, 0x01, 0xb0, 0x1d, 0x02, 0xa4, 0xa4, 0xb3, 0x1d, 0x03, 0xa4, 0xa4, 0xa4, 0xb8,
    0x1d, 0x01, 0x33, 0xbe, 0x1d, 0x01, 0x1e, 0xc6, 0x1d, 0x05, 0x01, 0x33, 0x33, 0x33, 0xa4, 0xd1,
    0x1d, 0x0d, 0x33, 0x33, 0x33, 0x33, 0x33, 0xe2, 0xe2, 0xe2, 0xfc, 0xfc, 0xfd, 0xfd, 0xfc, 0xe0,
    0x1d, 0x01, 0x1e, 0x1a, 0x1e, 0x05, 0xfc, 0x1f, 0x1e, 0x1e, 0x1e, 0x20, 0x1e, 0x01, 0x1f, 0x22,
    0x1e, 0x01, 0x01, 0x28, 0x1e, 0x01, 0x01, 0x2a, 0x1e, 0x0e, 0x3f, 0x3f, 0x97, 0x97, 0x33, 0x33,
    0x33, 0x33, 0x33, 0x33, 0x33, 0x33, 0x33, 0x33, 0x45, 0x1e, 0x02, 0xfd, 0xfc, 0x48, 0x1e, 0x0f,
    0x33, 0x33, 0x97, 0x33, 0x33, 0x33, 0x33, 0x33, 0x33, 0x33, 0x3f, 0x3f, 0x3f, 0x3f, 0x33, 0x63,
    0x1e, 0x01, 0xa4, 0x65, 0x1e, 0x01, 0x0c, 0x99, 0x1e, 0x12, 0xfd, 0xd1, 0xd1, 0xd1, 0xcf, 0xcf,
    0x33, 0x33, 0x33, 0x33, 0x33, 0x33, 0x33, 0x33, 0x33, 0x33, 0xe2, 0xfc, 0xb4, 0x1e, 0x01, 0x1e,
    0xb6, 0x1e, 0x03, 0x1e, 0x01, 0x1e, 0xc7, 0x1e, 0x01, 0x97, 0xd7, 0x1e, 0x01, 0x97, 0xd9, 0x1e,
    0x02, 0xa4, 0xa4, 0xdc, 0x1e, 0x07, 0xa4, 0x97, 0x97, 0xa4, 0xa4, 0xa4, 0xa4, 0xe4, 0x1e, 0x01,
    0x33, 0xe6, 0x1e, 0x01, 0x3f, 0x28, 0x1f, 0x01, 0x97, 0x33, 0x1f, 0x02, 0x1e, 0x1e, 0x36, 0x1f,
    0x02, 0x01, 0x1e, 0x39, 0x1f, 0x02, 0xa4, 0xa4, 0x3d, 0x1f, 0x02, 0xa4, 0xa4, 0x40, 0x1f, 0x04,
    0x33, 0x33, 0xa4, 0xa4, 0x45, 0x1f, 0x02, 0x33, 0x33, 0x48, 0x1f, 0x01, 0xfc, 0x55, 0x1f, 0x02,
    0x01, 0x1e, 0x58, 0x1f, 0x01, 0x33, 0x63, 0x1f, 0x03, 0x33, 0x33, 0xa4, 0x68, 0x1f, 0x01, 0x33,
    0x98, 0x1f, 0x01, 0x33, 0x9b, 0x1f, 0x05, 0x33, 0x33, 0x33, 0x33, 0xa4, 0xa1, 0x1f, 0x02, 0x97,
    0x33, 0xa5, 0x1f, 0x01, 0xa4, 0xa7, 0x1f, 0x02, 0x33, 0xfc, 0xab, 0x1f, 0x01, 0x01, 0xad, 0x1f,
    0x01, 0x01, 0xaf, 0x1f, 0x02, 0x1e, 0x1e, 0xb4, 0x1f, 0x01, 0x01, 0xb8, 0x1f, 0x02, 0xfc, 0x33,
    0xc8, 0x1f, 0x01, 0x33, 0xcd, 0x1f, 0x01, 0x01, 0xcf, 0x1f, 0x01, 0x1e, 0xd2, 0x1f, 0x01, 0x1f,
    0xd8, 0x1f, 0x02, 0x01, 0x33, 0xe3, 0x1f, 0x05, 0xa4, 0x33, 0xa4, 0xa4, 0xa4, 0xe9, 0x1f, 0x02,
    0x0c, 0x0c, 0x17, 0x20, 0x02, 0x33, 0x33, 0x1a, 0x20, 0x04, 0x33, 0x33, 0x33, 0x33, 0x20, 0x20,
    0x03, 0x33, 0x97, 0x97, 0x27, 0x20, 0x01, 0x33, 0x2c, 0x20, 0x03, 0x1f, 0x1e, 0x1e, 0x31, 0x20,
    0x01, 0x1f, 0x33, 0x20, 0x01, 0x01, 0x38, 0x20, 0x02, 0xfc, 0x33, 0x43, 0x20, 0x01, 0xa4, 0x46,
    0x20, 0x01, 0xa4, 0x49, 0x20, 0x02, 0xfc, 0x01, 0x4d, 0x20, 0x01, 0x1e, 0x5d, 0x20, 0x02, 0xa4,
    0xa4, 0x60, 0x20, 0x04, 0x33, 0xa4, 0xa4, 0xa4, 0x65, 0x20, 0x05, 0xa4, 0xa4, 0xa4, 0xa4, 0x33,
    0x95, 0x20, 0x01, 0xfc, 0xa0, 0x20, 0x01, 0xa4, 0xa2, 0x20, 0x01, 0xa4, 0xa7, 0x20, 0x02, 0xfc,
    0x01, 0xab, 0x20, 0x03, 0x1e, 0x1e, 0x1e, 0xb0, 0x20, 0x03, 0x01, 0x01, 0x01, 0xb8, 0x20, 0x02,
    0xfd, 0x33, 0xc1, 0x20, 0x02, 0xa4, 0xa4, 0xc5, 0x20, 0x05, 0xa4, 0xa4, 0xa4, 0xa4, 0x6b, 0xcb,
    0x20, 0x01, 0x01, 0xd1, 0x20, 0x01, 0x01, 0xd5, 0x20, 0x01, 0x01, 0xd9, 0x20, 0x02, 0x01, 0x01,
    0xdc, 0x20, 0x03, 0x33, 0x33, 0x97, 0xea, 0x20, 0x02, 0x33, 0x33, 0xed, 0x20, 0x01, 0x0c, 0x14,
    0x21, 0x01, 0x0c, 0x1e, 0x21, 0x01, 0xa4, 0x24, 0x21, 0x04, 0xa4, 0xa4, 0x33, 0x01, 0x29, 0x21,
    0x01, 0x1f, 0x2b, 0x21, 0x02, 0x1e, 0x1e, 0x2e, 0x21, 0x02, 0x1e, 0x01, 0x31, 0x21, 0x01, 0x01,
    0x36, 0x21, 0x01, 0x01, 0x38, 0x21, 0x02, 0xfd, 0x33, 0x3b, 0x21, 0x0c, 0xa4, 0xa4, 0x97, 0x97,
    0x33, 0x33, 0x33, 0x33, 0x33, 0x33, 0x33, 0x33, 0x49, 0x21, 0x03, 0x33, 0xfd, 0x01, 0x58, 0x21,
    0x06, 0x01, 0xfd, 0xfc, 0xe2, 0x33, 0x33, 0x60, 0x21, 0x01, 0x33, 0x66, 0x21, 0x08, 0xcf, 0xcf,
    0xfc, 0xfc, 0xfc, 0xfc, 0xfc, 0xfc, 0x93, 0x21, 0x04, 0x0c, 0xa4, 0xa4, 0xa4, 0x9d, 0x21, 0x03,
    0xa4, 0xa4, 0xa4, 0xa1, 0x21, 0x04, 0xa4, 0xa4, 0xa4, 0xa4, 0xa6, 0x21, 0x01, 0xfc, 0xa8, 0x21,
    0x02, 0x1f, 0x1e, 0xac, 0x21, 0x01, 0x1e, 0xae, 0x21, 0x02, 0x1f, 0x01, 0xb1, 0x21, 0x01, 0x01,
    0xb8, 0x21, 0x02, 0xfd, 0x33, 0xbb, 0x21, 0x02, 0xa4, 0xa4, 0xc8, 0x21, 0x05, 0x33, 0x33, 0xfc,
    0xe2, 0xe2, 0xd0, 0x21, 0x10, 0xfc, 0xfc, 0xfd, 0xfd, 0xfc, 0xfc, 0xfc, 0x33, 0x33, 0x33, 0xd1,
    0xd1, 0x33, 0xe2, 0x1e, 0x1e, 0xeb, 0x21, 0x01, 0x1e, 0xee, 0x21, 0x01, 0x1e, 0xf0, 0x21, 0x01,
    0x0c, 0x12, 0x22, 0x04, 0xf0, 0x33, 0xa4, 0xa4, 0x17, 0x22, 0x02, 0xa4, 0xa4, 0x1a, 0x22, 0x01,
    0x33, 0x21, 0x22, 0x01, 0x33, 0x25, 0x22, 0x04, 0x33, 0xfc, 0x1e, 0x1e, 0x2a, 0x22, 0x02, 0x1e,
    0x1e, 0x2d, 0x22, 0x01, 0x01, 0x30, 0x22, 0x01, 0x01, 0x32, 0x22, 0x05, 0xfc, 0xfc, 0xfc, 0xfc,
    0xfc, 0x3f, 0x22, 0x01, 0x33, 0x4a, 0x22, 0x02, 0x33, 0x33, 0x5d, 0x22, 0x02, 0x33, 0xfc, 0x63,
    0x22, 0x01, 0x01, 0x65, 0x22, 0x01, 0x01, 0x68, 0x22, 0x04, 0x1e, 0x1e, 0x1e, 0x1e, 0x6d, 0x22,
    0x05, 0x01, 0x1e, 0x1e, 0xfc, 0x0c, 0x91, 0x22, 0x02, 0xf0, 0x33, 0x95, 0x22, 0x02, 0xa4, 0xa4,
    0x98, 0x22, 0x0d, 0x33, 0x33, 0x33, 0x33, 0x33, 0x33, 0x33, 0x33, 0x33, 0x33, 0x33, 0x33, 0x33,
    0xa6, 0x22, 0x14, 0x33, 0x33, 0x33, 0x33, 0x33, 0x33, 0x33, 0x33, 0xce, 0xce, 0xcf, 0xcf, 0xcf,
    0xcf, 0xcf, 0xcf, 0xcf, 0x6b, 0xe2, 0xfc, 0xbc, 0x22, 0x01, 0x1e, 0xbe, 0x22, 0x04, 0x01, 0x01,
    0x01, 0x01, 0xc4, 0x22, 0x04, 0x1e, 0x1e, 0x1e, 0x1e, 0xc9, 0x22, 0x03, 0x1e, 0x01, 0xd1, 0xd4,
    0x22, 0x01, 0xa4, 0xd7, 0x22, 0x01, 0xa4, 0xdb, 0x22, 0x01, 0xa4, 0xdf, 0x22, 0x01, 0xfc, 0xe3,
    0x22, 0x01, 0x01, 0xe8, 0x22, 0x02, 0x1e, 0x1e, 0xec, 0x22, 0x01, 0x1e, 0xee, 0x22, 0x02, 0x1f,
    0x1e, 0xf1, 0x22, 0x03, 0xfc, 0xf0, 0xf0, 0x11, 0x23, 0x15, 0xe2, 0xcf, 0xd1, 0x6b, 0xfc, 0xfc,
    0xfd, 0xfd, 0xfc, 0xfc, 0xfc, 0xfc, 0xd1, 0xd1, 0xcf, 0xcf, 0xce, 0xd1, 0xcf, 0x33, 0x33, 0x2d,
    0x23, 0x01, 0xa4, 0x2f, 0x23, 0x01, 0xa4, 0x33, 0x23, 0x01, 0xa4, 0x36, 0x23, 0x04, 0x33, 0xa4,
    0x6b, 0xfc, 0x3d, 0x23, 0x04, 0x01, 0x01, 0x01, 0x01, 0x43, 0x23, 0x02, 0x1e, 0x1e, 0x47, 0x23,
    0x09, 0x01, 0x1e, 0x01, 0x1e, 0xfc, 0x33, 0x33, 0xa4, 0xa4, 0x51, 0x23, 0x01, 0xa4, 0x57, 0x23,
    0x01, 0x33, 0x5f, 0x23, 0x02, 0x33, 0xfc, 0x63, 0x23, 0x01, 0x01, 0x65, 0x23, 0x02, 0x01, 0x01,
    0x68, 0x23, 0x02, 0x1e, 0x1e, 0x6b, 0x23, 0x04, 0x1f, 0x01, 0x01, 0x01, 0x73, 0x23, 0x02, 0xf1,
    0x0c, 0x90, 0x23, 0x02, 0x1e, 0x1e, 0x95, 0x23, 0x01, 0x01, 0x97, 0x23, 0x01, 0x01, 0x9c, 0x23,
    0x06, 0x1e, 0x1e, 0x1e, 0x01, 0x1f, 0x1e, 0xa4, 0x23, 0x06, 0x6b, 0xa4, 0xa4, 0xa4, 0xa4, 0xa4,
    0xae, 0x23, 0x02, 0x33, 0xa4, 0xb1, 0x23, 0x04, 0xa4, 0x33, 0x97, 0xa4, 0xb8, 0x23, 0x02, 0xcf,
    0xcf, 0xbc, 0x23, 0x02, 0x01, 0x01, 0xbf, 0x23, 0x05, 0x01, 0x01, 0x1e, 0x1e, 0x1e, 0xc5, 0x23,
    0x02, 0x1e, 0x1e, 0xcb, 0x23, 0x03, 0xfc, 0xcf, 0x33, 0xd0, 0x23, 0x01, 0x33, 0xe0, 0x23, 0x02,
    0xcf, 0xfc, 0xe3, 0x23, 0x01, 0x01, 0xe6, 0x23, 0x02, 0x01, 0x1e, 0xe9, 0x23, 0x01, 0x1e, 0xec,
    0x23, 0x01, 0x1e, 0xf4, 0x23, 0x02, 0xfc, 0xf1, 0x11, 0x24, 0x01, 0x1e, 0x14, 0x24, 0x01, 0x01,
    0x16, 0x24, 0x07, 0x01, 0x01, 0x1e, 0x1e, 0x1e, 0x1e, 0x1e, 0x1e, 0x24, 0x02, 0x1e, 0x1e, 0x21,
    0x24, 0x0a, 0x01, 0x1e, 0xfc, 0xcf, 0xa4, 0x97, 0x97, 0xa4, 0xa4, 0xa4, 0x2f, 0x24, 0x01, 0x33,
    0x32, 0x24, 0x03, 0xa4, 0x33, 0x33, 0x38, 0x24, 0x02, 0xcf, 0xcf, 0x3c, 0x24, 0x01, 0x01, 0x3e,
    0x24, 0x03, 0x01, 0x01, 0x1e, 0x43, 0x24, 0x03, 0x1e, 0x1e, 0x1e, 0x4c, 0x24, 0x02, 0xcf, 0xcf,
    0x59, 0x24, 0x01, 0xa4, 0x5b, 0x24, 0x02, 0x97, 0xa4, 0x61, 0x24, 0x02, 0xcf, 0xfc, 0x64, 0x24,
    0x01, 0x01, 0x66, 0x24, 0x01, 0x01, 0x69, 0x24, 0x01, 0x1e, 0x6c, 0x24, 0x01, 0x1f, 0x6f, 0x24,
    0x01, 0x01, 0x75, 0x24, 0x03, 0xfc, 0xf1, 0x0c, 0x8e, 0x24, 0x01, 0xf0, 0x92, 0x24, 0x05, 0x01,
    0x01, 0x01, 0x01, 0x01, 0x98, 0x24, 0x05, 0x1e, 0x1e, 0x1e, 0x1e, 0x1f, 0xa0, 0x24, 0x01, 0x01,
    0xa3, 0x24, 0x02, 0xcf, 0x33, 0xa7, 0x24, 0x03, 0x33, 0x33, 0x33, 0xb2, 0x24, 0x03, 0xa4, 0xa4,
    0xa4, 0xb8, 0x24, 0x02, 0xcf, 0xcf, 0xbb, 0x24, 0x02, 0x01, 0x01, 0xbe, 0x24, 0x03, 0x01, 0x1e,
    0x1e, 0xc2, 0x24, 0x03, 0x1e, 0x1e, 0x1e, 0xc7, 0x24, 0x01, 0x01, 0xcc, 0x24, 0x03, 0xfc, 0xcf,
    0x33, 0xd9, 0x24, 0x02, 0xa4, 0x33, 0xdc, 0x24, 0x01, 0xa4, 0xe2, 0x24, 0x03, 0xcf, 0xfc, 0x01,
    0xe7, 0x24, 0x03, 0x1e, 0x1e, 0x1e, 0xed, 0x24, 0x02, 0x1e, 0x01, 0xf7, 0x24, 0x02, 0xf0, 0xf1,
    0x0d, 0x25, 0x02, 0xf0, 0xfc, 0x11, 0x25, 0x02, 0x01, 0x01, 0x14, 0x25, 0x01, 0x1f, 0x17, 0x25,
    0x01, 0x1e, 0x1a, 0x25, 0x05, 0x1f, 0x1e, 0x1f, 0x01, 0x01, 0x20, 0x25, 0x01, 0x1e, 0x22, 0x25,
    0x02, 0xfc, 0xcf, 0x30, 0x25, 0x03, 0xa4, 0x33, 0xa4, 0x34, 0x25, 0x02, 0xa4, 0xa4, 0x38, 0x25,
    0x02, 0xce, 0xcf, 0x3b, 0x25, 0x01, 0x01, 0x3d, 0x25, 0x02, 0x1f, 0x01, 0x41, 0x25, 0x01, 0x1e,
    0x43, 0x25, 0x04, 0x1f, 0x1f, 0x01, 0x01, 0x4b, 0x25, 0x04, 0x01, 0xfc, 0xce, 0xce, 0x5c, 0x25,
    0x01, 0xa4, 0x60, 0x25, 0x02, 0xa4, 0xa4, 0x63, 0x25, 0x03, 0x6b, 0x01, 0x01, 0x67, 0x25, 0x01,
    0x1e, 0x6c, 0x25, 0x02, 0x1e, 0x1e, 0x71, 0x25, 0x01, 0x01, 0x73, 0x25, 0x01, 0x01, 0x78, 0x25,
    0x03, 0xf1, 0xf0, 0x0c, 0x8c, 0x25, 0x02, 0xf0, 0xfc, 0x8f, 0x25, 0x02, 0x01, 0x01, 0x92, 0x25,
    0x04, 0x01, 0x01, 0x1e, 0x1e, 0x97, 0x25, 0x01, 0x1e, 0x99, 0x25, 0x03, 0x1e, 0x1e, 0x01, 0x9d,
    0x25, 0x01, 0x01, 0xa2, 0x25, 0x02, 0xce, 0x33, 0xb1, 0x25, 0x04, 0xa4, 0x33, 0xa4, 0xa4, 0xb8,
    0x25, 0x07, 0xcf, 0xcf, 0x01, 0x01, 0x1f, 0x01, 0x1f, 0xc1, 0x25, 0x04, 0x1e, 0x1f, 0x1e, 0x1f,
    0xc6, 0x25, 0x03, 0x01, 0x01, 0x01, 0xcb, 0x25, 0x05, 0x01, 0x01, 0xcf, 0xcf, 0x33, 0xd6, 0x25,
    0x01, 0xa4, 0xd8, 0x25, 0x06, 0xa4, 0xa4, 0x33, 0x97, 0x97, 0xa4, 0xdf, 0x25, 0x03, 0x33, 0x33,
    0x33, 0xe3, 0x25, 0x03, 0x33, 0xce, 0x01, 0xe7, 0x25, 0x02, 0x1e, 0x1e, 0xeb, 0x25, 0x04, 0x1e,
    0x1e, 0x1e, 0x01, 0xf7, 0x25, 0x01, 0x1e, 0xf9, 0x25, 0x03, 0xfd, 0xf0, 0x0c, 0x0b, 0x26, 0x02,
    0xf1, 0xfc, 0x0e, 0x26, 0x06, 0x01, 0x01, 0x1f, 0x01, 0x1e, 0x1e, 0x17, 0x26, 0x03, 0x1f, 0x1e,
    0x01, 0x21, 0x26, 0x02, 0xfc, 0xcf, 0x2c, 0x26, 0x01, 0xa4, 0x33, 0x26, 0x04, 0xa4, 0xa4, 0xa4,
    0xa4, 0x38, 0x26, 0x02, 0xcf, 0xce, 0x3b, 0x26, 0x03, 0x01, 0x01, 0x1f, 0x3f, 0x26, 0x02, 0x1e,
    0x1e, 0x42, 0x26, 0x03, 0x1e, 0x1f, 0x1f, 0x46, 0x26, 0x02, 0x01, 0x01, 0x4d, 0x26, 0x09, 0xfc,
    0x6b, 0xce, 0xa4, 0xa4, 0xa4, 0xa4, 0xa4, 0x33, 0x5b, 0x26, 0x02, 0x33, 0x33, 0x5e, 0x26, 0x01,
    0x33, 0x64, 0x26, 0x02, 0x33, 0xcf, 0x67, 0x26, 0x01, 0x1e, 0x6d, 0x26, 0x02, 0x1e, 0x01, 0x71,
    0x26, 0x01, 0x01, 0x78, 0x26, 0x06, 0x1e, 0x01, 0xfc, 0xf0, 0xee, 0x0c, 0x8a, 0x26, 0x01, 0xf0,
    0x8c, 0x26, 0x02, 0x01, 0x01, 0x8f, 0x26, 0x05, 0x01, 0x1f, 0x1e, 0x1e, 0x1e, 0x95, 0x26, 0x03,
    0x1e, 0x1f, 0x01, 0x99, 0x26, 0x02, 0x01, 0x01, 0x9f, 0x26, 0x04, 0x01, 0x01, 0xcf, 0xce, 0xa9,
    0x26, 0x01, 0xa4, 0xae, 0x26, 0x01, 0x33, 0xb1, 0x26, 0x0d, 0xa4, 0x33, 0x33, 0x33, 0x97, 0xa4,
    0xa4, 0x6a, 0xce, 0x01, 0x01, 0x1f, 0x1f, 0xbf, 0x26, 0x01, 0x1e, 0xc1, 0x26, 0x07, 0x1e, 0x01,
    0x1f, 0x01, 0x01, 0x01, 0x01, 0xcd, 0x26, 0x03, 0x01, 0xfd, 0xcf, 0xd1, 0x26, 0x03, 0x33, 0x33,
    0x33, 0xe5, 0x26, 0x03, 0x33, 0xcf, 0x1e, 0xeb, 0x26, 0x01, 0x1e, 0xee, 0x26, 0x01, 0x01, 0xf1,
    0x26, 0x02, 0x01, 0x01, 0xf5, 0x26, 0x09, 0xfc, 0xe2, 0xe2, 0xfc, 0xfc, 0xfc, 0x3d, 0xd3, 0x9b,
    0x09, 0x27, 0x07, 0xf0, 0xf1, 0x01, 0x01, 0x1f, 0x1f, 0x1f, 0x11, 0x27, 0x01, 0x1e, 0x14, 0x27,
    0x05, 0x1f, 0x1f, 0x1f, 0x01, 0x01, 0x1f, 0x27, 0x06, 0x01, 0xfc, 0x6a, 0x97, 0xa4, 0xa4, 0x28,
    0x27, 0x01, 0x33, 0x2a, 0x27, 0x01, 0xa4, 0x2d, 0x27, 0x01, 0x33, 0x2f, 0x27, 0x02, 0x33, 0x33,
    0x32, 0x27, 0x0c, 0xa4, 0x33, 0x33, 0x33, 0x33, 0x33, 0xcf, 0xcf, 0x1f, 0x1e, 0x1e, 0x1e, 0x3f,
    0x27, 0x01, 0x1e, 0x41, 0x27, 0x06, 0x01, 0x1f, 0x01, 0x01, 0x01, 0x01, 0x4c, 0x27, 0x01, 0x1f,
    0x4e, 0x27, 0x03, 0xfc, 0xce, 0xd1, 0x53, 0x27, 0x04, 0xa4, 0x33, 0x33, 0xa4, 0x66, 0x27, 0x02,
    0xcf, 0xd1, 0x69, 0x27, 0x15, 0xfc, 0xe2, 0xfc, 0xfc, 0xfc, 0xfd, 0x01, 0x22, 0x23, 0x6b, 0x6b,
    0x6b, 0x6b, 0x74, 0xcf, 0x6a, 0x6a, 0x6a, 0x74, 0x6d, 0x0c, 0x88, 0x27, 0x06, 0xf0, 0xf1, 0x01,
    0x1f, 0x1f, 0x1f, 0x90, 0x27, 0x01, 0x1e, 0x92, 0x27, 0x06, 0x1e, 0x1f, 0x1f, 0x01, 0x01, 0x01,
    0x9c, 0x27, 0x02, 0x01, 0x01, 0x9f, 0x27, 0x07, 0x1f, 0xfc, 0xfc, 0x97, 0xa4, 0xa4, 0x97, 0xa7,
    0x27, 0x01, 0xa4, 0xaa, 0x27, 0x01, 0x33, 0xb7, 0x27, 0x08, 0x33, 0xce, 0xd1, 0xe2, 0x1e, 0x1e,
    0x1e, 0x1e, 0xc1, 0x27, 0x05, 0x01, 0x01, 0x01, 0x01, 0x01, 0xca, 0x27, 0x02, 0x1e, 0x01, 0xcd,
    0x27, 0x08, 0x1e, 0xfc, 0xcf, 0xd1, 0x33, 0x33, 0x33, 0xa4, 0xdc, 0x27, 0x22, 0x33, 0x33, 0x33,
    0x33, 0x33, 0x33, 0x33, 0xcf, 0xcf, 0xec, 0xec, 0x3d, 0x75, 0x6b, 0x75, 0x6b, 0x6a, 0x6a, 0x6a,
    0x96, 0x97, 0x33, 0x8f, 0x60, 0x60, 0x60, 0x33, 0x33, 0x33, 0x6b, 0x9c, 0x9c, 0x9c, 0xf0, 0x07,
    0x28, 0x08, 0xf1, 0xf1, 0xfc, 0x1f, 0x1e, 0x1f, 0x1e, 0x1e, 0x10, 0x28, 0x07, 0x1e, 0x01, 0x1f,
    0x01, 0x01, 0x01, 0x01, 0x19, 0x28, 0x02, 0x1e, 0x01, 0x1d, 0x28, 0x08, 0x1e, 0x1f, 0xfd, 0xcf,
    0x33, 0x33, 0x97, 0x97, 0x27, 0x28, 0x01, 0x33, 0x37, 0x28, 0x05, 0x33, 0xcf, 0xd1, 0xe2, 0x1e,
    0x3d, 0x28, 0x05, 0x1e, 0x1e, 0x1e, 0x01, 0x01, 0x43, 0x28, 0x03, 0x01, 0x01, 0x01, 0x48, 0x28,
    0x03, 0x1e, 0x1e, 0x1f, 0x4d, 0x28, 0x01, 0x1e, 0x4f, 0x28, 0x1c, 0xd1, 0x33, 0x33, 0x33, 0x33,
    0x33, 0x33, 0xec, 0xec, 0xec, 0xec, 0x97, 0x97, 0x97, 0x97, 0x97, 0x97, 0x97, 0x97, 0x33, 0x96,
    0x49, 0x49, 0x49, 0x01, 0x18, 0xf7, 0xf7, 0x6c, 0x28, 0x03, 0xf7, 0xa4, 0xa4, 0x71, 0x28, 0x0c,
    0xa4, 0xf7, 0xf7, 0xf7, 0xf7, 0xa4, 0xc6, 0xc6, 0xc6, 0xc6, 0xc6, 0xc6, 0x86, 0x28, 0x07, 0xf0,
    0xf0, 0xfc, 0x1f, 0x1f, 0x1e, 0x1e, 0x8e, 0x28, 0x07, 0x1e, 0x1f, 0x1f, 0x1f, 0x01, 0x01, 0x01,
    0x9c, 0x28, 0x02, 0x1e, 0x01, 0x9f, 0x28, 0x02, 0xd1, 0xd1, 0xa2, 0x28, 0x05, 0x33, 0x33, 0xa4,
    0xa4, 0xa4, 0xb7, 0x28, 0x04, 0x33, 0xd1, 0xd1, 0xfc, 0xbe, 0x28, 0x07, 0x1e, 0x01, 0x01, 0x01,
    0x01, 0x01, 0xfc, 0xca, 0x28, 0x11, 0xdf, 0xdf, 0xdf, 0xdf, 0x97, 0x97, 0x6b, 0x6b, 0x6a, 0x49,
    0x49, 0x48, 0xec, 0x01, 0x01, 0x01, 0x18, 0xdc, 0x28, 0x0f, 0xa4, 0x18, 0xf7, 0x53, 0xf6, 0x01,
    0xa5, 0xf6, 0xf6, 0xf6, 0xa5, 0xef, 0xef, 0xef, 0xef, 0xec, 0x28, 0x11, 0xde, 0xde, 0xde, 0xde,
    0x18, 0x62, 0xde, 0xde, 0xde, 0xbc, 0xbc, 0xa4, 0x18, 0xde, 0xde, 0xde, 0x83, 0x05, 0x29, 0x0c,
    0xf1, 0xf0, 0xe2, 0x1e, 0x01, 0x1e, 0x1e, 0x1e, 0x1e, 0x1e, 0x01, 0x1f, 0x13, 0x29, 0x01, 0x01,
    0x18, 0x29, 0x01, 0x1e, 0x1b, 0x29, 0x02, 0x01, 0x01, 0x1e, 0x29, 0x03, 0xe2, 0xd1, 0xcf, 0x24,
    0x29, 0x03, 0xa4, 0x33, 0x33, 0x2f, 0x29, 0x09, 0xcf, 0xcf, 0x33, 0x33, 0x33, 0x33, 0x33, 0x33,
    0x33, 0x3b, 0x29, 0x07, 0x97, 0x97, 0x97, 0x48, 0x48, 0x48, 0x48, 0x4a, 0x29, 0x05, 0xa4, 0x01,
    0x01, 0x01, 0x01, 0x52, 0x29, 0x01, 0xf6, 0x54, 0x29, 0x09, 0xa5, 0xa5, 0xbc, 0x18, 0x18, 0xa4,
    0xf7, 0xf7, 0x53, 0x5f, 0x29, 0x01, 0x53, 0x61, 0x29, 0x01, 0xf7, 0x63, 0x29, 0x01, 0x53, 0x65,
    0x29, 0x06, 0x53, 0xf7, 0x31, 0x31, 0x31, 0xc6, 0x6c, 0x29, 0x04, 0x53, 0xf7, 0xf7, 0x31, 0x71,
    0x29, 0x0b, 0x62, 0x31, 0x31, 0x31, 0xf7, 0xc6, 0x62, 0x31, 0x31, 0x31, 0x31, 0x84, 0x29, 0x11,
    0xf0, 0xee, 0xee, 0x01, 0x1e, 0x1e, 0x1e, 0x1e, 0x1e, 0x1f, 0x01, 0x01, 0x1f, 0x01, 0x01, 0x01,
    0x01, 0x96, 0x29, 0x01, 0x1e, 0x98, 0x29, 0x01, 0x1e, 0x9b, 0x29, 0x05, 0x1e, 0xfc, 0xfc, 0xfd,
    0xfc, 0xa1, 0x29, 0x09, 0x33, 0x33, 0x33, 0x33, 0x33, 0x33, 0xa4, 0xa4, 0xa4, 0xab, 0x29, 0x12,
    0xa4, 0x97, 0x97, 0x96, 0x96, 0x97, 0x33, 0x49, 0x49, 0x49, 0x01, 0x01, 0x01, 0x01, 0x01, 0x01,
    0x01, 0xa5, 0xbe, 0x29, 0x01, 0xa5, 0xc1, 0x29, 0x0e, 0x01, 0xa5, 0x19, 0xa5, 0x19, 0x19, 0xf7,
    0x53, 0xf6, 0xa5, 0xf6, 0xf6, 0xf6, 0xf6, 0xd1, 0x29, 0x12, 0xa4, 0xf7, 0xc6, 0xc6, 0xf7, 0x53,
    0x31, 0x31, 0x62, 0x31, 0xf7, 0x53, 0x31, 0x31, 0x62, 0x31, 0xc6, 0x62, 0xea, 0x29, 0x01, 0xa4,
    0xef, 0x29, 0x01, 0xc6, 0xf4, 0x29, 0x08, 0x51, 0x51, 0x3f, 0x5d, 0x5d, 0x5d, 0x5d, 0x5d, 0x03,
    0x2a, 0x03, 0xee, 0xee, 0xee, 0x07, 0x2a, 0x2c, 0x1e, 0xe2, 0xe2, 0xe2, 0xe2, 0xfc, 0xfc, 0xfc,
    0xfc, 0xfd, 0xfd, 0x22, 0x22, 0x6b, 0x6b, 0x6b, 0x6b, 0x6b, 0x75, 0x6b, 0x75, 0x6a, 0x6a, 0x6a,
    0x96, 0x96, 0x96, 0x97, 0x33, 0x96, 0x96, 0x49, 0x50, 0x18, 0x18, 0xa4, 0xf7, 0x53, 0xf7, 0xf7,
    0xf7, 0xf6, 0x01, 0xf7, 0x34, 0x2a, 0x0b, 0xa5, 0xa5, 0xa5, 0xf6, 0xf6, 0x01, 0x01, 0xa4, 0xa4,
    0xa4, 0xa4, 0x43, 0x2a, 0x0a, 0xf7, 0xa4, 0xf7, 0xf7, 0xf7, 0xf7, 0xf7, 0xa4, 0xf7, 0xf7, 0x4e,
    0x2a, 0x01, 0xf7, 0x53, 0x2a, 0x0a, 0x62, 0x62, 0x62, 0x62, 0x62, 0xc6, 0xa4, 0xc6, 0xc6, 0x62,
    0x5f, 0x2a, 0x03, 0x62, 0x62, 0xa4, 0x63, 0x2a, 0x01, 0x62, 0x65, 0x2a, 0x01, 0xc6, 0x69, 0x2a,
    0x12, 0x97, 0x51, 0x58, 0x5d, 0x5d, 0x9b, 0x3f, 0x5d, 0x5d, 0x5d, 0x5d, 0x3f, 0x5d, 0x5d, 0x5d,
    0x5d, 0x5d, 0x5d, 0x83, 0x2a, 0x2a, 0x9b, 0x9b, 0x6b, 0x75, 0x75, 0xd1, 0x74, 0x74, 0x6a, 0x6a,
    0x6a, 0x6a, 0xce, 0x6b, 0x6a, 0x6a, 0x96, 0x96, 0x97, 0x33, 0x8f, 0x8f, 0xbf, 0xbf, 0xbf, 0xbf,
    0xf7, 0xf7, 0xf7, 0xf6, 0xf6, 0x01, 0xa5, 0xf7, 0x53, 0xf6, 0xf6, 0xf6, 0xef, 0xbc, 0xef, 0x53,
    0xb1, 0x2a, 0x01, 0xf7, 0xb3, 0x2a, 0x01, 0xf7, 0xb5, 0x2a, 0x08, 0x53, 0x53, 0x53, 0x62, 0x31,
    0x31, 0xf7, 0x62, 0xbe, 0x2a, 0x01, 0x62, 0xc1, 0x2a, 0x02, 0xc6, 0x62, 0xc4, 0x2a, 0x01, 0x62,
    0xc7, 0x2a, 0x02, 0xc6, 0x62, 0xca, 0x2a, 0x01, 0x62, 0xd0, 0x2a, 0x05, 0xa4, 0xa4, 0xc6, 0xc6,
    0xc6, 0xd6, 0x2a, 0x05, 0xa4, 0xc6, 0xc6, 0xc6, 0xc6, 0xdc, 0x2a, 0x05, 0xa4, 0xc6, 0xc6, 0xc6,
    0xc6, 0xe2, 0x2a, 0x19, 0x9b, 0x9b, 0x5d, 0x9b, 0x5d, 0x5d, 0x5d, 0x9b, 0x3f, 0x5d, 0x5d, 0x5d,
    0x5d, 0x9b, 0x3f, 0x5d, 0x5d, 0x5d, 0x5d, 0x9b, 0x3f, 0x5d, 0x5d, 0x5d, 0x5d, 0x03, 0x2b, 0x0f,
    0x83, 0x8f, 0x6d, 0x82, 0x97, 0x33, 0x60, 0x60, 0x60, 0x60, 0x9c, 0xec, 0xec, 0xec, 0xec, 0x17,
    0x2b, 0x09, 0xf7, 0x53, 0xf7, 0xf6, 0xf6, 0xf6, 0xf6, 0xf6, 0xf6, 0x21, 0x2b, 0x02, 0x53, 0xa4,
    0x24, 0x2b, 0x04, 0x53, 0xf7, 0xf7, 0xf7, 0x29, 0x2b, 0x01, 0x53, 0x2c, 0x2b, 0x01, 0x53, 0x2e,
    0x2b, 0x02, 0xf7, 0x53, 0x33, 0x2b, 0x01, 0xf7, 0x35, 0x2b, 0x03, 0x31, 0x31, 0x31, 0x39, 0x2b,
    0x08, 0x62, 0xc6, 0xc6, 0xa4, 0xa4, 0x62, 0x62, 0xc6, 0x42, 0x2b, 0x03, 0xa4, 0xc6, 0x62, 0x47,
    0x2b, 0x02, 0xc6, 0x62, 0x4a, 0x2b, 0x01, 0x62, 0x52, 0x2b, 0x14, 0xc6, 0x62, 0x51, 0x51, 0x51,
    0x5d, 0x9b, 0x3f, 0x5d, 0x5d, 0x5d, 0x5d, 0x9b, 0x3f, 0x5d, 0x5d, 0x5d, 0x5d, 0x5d, 0x5d, 0x84,
    0x2b, 0x04, 0xf7, 0xf7, 0xf7, 0xf7, 0x8a, 0x2b, 0x06, 0xf7, 0xf6, 0xf6, 0xf6, 0xf6, 0x01, 0x91,
    0x2b, 0x13, 0xc7, 0xc7, 0xc7, 0xc7, 0xc7, 0x01, 0xa4, 0xde, 0xde, 0xde, 0x31, 0x31, 0x31, 0x31,
    0x31, 0x31, 0x31, 0xc6, 0x62, 0xa5, 0x2b, 0x02, 0xc6, 0x62, 0xa8, 0x2b, 0x02, 0xc6, 0x62, 0xac,
    0x2b, 0x04, 0xc6, 0x62, 0xc6, 0x62, 0xb3, 0x2b, 0x02, 0xc6, 0x62, 0xb6, 0x2b, 0x04, 0x62, 0x62,
    0x62, 0x62, 0xbb, 0x2b, 0x02, 0xc6, 0x62, 0xbe, 0x2b, 0x01, 0x62, 0xc1, 0x2b, 0x02, 0xc6, 0x62,
    0xc4, 0x2b, 0x01, 0x62, 0xc7, 0x2b, 0x01, 0xc6, 0xca, 0x2b, 0x01, 0x62, 0xcc, 0x2b, 0x03, 0x0c,
    0x0c, 0x0c, 0x04, 0x2c, 0x0c, 0x5d, 0xde, 0xde, 0xde, 0xf7, 0xa4, 0x62, 0x31, 0x31, 0x31, 0x31,
    0x31, 0x18, 0x2c, 0x09, 0x62, 0x31, 0x31, 0x31, 0x31, 0x31, 0x31, 0x31, 0x31, 0x24, 0x2c, 0x07,
    0x62, 0x62, 0x62, 0xc6, 0xc6, 0xa4, 0xc6, 0x2c, 0x2c, 0x02, 0xc6, 0x62, 0x2f, 0x2c, 0x01, 0x62,
    0x33, 0x2c, 0x02, 0xc6, 0x62, 0x3a, 0x2c, 0x03, 0x51, 0x51, 0x51, 0x3e, 0x2c, 0x02, 0x09, 0x09,
    0x85, 0x2c, 0x04, 0x31, 0x31, 0x31, 0x31, 0x8b, 0x2c, 0x05, 0x31, 0x31, 0x31, 0x31, 0x31, 0xa5,
    0x2c, 0x01, 0x62, 0xab, 0x2c, 0x09, 0x62, 0x5d, 0x5d, 0x5d, 0x5d, 0x5d, 0x3f, 0x5d, 0x5d, 0x11,
    0x2d, 0x17, 0x62, 0x33, 0x33, 0x33, 0x97, 0x9e, 0x9b, 0x9b, 0x5d, 0x5d, 0x5d, 0x5d, 0x5d, 0x5d,
    0x5d, 0x5d, 0x5d, 0x5d, 0x5d, 0x0c, 0x0c, 0x0c, 0x0c, 0x86, 0x2d, 0x16, 0x5d, 0x5d, 0x5d, 0x5d,
    0x9b, 0x3f, 0x5d, 0x5d, 0x5d, 0x5d, 0x5d, 0x9b, 0x3f, 0x5d, 0x5d, 0x5d, 0x5d, 0x5d, 0x9b, 0x3f,
    0x5d, 0x5d, 0x06, 0x2e, 0x0b, 0x5d, 0x5d, 0x5d, 0x5d, 0x9b, 0x3f, 0x5d, 0x5d, 0x5d, 0x5d, 0x5d,
    0x50, 0x19, 0x09, 0x0c, 0x0c, 0x0c, 0x0c, 0x0c, 0x0c, 0x0c, 0x0c, 0x0c, 0xa4, 0x19, 0x17, 0x0c,
    0x3f, 0x3f, 0x3f, 0x3f, 0x3f, 0x3f, 0x3f, 0x33, 0x33, 0x33, 0x33, 0xe2, 0xfd, 0xfc, 0xfc, 0xfc,
    0xfc, 0xfc, 0xfd, 0xfd, 0xfc, 0xfc, 0xbc, 0x19, 0x02, 0x33, 0x33, 0xc3, 0x19, 0x05, 0x33, 0xcf,
    0xfc, 0x1e, 0x01, 0xc9, 0x19, 0x03, 0x1e, 0x1e, 0x1e, 0xcd, 0x19, 0x01, 0x01, 0xcf, 0x19, 0x02,
    0xcf, 0xd1, 0xd2, 0x19, 0x02, 0xa4, 0xa4, 0xd5, 0x19, 0x01, 0xa4, 0xda, 0x19, 0x03, 0x33, 0x3f,
    0x0c, 0x22, 0x1a, 0x02, 0x0c, 0x33, 0x26, 0x1a, 0x02, 0xa4, 0x97, 0x29, 0x1a, 0x01, 0xa4, 0x2b,
    0x1a, 0x01, 0x33, 0x2d, 0x1a, 0x06, 0x33, 0xcf, 0xfc, 0x01, 0x1e, 0x01, 0x34, 0x1a, 0x01, 0x1e,
    0x36, 0x1a, 0x05, 0x1e, 0x1e, 0x01, 0xfc, 0xcf, 0x44, 0x1a, 0x06, 0xcf, 0xcf, 0x01, 0x1e, 0x1f,
    0x1e, 0x4c, 0x1a, 0x01, 0x1e, 0x4e, 0x1a, 0x01, 0x01, 0x50, 0x1a, 0x02, 0xcf, 0x33, 0x58, 0x1a,
    0x02, 0x33, 0xa4, 0x5b, 0x1a, 0x03, 0x33, 0x3f, 0x0c, 0xa1, 0x1a, 0x02, 0x0c, 0x3f, 0xa5, 0x1a,
    0x02, 0xa4, 0xa4, 0xa9, 0x1a, 0x02, 0xa4, 0xa4, 0xad, 0x1a, 0x03, 0xcf, 0xfd, 0x01, 0xb1, 0x1a,
    0x07, 0x1e, 0x1e, 0x1e, 0x01, 0x1e, 0x1e, 0x1e, 0xb9, 0x1a, 0x02, 0xfd, 0xce, 0xbd, 0x1a, 0x02,
    0xa4, 0xa4, 0xc4, 0x1a, 0x06, 0x33, 0xce, 0x1e, 0x1e, 0x1e, 0x1e, 0xcc, 0x1a, 0x02, 0x1e, 0x1f,
    0xcf, 0x1a, 0x03, 0x1e, 0xfd, 0xfd, 0xd3, 0x1a, 0x03, 0x33, 0x33, 0xa4, 0xdd, 0x1a, 0x01, 0x3f,
    0x20, 0x1b, 0x04, 0x0c, 0x3f, 0xa4, 0xa4, 0x25, 0x1b, 0x01, 0x33, 0x29, 0x1b, 0x01, 0x33, 0x2b,
    0x1b, 0x05, 0x33, 0x33, 0xcf, 0x1f, 0x1e, 0x31, 0x1b, 0x04, 0x1e, 0x01, 0x01, 0x01, 0x37, 0x1b,
    0x04, 0x1e, 0x1e, 0xe2, 0x33, 0x43, 0x1b, 0x01, 0x33, 0x45, 0x1b, 0x03, 0xd1, 0xe2, 0x1e, 0x4a,
    0x1b, 0x01, 0x01, 0x4c, 0x1b, 0x01, 0x01, 0x4f, 0x1b, 0x0d, 0x1e, 0x1e, 0xe2, 0x1f, 0xd1, 0x33,
    0x33, 0x33, 0x33, 0x33, 0x33, 0x33, 0x33, 0x5d, 0x1b, 0x02, 0x33, 0x33, 0xa0, 0x1b, 0x0a, 0x33,
    0x97, 0x97, 0x33, 0x33, 0x33, 0x33, 0x33, 0x33, 0x33, 0xbf, 0x1b, 0x06, 0xfc, 0xfc, 0xfc, 0xfc,
    0xfc, 0xe2, 0xc6, 0x1b, 0x0c, 0x33, 0x33, 0x33, 0x33, 0x33, 0x33, 0x33, 0x33, 0x33, 0x33, 0x33,
    0x97, 0xd3, 0x1b, 0x0c, 0xfc, 0xfc, 0xfc, 0xfd, 0xfd, 0xfc, 0xfc, 0xe2, 0xe2, 0xfc, 0xfd, 0xfc,
    0xe0, 0x1b, 0x02, 0x0c, 0x0c, 0x20, 0x1c, 0x05, 0x1e, 0x01, 0x01, 0x1f, 0x1e, 0x26, 0x1c, 0x03,
    0x1e, 0x1e, 0x01, 0x2a, 0x1c, 0x04, 0x1e, 0xfc, 0x33, 0xa4, 0x2f, 0x1c, 0x03, 0xa4, 0xa4, 0xa4,
    0x34, 0x1c, 0x03, 0xa4, 0xa4, 0xa4, 0x39, 0x1c, 0x01, 0xcf, 0x3b, 0x1c, 0x03, 0x1e, 0x01, 0x01,
    0x40, 0x1c, 0x03, 0x1e, 0x1e, 0x01, 0x44, 0x1c, 0x05, 0x1e, 0xfc, 0xcf, 0xa4, 0xa4, 0x4c, 0x1c,
    0x0a, 0xa4, 0xa4, 0xa4, 0xa4, 0xa4, 0xa4, 0xa4, 0xcf, 0xfc, 0x1f, 0x58, 0x1c, 0x04, 0x1e, 0x1e,
    0x1e, 0x1e, 0x5e, 0x1c, 0x01, 0x1f, 0x60, 0x1c, 0x03, 0xfc, 0xf0, 0x0c, 0xa0, 0x1c, 0x02, 0x01,
    0x01, 0xa3, 0x1c, 0x01, 0x1e, 0xa8, 0x1c, 0x02, 0x01, 0x01, 0xab, 0x1c, 0x01, 0xcf, 0xb9, 0x1c,
    0x01, 0xcf, 0xbb, 0x1c, 0x03, 0x01, 0x01, 0x01, 0xc1, 0x1c, 0x02, 0x1e, 0x01, 0xc4, 0x1c, 0x03,
    0x01, 0x01, 0xcf, 0xcf, 0x1c, 0x02, 0xa4, 0xa4, 0xd4, 0x1c, 0x06, 0xcf, 0x01, 0x01, 0x1e, 0x1e,
    0x1e, 0xdc, 0x1c, 0x02, 0x1e, 0x1f, 0xe0, 0x1c, 0x01, 0x01, 0xe2, 0x1c, 0x02, 0xf0, 0x0c, 0x1c,
    0x1d, 0x01, 0x0c, 0x1e, 0x1d, 0x03, 0x01, 0x01, 0x1e, 0x22, 0x1d, 0x09, 0x1f, 0x1f, 0x01, 0x1f,
    0x1e, 0x1e, 0x1e, 0x1e, 0xfd, 0x32, 0x1d, 0x01, 0xa4, 0x39, 0x1d, 0x01, 0xfd, 0x3b, 0x1d, 0x04,
    0x1e, 0x1e, 0x1e, 0x1f, 0x41, 0x1d, 0x07, 0x1e, 0x1e, 0x1e, 0x1e, 0x1e, 0xfc, 0x33, 0x49, 0x1d,
    0x03, 0xa4, 0xa4, 0xa4, 0x4d, 0x1d, 0x02, 0x33, 0x33, 0x51, 0x1d, 0x05, 0x33, 0x33, 0x33, 0x33,
    0xce, 0x57, 0x1d, 0x02, 0x1e, 0x1e, 0x5a, 0x1d, 0x01, 0x1e, 0x5e, 0x1d, 0x06, 0x1e, 0x1e, 0x1e,
    0x1f, 0x1f, 0xfd, 0x9b, 0x1d, 0x01, 0xfc, 0x9d, 0x1d, 0x04, 0x1e, 0x1e, 0x1e, 0x1e, 0xa3, 0x1d,
    0x01, 0x01, 0xa6, 0x1d, 0x05, 0x1e, 0x1e, 0x1f, 0x01, 0x33, 0xb9, 0x1d, 0x01, 0xfc, 0xbb, 0x1d,
    0x02, 0x1e, 0x1e, 0xbf, 0x1d, 0x01, 0x01, 0xc1, 0x1d, 0x01, 0x01, 0xc4, 0x1d, 0x04, 0x1e, 0x1e,
    0x1f, 0x33, 0xca, 0x1d, 0x01, 0xa4, 0xd6, 0x1d, 0x03, 0xe2, 0x1f, 0x1e, 0xdb, 0x1d, 0x06, 0x01,
    0x01, 0x01, 0x01, 0x01, 0x1e, 0xe2, 0x1d, 0x01, 0x1e, 0xe4, 0x1d, 0x02, 0xe2, 0xf0, 0x1b, 0x1e,
    0x0e, 0xe2, 0xe2, 0xfc, 0xfc, 0xfc, 0xfd, 0xfd, 0xfc, 0xfc, 0xfc, 0xfc, 0xfc, 0xfc, 0xfc, 0x2a,
    0x1e, 0x02, 0x0c, 0x0c, 0x52, 0x1e, 0x04, 0x0c, 0x0c, 0x0c, 0x0c, 0x57, 0x1e, 0x10, 0x33, 0x33,
    0x33, 0x33, 0x33, 0x33, 0x33, 0x33, 0x33, 0x33, 0x33, 0x33, 0x33, 0x33, 0x0c, 0x0c, 0x98, 0x1e,
    0x02, 0x0c, 0x33, 0xaa, 0x1e, 0x01, 0x1e, 0xad, 0x1e, 0x03, 0x1e, 0x01, 0x01, 0xb4, 0x1e, 0x03,
    0x1f, 0x01, 0x1e, 0xc7, 0x1e, 0x02, 0x33, 0x1e, 0xcc, 0x1e, 0x03, 0x1f, 0x1f, 0x1e, 0xd1, 0x1e,
    0x03, 0x1e, 0x1e, 0x01, 0xd5, 0x1e, 0x01, 0x1f, 0xd7, 0x1e, 0x02, 0xfc, 0xa4, 0xdc, 0x1e, 0x07,
    0xa4, 0xa4, 0xa4, 0xa4, 0xa4, 0xa4, 0xa4, 0xe4, 0x1e, 0x01, 0x33, 0xe6, 0x1e, 0x03, 0x3f, 0x33,
    0x0c, 0x17, 0x1f, 0x01, 0x0c, 0x19, 0x1f, 0x01, 0x33, 0x1c, 0x1f, 0x01, 0xa4, 0x1e, 0x1f, 0x09,
    0x33, 0x33, 0x33, 0x33, 0x33, 0x33, 0x33, 0x33, 0x33, 0x2a, 0x1f, 0x02, 0x1e, 0x01, 0x2d, 0x1f,
    0x03, 0x01, 0x1f, 0x1e, 0x31, 0x1f, 0x06, 0x1e, 0x1e, 0x1e, 0x01, 0x01, 0x01, 0x38, 0x1f, 0x06,
    0xfc, 0x33, 0x33, 0xa4, 0xa4, 0xa4, 0x3f, 0x1f, 0x02, 0x33, 0x33, 0x42, 0x1f, 0x07, 0x33, 0x97,
    0x33, 0x33, 0x33, 0x33, 0xfc, 0x4a, 0x1f, 0x07, 0x1e, 0x01, 0x01, 0x01, 0x1e, 0x1e, 0x1e, 0x52,
    0x1f, 0x01, 0x1e, 0x54, 0x1f, 0x03, 0x01, 0x01, 0x01, 0x59, 0x1f, 0x03, 0x33, 0x33, 0x33, 0x60,
    0x1f, 0x08, 0x33, 0x33, 0x33, 0x33, 0x33, 0x33, 0x33, 0x33, 0x69, 0x1f, 0x01, 0x0c, 0x96, 0x1f,
    0x03, 0x0c, 0x33, 0x33, 0x9b, 0x1f, 0x04, 0x33, 0x33, 0x33, 0x33, 0xa1, 0x1f, 0x02, 0x33, 0x33,
    0xa7, 0x1f, 0x01, 0x33, 0xac, 0x1f, 0x01, 0x01, 0xae, 0x1f, 0x01, 0x1e, 0xb1, 0x1f, 0x02, 0x1e,
    0x1e, 0xb4, 0x1f, 0x03, 0x01, 0x01, 0x01, 0xcb, 0x1f, 0x03, 0x01, 0x01, 0x01, 0xcf, 0x1f, 0x01,
    0x1e, 0xd2, 0x1f, 0x03, 0x1f, 0x1e, 0x01, 0xd6, 0x1f, 0x03, 0x01, 0x01, 0x01, 0xe3, 0x1f, 0x03,
    0xa4, 0x33, 0xa4, 0xe9, 0x1f, 0x02, 0x3f, 0x0c, 0x15, 0x20, 0x02, 0x3f, 0x33, 0x18, 0x20, 0x03,
    0xa4, 0xa4, 0xa4, 0x21, 0x20, 0x02, 0xa4, 0xa4, 0x27, 0x20, 0x01, 0xfc, 0x2a, 0x20, 0x04, 0x01,
    0x01, 0x1f, 0x1e, 0x31, 0x20, 0x08, 0x1f, 0x1e, 0x1e, 0x1e, 0x01, 0x01, 0x01, 0x33, 0x3b, 0x20,
    0x03, 0xa4, 0xa4, 0xa4, 0x43, 0x20, 0x03, 0xa4, 0x33, 0xa4, 0x4a, 0x20, 0x03, 0x01, 0x01, 0x01,
    0x4e, 0x20, 0x03, 0x1f, 0x1e, 0x1e, 0x52, 0x20, 0x07, 0x1f, 0x1f, 0x1e, 0x1e, 0x1e, 0x01, 0x01,
    0x5d, 0x20, 0x07, 0xa4, 0xa4, 0x33, 0xa4, 0xa4, 0xa4, 0xa4, 0x65, 0x20, 0x05, 0xa4, 0xa4, 0xa4,
    0xa4, 0x33, 0x6b, 0x20, 0x01, 0x33, 0x94, 0x20, 0x02, 0x9b, 0x33, 0x9b, 0x20, 0x05, 0xa4, 0xa4,
    0xa4, 0xa4, 0xa4, 0xa1, 0x20, 0x01, 0xa4, 0xa6, 0x20, 0x01, 0xcf, 0xa8, 0x20, 0x03, 0x01, 0x01,
    0x01, 0xac, 0x20, 0x0d, 0x1e, 0x1f, 0x1f, 0x1e, 0x1f, 0x1f, 0x1e, 0x1e, 0x1e, 0x1e, 0x01, 0x01,
    0x97, 0xbe, 0x20, 0x03, 0xa4, 0xa4, 0xa4, 0xc5, 0x20, 0x04, 0xa4, 0xa4, 0xa4, 0xa4, 0xca, 0x20,
    0x07, 0x01, 0x01, 0x1e, 0x1e, 0x1e, 0x1e, 0x1f, 0xd2, 0x20, 0x08, 0x01, 0x1f, 0x1e, 0x1f, 0x1e,
    0x1e, 0x1e, 0x01, 0xdb, 0x20, 0x04, 0x97, 0x33, 0x33, 0x33, 0xe1, 0x20, 0x05, 0xa4, 0xa4, 0xa4,
    0xa4, 0xa4, 0xec, 0x20, 0x01, 0x33, 0x12, 0x21, 0x03, 0x0c, 0x3f, 0x33, 0x17, 0x21, 0x01, 0x33,
    0x1e, 0x21, 0x01, 0xa4, 0x22, 0x21, 0x0a, 0xa4, 0xa4, 0xa4, 0x97, 0xfc, 0x01, 0x01, 0x1e, 0x1e,
    0x1e, 0x2d, 0x21, 0x02, 0x1e, 0x01, 0x32, 0x21, 0x01, 0x1e, 0x34, 0x21, 0x05, 0x1e, 0x1e, 0x1f,
    0x1f, 0x33, 0x3c, 0x21, 0x03, 0x33, 0x33, 0x33, 0x49, 0x21, 0x02, 0x33, 0x01, 0x4c, 0x21, 0x03,
    0x1e, 0x1e, 0x1e, 0x51, 0x21, 0x01, 0x01, 0x53, 0x21, 0x02, 0x01, 0x01, 0x56, 0x21, 0x01, 0x1e,
    0x58, 0x21, 0x04, 0x1f, 0x1f, 0x1e, 0xe2, 0x5e, 0x21, 0x02, 0x33, 0x33, 0x68, 0x21, 0x03, 0x33,
    0x33, 0x33, 0x6c, 0x21, 0x02, 0x33, 0x33, 0x91, 0x21, 0x06, 0x0c, 0x3f, 0x33, 0xa4, 0xa4, 0xa4,
    0xa1, 0x21, 0x03, 0x33, 0x33, 0xa4, 0xa5, 0x21, 0x01, 0xcf, 0xa7, 0x21, 0x05, 0x01, 0x1e, 0x1e,
    0x1e, 0x1e, 0xae, 0x21, 0x01, 0x01, 0xb1, 0x21, 0x01, 0x01, 0xb5, 0x21, 0x04, 0x1e, 0x1e, 0xfc,
    0x33, 0xbb, 0x21, 0x02, 0xa4, 0xa4, 0xc7, 0x21, 0x03, 0x33, 0x33, 0x33, 0xcb, 0x21, 0x0f, 0x1e,
    0x1e, 0xfc, 0xfc, 0xfc, 0xfc, 0xfc, 0xfc, 0xfc, 0xfd, 0xfd, 0xfd, 0xfc, 0xfc, 0xfc, 0xdc, 0x21,
    0x14, 0x33, 0xd1, 0xcf, 0xd1, 0xcf, 0xcf, 0xcf, 0xce, 0xce, 0xcf, 0xcf, 0xcf, 0xcf, 0xd1, 0xd1,
    0xcf, 0xfc, 0xfd, 0x75, 0xfc, 0x10, 0x22, 0x15, 0x0c, 0x0c, 0xfc, 0x33, 0x33, 0x33, 0x33, 0x97,
    0x33, 0x33, 0x33, 0x33, 0x33, 0x33, 0x33, 0x33, 0x33, 0x33, 0x33, 0x33, 0x33, 0x26, 0x22, 0x0c,
    0xfc, 0xe2, 0xe2, 0xe2, 0xfc, 0xfc, 0xfc, 0xfd, 0xfd, 0xfd, 0xfc, 0xfc, 0x40, 0x22, 0x0a, 0x33,
    0x33, 0x33, 0x33, 0x33, 0x33, 0x33, 0x33, 0x33, 0x33, 0x4b, 0x22, 0x12, 0x33, 0x33, 0x33, 0x33,
    0x33, 0x33, 0x33, 0x33, 0x33, 0x33, 0x33, 0x33, 0x33, 0x33, 0x33, 0x33, 0x33, 0x33, 0x5e, 0x22,
    0x12, 0xfc, 0xfc, 0xfc, 0xfc, 0xfc, 0xfd, 0xfd, 0xfc, 0xfc, 0xfc, 0xfc, 0xe2, 0xfc, 0xfc, 0xfc,
    0xfd, 0xe2, 0xfc, 0x8f, 0x22, 0x02, 0x0c, 0xf0, 0x92, 0x22, 0x11, 0xcf, 0xd1, 0xcf, 0x75, 0x6b,
    0xcf, 0xfc, 0xfc, 0xfc, 0xfd, 0xfd, 0xfd, 0xfc, 0xfc, 0xfc, 0xfc, 0xfc, 0xa4, 0x22, 0x01, 0x33,
    0xb7, 0x22, 0x02, 0x75, 0xfc, 0xba, 0x22, 0x02, 0x1e, 0x1e, 0xbd, 0x22, 0x03, 0x1e, 0x01, 0x01,
    0xc3, 0x22, 0x03, 0x01, 0x1f, 0x1f, 0xc9, 0x22, 0x02, 0x1e, 0xcf, 0xd4, 0x22, 0x03, 0xa4, 0xa4,
    0xa4, 0xd9, 0x22, 0x02, 0xa4, 0xa4, 0xde, 0x22, 0x01, 0xe2, 0xe2, 0x22, 0x04, 0x1e, 0x01, 0x1f,
    0x01, 0xe8, 0x22, 0x05, 0x1e, 0x1e, 0x1f, 0x1f, 0x01, 0xee, 0x22, 0x01, 0x1e, 0x0e, 0x23, 0x04,
    0xee, 0xee, 0xf0, 0x1e, 0x17, 0x23, 0x02, 0x01, 0x01, 0x1b, 0x23, 0x04, 0x01, 0x01, 0x1e, 0x1e,
    0x21, 0x23, 0x04, 0x01, 0xe2, 0xcf, 0x33, 0x2d, 0x23, 0x01, 0xa4, 0x2f, 0x23, 0x01, 0xa4, 0x33,
    0x23, 0x01, 0xa4, 0x36, 0x23, 0x03, 0x33, 0xd1, 0x1e, 0x3c, 0x23, 0x03, 0x1e, 0x01, 0x01, 0x43,
    0x23, 0x03, 0x1e, 0x1f, 0x1f, 0x47, 0x23, 0x02, 0x01, 0x1e, 0x4a, 0x23, 0x02, 0xcf, 0x33, 0x4e,
    0x23, 0x02, 0xa4, 0xa4, 0x53, 0x23, 0x08, 0x33, 0x33, 0x33, 0x33, 0x33, 0x33, 0x33, 0x33, 0x5e,
    0x23, 0x02, 0x33, 0xe2, 0x63, 0x23, 0x03, 0x1f, 0x01, 0x1e, 0x67, 0x23, 0x01, 0x1e, 0x69, 0x23,
    0x02, 0x1e, 0x1e, 0x6c, 0x23, 0x01, 0x01, 0x8d, 0x23, 0x03, 0xf0, 0xee, 0xee, 0x93, 0x23, 0x01,
    0x1e, 0x95, 0x23, 0x03, 0x1f, 0x01, 0x1e, 0x9a, 0x23, 0x04, 0x01, 0x1f, 0x01, 0x1f, 0x9f, 0x23,
    0x02, 0x01, 0x1e, 0xa2, 0x23, 0x03, 0xfc, 0xcf, 0xa4, 0xaa, 0x23, 0x01, 0xa4, 0xae, 0x23, 0x01,
    0x33, 0xb1, 0x23, 0x03, 0xa4, 0x97, 0x33, 0xb5, 0x23, 0x05, 0x33, 0x33, 0xcf, 0x1e, 0x01, 0xbc,
    0x23, 0x03, 0x1f, 0x1f, 0x1f, 0xc0, 0x23, 0x03, 0x1e, 0x1e, 0x1e, 0xc4, 0x23, 0x03, 0x1f, 0x01,
    0x01, 0xca, 0x23, 0x01, 0xfc, 0xce, 0x23, 0x06, 0xa4, 0xa4, 0x97, 0xa4, 0xa4, 0xa4, 0xdb, 0x23,
    0x01, 0xa4, 0xde, 0x23, 0x02, 0x33, 0xcf, 0xe1, 0x23, 0x08, 0x1e, 0x01, 0x01, 0x01, 0x1f, 0x1e,
    0x1e, 0x1e, 0xea, 0x23, 0x02, 0x1e, 0x1e, 0xed, 0x23, 0x03, 0x01, 0x01, 0x01, 0xf4, 0x23, 0x01,
    0x0c, 0x0b, 0x24, 0x05, 0x0c, 0xf0, 0xf0, 0xee, 0x01, 0x13, 0x24, 0x04, 0x1e, 0x1f, 0x01, 0x1e,
    0x19, 0x24, 0x07, 0x1e, 0x1e, 0x1e, 0x01, 0x01, 0x01, 0x1f, 0x21, 0x24, 0x05, 0xcf, 0xcf, 0x33,
    0x33, 0x33, 0x28, 0x24, 0x02, 0x33, 0x33, 0x31, 0x24, 0x01, 0x33, 0x36, 0x24, 0x03, 0x33, 0xcf,
    0x1e, 0x3c, 0x24, 0x02, 0x01, 0x1f, 0x3f, 0x24, 0x07, 0x1e, 0x1e, 0x1e, 0x1e, 0x1e, 0x01, 0x01,
    0x47, 0x24, 0x01, 0x01, 0x4a, 0x24, 0x02, 0xfc, 0xcf, 0x4e, 0x24, 0x06, 0x33, 0x33, 0x33, 0x33,
    0x33, 0x33, 0x59, 0x24, 0x03, 0xa4, 0xa4, 0x97, 0x60, 0x24, 0x01, 0xcf, 0x62, 0x24, 0x01, 0x1e,
    0x65, 0x24, 0x01, 0x01, 0x68, 0x24, 0x01, 0x1e, 0x6c, 0x24, 0x03, 0x01, 0x1f, 0x01, 0x71, 0x24,
    0x04, 0x01, 0x01, 0x01, 0x01, 0x8a, 0x24, 0x04, 0x0c, 0xf0, 0xf0, 0xf0, 0x8f, 0x24, 0x02, 0x01,
    0x01, 0x93, 0x24, 0x04, 0x1f, 0x1e, 0x1e, 0x1e, 0x99, 0x24, 0x01, 0x1e, 0x9d, 0x24, 0x06, 0x1f,
    0x01, 0x01, 0xfc, 0xcf, 0xcf, 0xb2, 0x24, 0x03, 0xa4, 0xa4, 0xa4, 0xb6, 0x24, 0x02, 0xcf, 0xcf,
    0xb9, 0x24, 0x01, 0x1e, 0xbc, 0x24, 0x03, 0x01, 0x01, 0x01, 0xc5, 0x24, 0x02, 0x01, 0x1e, 0xc8,
    0x24, 0x05, 0x01, 0x01, 0x01, 0xcf, 0x33, 0xd9, 0x24, 0x03, 0xa4, 0x33, 0xa4, 0xe0, 0x24, 0x02,
    0x33, 0xcf, 0xe4, 0x24, 0x02, 0x1f, 0x01, 0xe8, 0x24, 0x02, 0x1e, 0x01, 0xed, 0x24, 0x05, 0x1e,
    0x01, 0x01, 0x01, 0x1e, 0xf3, 0x24, 0x04, 0x01, 0x01, 0x01, 0xfc, 0x09, 0x25, 0x04, 0x0c, 0xf0,
    0xf0, 0xf0, 0x10, 0x25, 0x02, 0x01, 0x01, 0x13, 0x25, 0x01, 0x01, 0x15, 0x25, 0x02, 0x1e, 0x1e,
    0x18, 0x25, 0x01, 0x1e, 0x1a, 0x25, 0x03, 0x01, 0x1e, 0x01, 0x1e, 0x25, 0x05, 0x01, 0x01, 0xcf,
    0xcf, 0x33, 0x24, 0x25, 0x05, 0xa4, 0xa4, 0x33, 0xa4, 0xa4, 0x30, 0x25, 0x04, 0xa4, 0x33, 0xa4,
    0xa4, 0x36, 0x25, 0x03, 0xcf, 0xcf, 0x01, 0x3b, 0x25, 0x01, 0x01, 0x3d, 0x25, 0x01, 0x1e, 0x3f,
    0x25, 0x01, 0x1f, 0x43, 0x25, 0x04, 0x1f, 0x01, 0x1f, 0x1e, 0x49, 0x25, 0x04, 0x01, 0x01, 0xce,
    0x33, 0x4f, 0x25, 0x05, 0xa4, 0xa4, 0xa4, 0x33, 0xa4, 0x61, 0x25, 0x02, 0xcf, 0x6b, 0x64, 0x25,
    0x01, 0x01, 0x66, 0x25, 0x06, 0x01, 0x1e, 0x1f, 0x1e, 0x1f, 0x1e, 0x6d, 0x25, 0x05, 0x1e, 0x1f,
    0x1f, 0x01, 0x1e, 0x73, 0x25, 0x01, 0x1f, 0x75, 0x25, 0x03, 0x01, 0x01, 0xfc, 0x88, 0x25, 0x04,
    0xf0, 0xf0, 0xf0, 0xf0, 0x91, 0x25, 0x01, 0x01, 0x93, 0x25, 0x01, 0x1e, 0x99, 0x25, 0x09, 0x1e,
    0x1e, 0x01, 0x01, 0x01, 0x01, 0xcf, 0xcf, 0xcf, 0xa3, 0x25, 0x05, 0xa4, 0xa4, 0xa4, 0x33, 0xa4,
    0xb5, 0x25, 0x03, 0x33, 0xcf, 0xcf, 0xba, 0x25, 0x07, 0x01, 0x01, 0x1e, 0x01, 0x1e, 0x1f, 0x1e,
    0xc2, 0x25, 0x05, 0x1f, 0x1e, 0x1f, 0x1e, 0x1e, 0xc8, 0x25, 0x05, 0x1e, 0x01, 0x01, 0xfd, 0xce,
    0xd0, 0x25, 0x05, 0xa4, 0xa4, 0x33, 0xa4, 0xa4, 0xd6, 0x25, 0x04, 0xa4, 0xa4, 0xa4, 0xa4, 0xdb,
    0x25, 0x03, 0xa4, 0xa4, 0xa4, 0xe2, 0x25, 0x09, 0xfc, 0xfc, 0x01, 0x01, 0x01, 0x1e, 0x1e, 0x1f,
    0x1f, 0xec, 0x25, 0x09, 0x1e, 0x1e, 0x1f, 0x1f, 0x1f, 0x1e, 0x1e, 0x1e, 0x1e, 0xf6, 0x25, 0x04,
    0x01, 0x01, 0x01, 0x0c, 0x07, 0x26, 0x05, 0xf0, 0xf0, 0xf0, 0xf0, 0x01, 0x0e, 0x26, 0x01, 0x01,
    0x10, 0x26, 0x03, 0x1f, 0x01, 0x1e, 0x17, 0x26, 0x03, 0x1f, 0x1e, 0x01, 0x1b, 0x26, 0x07, 0x1e,
    0x01, 0x01, 0xfc, 0xcf, 0xcf, 0x33, 0x2c, 0x26, 0x01, 0xa4, 0x33, 0x26, 0x05, 0xa4, 0xa4, 0x97,
    0x6b, 0xcf, 0x39, 0x26, 0x01, 0x01, 0x3b, 0x26, 0x01, 0x01, 0x3d, 0x26, 0x04, 0x1f, 0x1f, 0x1e,
    0x01, 0x42, 0x26, 0x06, 0x1e, 0x1f, 0x1f, 0x1e, 0x1e, 0x1e, 0x49, 0x26, 0x06, 0x1e, 0x01, 0xfc,
    0xcf, 0x33, 0xa4, 0x51, 0x26, 0x04, 0xa4, 0xa4, 0xa4, 0xa4, 0x56, 0x26, 0x03, 0x33, 0x33, 0x33,
    0x5b, 0x26, 0x02, 0x33, 0x33, 0x5e, 0x26, 0x01, 0x33, 0x62, 0x26, 0x03, 0x33, 0xcf, 0xfc, 0x66,
    0x26, 0x0f, 0x01, 0x1e, 0x1e, 0x1e, 0x1e, 0x1f, 0x01, 0x1f, 0x01, 0x1f, 0x1f, 0x1e, 0x1e, 0x1e,
    0x1e, 0x77, 0x26, 0x02, 0x1e, 0x01, 0x7a, 0x26, 0x01, 0x0c, 0x86, 0x26, 0x04, 0xf0, 0xf0, 0xf0,
    0xf0, 0x8c, 0x26, 0x08, 0x01, 0x01, 0x01, 0x01, 0x1f, 0x01, 0x1f, 0x1e, 0x96, 0x26, 0x12, 0x1f,
    0x1f, 0x1f, 0x1e, 0x1e, 0x1e, 0x01, 0xfc, 0x6b, 0x6a, 0x6a, 0xa4, 0xa4, 0xa4, 0xa4, 0xa4, 0xa4,
    0xa4, 0xa9, 0x26, 0x02, 0xa4, 0x33, 0xad, 0x26, 0x04, 0xa4, 0x97, 0xa4, 0xa4, 0xb2, 0x26, 0x09,
    0x97, 0x97, 0x97, 0xfc, 0xcf, 0xcf, 0x01, 0x01, 0x01, 0xbc, 0x26, 0x0f, 0x1e, 0x1e, 0x1f, 0x01,
    0x1f, 0x01, 0x01, 0x1f, 0x1f, 0x1e, 0x1e, 0x1e, 0x1e, 0x1e, 0x1e, 0xcc, 0x26, 0x0a, 0x6b, 0x6a,
    0x97, 0xa4, 0x97, 0x97, 0x97, 0x97, 0xa4, 0xa4, 0xd8, 0x26, 0x01, 0x33, 0xdb, 0x26, 0x0b, 0xa4,
    0xa4, 0xa4, 0xa4, 0xa4, 0xa4, 0xa4, 0xa4, 0x33, 0xcf, 0xfc, 0xe7, 0x26, 0x04, 0x1e, 0x1e, 0x1e,
    0x1e, 0xec, 0x26, 0x02, 0x01, 0x01, 0xf0, 0x26, 0x06, 0x01, 0x1e, 0x1e, 0x1e, 0x1e, 0x1e, 0xf8,
    0x26, 0x01, 0x1e, 0xfa, 0x26, 0x02, 0x01, 0xee, 0x04, 0x27, 0x05, 0x0c, 0xf1, 0xf0, 0xf0, 0xf0,
    0x0a, 0x27, 0x09, 0x01, 0x01, 0x01, 0x1e, 0x1e, 0x1f, 0x1f, 0x1f, 0x1f, 0x14, 0x27, 0x07, 0x1f,
    0x01, 0x1f, 0x1e, 0x1e, 0x1f, 0x1e, 0x1c, 0x27, 0x04, 0x01, 0xfc, 0xfc, 0xfd, 0x21, 0x27, 0x06,
    0x97, 0x97, 0x97, 0x97, 0x33, 0x33, 0x28, 0x27, 0x01, 0x33, 0x2c, 0x27, 0x04, 0x33, 0x33, 0x33,
    0x33, 0x31, 0x27, 0x07, 0x33, 0x33, 0x33, 0x33, 0xce, 0xcf, 0xfc, 0x3a, 0x27, 0x07, 0x1e, 0x1e,
    0x1e, 0x1e, 0x1e, 0x01, 0x1f, 0x43, 0x27, 0x02, 0x1f, 0x1e, 0x46, 0x27, 0x05, 0x1e, 0x1e, 0x1e,
    0x1e, 0x1e, 0x4c, 0x27, 0x02, 0xfd, 0xfc, 0x4f, 0x27, 0x07, 0x33, 0x33, 0x33, 0x33, 0x97, 0x33,
    0x33, 0x5c, 0x27, 0x0a, 0x33, 0x33, 0x33, 0x33, 0x33, 0x33, 0x33, 0x33, 0xce, 0xcf, 0x67, 0x27,
    0x02, 0x1e, 0x1e, 0x6a, 0x27, 0x01, 0x1e, 0x71, 0x27, 0x01, 0x01, 0x73, 0x27, 0x01, 0x1e, 0x75,
    0x27, 0x01, 0x1e, 0x77, 0x27, 0x03, 0x1e, 0x1e, 0x1e, 0x7b, 0x27, 0x03, 0x1e, 0xe2, 0x0c, 0x83,
    0x27, 0x05, 0x0c, 0xf0, 0xf0, 0xf0, 0xf0, 0x89, 0x27, 0x09, 0x01, 0x01, 0x1e, 0x1e, 0x1e, 0x1e,
    0x01, 0x01, 0x1f, 0x93, 0x27, 0x02, 0x1f, 0x01, 0x96, 0x27, 0x05, 0x1e, 0x1e, 0x1e, 0x1e, 0x1e,
    0x9c, 0x27, 0x07, 0xfd, 0xce, 0xcf, 0xd1, 0x33, 0x33, 0x33, 0xa5, 0x27, 0x01, 0x33, 0xb0, 0x27,
    0x02, 0xa4, 0xa4, 0xb4, 0x27, 0x09, 0x33, 0xce, 0xcf, 0xfc, 0x01, 0x1e, 0x1e, 0x1e, 0x1e, 0xbf,
    0x27, 0x02, 0x1e, 0x01, 0xc5, 0x27, 0x01, 0x1e, 0xc7, 0x27, 0x03, 0x1e, 0x1e, 0x1e, 0xcb, 0x27,
    0x04, 0x1f, 0xfc, 0xd1, 0x33, 0xd2, 0x27, 0x03, 0x33, 0x33, 0xa4, 0xe0, 0x27, 0x02, 0xa4, 0xa4,
    0xe4, 0x27, 0x05, 0x33, 0xce, 0xcf, 0x1e, 0x1e, 0xea, 0x27, 0x01, 0x1e, 0xef, 0x27, 0x0f, 0xfc,
    0xfd, 0xfd, 0xfd, 0xfc, 0xfc, 0xe2, 0xfc, 0xe2, 0xe2, 0x1e, 0x1e, 0x1e, 0x1e, 0xfc, 0x02, 0x28,
    0x07, 0x0c, 0xf1, 0xf0, 0xf0, 0xf0, 0x01, 0x01, 0x0a, 0x28, 0x07, 0x1e, 0x1e, 0x1e, 0x1e, 0x01,
    0x1f, 0x01, 0x12, 0x28, 0x02, 0x01, 0x01, 0x16, 0x28, 0x03, 0x1e, 0x1e, 0x1e, 0x1a, 0x28, 0x06,
    0x1f, 0xfc, 0xcf, 0xd1, 0xd1, 0x33, 0x23, 0x28, 0x02, 0xa4, 0xa4, 0x2e, 0x28, 0x04, 0xa4, 0x33,
    0x33, 0x33, 0x34, 0x28, 0x04, 0x33, 0xce, 0xcf, 0xfc, 0x39, 0x28, 0x04, 0x1e, 0x1e, 0x1e, 0x1e,
    0x43, 0x28, 0x01, 0x01, 0x4a, 0x28, 0x05, 0x1f, 0x1e, 0xfc, 0xd1, 0xcf, 0x5a, 0x28, 0x06, 0x33,
    0x33, 0x33, 0x33, 0x33, 0x97, 0x63, 0x28, 0x1c, 0x33, 0xec, 0xdf, 0x22, 0x6b, 0x6b, 0x6b, 0x6b,
    0x6b, 0x6b, 0x6b, 0x6b, 0x6b, 0x6b, 0x6a, 0x6a, 0x6a, 0x6a, 0x6b, 0x6b, 0x6b, 0x6b, 0x75, 0x75,
    0x75, 0x75, 0xee, 0x0c, 0x81, 0x28, 0x06, 0xf0, 0xf0, 0xf1, 0xf0, 0xf0, 0x1e, 0x89, 0x28, 0x03,
    0x1e, 0x1e, 0x1e, 0x8d, 0x28, 0x02, 0x1f, 0x01, 0x91, 0x28, 0x01, 0x01, 0x95, 0x28, 0x02, 0x1e,
    0x1e, 0x99, 0x28, 0x06, 0x1e, 0x1e, 0xcf, 0xd1, 0xcf, 0xcf, 0xa2, 0x28, 0x03, 0x33, 0x33, 0xa4,
    0xb4, 0x28, 0x05, 0xcf, 0xcf, 0xce, 0xfc, 0x1e, 0xbb, 0x28, 0x01, 0x1e, 0xbf, 0x28, 0x01, 0x01,
    0xc2, 0x28, 0x02, 0x01, 0x01, 0xc5, 0x28, 0x1a, 0xfc, 0xfc, 0xfc, 0xe2, 0xe2, 0xfc, 0xfc, 0xe2,
    0x33, 0x33, 0x33, 0xcf, 0xcf, 0xcf, 0xec, 0xec, 0xec, 0xec, 0xa4, 0xa4, 0xa4, 0xa4, 0xa4, 0xa4,
    0xa4, 0xa4, 0xe0, 0x28, 0x1f, 0xa5, 0xa5, 0xa5, 0xa5, 0xa5, 0xa5, 0x6a, 0x73, 0x72, 0x73, 0x73,
    0xd1, 0x73, 0x73, 0x73, 0x73, 0x73, 0xcf, 0x72, 0x72, 0x72, 0x72, 0x73, 0xcf, 0x73, 0x73, 0x6d,
    0x6d, 0x73, 0xf0, 0xee, 0x01, 0x29, 0x3a, 0x9b, 0x9b, 0x9b, 0x9b, 0x6a, 0x6b, 0x75, 0x75, 0x6b,
    0x75, 0x6b, 0x6b, 0x6b, 0x6b, 0x6a, 0x6a, 0x6a, 0x6a, 0x6b, 0x6b, 0x6b, 0x6b, 0x6b, 0x75, 0x6b,
    0x75, 0x6b, 0x6b, 0x6b, 0x97, 0xa4, 0xa4, 0xa4, 0xa4, 0xa4, 0xa4, 0xa4, 0xa4, 0xa4, 0xa4, 0xa4,
    0xa4, 0xa4, 0xa4, 0xa4, 0xa4, 0x6b, 0x6b, 0x97, 0x97, 0x97, 0x97, 0x97, 0x97, 0x97, 0x97, 0x97,
    0x97, 0x4f, 0x29, 0x17, 0x01, 0x01, 0x01, 0x01, 0xa4, 0x01, 0x01, 0x18, 0x18, 0x18, 0xa4, 0xf7,
    0xf7, 0xf7, 0xf7, 0xf7, 0xa4, 0xf7, 0xf7, 0xa4, 0xa4, 0xf7, 0xa4, 0x67, 0x29, 0x03, 0xf7, 0xf7,
    0xf7, 0x6b, 0x29, 0x05, 0xa4, 0xf7, 0xf7, 0xf7, 0xf7, 0x71, 0x29, 0x05, 0xa4, 0xf7, 0xf7, 0xf7,
    0xf7, 0x77, 0x29, 0x09, 0xa4, 0xf7, 0xf7, 0xf7, 0xf7, 0x9b, 0x9b, 0x9b, 0x9b, 0x81, 0x29, 0x2c,
    0x9a, 0x9a, 0x9a, 0x6a, 0x75, 0xd1, 0x6a, 0x74, 0x74, 0x6a, 0x6a, 0x6a, 0xce, 0x6b, 0x6b, 0x6b,
    0x6a, 0x6a, 0x6a, 0x6b, 0x6a, 0x74, 0x6a, 0x74, 0x6a, 0x6a, 0x6a, 0x96, 0x96, 0x96, 0x97, 0x33,
    0x96, 0x96, 0x96, 0x96, 0x96, 0x97, 0xa4, 0x01, 0x01, 0xa5, 0x01, 0x01, 0xae, 0x29, 0x01, 0xa5,
    0xb0, 0x29, 0x02, 0x01, 0xa5, 0xb8, 0x29, 0x01, 0xa5, 0xbb, 0x29, 0x02, 0x01, 0xa5, 0xbe, 0x29,
    0x01, 0xa5, 0xc1, 0x29, 0x02, 0x01, 0xa5, 0xc4, 0x29, 0x01, 0xa5, 0xc7, 0x29, 0x02, 0x01, 0xa5,
    0xcf, 0x29, 0x02, 0xf6, 0xa5, 0xd2, 0x29, 0x07, 0xa4, 0x01, 0x01, 0xf6, 0xf6, 0xf6, 0xf7, 0xda,
    0x29, 0x26, 0xf6, 0xf6, 0xf6, 0xf6, 0xf6, 0xa4, 0x53, 0xc7, 0xc7, 0xc7, 0xc7, 0xc7, 0xc7, 0xc7,
    0xc7, 0xc7, 0xa4, 0x62, 0xc7, 0xc7, 0xc7, 0xc7, 0xa5, 0xc7, 0x62, 0xc7, 0xc7, 0xc7, 0xa5, 0xc7,
    0xc7, 0xc6, 0xc7, 0xc7, 0x9a, 0x9a, 0x9a, 0x9a, 0x02, 0x2a, 0x12, 0x6c, 0x75, 0x75, 0x75, 0x6b,
    0x75, 0x97, 0x97, 0x97, 0x97, 0x97, 0x97, 0x97, 0x97, 0x97, 0x97, 0x48, 0x48, 0x1b, 0x2a, 0x07,
    0xf7, 0x01, 0x01, 0x01, 0x01, 0x01, 0x01, 0x23, 0x2a, 0x0d, 0xa4, 0x01, 0x01, 0x01, 0x18, 0x18,
    0x18, 0xa4, 0xf7, 0xf7, 0xf7, 0xf7, 0xf7, 0x32, 0x2a, 0x07, 0xf7, 0xa4, 0x53, 0xa4, 0xa4, 0xf7,
    0xf7, 0x49, 0x2a, 0x01, 0xf7, 0x4f, 0x2a, 0x16, 0xc6, 0xc6, 0xc6, 0xc6, 0xa4, 0xc6, 0xc6, 0xc6,
    0xc6, 0xc6, 0xa4, 0xc6, 0xc6, 0xc6, 0xc6, 0xc6, 0xa4, 0xa4, 0xa4, 0x53, 0xa4, 0xc6, 0x66, 0x2a,
    0x03, 0x31, 0xc6, 0xc6, 0x6a, 0x2a, 0x04, 0xc6, 0xc6, 0xc6, 0xc6, 0x6f, 0x2a, 0x10, 0xa4, 0xc6,
    0xc6, 0xc6, 0xc6, 0xa4, 0xc6, 0xc6, 0xc6, 0xc6, 0xc6, 0xc6, 0x9b, 0x9b, 0x9b, 0x9b, 0x82, 0x2a,
    0x37, 0x5d, 0xc6, 0xc6, 0xc6, 0xa4, 0xc6, 0x62, 0xc7, 0xc7, 0xc7, 0xa5, 0xc7, 0xc6, 0x62, 0xc7,
    0xc7, 0xa5, 0xc7, 0xc7, 0xc6, 0x62, 0xde, 0xde, 0x31, 0x31, 0x31, 0x31, 0x31, 0x31, 0x53, 0x31,
    0x31, 0xc6, 0x62, 0x31, 0x53, 0x31, 0x31, 0x31, 0x31, 0x62, 0x53, 0x31, 0x31, 0x31, 0x31, 0x31,
    0xc6, 0x31, 0x31, 0x31, 0x31, 0x31, 0x31, 0x62, 0xbb, 0x2a, 0x02, 0xc6, 0x62, 0xbe, 0x2a, 0x01,
    0x62, 0xc1, 0x2a, 0x02, 0xc6, 0x62, 0xc4, 0x2a, 0x01, 0x62, 0xc7, 0x2a, 0x02, 0xc6, 0x62, 0xd1,
    0x2a, 0x05, 0xa4, 0xc6, 0xc6, 0xc6, 0xc6, 0xd7, 0x2a, 0x05, 0xa4, 0xc6, 0xc6, 0xc6, 0xc6, 0xdd,
    0x2a, 0x07, 0xa4, 0xc6, 0xc6, 0xc6, 0xc6, 0xc6, 0xc6, 0xe5, 0x2a, 0x01, 0xc6, 0xfb, 0x2a, 0x04,
    0x5d, 0x5d, 0x5d, 0x5d, 0x03, 0x2b, 0x05, 0xde, 0xbc, 0xbc, 0x53, 0xa4, 0x09, 0x2b, 0x05, 0x53,
    0x53, 0x53, 0x53, 0x53, 0x12, 0x2b, 0x11, 0xa4, 0xa4, 0xa4, 0xa4, 0xa4, 0x53, 0x31, 0x53, 0x53,
    0x53, 0x31, 0x53, 0x53, 0x53, 0x53, 0x53, 0xa4, 0x24, 0x2b, 0x05, 0x53, 0x53, 0x53, 0x53, 0xa4,
    0x2a, 0x2b, 0x05, 0x53, 0x53, 0x53, 0x53, 0xa4, 0x30, 0x2b, 0x09, 0x53, 0x31, 0x53, 0x53, 0x31,
    0x53, 0x53, 0x53, 0x62, 0x3a, 0x2b, 0x08, 0xa4, 0xa4, 0xa4, 0xa4, 0x62, 0x62, 0x62, 0xa4, 0x43,
    0x2b, 0x05, 0x62, 0x62, 0x62, 0x62, 0xa4, 0x4a, 0x2b, 0x03, 0x62, 0x62, 0x62, 0x4e, 0x2b, 0x05,
    0x62, 0x62, 0x62, 0x62, 0xa4, 0x54, 0x2b, 0x05, 0x62, 0x62, 0x62, 0x62, 0xa4, 0x5a, 0x2b, 0x05,
    0x62, 0x62, 0x62, 0x62, 0xa4, 0x60, 0x2b, 0x02, 0x62, 0x62, 0x63, 0x2b, 0x02, 0x62, 0x62, 0x66,
    0x2b, 0x18, 0x3f, 0x3f, 0x3f, 0x3f, 0x3f, 0x3f, 0x3f, 0x3f, 0x3f, 0x3f, 0x3f, 0x3f, 0x3f, 0x3f,
    0x3f, 0x3f, 0x3f, 0x3f, 0x3f, 0x3f, 0x5d, 0x3f, 0x3f, 0x3f, 0x83, 0x2b, 0x0e, 0x5d, 0x31, 0x31,
    0x31, 0x53, 0xc6, 0x62, 0x31, 0x31, 0x31, 0x53, 0x31, 0xc6, 0x62, 0x93, 0x2b, 0x01, 0x62, 0x96,
    0x2b, 0x02, 0xc6, 0x62, 0xa0, 0x2b, 0x01, 0x62, 0xa2, 0x2b, 0x02, 0xc6, 0x62, 0xa6, 0x2b, 0x01,
    0x62, 0xa8, 0x2b, 0x02, 0xc6, 0x62, 0xac, 0x2b, 0x01, 0x62, 0xae, 0x2b, 0x02, 0xc6, 0x62, 0xb8,
    0x2b, 0x01, 0x62, 0xbb, 0x2b, 0x02, 0xc6, 0x62, 0xbe, 0x2b, 0x01, 0x62, 0xc1, 0x2b, 0x02, 0xc6,
    0x62, 0xc4, 0x2b, 0x01, 0x62, 0xc7, 0x2b, 0x01, 0xc6, 0xcc, 0x2b, 0x32, 0x51, 0x51, 0x51, 0x5d,
    0x9b, 0x3f, 0x5d, 0x5d, 0x5d, 0x5d, 0x9b, 0x3f, 0x5d, 0x5d, 0x5d, 0x5d, 0x9b, 0x3f, 0x5d, 0x5d,
    0x5d, 0x5d, 0x5d, 0x5d, 0x5d, 0x5d, 0x5d, 0x5d, 0x9b, 0x3f, 0x5d, 0x5d, 0x5d, 0x5d, 0x9b, 0x3f,
    0x5d, 0x5d, 0x5d, 0x5d, 0x9b, 0x3f, 0x5d, 0x5d, 0x5d, 0x5d, 0x5d, 0x5d, 0x5d, 0x5d, 0x08, 0x2c,
    0x02, 0xc6, 0x62, 0x10, 0x2c, 0x08, 0x62, 0x62, 0x62, 0x62, 0xc6, 0xc6, 0xc6, 0xc6, 0x23, 0x2c,
    0x01, 0x62, 0x29, 0x2c, 0x01, 0x62, 0x2f, 0x2c, 0x01, 0x62, 0x3a, 0x2c, 0x43, 0x51, 0x51, 0x51,
    0x51, 0x58, 0x58, 0x5d, 0x5d, 0x5d, 0x5d, 0x5d, 0x5d, 0x5d, 0x5d, 0x5d, 0x5d, 0x5d, 0x5d, 0x5d,
    0x5d, 0x5d, 0x5d, 0x5d, 0x5d, 0x5d, 0x5d, 0x5d, 0x5d, 0x5d, 0x5d, 0x5d, 0x5d, 0x5d, 0x5d, 0x5d,
    0x5d, 0x5d, 0x5d, 0x5d, 0x5d, 0x5d, 0x5d, 0x5d, 0x5d, 0x5d, 0x5d, 0x5d, 0x5d, 0x5d, 0x5d, 0x5d,
    0x5d, 0x5d, 0x5d, 0x5d, 0x5d, 0x5d, 0x5d, 0x5d, 0x5d, 0x5d, 0x5d, 0x5d, 0x5d, 0x5d, 0x5d, 0x5d,
    0x85, 0x2c, 0x27, 0x5d, 0x5d, 0x5d, 0x5d, 0x9b, 0x3f, 0x5d, 0x5d, 0x5d, 0x5d, 0x5d, 0x9b, 0x3f,
    0x5d, 0x5d, 0x5d, 0x5d, 0x5d, 0x9b, 0x3f, 0x5d, 0x5d, 0x5d, 0x5d, 0x5d, 0x5d, 0x5d, 0x5d, 0x5d,
    0x5d, 0x5d, 0x5d, 0x5d, 0x5d, 0x5d, 0x5d, 0x5d, 0x5d, 0x5d, 0x05, 0x2d, 0x12, 0x5d, 0x5d, 0x5d,
    0x5d, 0x9b, 0x3f, 0x5d, 0x5d, 0x5d, 0x5d, 0x5d, 0x5d, 0x5d, 0x0c, 0x0c, 0x0c, 0x0c, 0x05,
};

#endif
