#ifndef WAIFU_PCFX_PALETTE_ASSETS_H
#define WAIFU_PCFX_PALETTE_ASSETS_H

#include <stdint.h>

#define WAIFU_PCFX_FADE_LEVELS 65
static const uint16_t waifu_pcfx_palette_fade_lut[3][WAIFU_PCFX_FADE_LEVELS][256] = {
  {
    {
      0x0088,0x0088,0x0088,0x0088,0x0088,0x0088,0x0088,0x0088,0x0088,0x0088,0x0088,0x0088,
      0x0088,0x0088,0x0088,0x0088,0x0088,0x0088,0x0088,0x0088,0x0088,0x0088,0x0088,0x0088,
      0x0088,0x0088,0x0088,0x0088,0x0088,0x0088,0x0088,0x0088,0x0088,0x0088,0x0088,0x0088,
      0x0088,0x0088,0x0088,0x0088,0x0088,0x0088,0x0088,0x0088,0x0088,0x0088,0x0088,0x0088,
      0x0088,0x0088,0x0088,0x0088,0x0088,0x0088,0x0088,0x0088,0x0088,0x0088,0x0088,0x0088,
      0x0088,0x0088,0x0088,0x0088,0x0088,0x0088,0x0088,0x0088,0x0088,0x0088,0x0088,0x0088,
      0x0088,0x0088,0x0088,0x0088,0x0088,0x0088,0x0088,0x0088,0x0088,0x0088,0x0088,0x0088,
      0x0088,0x0088,0x0088,0x0088,0x0088,0x0088,0x0088,0x0088,0x0088,0x0088,0x0088,0x0088,
      0x0088,0x0088,0x0088,0x0088,0x0088,0x0088,0x0088,0x0088,0x0088,0x0088,0x0088,0x0088,
      0x0088,0x0088,0x0088,0x0088,0x0088,0x0088,0x0088,0x0088,0x0088,0x0088,0x0088,0x0088,
      0x0088,0x0088,0x0088,0x0088,0x0088,0x0088,0x0088,0x0088,0x0088,0x0088,0x0088,0x0088,
      0x0088,0x0088,0x0088,0x0088,0x0088,0x0088,0x0088,0x0088,0x0088,0x0088,0x0088,0x0088,
      0x0088,0x0088,0x0088,0x0088,0x0088,0x0088,0x0088,0x0088,0x0088,0x0088,0x0088,0x0088,
      0x0088,0x0088,0x0088,0x0088,0x0088,0x0088,0x0088,0x0088,0x0088,0x0088,0x0088,0x0088,
      0x0088,0x0088,0x0088,0x0088,0x0088,0x0088,0x0088,0x0088,0x0088,0x0088,0x0088,0x0088,
      0x0088,0x0088,0x0088,0x0088,0x0088,0x0088,0x0088,0x0088,0x0088,0x0088,0x0088,0x0088,
      0x0088,0x0088,0x0088,0x0088,0x0088,0x0088,0x0088,0x0088,0x0088,0x0088,0x0088,0x0088,
      0x0088,0x0088,0x0088,0x0088,0x0088,0x0088,0x0088,0x0088,0x0088,0x0088,0x0088,0x0088,
      0x0088,0x0088,0x0088,0x0088,0x0088,0x0088,0x0088,0x0088,0x0088,0x0088,0x0088,0x0088,
      0x0088,0x0088,0x0088,0x0088,0x0088,0x0088,0x0088,0x0088,0x0088,0x0088,0x0088,0x0088,
      0x0088,0x0088,0x0088,0x0088,0x0088,0x0088,0x0088,0x0088,0x0088,0x0088,0x0088,0x0088,
      0x0088,0x0088,0x0088,0x0088,
    },
    {
      0x0488,0x0487,0x0388,0x0488,0x0378,0x0388,0x0388,0x0378,0x0378,0x0378,0x0388,0x0378,
      0x0378,0x0378,0x0278,0x0378,0x0278,0x0278,0x0278,0x0278,0x0387,0x0387,0x0388,0x0388,
      0x0378,0x0387,0x0387,0x0387,0x0287,0x0288,0x0288,0x0278,0x0278,0x0278,0x0387,0x0288,
      0x0287,0x0287,0x0278,0x0288,0x0278,0x0278,0x0288,0x0278,0x0278,0x0288,0x0278,0x0288,
      0x0288,0x0278,0x0278,0x0278,0x0287,0x0287,0x0288,0x0288,0x0278,0x0278,0x0288,0x0287,
      0x0287,0x0287,0x0288,0x0287,0x0287,0x0177,0x0177,0x0288,0x0278,0x0288,0x0278,0x0288,
      0x0278,0x0288,0x0278,0x0188,0x0278,0x0178,0x0178,0x0178,0x0178,0x0178,0x0288,0x0178,
      0x0178,0x0178,0x0178,0x0188,0x0178,0x0288,0x0288,0x0288,0x0188,0x0188,0x0188,0x0188,
      0x0188,0x0178,0x0178,0x0178,0x0178,0x0178,0x0178,0x0178,0x0178,0x0187,0x0187,0x0188,
      0x0188,0x0188,0x0188,0x0187,0x0187,0x0187,0x0187,0x0188,0x0188,0x0188,0x0188,0x0187,
      0x0187,0x0187,0x0187,0x0188,0x0188,0x0178,0x0188,0x0178,0x0187,0x0177,0x0188,0x0187,
      0x0188,0x0178,0x0188,0x0187,0x0188,0x0178,0x0188,0x0188,0x0178,0x0188,0x0178,0x0188,
      0x0188,0x0188,0x0188,0x0188,0x0188,0x0188,0x0178,0x0178,0x0188,0x0088,0x0188,0x0188,
      0x0188,0x0188,0x0188,0x0188,0x0188,0x0178,0x0188,0x0188,0x0188,0x0088,0x0188,0x0188,
      0x0088,0x0187,0x0188,0x0188,0x0188,0x0188,0x0188,0x0188,0x0188,0x0188,0x0188,0x0188,
      0x0188,0x0188,0x0188,0x0188,0x0088,0x0088,0x0088,0x0088,0x0188,0x0088,0x0088,0x0088,
      0x0088,0x0088,0x0088,0x0088,0x0088,0x0088,0x0088,0x0088,0x0187,0x0187,0x0187,0x0087,
      0x0087,0x0087,0x0087,0x0088,0x0187,0x0088,0x0087,0x0087,0x0088,0x0088,0x0088,0x0088,
      0x0087,0x0087,0x0087,0x0088,0x0087,0x0088,0x0088,0x0088,0x0088,0x0088,0x0088,0x0088,
      0x0088,0x0088,0x0088,0x0088,0x0088,0x0088,0x0088,0x0088,0x0088,0x0088,0x0088,0x0088,
      0x0088,0x0087,0x0078,0x0088,0x0088,0x0088,0x0088,0x0088,0x0088,0x0088,0x0088,0x0088,
      0x0088,0x0088,0x0088,0x0088,
    },
    {
      0x0888,0x0787,0x0788,0x0788,0x0778,0x0788,0x0688,0x0678,0x0678,0x0678,0x0688,0x0578,
      0x0578,0x0578,0x0578,0x0778,0x0578,0x0578,0x0578,0x0478,0x0687,0x0687,0x0688,0x0588,
      0x0578,0x0687,0x0587,0x0587,0x0587,0x0588,0x0588,0x0578,0x0578,0x0578,0x0587,0x0588,
      0x0487,0x0487,0x0578,0x0488,0x0478,0x0478,0x0488,0x0478,0x0478,0x0488,0x0478,0x0488,
      0x0488,0x0478,0x0478,0x0378,0x0487,0x0487,0x0488,0x0488,0x0478,0x0378,0x0388,0x0487,
      0x0387,0x0387,0x0388,0x0387,0x0387,0x0377,0x0277,0x0488,0x0378,0x0388,0x0378,0x0388,
      0x0378,0x0388,0x0378,0x0388,0x0378,0x0378,0x0378,0x0378,0x0378,0x0378,0x0388,0x0378,
      0x0378,0x0378,0x0378,0x0388,0x0378,0x0388,0x0388,0x0388,0x0388,0x0388,0x0388,0x0388,
      0x0288,0x0378,0x0378,0x0378,0x0378,0x0278,0x0278,0x0278,0x0278,0x0387,0x0387,0x0388,
      0x0388,0x0288,0x0288,0x0387,0x0287,0x0287,0x0287,0x0288,0x0288,0x0288,0x0288,0x0287,
      0x0287,0x0287,0x0287,0x0388,0x0288,0x0278,0x0288,0x0278,0x0287,0x0277,0x0288,0x0187,
      0x0288,0x0278,0x0288,0x0187,0x0388,0x0278,0x0288,0x0288,0x0278,0x0288,0x0278,0x0288,
      0x0188,0x0288,0x0288,0x0288,0x0188,0x0188,0x0278,0x0278,0x0188,0x0188,0x0288,0x0288,
      0x0288,0x0188,0x0288,0x0188,0x0188,0x0178,0x0188,0x0188,0x0188,0x0188,0x0188,0x0188,
      0x0188,0x0287,0x0188,0x0188,0x0188,0x0188,0x0188,0x0288,0x0188,0x0188,0x0188,0x0188,
      0x0188,0x0188,0x0188,0x0188,0x0188,0x0188,0x0188,0x0188,0x0188,0x0188,0x0188,0x0188,
      0x0188,0x0188,0x0188,0x0188,0x0188,0x0188,0x0188,0x0088,0x0187,0x0187,0x0287,0x0187,
      0x0187,0x0187,0x0187,0x0188,0x0187,0x0188,0x0187,0x0187,0x0188,0x0188,0x0188,0x0088,
      0x0187,0x0187,0x0187,0x0188,0x0187,0x0188,0x0188,0x0188,0x0188,0x0188,0x0088,0x0188,
      0x0188,0x0088,0x0088,0x0188,0x0088,0x0188,0x0088,0x0188,0x0088,0x0088,0x0088,0x0088,
      0x0088,0x0087,0x0078,0x0088,0x0088,0x0088,0x0088,0x0088,0x0088,0x0088,0x0088,0x0088,
      0x0088,0x0088,0x0088,0x0088,
    },
    {
      0x0b88,0x0b87,0x0a88,0x0b88,0x0a78,0x0a88,0x0988,0x0978,0x0978,0x0978,0x0888,0x0878,
      0x0878,0x0878,0x0778,0x0a78,0x0778,0x0778,0x0778,0x0678,0x0a87,0x0987,0x0988,0x0888,
      0x0878,0x0987,0x0887,0x0887,0x0787,0x0788,0x0788,0x0778,0x0778,0x0778,0x0887,0x0788,
      0x0787,0x0687,0x0778,0x0688,0x0778,0x0678,0x0688,0x0578,0x0578,0x0788,0x0778,0x0688,
      0x0688,0x0678,0x0578,0x0578,0x0687,0x0687,0x0688,0x0588,0x0678,0x0578,0x0588,0x0687,
      0x0587,0x0587,0x0588,0x0587,0x0587,0x0477,0x0477,0x0688,0x0578,0x0588,0x0578,0x0588,
      0x0578,0x0588,0x0578,0x0488,0x0578,0x0478,0x0478,0x0478,0x0478,0x0478,0x0588,0x0478,
      0x0478,0x0478,0x0478,0x0488,0x0478,0x0588,0x0588,0x0588,0x0488,0x0488,0x0488,0x0488,
      0x0488,0x0478,0x0478,0x0478,0x0478,0x0478,0x0478,0x0378,0x0378,0x0487,0x0487,0x0488,
      0x0488,0x0488,0x0388,0x0487,0x0487,0x0487,0x0387,0x0388,0x0388,0x0388,0x0388,0x0387,
      0x0387,0x0387,0x0387,0x0488,0x0388,0x0378,0x0388,0x0378,0x0387,0x0277,0x0388,0x0287,
      0x0388,0x0378,0x0388,0x0287,0x0488,0x0478,0x0388,0x0388,0x0378,0x0388,0x0378,0x0388,
      0x0288,0x0388,0x0388,0x0388,0x0288,0x0288,0x0378,0x0278,0x0288,0x0188,0x0288,0x0288,
      0x0288,0x0288,0x0288,0x0288,0x0288,0x0278,0x0288,0x0288,0x0288,0x0188,0x0288,0x0288,
      0x0188,0x0287,0x0288,0x0288,0x0288,0x0288,0x0288,0x0288,0x0288,0x0288,0x0288,0x0288,
      0x0288,0x0288,0x0288,0x0288,0x0188,0x0188,0x0188,0x0188,0x0288,0x0188,0x0188,0x0188,
      0x0188,0x0188,0x0188,0x0188,0x0188,0x0188,0x0188,0x0188,0x0287,0x0287,0x0287,0x0187,
      0x0187,0x0187,0x0187,0x0188,0x0287,0x0188,0x0187,0x0187,0x0188,0x0188,0x0188,0x0188,
      0x0187,0x0187,0x0187,0x0188,0x0187,0x0188,0x0188,0x0188,0x0188,0x0188,0x0188,0x0188,
      0x0188,0x0188,0x0188,0x0188,0x0188,0x0188,0x0188,0x0188,0x0188,0x0088,0x0188,0x0188,
      0x0088,0x0087,0x0178,0x0088,0x0088,0x0088,0x0088,0x0088,0x0088,0x0088,0x0088,0x0088,
      0x0088,0x0088,0x0088,0x0088,
    },
    {
      0x0f88,0x0f87,0x0e88,0x0e88,0x0e78,0x0d88,0x0d88,0x0d78,0x0c78,0x0b78,0x0b88,0x0a78,
      0x0a78,0x0a78,0x0a78,0x0d78,0x0a78,0x0978,0x0978,0x0978,0x0d87,0x0c87,0x0c88,0x0b88,
      0x0b78,0x0b87,0x0a87,0x0a87,0x0987,0x0a88,0x0a88,0x0978,0x0978,0x0978,0x0a87,0x0988,
      0x0987,0x0787,0x0978,0x0988,0x0978,0x0878,0x0888,0x0778,0x0778,0x0988,0x0978,0x0888,
      0x0788,0x0778,0x0778,0x0778,0x0887,0x0887,0x0788,0x0788,0x0778,0x0778,0x0788,0x0887,
      0x0787,0x0787,0x0688,0x0787,0x0687,0x0677,0x0577,0x0888,0x0778,0x0788,0x0778,0x0688,
      0x0678,0x0788,0x0678,0x0688,0x0678,0x0678,0x0678,0x0678,0x0678,0x0578,0x0688,0x0678,
      0x0678,0x0678,0x0678,0x0688,0x0578,0x0688,0x0688,0x0688,0x0688,0x0588,0x0588,0x0588,
      0x0588,0x0678,0x0678,0x0578,0x0578,0x0578,0x0578,0x0578,0x0478,0x0687,0x0687,0x0588,
      0x0588,0x0588,0x0588,0x0587,0x0587,0x0587,0x0487,0x0588,0x0488,0x0488,0x0488,0x0487,
      0x0487,0x0487,0x0387,0x0588,0x0488,0x0478,0x0488,0x0478,0x0487,0x0377,0x0488,0x0387,
      0x0488,0x0478,0x0488,0x0387,0x0588,0x0578,0x0488,0x0488,0x0478,0x0488,0x0478,0x0388,
      0x0288,0x0488,0x0488,0x0388,0x0388,0x0388,0x0378,0x0378,0x0388,0x0288,0x0388,0x0388,
      0x0388,0x0388,0x0388,0x0388,0x0388,0x0378,0x0388,0x0288,0x0288,0x0288,0x0288,0x0288,
      0x0188,0x0387,0x0388,0x0388,0x0388,0x0388,0x0288,0x0388,0x0388,0x0288,0x0288,0x0388,
      0x0288,0x0288,0x0288,0x0288,0x0288,0x0288,0x0288,0x0288,0x0288,0x0288,0x0288,0x0288,
      0x0288,0x0188,0x0288,0x0188,0x0288,0x0188,0x0188,0x0188,0x0387,0x0287,0x0387,0x0287,
      0x0287,0x0287,0x0187,0x0188,0x0287,0x0288,0x0287,0x0187,0x0188,0x0188,0x0188,0x0188,
      0x0287,0x0287,0x0187,0x0288,0x0187,0x0188,0x0188,0x0188,0x0188,0x0188,0x0188,0x0188,
      0x0188,0x0188,0x0188,0x0188,0x0188,0x0188,0x0188,0x0188,0x0188,0x0188,0x0188,0x0188,
      0x0188,0x0087,0x0178,0x0188,0x0188,0x0188,0x0188,0x0088,0x0188,0x0088,0x0088,0x0088,
      0x0088,0x0088,0x0088,0x0088,
    },
    {
      0x1388,0x1287,0x1188,0x1288,0x1178,0x1088,0x1088,0x1078,0x0f78,0x0e78,0x0e88,0x0d78,
      0x0d78,0x0d78,0x0c78,0x1178,0x0c78,0x0c78,0x0b78,0x0b78,0x1087,0x0f87,0x0e88,0x0e88,
      0x0d78,0x0e87,0x0d87,0x0d87,0x0b87,0x0c88,0x0c88,0x0c78,0x0b78,0x0b78,0x0d87,0x0b88,
      0x0b87,0x0987,0x0b78,0x0b88,0x0b78,0x0a78,0x0b88,0x0978,0x0978,0x0b88,0x0b78,0x0a88,
      0x0988,0x0978,0x0978,0x0878,0x0a87,0x0a87,0x0988,0x0988,0x0978,0x0978,0x0888,0x0a87,
      0x0987,0x0887,0x0888,0x0987,0x0887,0x0777,0x0677,0x0988,0x0878,0x0888,0x0878,0x0888,
      0x0878,0x0888,0x0878,0x0788,0x0878,0x0778,0x0778,0x0778,0x0778,0x0778,0x0888,0x0778,
      0x0778,0x0778,0x0778,0x0788,0x0678,0x0888,0x0888,0x0888,0x0788,0x0788,0x0688,0x0788,
      0x0688,0x0778,0x0778,0x0778,0x0678,0x0678,0x0678,0x0678,0x0578,0x0787,0x0787,0x0688,
      0x0788,0x0688,0x0688,0x0787,0x0687,0x0687,0x0587,0x0688,0x0588,0x0588,0x0588,0x0587,
      0x0587,0x0587,0x0487,0x0688,0x0588,0x0578,0x0588,0x0578,0x0587,0x0477,0x0588,0x0487,
      0x0588,0x0578,0x0488,0x0387,0x0788,0x0679,0x0588,0x0588,0x0478,0x0588,0x0578,0x0488,
      0x0388,0x0588,0x0588,0x0488,0x0488,0x0388,0x0478,0x0478,0x0388,0x0288,0x0488,0x0488,
      0x0488,0x0488,0x0488,0x0488,0x0388,0x0378,0x0388,0x0388,0x0388,0x0288,0x0388,0x0388,
      0x0288,0x0487,0x0488,0x0388,0x0488,0x0388,0x0388,0x0488,0x0388,0x0388,0x0388,0x0388,
      0x0388,0x0388,0x0388,0x0388,0x0288,0x0288,0x0288,0x0288,0x0388,0x0288,0x0288,0x0288,
      0x0288,0x0288,0x0288,0x0288,0x0288,0x0288,0x0188,0x0188,0x0387,0x0387,0x0487,0x0287,
      0x0287,0x0287,0x0287,0x0288,0x0387,0x0288,0x0287,0x0287,0x0288,0x0288,0x0188,0x0188,
      0x0287,0x0287,0x0287,0x0288,0x0187,0x0288,0x0288,0x0188,0x0288,0x0188,0x0188,0x0188,
      0x0188,0x0188,0x0188,0x0188,0x0188,0x0188,0x0188,0x0188,0x0188,0x0188,0x0188,0x0188,
      0x0188,0x0087,0x0178,0x0188,0x0188,0x0188,0x0188,0x0088,0x0188,0x0088,0x0088,0x0088,
      0x0088,0x0088,0x0088,0x0088,
    },
    {
      0x1788,0x1687,0x1588,0x1688,0x1578,0x1488,0x1388,0x1378,0x1278,0x1178,0x1188,0x0f78,
      0x0f78,0x0f78,0x0f78,0x1478,0x0f78,0x0e78,0x0e78,0x0d78,0x1387,0x1287,0x1188,0x1088,
      0x1078,0x1187,0x0f87,0x0f87,0x0e87,0x0f88,0x0e88,0x0e78,0x0e78,0x0e78,0x0f87,0x0e88,
      0x0d87,0x0b87,0x0e78,0x0d88,0x0d79,0x0c78,0x0d88,0x0b78,0x0b78,0x0d88,0x0d78,0x0c88,
      0x0b88,0x0b78,0x0b78,0x0a78,0x0c87,0x0c87,0x0b88,0x0b88,0x0b78,0x0a78,0x0a88,0x0c87,
      0x0a87,0x0a87,0x0988,0x0a87,0x0987,0x0877,0x0777,0x0b88,0x0a78,0x0a88,0x0a78,0x0988,
      0x0978,0x0a88,0x0978,0x0988,0x0978,0x0978,0x0978,0x0978,0x0978,0x0878,0x0988,0x0978,
      0x0978,0x0978,0x0978,0x0888,0x0878,0x0988,0x0988,0x0988,0x0988,0x0888,0x0888,0x0888,
      0x0788,0x0878,0x0878,0x0878,0x0878,0x0778,0x0778,0x0778,0x0678,0x0987,0x0887,0x0888,
      0x0888,0x0788,0x0788,0x0887,0x0787,0x0787,0x0687,0x0788,0x0688,0x0688,0x0688,0x0687,
      0x0587,0x0687,0x0587,0x0888,0x0688,0x0678,0x0688,0x0678,0x0687,0x0577,0x0688,0x0487,
      0x0688,0x0678,0x0588,0x0487,0x0888,0x0779,0x0688,0x0688,0x0578,0x0688,0x0578,0x0588,
      0x0488,0x0688,0x0588,0x0588,0x0488,0x0488,0x0578,0x0578,0x0488,0x0388,0x0588,0x0588,
      0x0588,0x0488,0x0588,0x0488,0x0488,0x0478,0x0488,0x0488,0x0488,0x0388,0x0388,0x0388,
      0x0288,0x0587,0x0488,0x0488,0x0488,0x0488,0x0388,0x0588,0x0488,0x0388,0x0388,0x0488,
      0x0488,0x0388,0x0388,0x0388,0x0388,0x0388,0x0388,0x0388,0x0388,0x0388,0x0388,0x0388,
      0x0388,0x0288,0x0388,0x0288,0x0288,0x0288,0x0288,0x0188,0x0487,0x0387,0x0587,0x0387,
      0x0387,0x0387,0x0287,0x0288,0x0387,0x0388,0x0287,0x0287,0x0288,0x0288,0x0288,0x0188,
      0x0387,0x0287,0x0287,0x0288,0x0287,0x0288,0x0288,0x0288,0x0288,0x0288,0x0188,0x0288,
      0x0288,0x0188,0x0188,0x0288,0x0188,0x0288,0x0188,0x0288,0x0188,0x0188,0x0188,0x0188,
      0x0188,0x0187,0x0178,0x0188,0x0188,0x0188,0x0188,0x0088,0x0188,0x0188,0x0088,0x0088,
      0x0088,0x0088,0x0088,0x0088,
    },
    {
      0x1a88,0x1987,0x1888,0x1988,0x1878,0x1788,0x1688,0x1678,0x1578,0x1478,0x1388,0x1278,
      0x1278,0x1278,0x1178,0x1778,0x1178,0x1078,0x1078,0x0f78,0x1687,0x1587,0x1488,0x1388,
      0x1278,0x1487,0x1287,0x1287,0x1087,0x1188,0x1188,0x1078,0x1078,0x1078,0x1287,0x1088,
      0x0f87,0x0d87,0x1078,0x0f88,0x0f79,0x0e78,0x0f88,0x0d78,0x0c78,0x0f88,0x1078,0x0e88,
      0x0d88,0x0d78,0x0c78,0x0c78,0x0e87,0x0e87,0x0d88,0x0c88,0x0d78,0x0c78,0x0c88,0x0d87,
      0x0c87,0x0c87,0x0b88,0x0c87,0x0b87,0x0a77,0x0877,0x0d88,0x0c78,0x0b88,0x0b78,0x0b88,
      0x0b78,0x0c88,0x0b78,0x0a88,0x0b78,0x0a78,0x0a78,0x0a78,0x0a78,0x0978,0x0b88,0x0a78,
      0x0a78,0x0a78,0x0a78,0x0a88,0x0978,0x0b88,0x0b88,0x0b88,0x0a88,0x0a88,0x0988,0x0988,
      0x0888,0x0a78,0x0a78,0x0978,0x0978,0x0978,0x0878,0x0878,0x0778,0x0a87,0x0a87,0x0988,
      0x0988,0x0888,0x0888,0x0987,0x0887,0x0887,0x0887,0x0888,0x0788,0x0788,0x0788,0x0787,
      0x0687,0x0787,0x0687,0x0988,0x0888,0x0778,0x0788,0x0778,0x0687,0x0677,0x0788,0x0587,
      0x0788,0x0678,0x0688,0x0587,0x0a89,0x0879,0x0788,0x0788,0x0678,0x0788,0x0678,0x0688,
      0x0488,0x0788,0x0688,0x0688,0x0588,0x0588,0x0678,0x0578,0x0488,0x0388,0x0688,0x0588,
      0x0688,0x0588,0x0588,0x0588,0x0588,0x0478,0x0488,0x0488,0x0488,0x0388,0x0488,0x0488,
      0x0288,0x0587,0x0588,0x0588,0x0588,0x0488,0x0488,0x0588,0x0488,0x0488,0x0488,0x0588,
      0x0488,0x0488,0x0488,0x0488,0x0388,0x0388,0x0388,0x0388,0x0488,0x0388,0x0388,0x0388,
      0x0388,0x0388,0x0388,0x0388,0x0388,0x0288,0x0288,0x0188,0x0587,0x0487,0x0587,0x0387,
      0x0387,0x0387,0x0387,0x0288,0x0487,0x0388,0x0387,0x0287,0x0388,0x0288,0x0288,0x0188,
      0x0387,0x0387,0x0387,0x0388,0x0287,0x0388,0x0288,0x0288,0x0288,0x0288,0x0288,0x0288,
      0x0288,0x0288,0x0188,0x0288,0x0288,0x0288,0x0188,0x0288,0x0188,0x0188,0x0288,0x0188,
      0x0188,0x0187,0x0178,0x0188,0x0188,0x0188,0x0188,0x0188,0x0188,0x0188,0x0188,0x0088,
      0x0188,0x0088,0x0088,0x0088,
    },
    {
      0x1e88,0x1d87,0x1c88,0x1d88,0x1c78,0x1a88,0x1988,0x1978,0x1878,0x1778,0x1688,0x1578,
      0x1478,0x1478,0x1478,0x1b78,0x1478,0x1378,0x1278,0x1178,0x1a87,0x1887,0x1788,0x1688,
      0x1578,0x1787,0x1587,0x1487,0x1287,0x1488,0x1388,0x1378,0x1278,0x1278,0x1587,0x1288,
      0x1187,0x0f87,0x1278,0x1188,0x1279,0x1078,0x1188,0x0f78,0x0e78,0x1288,0x1278,0x1088,
      0x0f88,0x0f78,0x0e78,0x0e78,0x1187,0x1087,0x0f88,0x0e88,0x0f78,0x0e78,0x0d88,0x0f87,
      0x0e87,0x0e87,0x0d88,0x0e87,0x0c87,0x0b77,0x0977,0x0f89,0x0d79,0x0d88,0x0d78,0x0c88,
      0x0c78,0x0d88,0x0c78,0x0c88,0x0c78,0x0c78,0x0c78,0x0c78,0x0c78,0x0b78,0x0d88,0x0b78,
      0x0c78,0x0c78,0x0b78,0x0b88,0x0a78,0x0d88,0x0c88,0x0c88,0x0b88,0x0b88,0x0a88,0x0b88,
      0x0a88,0x0b78,0x0b78,0x0b78,0x0a78,0x0a78,0x0978,0x0978,0x0978,0x0c87,0x0b87,0x0a88,
      0x0b88,0x0a88,0x0988,0x0b87,0x0987,0x0a87,0x0987,0x0988,0x0888,0x0888,0x0888,0x0887,
      0x0787,0x0887,0x0787,0x0a88,0x0988,0x0878,0x0888,0x0878,0x0787,0x0777,0x0888,0x0687,
      0x0888,0x0778,0x0788,0x0587,0x0b89,0x0a79,0x0989,0x0988,0x0779,0x0988,0x0778,0x0788,
      0x0588,0x0888,0x0788,0x0788,0x0688,0x0588,0x0778,0x0678,0x0588,0x0488,0x0788,0x0688,
      0x0688,0x0688,0x0688,0x0688,0x0588,0x0578,0x0588,0x0588,0x0588,0x0488,0x0588,0x0488,
      0x0388,0x0687,0x0688,0x0688,0x0688,0x0588,0x0588,0x0688,0x0588,0x0588,0x0488,0x0588,
      0x0588,0x0588,0x0488,0x0488,0x0488,0x0488,0x0488,0x0488,0x0488,0x0488,0x0488,0x0488,
      0x0388,0x0388,0x0388,0x0388,0x0388,0x0388,0x0288,0x0288,0x0587,0x0587,0x0687,0x0487,
      0x0387,0x0387,0x0387,0x0388,0x0487,0x0388,0x0387,0x0387,0x0388,0x0388,0x0288,0x0288,
      0x0487,0x0387,0x0387,0x0388,0x0287,0x0388,0x0388,0x0288,0x0388,0x0288,0x0288,0x0288,
      0x0288,0x0288,0x0288,0x0288,0x0288,0x0288,0x0288,0x0288,0x0288,0x0188,0x0288,0x0188,
      0x0188,0x0187,0x0278,0x0188,0x0188,0x0188,0x0188,0x0188,0x0188,0x0188,0x0188,0x0188,
      0x0188,0x0088,0x0088,0x0088,
    },
    {
      0x2288,0x2187,0x1f88,0x2088,0x1f78,0x1d88,0x1c88,0x1c78,0x1b78,0x1a78,0x1988,0x1778,
      0x1778,0x1778,0x1678,0x1e68,0x1678,0x1578,0x1578,0x1378,0x1d87,0x1b87,0x1a88,0x1988,
      0x1878,0x1a87,0x1787,0x1787,0x1587,0x1688,0x1688,0x1578,0x1578,0x1478,0x1787,0x1488,
      0x1487,0x1186,0x1578,0x1388,0x1469,0x1278,0x1388,0x1078,0x1078,0x1488,0x1478,0x1288,
      0x1188,0x1178,0x1078,0x0f78,0x1387,0x1287,0x1188,0x1088,0x1178,0x0f78,0x0f88,0x1187,
      0x0f87,0x0f87,0x0e88,0x0f87,0x0e87,0x0c76,0x0b77,0x1189,0x0f79,0x0f88,0x0f78,0x0e88,
      0x0e78,0x0f88,0x0e78,0x0d88,0x0e78,0x0d78,0x0d78,0x0d78,0x0d78,0x0c78,0x0e88,0x0d78,
      0x0d78,0x0d78,0x0d78,0x0c88,0x0c78,0x0e88,0x0e88,0x0e88,0x0d88,0x0c88,0x0c88,0x0c88,
      0x0b88,0x0d78,0x0c78,0x0c78,0x0c78,0x0b78,0x0b78,0x0a78,0x0a78,0x0d87,0x0c87,0x0b88,
      0x0c88,0x0b88,0x0a88,0x0c87,0x0b87,0x0b87,0x0a87,0x0a88,0x0988,0x0988,0x0988,0x0987,
      0x0887,0x0887,0x0887,0x0b88,0x0a88,0x0978,0x0988,0x0978,0x0887,0x0777,0x0988,0x0687,
      0x0988,0x0878,0x0888,0x0687,0x0c89,0x0b79,0x0a89,0x0a88,0x0879,0x0a88,0x0878,0x0888,
      0x0588,0x0988,0x0888,0x0888,0x0688,0x0688,0x0878,0x0778,0x0688,0x0488,0x0788,0x0788,
      0x0788,0x0688,0x0788,0x0688,0x0688,0x0678,0x0688,0x0588,0x0588,0x0488,0x0588,0x0588,
      0x0388,0x0787,0x0688,0x0688,0x0688,0x0688,0x0588,0x0788,0x0688,0x0588,0x0588,0x0688,
      0x0588,0x0588,0x0588,0x0588,0x0488,0x0488,0x0488,0x0488,0x0588,0x0488,0x0488,0x0488,
      0x0488,0x0388,0x0488,0x0388,0x0388,0x0388,0x0388,0x0288,0x0687,0x0587,0x0787,0x0487,
      0x0487,0x0487,0x0387,0x0388,0x0587,0x0488,0x0487,0x0387,0x0388,0x0388,0x0388,0x0288,
      0x0487,0x0487,0x0387,0x0488,0x0387,0x0388,0x0388,0x0388,0x0388,0x0388,0x0288,0x0388,
      0x0288,0x0288,0x0288,0x0388,0x0288,0x0288,0x0288,0x0288,0x0288,0x0188,0x0288,0x0288,
      0x0188,0x0187,0x0278,0x0188,0x0188,0x0188,0x0188,0x0188,0x0188,0x0188,0x0188,0x0188,
      0x0188,0x0088,0x0088,0x0088,
    },
    {
      0x2688,0x2487,0x2388,0x2488,0x2278,0x2188,0x1f88,0x1f78,0x1e78,0x1d78,0x1c88,0x1a78,
      0x1978,0x1978,0x1978,0x2168,0x1978,0x1778,0x1778,0x1578,0x2087,0x1e87,0x1d88,0x1b88,
      0x1a78,0x1d87,0x1a87,0x1987,0x1787,0x1988,0x1888,0x1778,0x1778,0x1778,0x1a87,0x1788,
      0x1687,0x1386,0x1778,0x1688,0x1669,0x1478,0x1588,0x1278,0x1278,0x1688,0x1678,0x1488,
      0x1388,0x1278,0x1278,0x1178,0x1587,0x1487,0x1388,0x1288,0x1378,0x1178,0x1188,0x1387,
      0x1187,0x1187,0x1088,0x1187,0x0f87,0x0e76,0x0c77,0x1389,0x1179,0x1088,0x1078,0x0f88,
      0x0f78,0x1188,0x0f78,0x0f88,0x0f78,0x0f78,0x0f78,0x0f78,0x0e78,0x0d78,0x1088,0x0e78,
      0x0f78,0x0e78,0x0e78,0x0e88,0x0d78,0x1088,0x0f88,0x0f88,0x0e88,0x0e88,0x0d88,0x0d88,
      0x0c88,0x0e78,0x0e78,0x0d78,0x0d78,0x0c78,0x0c78,0x0b78,0x0b78,0x0f87,0x0e87,0x0d88,
      0x0d88,0x0c88,0x0b88,0x0d87,0x0c87,0x0c87,0x0b87,0x0b88,0x0a88,0x0a88,0x0a88,0x0a87,
      0x0987,0x0987,0x0887,0x0d88,0x0b88,0x0a78,0x0a88,0x0a78,0x0987,0x0877,0x0a88,0x0787,
      0x0a88,0x0978,0x0988,0x0787,0x0e89,0x0c79,0x0b89,0x0b88,0x0979,0x0b88,0x0978,0x0888,
      0x0688,0x0a88,0x0988,0x0888,0x0788,0x0788,0x0878,0x0878,0x0688,0x0488,0x0888,0x0888,
      0x0888,0x0788,0x0888,0x0788,0x0788,0x0678,0x0688,0x0688,0x0688,0x0588,0x0688,0x0588,
      0x0388,0x0887,0x0788,0x0788,0x0788,0x0688,0x0688,0x0888,0x0688,0x0688,0x0588,0x0788,
      0x0688,0x0688,0x0588,0x0588,0x0588,0x0588,0x0588,0x0488,0x0588,0x0588,0x0488,0x0588,
      0x0488,0x0488,0x0488,0x0488,0x0488,0x0388,0x0388,0x0288,0x0787,0x0687,0x0887,0x0587,
      0x0487,0x0487,0x0487,0x0388,0x0587,0x0488,0x0487,0x0387,0x0488,0x0388,0x0388,0x0288,
      0x0587,0x0487,0x0487,0x0488,0x0387,0x0488,0x0388,0x0388,0x0388,0x0388,0x0288,0x0388,
      0x0388,0x0288,0x0288,0x0388,0x0288,0x0388,0x0288,0x0388,0x0288,0x0188,0x0288,0x0288,
      0x0288,0x0187,0x0278,0x0288,0x0188,0x0288,0x0188,0x0188,0x0188,0x0188,0x0188,0x0188,
      0x0188,0x0088,0x0088,0x0088,
    },
    {
      0x2a88,0x2887,0x2688,0x2888,0x2678,0x2488,0x2288,0x2278,0x2278,0x1f78,0x1e88,0x1c68,
      0x1c78,0x1c78,0x1b68,0x2568,0x1b69,0x1a69,0x1969,0x1769,0x2387,0x2186,0x2088,0x1e88,
      0x1d78,0x1f86,0x1c87,0x1c87,0x1986,0x1b88,0x1a88,0x1a78,0x1978,0x1968,0x1c87,0x1988,
      0x1887,0x1486,0x1979,0x1888,0x1869,0x1679,0x1788,0x1478,0x1378,0x1888,0x1978,0x1688,
      0x1488,0x1478,0x1378,0x1378,0x1787,0x1687,0x1488,0x1488,0x1478,0x1378,0x1288,0x1587,
      0x1387,0x1387,0x1188,0x1386,0x1196,0x0f76,0x0d76,0x1589,0x1279,0x1289,0x1278,0x1188,
      0x1178,0x1288,0x1178,0x1088,0x1178,0x1078,0x1078,0x1078,0x1078,0x0e79,0x1188,0x1078,
      0x1078,0x1078,0x1078,0x0f88,0x0e78,0x1188,0x1188,0x1188,0x1088,0x0f88,0x0e88,0x0f88,
      0x0d88,0x0f78,0x0f78,0x0f78,0x0e78,0x0d78,0x0d78,0x0c78,0x0c79,0x1087,0x0f87,0x0e88,
      0x0e88,0x0d88,0x0d88,0x0e97,0x0d96,0x0d87,0x0c87,0x0c88,0x0c88,0x0c88,0x0b88,0x0b97,
      0x0a87,0x0a87,0x0987,0x0e88,0x0c88,0x0b78,0x0b88,0x0b78,0x0a87,0x0976,0x0a88,0x0887,
      0x0a88,0x0a78,0x0a88,0x0787,0x0f89,0x0d79,0x0c89,0x0c89,0x0a79,0x0c89,0x0a78,0x0988,
      0x0789,0x0b88,0x0a88,0x0988,0x0898,0x0788,0x0978,0x0878,0x0788,0x0588,0x0988,0x0988,
      0x0988,0x0888,0x0888,0x0888,0x0788,0x0778,0x0798,0x0788,0x0788,0x0588,0x0688,0x0688,
      0x0488,0x0897,0x0888,0x0888,0x0888,0x0788,0x0688,0x0888,0x0788,0x0688,0x0688,0x0788,
      0x0788,0x0688,0x0688,0x0688,0x0588,0x0588,0x0588,0x0588,0x0698,0x0588,0x0588,0x0588,
      0x0588,0x0488,0x0588,0x0488,0x0488,0x0488,0x0388,0x0288,0x0797,0x0687,0x0887,0x0587,
      0x0587,0x0597,0x0487,0x0488,0x0687,0x0588,0x0487,0x0487,0x0488,0x0388,0x0388,0x0288,
      0x0587,0x0487,0x0487,0x0488,0x0387,0x0488,0x0488,0x0388,0x0388,0x0388,0x0388,0x0388,
      0x0388,0x0288,0x0288,0x0398,0x0388,0x0388,0x0288,0x0388,0x0288,0x0288,0x0288,0x0288,
      0x0288,0x0187,0x0278,0x0288,0x0188,0x0288,0x0188,0x0188,0x0188,0x0188,0x0188,0x0188,
      0x0188,0x0188,0x0088,0x0088,
    },
    {
      0x2d88,0x2c87,0x2988,0x2b88,0x2978,0x2788,0x2688,0x2678,0x2578,0x2278,0x2188,0x1f68,
      0x1e78,0x1e78,0x1e68,0x2868,0x1e69,0x1c69,0x1c69,0x1a69,0x2687,0x2486,0x2388,0x2188,
      0x2078,0x2286,0x1f87,0x1f87,0x1c86,0x1e88,0x1d88,0x1c78,0x1c78,0x1b68,0x1f87,0x1b88,
      0x1a87,0x1686,0x1b79,0x1a88,0x1a69,0x1879,0x1988,0x1678,0x1578,0x1a88,0x1b78,0x1888,
      0x1688,0x1678,0x1578,0x1478,0x1987,0x1887,0x1688,0x1588,0x1678,0x1578,0x1488,0x1787,
      0x1587,0x1487,0x1388,0x1586,0x1296,0x1176,0x0e76,0x1789,0x1479,0x1489,0x1478,0x1388,
      0x1278,0x1488,0x1378,0x1288,0x1278,0x1278,0x1178,0x1178,0x1178,0x1079,0x1388,0x1178,
      0x1178,0x1178,0x1178,0x1188,0x1078,0x1388,0x1288,0x1288,0x1188,0x1088,0x1088,0x1088,
      0x0e88,0x1178,0x1178,0x1078,0x1078,0x0f78,0x0e78,0x0e78,0x0d79,0x1287,0x1187,0x0f88,
      0x1088,0x0e88,0x0e88,0x1097,0x0e96,0x0e87,0x0d87,0x0e88,0x0d88,0x0d88,0x0c88,0x0c97,
      0x0b87,0x0b87,0x0a87,0x0f88,0x0d88,0x0c78,0x0c88,0x0c78,0x0b87,0x0a76,0x0b88,0x0887,
      0x0b88,0x0b78,0x0b88,0x0887,0x1089,0x0e79,0x0d89,0x0d89,0x0b79,0x0d89,0x0b78,0x0a88,
      0x0789,0x0c88,0x0b88,0x0a88,0x0998,0x0888,0x0a78,0x0978,0x0888,0x0588,0x0a88,0x0988,
      0x0a88,0x0988,0x0988,0x0888,0x0888,0x0878,0x0898,0x0788,0x0788,0x0688,0x0788,0x0688,
      0x0488,0x0997,0x0888,0x0888,0x0988,0x0888,0x0788,0x0988,0x0888,0x0788,0x0688,0x0888,
      0x0788,0x0788,0x0688,0x0688,0x0688,0x0688,0x0588,0x0588,0x0698,0x0588,0x0588,0x0688,
      0x0588,0x0488,0x0588,0x0488,0x0588,0x0488,0x0388,0x0288,0x0897,0x0787,0x0987,0x0687,
      0x0587,0x0597,0x0487,0x0488,0x0687,0x0588,0x0587,0x0487,0x0488,0x0488,0x0488,0x0288,
      0x0587,0x0587,0x0487,0x0588,0x0487,0x0488,0x0488,0x0388,0x0488,0x0388,0x0388,0x0388,
      0x0388,0x0388,0x0288,0x0498,0x0388,0x0388,0x0288,0x0388,0x0288,0x0288,0x0388,0x0288,
      0x0288,0x0187,0x0278,0x0288,0x0288,0x0288,0x0288,0x0188,0x0288,0x0188,0x0188,0x0188,
      0x0188,0x0188,0x0088,0x0088,
    },
    {
      0x3188,0x2f87,0x2d88,0x2f88,0x2d78,0x2a88,0x2988,0x2978,0x2878,0x2578,0x2488,0x2268,
      0x2178,0x2178,0x2068,0x2b68,0x2069,0x1e69,0x1e69,0x1c69,0x2987,0x2786,0x2688,0x2488,
      0x2278,0x2586,0x2287,0x2187,0x1e86,0x2088,0x1f88,0x1e78,0x1e78,0x1d68,0x2187,0x1d88,
      0x1c87,0x1886,0x1e79,0x1c88,0x1d69,0x1a79,0x1b88,0x1878,0x1778,0x1c88,0x1d78,0x1a88,
      0x1888,0x1878,0x1778,0x1678,0x1b87,0x1a87,0x1888,0x1788,0x1878,0x1678,0x1688,0x1987,
      0x1687,0x1687,0x1588,0x1686,0x1496,0x1276,0x0f76,0x1989,0x1679,0x1589,0x1578,0x1488,
      0x1478,0x1688,0x1478,0x1388,0x1478,0x1378,0x1378,0x1378,0x1378,0x1179,0x1488,0x1278,
      0x1378,0x1378,0x1278,0x1288,0x1178,0x1588,0x1488,0x1488,0x1288,0x1288,0x1188,0x1188,
      0x1088,0x1278,0x1278,0x1178,0x1178,0x1078,0x0f78,0x0f78,0x0e79,0x1387,0x1287,0x1088,
      0x1188,0x1088,0x0f88,0x1197,0x0f96,0x0f87,0x0e87,0x0f88,0x0e88,0x0e88,0x0d88,0x0d97,
      0x0c87,0x0c87,0x0b87,0x1088,0x0e88,0x0d78,0x0d88,0x0d78,0x0c87,0x0b76,0x0c88,0x0987,
      0x0c88,0x0c78,0x0b88,0x0987,0x1289,0x0f79,0x0e89,0x0e89,0x0b79,0x0e89,0x0c78,0x0b88,
      0x0889,0x0d88,0x0c88,0x0b88,0x0998,0x0988,0x0b78,0x0a78,0x0888,0x0688,0x0b88,0x0a88,
      0x0a88,0x0988,0x0a88,0x0988,0x0988,0x0878,0x0898,0x0888,0x0888,0x0688,0x0788,0x0788,
      0x0488,0x0a97,0x0988,0x0988,0x0988,0x0888,0x0888,0x0a88,0x0888,0x0788,0x0788,0x0988,
      0x0888,0x0788,0x0788,0x0788,0x0688,0x0688,0x0688,0x0688,0x0798,0x0688,0x0688,0x0688,
      0x0588,0x0588,0x0588,0x0588,0x0588,0x0488,0x0488,0x0388,0x0997,0x0787,0x0a87,0x0687,
      0x0587,0x0597,0x0587,0x0488,0x0787,0x0588,0x0587,0x0487,0x0588,0x0488,0x0488,0x0388,
      0x0687,0x0587,0x0587,0x0588,0x0487,0x0588,0x0488,0x0488,0x0488,0x0488,0x0388,0x0488,
      0x0388,0x0388,0x0288,0x0498,0x0388,0x0388,0x0288,0x0388,0x0388,0x0288,0x0388,0x0288,
      0x0288,0x0187,0x0378,0x0288,0x0288,0x0288,0x0288,0x0188,0x0288,0x0188,0x0188,0x0188,
      0x0188,0x0188,0x0088,0x0088,
    },
    {
      0x3588,0x3387,0x3088,0x3388,0x3078,0x2e88,0x2c88,0x2c78,0x2b78,0x2878,0x2788,0x2468,
      0x2378,0x2378,0x2368,0x2f68,0x2369,0x2169,0x2069,0x1e69,0x2d87,0x2a86,0x2888,0x2688,
      0x2578,0x2886,0x2487,0x2487,0x2086,0x2388,0x2288,0x2178,0x2078,0x2068,0x2487,0x2088,
      0x1e87,0x1a86,0x2079,0x1e88,0x1f69,0x1c79,0x1e88,0x1978,0x1978,0x1f88,0x1f78,0x1c88,
      0x1a88,0x1a78,0x1978,0x1878,0x1d87,0x1c87,0x1a88,0x1988,0x1a78,0x1878,0x1788,0x1b87,
      0x1887,0x1887,0x1688,0x1886,0x1596,0x1376,0x1076,0x1a89,0x1779,0x1789,0x1778,0x1688,
      0x1578,0x1788,0x1678,0x1588,0x1578,0x1578,0x1478,0x1478,0x1478,0x1279,0x1688,0x1478,
      0x1478,0x1478,0x1478,0x1388,0x1278,0x1688,0x1588,0x1588,0x1488,0x1388,0x1288,0x1388,
      0x1188,0x1378,0x1378,0x1378,0x1278,0x1178,0x1078,0x1078,0x0f79,0x1587,0x1387,0x1288,
      0x1288,0x1188,0x1088,0x1297,0x1096,0x1187,0x0f87,0x1088,0x0f88,0x0f88,0x0e88,0x0e97,
      0x0d87,0x0d87,0x0c87,0x1288,0x0f88,0x0e78,0x0e88,0x0e78,0x0d87,0x0c76,0x0d88,0x0a87,
      0x0d88,0x0d78,0x0c88,0x0987,0x1389,0x117a,0x0f89,0x0f89,0x0c79,0x0f89,0x0d78,0x0c88,
      0x0989,0x0e88,0x0d88,0x0c88,0x0a98,0x0988,0x0c78,0x0b78,0x0988,0x0688,0x0b88,0x0b88,
      0x0b88,0x0a88,0x0b88,0x0a88,0x0988,0x0978,0x0998,0x0888,0x0988,0x0788,0x0888,0x0788,
      0x0588,0x0b97,0x0a88,0x0a88,0x0a88,0x0988,0x0888,0x0b88,0x0988,0x0888,0x0788,0x0988,
      0x0888,0x0888,0x0788,0x0788,0x0788,0x0788,0x0688,0x0688,0x0798,0x0688,0x0688,0x0788,
      0x0688,0x0588,0x0688,0x0588,0x0588,0x0588,0x0488,0x0388,0x0997,0x0887,0x0b87,0x0787,
      0x0687,0x0697,0x0587,0x0588,0x0787,0x0688,0x0587,0x0587,0x0588,0x0488,0x0488,0x0388,
      0x0687,0x0587,0x0587,0x0588,0x0487,0x0588,0x0588,0x0488,0x0488,0x0488,0x0388,0x0488,
      0x0488,0x0388,0x0388,0x0498,0x0388,0x0488,0x0388,0x0488,0x0388,0x0288,0x0388,0x0288,
      0x0288,0x0187,0x0378,0x0288,0x0288,0x0288,0x0288,0x0188,0x0288,0x0188,0x0188,0x0188,
      0x0188,0x0188,0x0088,0x0088,
    },
    {
      0x3988,0x3687,0x3488,0x3688,0x3478,0x3188,0x2f88,0x2f78,0x2e78,0x2b78,0x2988,0x2768,
      0x2678,0x2678,0x2568,0x3268,0x2569,0x2369,0x2269,0x2069,0x3087,0x2d86,0x2b88,0x2988,
      0x2878,0x2b86,0x2787,0x2687,0x2286,0x2588,0x2488,0x2378,0x2278,0x2268,0x2687,0x2288,
      0x2187,0x1c86,0x2279,0x2088,0x2169,0x1e79,0x2088,0x1b78,0x1a78,0x2188,0x2278,0x1e88,
      0x1c88,0x1c78,0x1a78,0x1978,0x1f87,0x1e87,0x1c88,0x1b88,0x1c78,0x1a78,0x1988,0x1d87,
      0x1a87,0x1987,0x1888,0x1a86,0x1796,0x1576,0x1276,0x1c89,0x1979,0x1889,0x1878,0x1788,
      0x1778,0x1988,0x1778,0x1688,0x1778,0x1678,0x1678,0x1678,0x1678,0x1479,0x1788,0x1578,
      0x1678,0x1678,0x1578,0x1588,0x1378,0x1888,0x1788,0x1788,0x1588,0x1488,0x1388,0x1488,
      0x1288,0x1578,0x1578,0x1478,0x1378,0x1278,0x1278,0x1178,0x1079,0x1687,0x1587,0x1388,
      0x1488,0x1288,0x1188,0x1497,0x1296,0x1287,0x1087,0x1188,0x1088,0x1088,0x0f88,0x0f97,
      0x0e87,0x0e87,0x0d87,0x1388,0x1088,0x0f78,0x0f88,0x0f78,0x0e87,0x0c76,0x0e88,0x0b87,
      0x0e88,0x0e78,0x0d88,0x0a87,0x1489,0x127a,0x1089,0x1089,0x0d79,0x1089,0x0e78,0x0d88,
      0x0989,0x0f88,0x0e88,0x0d88,0x0b98,0x0a88,0x0d78,0x0b78,0x0a88,0x0788,0x0c88,0x0c88,
      0x0c88,0x0b88,0x0b88,0x0b88,0x0a88,0x0978,0x0a98,0x0988,0x0988,0x0788,0x0888,0x0888,
      0x0588,0x0b97,0x0b88,0x0a88,0x0b88,0x0a88,0x0988,0x0b88,0x0a88,0x0888,0x0888,0x0a88,
      0x0988,0x0888,0x0888,0x0888,0x0788,0x0788,0x0788,0x0788,0x0898,0x0788,0x0788,0x0788,
      0x0688,0x0588,0x0688,0x0588,0x0688,0x0588,0x0488,0x0388,0x0a97,0x0887,0x0b87,0x0787,
      0x0687,0x0697,0x0587,0x0588,0x0887,0x0688,0x0687,0x0587,0x0588,0x0588,0x0488,0x0388,
      0x0787,0x0687,0x0587,0x0688,0x0487,0x0588,0x0588,0x0488,0x0588,0x0488,0x0488,0x0488,
      0x0488,0x0388,0x0388,0x0498,0x0488,0x0488,0x0388,0x0488,0x0388,0x0288,0x0388,0x0388,
      0x0288,0x0187,0x0378,0x0288,0x0288,0x0288,0x0288,0x0188,0x0288,0x0188,0x0188,0x0188,
      0x0188,0x0188,0x0088,0x0088,
    },
    {
      0x3d88,0x3a87,0x3788,0x3a88,0x3778,0x3488,0x3288,0x3278,0x3179,0x2e79,0x2c88,0x2969,
      0x2979,0x2979,0x2869,0x3669,0x2869,0x2569,0x2569,0x2269,0x3387,0x3196,0x2e88,0x2c88,
      0x2a78,0x2e86,0x2987,0x2987,0x2586,0x2888,0x2788,0x2579,0x2578,0x2469,0x2997,0x2488,
      0x2387,0x1e86,0x2579,0x2389,0x236a,0x2079,0x2288,0x1d79,0x1c79,0x2388,0x2478,0x2088,
      0x1e88,0x1e79,0x1c79,0x1b79,0x2197,0x2087,0x1e98,0x1d88,0x1e78,0x1c78,0x1b88,0x1f97,
      0x1c97,0x1b87,0x1988,0x1c96,0x1896,0x1676,0x1376,0x1e89,0x1b79,0x1a89,0x1a79,0x1989,
      0x1979,0x1b88,0x1979,0x1889,0x1879,0x1879,0x1779,0x1779,0x1779,0x1579,0x1988,0x1779,
      0x1779,0x1779,0x1779,0x1689,0x1579,0x1998,0x1888,0x1888,0x1788,0x1698,0x1588,0x1588,
      0x1388,0x1678,0x1679,0x1578,0x1579,0x1478,0x1379,0x1278,0x1179,0x1897,0x1687,0x1498,
      0x1588,0x1388,0x1288,0x1597,0x1396,0x1387,0x1187,0x1298,0x1188,0x1188,0x1088,0x1097,
      0x0f97,0x0f87,0x0e87,0x1488,0x1188,0x1078,0x1088,0x1078,0x0f87,0x0d76,0x0f88,0x0b87,
      0x0f88,0x0f78,0x0e88,0x0b87,0x1689,0x137a,0x1189,0x1199,0x0e79,0x1189,0x0f79,0x0e99,
      0x0a89,0x1098,0x0f88,0x0e88,0x0c98,0x0b89,0x0e78,0x0c78,0x0a89,0x0789,0x0d98,0x0d88,
      0x0d88,0x0c88,0x0c88,0x0b88,0x0b88,0x0a78,0x0a98,0x0a98,0x0a88,0x0888,0x0988,0x0888,
      0x0689,0x0c97,0x0b88,0x0b88,0x0c88,0x0a88,0x0988,0x0c88,0x0a88,0x0988,0x0888,0x0b88,
      0x0a88,0x0988,0x0888,0x0888,0x0888,0x0888,0x0788,0x0788,0x0898,0x0798,0x0788,0x0888,
      0x0788,0x0688,0x0788,0x0688,0x0688,0x0588,0x0588,0x0388,0x0b97,0x0997,0x0c87,0x0887,
      0x0787,0x0797,0x0697,0x0688,0x0887,0x0788,0x0687,0x0687,0x0688,0x0588,0x0588,0x0388,
      0x0787,0x0687,0x0687,0x0688,0x0587,0x0688,0x0588,0x0588,0x0588,0x0588,0x0488,0x0588,
      0x0488,0x0488,0x0388,0x0598,0x0498,0x0488,0x0388,0x0488,0x0388,0x0288,0x0488,0x0388,
      0x0388,0x0287,0x0378,0x0388,0x0288,0x0388,0x0288,0x0188,0x0288,0x0288,0x0188,0x0188,
      0x0188,0x0188,0x0188,0x0088,
    },
    {
      0x4088,0x3e87,0x3b88,0x3d88,0x3a68,0x3788,0x3588,0x3578,0x3469,0x3179,0x2f88,0x2c69,
      0x2b69,0x2b79,0x2a69,0x3969,0x2a69,0x2869,0x2769,0x2469,0x3687,0x3496,0x3188,0x2e88,
      0x2d78,0x3186,0x2c86,0x2b87,0x2786,0x2a88,0x2988,0x2869,0x2778,0x2769,0x2c97,0x2788,
      0x2586,0x2086,0x2779,0x2589,0x256a,0x2269,0x2488,0x1f69,0x1e69,0x2588,0x2678,0x2188,
      0x2088,0x1f69,0x1e69,0x1d69,0x2397,0x2287,0x2098,0x1e88,0x2078,0x1d78,0x1c88,0x2196,
      0x1d97,0x1d87,0x1b88,0x1d96,0x1a96,0x1776,0x1476,0x2089,0x1c69,0x1c89,0x1c69,0x1a89,
      0x1a69,0x1c88,0x1a69,0x1989,0x1a69,0x1969,0x1969,0x1969,0x1869,0x1669,0x1b88,0x1869,
      0x1969,0x1869,0x1869,0x1789,0x1669,0x1b98,0x1a88,0x1a88,0x1888,0x1798,0x1688,0x1788,
      0x1488,0x1878,0x1769,0x1778,0x1679,0x1578,0x1479,0x1378,0x1269,0x1997,0x1787,0x1698,
      0x1688,0x1488,0x1388,0x1696,0x1496,0x1487,0x1286,0x1398,0x1288,0x1288,0x1088,0x1096,
      0x0f97,0x1087,0x0e87,0x1588,0x1288,0x1178,0x1188,0x1178,0x1086,0x0e76,0x1088,0x0c86,
      0x1088,0x1078,0x0f88,0x0b87,0x1789,0x146a,0x1289,0x1299,0x0f69,0x1289,0x0f79,0x0e99,
      0x0a89,0x1198,0x0f88,0x0e88,0x0c98,0x0b89,0x0e78,0x0d78,0x0b89,0x0789,0x0e98,0x0d88,
      0x0e88,0x0c88,0x0d88,0x0c88,0x0b88,0x0b78,0x0b98,0x0a98,0x0a88,0x0888,0x0a88,0x0988,
      0x0689,0x0d97,0x0c88,0x0c88,0x0c88,0x0b88,0x0a88,0x0d88,0x0b88,0x0a88,0x0988,0x0b88,
      0x0a88,0x0a88,0x0988,0x0988,0x0888,0x0888,0x0888,0x0788,0x0998,0x0898,0x0788,0x0888,
      0x0788,0x0688,0x0788,0x0688,0x0688,0x0688,0x0588,0x0388,0x0b96,0x0a97,0x0d86,0x0887,
      0x0787,0x0797,0x0697,0x0688,0x0987,0x0788,0x0787,0x0687,0x0688,0x0588,0x0588,0x0388,
      0x0887,0x0787,0x0687,0x0788,0x0587,0x0688,0x0688,0x0588,0x0588,0x0588,0x0488,0x0588,
      0x0488,0x0488,0x0388,0x0598,0x0498,0x0588,0x0388,0x0488,0x0388,0x0288,0x0488,0x0388,
      0x0388,0x0287,0x0378,0x0388,0x0288,0x0388,0x0288,0x0188,0x0288,0x0288,0x0188,0x0188,
      0x0188,0x0188,0x0188,0x0088,
    },
    {
      0x4488,0x4187,0x3e88,0x4188,0x3e68,0x3b88,0x3888,0x3878,0x3769,0x3379,0x3288,0x2e69,
      0x2e69,0x2e79,0x2d69,0x3c69,0x2c69,0x2a69,0x2969,0x2669,0x3987,0x3796,0x3488,0x3188,
      0x3078,0x3386,0x2e86,0x2e87,0x2986,0x2d88,0x2b88,0x2a69,0x2978,0x2969,0x2e97,0x2988,
      0x2786,0x2186,0x2979,0x2789,0x286a,0x2469,0x2688,0x2169,0x2069,0x2788,0x2878,0x2388,
      0x2188,0x2169,0x2069,0x1e69,0x2597,0x2487,0x2198,0x2088,0x2178,0x1f78,0x1e88,0x2396,
      0x1f97,0x1e87,0x1c88,0x1f96,0x1b96,0x1976,0x1576,0x2289,0x1e69,0x1d89,0x1d69,0x1c89,
      0x1c69,0x1e88,0x1c69,0x1b89,0x1b69,0x1a69,0x1a69,0x1a69,0x1a69,0x1869,0x1c88,0x1a69,
      0x1a69,0x1a69,0x1a69,0x1989,0x1769,0x1c98,0x1b88,0x1b88,0x1a88,0x1898,0x1788,0x1888,
      0x1688,0x1978,0x1969,0x1878,0x1779,0x1678,0x1579,0x1478,0x1369,0x1a97,0x1987,0x1798,
      0x1888,0x1688,0x1588,0x1896,0x1596,0x1587,0x1386,0x1498,0x1388,0x1388,0x1188,0x1196,
      0x1097,0x1187,0x0f87,0x1788,0x1388,0x1278,0x1288,0x1278,0x1186,0x0f76,0x1188,0x0d86,
      0x1188,0x1178,0x1088,0x0c87,0x1889,0x156a,0x1389,0x1399,0x1069,0x1389,0x1079,0x0f99,
      0x0b89,0x1298,0x1088,0x0f88,0x0d98,0x0c89,0x0f78,0x0e78,0x0c89,0x0889,0x0f98,0x0e88,
      0x0e88,0x0d88,0x0e88,0x0d88,0x0c88,0x0b78,0x0c98,0x0b98,0x0b88,0x0988,0x0a88,0x0988,
      0x0689,0x0e97,0x0d88,0x0c88,0x0d88,0x0c88,0x0a88,0x0e88,0x0c88,0x0a88,0x0988,0x0c88,
      0x0b88,0x0a88,0x0988,0x0988,0x0988,0x0888,0x0888,0x0888,0x0998,0x0898,0x0888,0x0888,
      0x0888,0x0688,0x0888,0x0688,0x0788,0x0688,0x0588,0x0488,0x0c96,0x0a97,0x0e86,0x0887,
      0x0887,0x0897,0x0697,0x0688,0x0987,0x0888,0x0787,0x0687,0x0688,0x0688,0x0588,0x0488,
      0x0887,0x0787,0x0687,0x0788,0x0587,0x0688,0x0688,0x0588,0x0688,0x0588,0x0488,0x0588,
      0x0588,0x0488,0x0388,0x0598,0x0498,0x0588,0x0388,0x0588,0x0488,0x0388,0x0488,0x0388,
      0x0388,0x0287,0x0478,0x0388,0x0288,0x0388,0x0288,0x0188,0x0288,0x0288,0x0188,0x0188,
      0x0188,0x0188,0x0188,0x0088,
    },
    {
      0x4888,0x4587,0x4288,0x4588,0x4168,0x3e88,0x3b88,0x3b78,0x3a69,0x3679,0x3488,0x3169,
      0x3069,0x3079,0x2f69,0x4069,0x2f69,0x2c69,0x2c69,0x2869,0x3d87,0x3a96,0x3788,0x3488,
      0x3278,0x3686,0x3186,0x3087,0x2c86,0x2f88,0x2e88,0x2c69,0x2c78,0x2b69,0x3197,0x2b88,
      0x2986,0x2386,0x2b79,0x2989,0x2a6a,0x2669,0x2888,0x2269,0x2169,0x2a88,0x2a78,0x2588,
      0x2388,0x2369,0x2169,0x2069,0x2797,0x2687,0x2398,0x2288,0x2378,0x2178,0x1f88,0x2596,
      0x2197,0x2087,0x1e88,0x2196,0x1d96,0x1a76,0x1676,0x2489,0x2069,0x1f89,0x1f69,0x1d89,
      0x1d69,0x1f88,0x1d69,0x1c89,0x1d69,0x1c69,0x1c69,0x1c69,0x1b69,0x1969,0x1e88,0x1b69,
      0x1c69,0x1b69,0x1b69,0x1a89,0x1969,0x1e98,0x1d88,0x1d88,0x1b88,0x1a98,0x1988,0x1988,
      0x1788,0x1a78,0x1a69,0x1978,0x1979,0x1778,0x1679,0x1578,0x1469,0x1c97,0x1a87,0x1898,
      0x1988,0x1788,0x1688,0x1996,0x1696,0x1787,0x1486,0x1598,0x1488,0x1488,0x1288,0x1296,
      0x1197,0x1287,0x1087,0x1888,0x1488,0x1378,0x1388,0x1378,0x1286,0x1076,0x1288,0x0d86,
      0x1288,0x1278,0x1188,0x0d87,0x1a89,0x176a,0x1489,0x1499,0x1169,0x1489,0x1179,0x1099,
      0x0c89,0x1398,0x1188,0x1088,0x0e98,0x0d89,0x1078,0x0e78,0x0c89,0x0889,0x0f98,0x0f88,
      0x0f88,0x0e88,0x0f88,0x0d88,0x0c88,0x0c78,0x0c98,0x0b98,0x0c88,0x0988,0x0b88,0x0a88,
      0x0789,0x0e97,0x0d88,0x0d88,0x0e88,0x0c88,0x0b88,0x0f88,0x0c88,0x0b88,0x0a88,0x0c88,
      0x0b88,0x0b88,0x0a88,0x0a88,0x0988,0x0988,0x0988,0x0888,0x0a98,0x0998,0x0888,0x0988,
      0x0888,0x0788,0x0888,0x0788,0x0788,0x0688,0x0588,0x0488,0x0c96,0x0b97,0x0e86,0x0987,
      0x0887,0x0897,0x0797,0x0788,0x0a87,0x0888,0x0787,0x0787,0x0788,0x0688,0x0688,0x0488,
      0x0987,0x0787,0x0787,0x0788,0x0687,0x0788,0x0688,0x0588,0x0688,0x0588,0x0488,0x0588,
      0x0588,0x0488,0x0488,0x0698,0x0498,0x0588,0x0488,0x0588,0x0488,0x0388,0x0488,0x0388,
      0x0388,0x0287,0x0478,0x0388,0x0288,0x0388,0x0288,0x0188,0x0288,0x0288,0x0188,0x0188,
      0x0188,0x0188,0x0188,0x0088,
    },
    {
      0x4c88,0x4987,0x4588,0x4888,0x4568,0x4188,0x3f88,0x3f78,0x3d69,0x3979,0x3788,0x3469,
      0x3369,0x3379,0x3269,0x4369,0x3169,0x2f69,0x2e69,0x2b69,0x4087,0x3d96,0x3a88,0x3788,
      0x3578,0x3986,0x3486,0x3387,0x2e86,0x3288,0x3088,0x2f69,0x2e78,0x2d69,0x3397,0x2d88,
      0x2b86,0x2586,0x2e79,0x2b89,0x2c6a,0x2869,0x2a88,0x2469,0x2369,0x2c88,0x2d78,0x2788,
      0x2588,0x2569,0x2369,0x2269,0x2997,0x2887,0x2598,0x2488,0x2578,0x2278,0x2188,0x2696,
      0x2297,0x2287,0x2088,0x2296,0x1e96,0x1c76,0x1776,0x2689,0x2169,0x2189,0x2169,0x1f89,
      0x1f69,0x2188,0x1f69,0x1e89,0x1e69,0x1d69,0x1d69,0x1d69,0x1d69,0x1a69,0x1f88,0x1c69,
      0x1d69,0x1d69,0x1c69,0x1c89,0x1a69,0x2098,0x1e88,0x1e88,0x1c88,0x1b98,0x1a88,0x1b88,
      0x1888,0x1c78,0x1c69,0x1b78,0x1a79,0x1878,0x1779,0x1778,0x1569,0x1d97,0x1c87,0x1998,
      0x1a88,0x1888,0x1788,0x1a96,0x1796,0x1887,0x1686,0x1798,0x1588,0x1588,0x1388,0x1396,
      0x1297,0x1387,0x1187,0x1988,0x1688,0x1478,0x1488,0x1478,0x1286,0x1176,0x1388,0x0e86,
      0x1388,0x1278,0x1288,0x0d87,0x1b8a,0x186a,0x1589,0x1599,0x1269,0x1589,0x1279,0x1199,
      0x0c89,0x1498,0x1288,0x1188,0x0e98,0x0d89,0x1178,0x0f78,0x0d89,0x0989,0x1098,0x1088,
      0x1088,0x0e88,0x0f88,0x0e88,0x0d88,0x0d78,0x0d98,0x0c98,0x0c88,0x0a88,0x0b88,0x0a88,
      0x0789,0x0f97,0x0e88,0x0e88,0x0e88,0x0d88,0x0c88,0x0f88,0x0d88,0x0b88,0x0a88,0x0d88,
      0x0c88,0x0b88,0x0a88,0x0a88,0x0a88,0x0988,0x0988,0x0988,0x0a98,0x0998,0x0988,0x0988,
      0x0888,0x0788,0x0888,0x0788,0x0888,0x0788,0x0688,0x0488,0x0d96,0x0b97,0x0f86,0x0987,
      0x0887,0x0897,0x0797,0x0788,0x0a87,0x0888,0x0887,0x0787,0x0788,0x0688,0x0688,0x0488,
      0x0987,0x0887,0x0787,0x0888,0x0687,0x0788,0x0788,0x0688,0x0688,0x0688,0x0588,0x0688,
      0x0588,0x0488,0x0488,0x0698,0x0598,0x0588,0x0488,0x0588,0x0488,0x0388,0x0488,0x0388,
      0x0388,0x0287,0x0478,0x0388,0x0388,0x0388,0x0388,0x0288,0x0388,0x0288,0x0288,0x0188,
      0x0288,0x0188,0x0188,0x0088,
    },
    {
      0x4f88,0x4c87,0x4988,0x4c88,0x4868,0x4488,0x4288,0x4278,0x4069,0x3c79,0x3a88,0x3669,
      0x3569,0x3579,0x3469,0x4669,0x3469,0x3169,0x3069,0x2d69,0x4387,0x4096,0x3d88,0x3988,
      0x3778,0x3c86,0x3686,0x3587,0x3086,0x3488,0x3388,0x3169,0x3078,0x3069,0x3697,0x3088,
      0x2e86,0x2786,0x3079,0x2d89,0x2e6a,0x2a69,0x2c88,0x2669,0x2569,0x2e88,0x2f78,0x2988,
      0x2788,0x2769,0x2569,0x2369,0x2b97,0x2a87,0x2798,0x2588,0x2778,0x2478,0x2388,0x2896,
      0x2497,0x2387,0x2188,0x2496,0x2096,0x1d76,0x1976,0x2889,0x2369,0x2289,0x2269,0x2089,
      0x2069,0x2388,0x2069,0x1f89,0x2069,0x1f69,0x1f69,0x1f69,0x1e69,0x1c69,0x2188,0x1e69,
      0x1f69,0x1e69,0x1e69,0x1d89,0x1b69,0x2198,0x2088,0x2088,0x1e88,0x1d98,0x1b88,0x1c88,
      0x1988,0x1d78,0x1d69,0x1c78,0x1b79,0x1a78,0x1979,0x1878,0x1669,0x1f97,0x1d87,0x1b98,
      0x1c88,0x1988,0x1888,0x1c96,0x1996,0x1987,0x1786,0x1898,0x1688,0x1688,0x1488,0x1496,
      0x1397,0x1487,0x1287,0x1a88,0x1788,0x1578,0x1588,0x1578,0x1386,0x1176,0x1488,0x0f86,
      0x1488,0x1378,0x1288,0x0e87,0x1d8a,0x196a,0x1689,0x1699,0x1269,0x1689,0x1379,0x1299,
      0x0d89,0x1598,0x1388,0x1288,0x0f98,0x0e89,0x1278,0x1078,0x0d89,0x0989,0x1198,0x1088,
      0x1188,0x0f88,0x1088,0x0f88,0x0e88,0x0d78,0x0d98,0x0c98,0x0d88,0x0a88,0x0c88,0x0b88,
      0x0789,0x1097,0x0f88,0x0e88,0x0f88,0x0d88,0x0c88,0x1088,0x0d88,0x0c88,0x0b88,0x0e88,
      0x0c88,0x0c88,0x0b88,0x0b88,0x0a88,0x0a88,0x0a88,0x0988,0x0b98,0x0a98,0x0988,0x0a88,
      0x0988,0x0888,0x0988,0x0888,0x0888,0x0788,0x0688,0x0488,0x0e96,0x0c97,0x1086,0x0a87,
      0x0987,0x0997,0x0897,0x0788,0x0b87,0x0988,0x0887,0x0787,0x0888,0x0788,0x0688,0x0488,
      0x0a87,0x0887,0x0887,0x0888,0x0687,0x0888,0x0788,0x0688,0x0788,0x0688,0x0588,0x0688,
      0x0588,0x0588,0x0488,0x0698,0x0598,0x0688,0x0488,0x0588,0x0488,0x0388,0x0588,0x0488,
      0x0388,0x0287,0x0478,0x0388,0x0388,0x0388,0x0388,0x0288,0x0388,0x0288,0x0288,0x0188,
      0x0288,0x0188,0x0188,0x0088,
    },
    {
      0x5388,0x5087,0x4c88,0x4f88,0x4c68,0x4888,0x4588,0x4578,0x4369,0x3f79,0x3d88,0x3969,
      0x3869,0x3879,0x3769,0x4a69,0x3669,0x3369,0x3369,0x2f69,0x4687,0x4396,0x4088,0x3c88,
      0x3a78,0x3f86,0x3986,0x3887,0x3386,0x3788,0x3588,0x3369,0x3378,0x3269,0x3897,0x3288,
      0x3086,0x2986,0x3279,0x2f89,0x306a,0x2c69,0x2e88,0x2869,0x2769,0x3088,0x3178,0x2b88,
      0x2988,0x2969,0x2769,0x2569,0x2d97,0x2c87,0x2998,0x2788,0x2978,0x2678,0x2488,0x2a96,
      0x2697,0x2587,0x2388,0x2696,0x2196,0x1e76,0x1a76,0x2a89,0x2569,0x2489,0x2469,0x2289,
      0x2269,0x2488,0x2269,0x2189,0x2169,0x2069,0x2069,0x2069,0x2069,0x1d69,0x2288,0x1f69,
      0x2069,0x2069,0x1f69,0x1e89,0x1d69,0x2398,0x2188,0x2188,0x1f88,0x1e98,0x1d88,0x1d88,
      0x1a88,0x1f78,0x1e69,0x1d78,0x1d79,0x1b78,0x1a79,0x1978,0x1769,0x2097,0x1e87,0x1c98,
      0x1d88,0x1a88,0x1988,0x1d96,0x1a96,0x1a87,0x1886,0x1998,0x1788,0x1788,0x1588,0x1596,
      0x1497,0x1587,0x1387,0x1c88,0x1888,0x1678,0x1688,0x1678,0x1486,0x1276,0x1588,0x0f86,
      0x1588,0x1478,0x1388,0x0f87,0x1e8a,0x1a6a,0x1789,0x1799,0x1369,0x1789,0x1479,0x1399,
      0x0d89,0x1698,0x1488,0x1388,0x1098,0x0f89,0x1378,0x1178,0x0e89,0x0a89,0x1298,0x1188,
      0x1288,0x1088,0x1188,0x0f88,0x0e88,0x0e78,0x0e98,0x0d98,0x0d88,0x0b88,0x0c88,0x0b88,
      0x0889,0x1197,0x0f88,0x0f88,0x1088,0x0e88,0x0d88,0x1188,0x0e88,0x0c88,0x0b88,0x0e88,
      0x0d88,0x0c88,0x0b88,0x0b88,0x0b88,0x0a88,0x0a88,0x0a88,0x0b98,0x0a98,0x0a88,0x0a88,
      0x0988,0x0888,0x0988,0x0888,0x0888,0x0788,0x0688,0x0488,0x0e96,0x0c97,0x1186,0x0a87,
      0x0987,0x0997,0x0897,0x0888,0x0b87,0x0988,0x0987,0x0887,0x0888,0x0788,0x0788,0x0488,
      0x0a87,0x0987,0x0887,0x0988,0x0787,0x0888,0x0788,0x0688,0x0788,0x0688,0x0588,0x0688,
      0x0688,0x0588,0x0488,0x0798,0x0598,0x0688,0x0488,0x0688,0x0488,0x0388,0x0588,0x0488,
      0x0388,0x0287,0x0478,0x0388,0x0388,0x0388,0x0388,0x0288,0x0388,0x0288,0x0288,0x0188,
      0x0288,0x0188,0x0188,0x0088,
    },
    {
      0x5788,0x5387,0x4f88,0x5388,0x4f68,0x4b88,0x4888,0x4878,0x4669,0x4279,0x3f88,0x3b69,
      0x3a69,0x3a79,0x3969,0x4d69,0x3969,0x3669,0x3569,0x3169,0x4987,0x4696,0x4288,0x3f88,
      0x3d78,0x4286,0x3b86,0x3b87,0x3586,0x3988,0x3788,0x3669,0x3578,0x3469,0x3b97,0x3488,
      0x3286,0x2b86,0x3479,0x3289,0x336a,0x2e69,0x3188,0x2a69,0x2869,0x3288,0x3378,0x2d88,
      0x2b88,0x2a69,0x2869,0x2769,0x2f97,0x2e87,0x2b98,0x2988,0x2b78,0x2878,0x2688,0x2c96,
      0x2897,0x2787,0x2488,0x2896,0x2396,0x2076,0x1b76,0x2b89,0x2669,0x2589,0x2569,0x2489,
      0x2369,0x2688,0x2469,0x2289,0x2369,0x2269,0x2169,0x2169,0x2169,0x1e69,0x2488,0x2169,
      0x2169,0x2169,0x2169,0x2089,0x1e69,0x2498,0x2388,0x2388,0x2188,0x1f98,0x1e88,0x1f88,
      0x1c88,0x2078,0x2069,0x1f78,0x1e79,0x1c78,0x1b79,0x1a78,0x1869,0x2297,0x2087,0x1d98,
      0x1e88,0x1c88,0x1a88,0x1e96,0x1b96,0x1b87,0x1986,0x1a98,0x1888,0x1888,0x1688,0x1696,
      0x1597,0x1687,0x1387,0x1d88,0x1988,0x1778,0x1788,0x1778,0x1586,0x1376,0x1688,0x1086,
      0x1688,0x1578,0x1488,0x0f87,0x1f8a,0x1b6b,0x1889,0x1899,0x1469,0x1889,0x1579,0x1399,
      0x0e89,0x1798,0x1588,0x1388,0x1198,0x0f89,0x1378,0x1178,0x0f89,0x0a89,0x1398,0x1288,
      0x1288,0x1188,0x1288,0x1088,0x0f88,0x0e78,0x0f98,0x0e98,0x0e88,0x0b88,0x0d88,0x0c88,
      0x0889,0x1197,0x1088,0x1088,0x1188,0x0f88,0x0d88,0x1288,0x0f88,0x0d88,0x0c88,0x0f88,
      0x0e88,0x0d88,0x0c88,0x0c88,0x0b88,0x0b88,0x0a88,0x0a88,0x0c98,0x0a98,0x0a88,0x0b88,
      0x0a88,0x0888,0x0a88,0x0888,0x0988,0x0888,0x0688,0x0588,0x0f96,0x0d97,0x1186,0x0b87,
      0x0a87,0x0a97,0x0897,0x0888,0x0c87,0x0a88,0x0987,0x0887,0x0888,0x0788,0x0788,0x0588,
      0x0a87,0x0987,0x0887,0x0988,0x0787,0x0888,0x0888,0x0688,0x0788,0x0688,0x0588,0x0688,
      0x0688,0x0588,0x0488,0x0798,0x0598,0x0688,0x0488,0x0688,0x0588,0x0388,0x0588,0x0488,
      0x0488,0x0287,0x0578,0x0488,0x0388,0x0488,0x0388,0x0288,0x0388,0x0288,0x0288,0x0188,
      0x0288,0x0188,0x0188,0x0088,
    },
    {
      0x5b88,0x5787,0x5388,0x5788,0x5368,0x4e88,0x4b88,0x4b78,0x4969,0x4579,0x4288,0x3e69,
      0x3d69,0x3d79,0x3c69,0x5069,0x3b69,0x3869,0x3769,0x3369,0x4d87,0x4996,0x4588,0x4288,
      0x3f78,0x4586,0x3e86,0x3d87,0x3786,0x3c88,0x3a88,0x3869,0x3778,0x3669,0x3e97,0x3688,
      0x3486,0x2d86,0x3779,0x3489,0x356a,0x3069,0x3388,0x2c69,0x2a69,0x3588,0x3678,0x2f88,
      0x2d88,0x2c69,0x2a69,0x2969,0x3297,0x3087,0x2d98,0x2b88,0x2d78,0x2978,0x2888,0x2e96,
      0x2997,0x2987,0x2688,0x2996,0x2496,0x2176,0x1c76,0x2d8a,0x286a,0x2789,0x2769,0x2589,
      0x2569,0x2888,0x2569,0x2489,0x2469,0x2369,0x2369,0x2369,0x2369,0x2069,0x2688,0x2269,
      0x2369,0x2369,0x2269,0x2189,0x1f69,0x2698,0x2488,0x2488,0x2288,0x2198,0x1f88,0x2088,
      0x1d88,0x2178,0x2169,0x2078,0x1f79,0x1d78,0x1c79,0x1b78,0x1a69,0x2397,0x2187,0x1e98,
      0x2088,0x1d88,0x1b88,0x2096,0x1c96,0x1d87,0x1a86,0x1b98,0x1988,0x1988,0x1788,0x1796,
      0x1697,0x1787,0x1487,0x1e88,0x1a88,0x1878,0x1888,0x1878,0x1686,0x1476,0x1788,0x1186,
      0x1788,0x1678,0x1588,0x1087,0x218a,0x1d6b,0x1a8a,0x1a99,0x156a,0x1a89,0x1679,0x1499,
      0x0f89,0x1898,0x1688,0x1488,0x1198,0x1089,0x1478,0x1278,0x0f89,0x0b89,0x1498,0x1388,
      0x1388,0x1188,0x1288,0x1188,0x1088,0x0f78,0x0f98,0x0e98,0x0f88,0x0c88,0x0e88,0x0c88,
      0x0889,0x1297,0x1188,0x1188,0x1188,0x0f88,0x0e88,0x1288,0x0f88,0x0e88,0x0c88,0x1088,
      0x0e88,0x0e88,0x0c88,0x0c88,0x0c88,0x0b88,0x0b88,0x0b88,0x0c98,0x0b98,0x0b88,0x0b88,
      0x0a88,0x0988,0x0a88,0x0988,0x0988,0x0888,0x0788,0x0588,0x1096,0x0e97,0x1286,0x0b87,
      0x0a87,0x0a97,0x0997,0x0888,0x0c87,0x0a88,0x0987,0x0887,0x0988,0x0888,0x0788,0x0588,
      0x0b87,0x0987,0x0987,0x0988,0x0787,0x0988,0x0888,0x0788,0x0888,0x0788,0x0688,0x0788,
      0x0688,0x0588,0x0588,0x0798,0x0698,0x0688,0x0588,0x0688,0x0588,0x0388,0x0588,0x0488,
      0x0488,0x0287,0x0578,0x0488,0x0388,0x0488,0x0388,0x0288,0x0388,0x0288,0x0288,0x0288,
      0x0288,0x0188,0x0188,0x0088,
    },
    {
      0x5f88,0x5b87,0x5688,0x5a88,0x5668,0x5188,0x4e88,0x4e78,0x4c69,0x4779,0x4588,0x4069,
      0x3f69,0x3f79,0x3e69,0x5459,0x3e69,0x3a69,0x3969,0x3569,0x5087,0x4c96,0x4888,0x4488,
      0x4278,0x4786,0x4086,0x4087,0x3986,0x3e88,0x3c88,0x3a69,0x3978,0x3969,0x4097,0x3988,
      0x3686,0x2e85,0x3979,0x3689,0x375a,0x3269,0x3588,0x2d69,0x2c69,0x3788,0x3878,0x3188,
      0x2e88,0x2e69,0x2c69,0x2a69,0x3497,0x3287,0x2e98,0x2d88,0x2e78,0x2b78,0x2988,0x3096,
      0x2b97,0x2a87,0x2788,0x2b96,0x2696,0x2275,0x1d76,0x2f8a,0x2a6a,0x2989,0x2969,0x2789,
      0x2669,0x2988,0x2769,0x2589,0x2669,0x2569,0x2469,0x2469,0x2469,0x2169,0x2788,0x2469,
      0x2469,0x2469,0x2469,0x2289,0x2069,0x2798,0x2688,0x2688,0x2488,0x2298,0x2088,0x2188,
      0x1e88,0x2378,0x2269,0x2178,0x2079,0x1e78,0x1d79,0x1c78,0x1b69,0x2597,0x2287,0x2098,
      0x2188,0x1e88,0x1d88,0x2196,0x1d96,0x1e87,0x1b86,0x1c98,0x1a88,0x1a88,0x1888,0x1896,
      0x1797,0x1787,0x1587,0x1f88,0x1b88,0x1978,0x1988,0x1978,0x1786,0x1576,0x1888,0x1286,
      0x1888,0x1778,0x1688,0x1187,0x228a,0x1e6b,0x1b8a,0x1b99,0x166a,0x1b89,0x1779,0x1599,
      0x0f89,0x1998,0x1788,0x1588,0x1298,0x1189,0x1578,0x1378,0x1089,0x0b89,0x1498,0x1488,
      0x1488,0x1288,0x1388,0x1288,0x1088,0x1078,0x1098,0x0f98,0x0f88,0x0c88,0x0e88,0x0d88,
      0x0989,0x1397,0x1288,0x1188,0x1288,0x1088,0x0e88,0x1388,0x1088,0x0e88,0x0d88,0x1088,
      0x0f88,0x0e88,0x0d88,0x0d88,0x0c88,0x0c88,0x0b88,0x0b88,0x0d98,0x0b98,0x0b88,0x0c88,
      0x0b88,0x0988,0x0b88,0x0988,0x0988,0x0888,0x0788,0x0588,0x1096,0x0e97,0x1386,0x0c87,
      0x0b87,0x0b97,0x0997,0x0988,0x0d87,0x0b88,0x0a87,0x0987,0x0988,0x0888,0x0788,0x0588,
      0x0b87,0x0a87,0x0987,0x0a88,0x0787,0x0988,0x0888,0x0788,0x0888,0x0788,0x0688,0x0788,
      0x0688,0x0588,0x0588,0x0798,0x0698,0x0788,0x0588,0x0688,0x0588,0x0488,0x0588,0x0488,
      0x0488,0x0287,0x0578,0x0488,0x0388,0x0488,0x0388,0x0288,0x0388,0x0288,0x0288,0x0288,
      0x0288,0x0188,0x0188,0x0088,
    },
    {
      0x6288,0x5e87,0x5a88,0x5e88,0x5968,0x5588,0x5188,0x5178,0x4f69,0x4a79,0x4888,0x4369,
      0x4269,0x4279,0x4169,0x5759,0x4069,0x3d69,0x3c69,0x3769,0x5387,0x4f96,0x4b88,0x4788,
      0x4578,0x4a86,0x4386,0x4287,0x3c86,0x4188,0x3f88,0x3d69,0x3c78,0x3b69,0x4397,0x3b88,
      0x3886,0x3085,0x3b79,0x3889,0x395a,0x3469,0x3788,0x2f69,0x2e69,0x3988,0x3a78,0x3388,
      0x3088,0x3069,0x2e69,0x2c69,0x3697,0x3487,0x3098,0x2e88,0x3078,0x2d78,0x2b88,0x3296,
      0x2d97,0x2c87,0x2988,0x2d96,0x2796,0x2475,0x1e76,0x318a,0x2b6a,0x2a89,0x2a69,0x2889,
      0x2869,0x2b88,0x2869,0x2789,0x2769,0x2669,0x2669,0x2669,0x2569,0x2269,0x2988,0x2569,
      0x2669,0x2569,0x2569,0x2489,0x2269,0x2998,0x2788,0x2788,0x2588,0x2398,0x2288,0x2388,
      0x1f88,0x2478,0x2469,0x2378,0x2279,0x2078,0x1e79,0x1d78,0x1c69,0x2697,0x2487,0x2198,
      0x2288,0x1f88,0x1e88,0x2296,0x1e96,0x1f87,0x1c86,0x1d98,0x1b88,0x1b88,0x1988,0x1996,
      0x1897,0x1887,0x1687,0x2188,0x1c88,0x1a78,0x1a88,0x1a78,0x1886,0x1676,0x1988,0x1286,
      0x1988,0x1878,0x1788,0x1187,0x238a,0x1f6b,0x1c8a,0x1c99,0x176a,0x1c89,0x1879,0x1699,
      0x1089,0x1a98,0x1888,0x1688,0x1398,0x1189,0x1678,0x1478,0x1189,0x0b89,0x1598,0x1488,
      0x1588,0x1388,0x1488,0x1288,0x1188,0x1078,0x1198,0x0f98,0x1088,0x0d88,0x0f88,0x0d88,
      0x0989,0x1497,0x1288,0x1288,0x1388,0x1188,0x0f88,0x1488,0x1188,0x0f88,0x0d88,0x1188,
      0x0f88,0x0f88,0x0d88,0x0d88,0x0d88,0x0c88,0x0c88,0x0b88,0x0d98,0x0c98,0x0b88,0x0c88,
      0x0b88,0x0988,0x0b88,0x0988,0x0a88,0x0988,0x0788,0x0588,0x1196,0x0f97,0x1486,0x0c87,
      0x0b87,0x0b97,0x0997,0x0988,0x0d87,0x0b88,0x0a87,0x0987,0x0988,0x0888,0x0888,0x0588,
      0x0c87,0x0a87,0x0987,0x0a88,0x0887,0x0988,0x0988,0x0788,0x0888,0x0788,0x0688,0x0788,
      0x0788,0x0688,0x0588,0x0898,0x0698,0x0788,0x0588,0x0788,0x0588,0x0488,0x0688,0x0488,
      0x0488,0x0287,0x0578,0x0488,0x0388,0x0488,0x0388,0x0288,0x0388,0x0288,0x0288,0x0288,
      0x0288,0x0188,0x0188,0x0088,
    },
    {
      0x6688,0x6287,0x5d88,0x6188,0x5d68,0x5888,0x5488,0x5478,0x5269,0x4d79,0x4a88,0x4669,
      0x4469,0x4479,0x4369,0x5a59,0x4369,0x3f69,0x3e69,0x3969,0x5687,0x5296,0x4e88,0x4a88,
      0x4778,0x4d86,0x4686,0x4587,0x3e86,0x4388,0x4188,0x3f69,0x3e78,0x3d69,0x4597,0x3d88,
      0x3b86,0x3285,0x3e79,0x3a89,0x3b5b,0x3669,0x3988,0x3169,0x2f69,0x3b88,0x3c78,0x3588,
      0x3288,0x3269,0x2f69,0x2e69,0x3897,0x3687,0x3298,0x3088,0x3278,0x2e78,0x2d88,0x3496,
      0x2e97,0x2e87,0x2b88,0x2e96,0x2996,0x2575,0x2076,0x338a,0x2d6a,0x2c89,0x2c69,0x2a89,
      0x2969,0x2d88,0x2a69,0x2889,0x2969,0x2869,0x2769,0x2769,0x2769,0x2369,0x2a88,0x2669,
      0x2769,0x2769,0x2669,0x2589,0x2369,0x2b98,0x2988,0x2988,0x2688,0x2598,0x2388,0x2488,
      0x2088,0x2678,0x2569,0x2478,0x2379,0x2178,0x2079,0x1e78,0x1d69,0x2897,0x2587,0x2298,
      0x2388,0x2088,0x1f88,0x2396,0x2096,0x2087,0x1d86,0x1e98,0x1c88,0x1c88,0x1a88,0x1a96,
      0x1897,0x1987,0x1787,0x2288,0x1d88,0x1b78,0x1b88,0x1b78,0x1986,0x1676,0x1a88,0x1386,
      0x1a88,0x1978,0x1888,0x1287,0x258a,0x206b,0x1d8a,0x1d99,0x186a,0x1d89,0x1879,0x1799,
      0x1089,0x1b98,0x1888,0x1788,0x1398,0x1289,0x1778,0x1478,0x1189,0x0c89,0x1698,0x1588,
      0x1688,0x1388,0x1588,0x1388,0x1288,0x1178,0x1198,0x1098,0x1088,0x0d88,0x0f88,0x0e88,
      0x0989,0x1497,0x1388,0x1388,0x1388,0x1188,0x1088,0x1588,0x1188,0x0f88,0x0e88,0x1288,
      0x1088,0x0f88,0x0e88,0x0e88,0x0d88,0x0d88,0x0c88,0x0c88,0x0e98,0x0c98,0x0c88,0x0d88,
      0x0b88,0x0a88,0x0b88,0x0a88,0x0a88,0x0988,0x0888,0x0588,0x1296,0x0f97,0x1486,0x0d87,
      0x0b87,0x0b97,0x0a97,0x0988,0x0e87,0x0b88,0x0b87,0x0987,0x0a88,0x0888,0x0888,0x0588,
      0x0c87,0x0b87,0x0a87,0x0b88,0x0887,0x0a88,0x0988,0x0888,0x0888,0x0888,0x0688,0x0888,
      0x0788,0x0688,0x0588,0x0898,0x0698,0x0788,0x0588,0x0788,0x0588,0x0488,0x0688,0x0588,
      0x0488,0x0387,0x0578,0x0488,0x0388,0x0488,0x0388,0x0288,0x0388,0x0388,0x0288,0x0288,
      0x0288,0x0188,0x0188,0x0088,
    },
    {
      0x6a88,0x6687,0x6188,0x6588,0x6068,0x5b88,0x5888,0x5878,0x5569,0x5079,0x4d88,0x4869,
      0x4769,0x4779,0x4669,0x5e59,0x4569,0x4169,0x4069,0x3c69,0x5987,0x5596,0x5188,0x4d88,
      0x4a78,0x5086,0x4886,0x4787,0x4086,0x4688,0x4388,0x4169,0x4078,0x3f69,0x4897,0x3f88,
      0x3d86,0x3485,0x4079,0x3c89,0x3e5b,0x3869,0x3b88,0x3369,0x3169,0x3d88,0x3f78,0x3788,
      0x3488,0x3469,0x3169,0x2f69,0x3a97,0x3887,0x3498,0x3288,0x3478,0x3078,0x2e88,0x3696,
      0x3097,0x2f87,0x2c88,0x3096,0x2a96,0x2775,0x2176,0x358a,0x2f6a,0x2e89,0x2e69,0x2b89,
      0x2b69,0x2e88,0x2b69,0x2a89,0x2a69,0x2969,0x2969,0x2969,0x2869,0x2569,0x2c88,0x2869,
      0x2969,0x2869,0x2869,0x2789,0x2469,0x2c98,0x2a88,0x2a88,0x2888,0x2698,0x2488,0x2588,
      0x2288,0x2778,0x2769,0x2578,0x2479,0x2278,0x2179,0x2078,0x1e69,0x2997,0x2787,0x2398,
      0x2588,0x2288,0x2088,0x2596,0x2196,0x2187,0x1e86,0x2098,0x1d88,0x1d88,0x1b88,0x1b96,
      0x1997,0x1a87,0x1887,0x2388,0x1e88,0x1c78,0x1c88,0x1c78,0x1a86,0x1776,0x1b88,0x1486,
      0x1b88,0x1a78,0x1988,0x1387,0x268a,0x216b,0x1e8a,0x1e99,0x196a,0x1e89,0x1979,0x1899,
      0x1189,0x1c98,0x1988,0x1888,0x1498,0x1389,0x1878,0x1578,0x1289,0x0c89,0x1798,0x1688,
      0x1688,0x1488,0x1588,0x1488,0x1288,0x1278,0x1298,0x1198,0x1188,0x0e88,0x1088,0x0e88,
      0x0a89,0x1597,0x1488,0x1388,0x1488,0x1288,0x1088,0x1588,0x1288,0x1088,0x0e88,0x1288,
      0x1188,0x1088,0x0e88,0x0e88,0x0e88,0x0d88,0x0d88,0x0c88,0x0e98,0x0d98,0x0c88,0x0d88,
      0x0c88,0x0a88,0x0c88,0x0a88,0x0b88,0x0988,0x0888,0x0688,0x1296,0x1097,0x1586,0x0d87,
      0x0c87,0x0c97,0x0a97,0x0a88,0x0e87,0x0c88,0x0b87,0x0a87,0x0a88,0x0988,0x0888,0x0688,
      0x0d87,0x0b87,0x0a87,0x0b88,0x0887,0x0a88,0x0988,0x0888,0x0988,0x0888,0x0788,0x0888,
      0x0788,0x0688,0x0588,0x0898,0x0798,0x0788,0x0588,0x0788,0x0688,0x0488,0x0688,0x0588,
      0x0488,0x0387,0x0678,0x0488,0x0488,0x0488,0x0488,0x0288,0x0488,0x0388,0x0288,0x0288,
      0x0288,0x0188,0x0188,0x0088,
    },
    {
      0x6e88,0x6987,0x6488,0x6988,0x6468,0x5e88,0x5b88,0x5b78,0x5869,0x5379,0x5088,0x4b69,
      0x4969,0x4979,0x4869,0x6159,0x4869,0x4469,0x4369,0x3e69,0x5c87,0x5896,0x5488,0x4f88,
      0x4d78,0x5386,0x4b86,0x4a87,0x4386,0x4888,0x4688,0x4469,0x4378,0x4269,0x4a97,0x4288,
      0x3f86,0x3685,0x4279,0x3f89,0x405b,0x3a69,0x3d88,0x3569,0x3369,0x3f88,0x4178,0x3988,
      0x3688,0x3569,0x3369,0x3169,0x3c97,0x3a87,0x3698,0x3488,0x3678,0x3278,0x3088,0x3896,
      0x3297,0x3187,0x2e88,0x3296,0x2c96,0x2875,0x2276,0x378a,0x306a,0x2f89,0x2f69,0x2d89,
      0x2c69,0x3088,0x2d69,0x2b89,0x2c69,0x2b69,0x2a69,0x2a69,0x2a69,0x2669,0x2d88,0x2969,
      0x2a69,0x2a69,0x2969,0x2889,0x2669,0x2e98,0x2c88,0x2c88,0x2988,0x2798,0x2688,0x2788,
      0x2388,0x2878,0x2869,0x2778,0x2679,0x2378,0x2279,0x2178,0x1f69,0x2b97,0x2887,0x2598,
      0x2688,0x2388,0x2188,0x2696,0x2296,0x2287,0x1f86,0x2198,0x1e88,0x1e88,0x1c88,0x1c96,
      0x1a97,0x1b87,0x1887,0x2488,0x1f88,0x1d78,0x1d88,0x1d78,0x1b86,0x1876,0x1c88,0x1486,
      0x1c88,0x1b78,0x1988,0x1387,0x278a,0x226b,0x1f8a,0x1f99,0x196a,0x1f89,0x1a79,0x1899,
      0x1289,0x1d98,0x1a88,0x1888,0x1598,0x1389,0x1878,0x1678,0x1389,0x0d89,0x1898,0x1788,
      0x1788,0x1588,0x1688,0x1488,0x1388,0x1278,0x1398,0x1198,0x1288,0x0e88,0x1088,0x0f88,
      0x0a89,0x1697,0x1488,0x1488,0x1588,0x1388,0x1188,0x1688,0x1388,0x1088,0x0f88,0x1388,
      0x1188,0x1088,0x0f88,0x0f88,0x0e88,0x0e88,0x0d88,0x0d88,0x0f98,0x0d98,0x0d88,0x0e88,
      0x0c88,0x0a88,0x0c88,0x0a88,0x0b88,0x0a88,0x0888,0x0688,0x1396,0x1097,0x1686,0x0e87,
      0x0c87,0x0c97,0x0a97,0x0a88,0x0f87,0x0c88,0x0b87,0x0a87,0x0a88,0x0988,0x0988,0x0688,
      0x0d87,0x0b87,0x0a87,0x0b88,0x0987,0x0a88,0x0a88,0x0888,0x0988,0x0888,0x0788,0x0888,
      0x0788,0x0688,0x0588,0x0998,0x0798,0x0888,0x0588,0x0788,0x0688,0x0488,0x0688,0x0588,
      0x0588,0x0387,0x0678,0x0588,0x0488,0x0588,0x0488,0x0288,0x0488,0x0388,0x0288,0x0288,
      0x0288,0x0188,0x0188,0x0088,
    },
    {
      0x7188,0x6d87,0x6888,0x6c88,0x6768,0x6288,0x5e88,0x5e78,0x5b69,0x5679,0x5388,0x4d69,
      0x4c69,0x4c79,0x4b69,0x6459,0x4a69,0x4669,0x4569,0x4069,0x6087,0x5b96,0x5788,0x5288,
      0x4f78,0x5686,0x4d86,0x4c87,0x4586,0x4b88,0x4888,0x4669,0x4578,0x4469,0x4d97,0x4488,
      0x4186,0x3885,0x4479,0x4189,0x425b,0x3c69,0x3f88,0x3669,0x3569,0x4288,0x4378,0x3b88,
      0x3888,0x3769,0x3569,0x3369,0x3e97,0x3c87,0x3898,0x3588,0x3878,0x3478,0x3288,0x3a96,
      0x3497,0x3387,0x2f88,0x3496,0x2d96,0x2975,0x2376,0x398a,0x326a,0x3189,0x3169,0x2e89,
      0x2e69,0x3288,0x2e69,0x2d89,0x2d69,0x2c69,0x2c69,0x2c69,0x2b69,0x2769,0x2f88,0x2b69,
      0x2c69,0x2b69,0x2b69,0x2989,0x2769,0x2f98,0x2d88,0x2d88,0x2b88,0x2998,0x2788,0x2888,
      0x2488,0x2a78,0x2969,0x2878,0x2779,0x2578,0x2379,0x2278,0x2069,0x2c97,0x2987,0x2698,
      0x2788,0x2488,0x2288,0x2796,0x2396,0x2487,0x2086,0x2298,0x1f88,0x1f88,0x1d88,0x1d96,
      0x1b97,0x1c87,0x1987,0x2688,0x2088,0x1e78,0x1e88,0x1e78,0x1c86,0x1976,0x1d88,0x1586,
      0x1d88,0x1c78,0x1a88,0x1487,0x298a,0x246b,0x208a,0x2099,0x1a6a,0x2089,0x1b79,0x1999,
      0x1289,0x1e98,0x1b88,0x1988,0x1698,0x1489,0x1978,0x1778,0x1389,0x0d89,0x1898,0x1788,
      0x1888,0x1688,0x1788,0x1588,0x1488,0x1378,0x1398,0x1298,0x1288,0x0f88,0x1188,0x0f88,
      0x0a89,0x1797,0x1588,0x1588,0x1688,0x1388,0x1188,0x1788,0x1388,0x1188,0x0f88,0x1488,
      0x1288,0x1188,0x0f88,0x0f88,0x0f88,0x0e88,0x0e88,0x0d88,0x0f98,0x0e98,0x0d88,0x0e88,
      0x0d88,0x0b88,0x0d88,0x0b88,0x0b88,0x0a88,0x0888,0x0688,0x1496,0x1197,0x1786,0x0e87,
      0x0d87,0x0d97,0x0b97,0x0a88,0x0f87,0x0d88,0x0c87,0x0a87,0x0b88,0x0988,0x0988,0x0688,
      0x0e87,0x0c87,0x0b87,0x0c88,0x0987,0x0b88,0x0a88,0x0888,0x0988,0x0888,0x0788,0x0888,
      0x0888,0x0788,0x0688,0x0998,0x0798,0x0888,0x0688,0x0888,0x0688,0x0488,0x0788,0x0588,
      0x0588,0x0387,0x0678,0x0588,0x0488,0x0588,0x0488,0x0288,0x0488,0x0388,0x0288,0x0288,
      0x0288,0x0188,0x0188,0x0088,
    },
    {
      0x7588,0x7087,0x6b88,0x7088,0x6b68,0x6588,0x6188,0x6178,0x5e69,0x5979,0x5588,0x5069,
      0x4e69,0x4e79,0x4d69,0x6859,0x4d69,0x4869,0x4769,0x4269,0x6387,0x5e96,0x5a88,0x5588,
      0x5278,0x5986,0x5086,0x4f87,0x4786,0x4d88,0x4b88,0x4869,0x4778,0x4669,0x4f97,0x4688,
      0x4386,0x3a85,0x4779,0x4389,0x445b,0x3e69,0x4188,0x3869,0x3669,0x4488,0x4578,0x3d88,
      0x3a88,0x3969,0x3669,0x3469,0x4097,0x3e87,0x3a98,0x3788,0x3a78,0x3578,0x3388,0x3c96,
      0x3597,0x3487,0x3188,0x3596,0x2f96,0x2b75,0x2476,0x3b8a,0x346a,0x3289,0x3269,0x3089,
      0x2f69,0x3388,0x3069,0x2e89,0x2f69,0x2e69,0x2d69,0x2d69,0x2d69,0x2969,0x3088,0x2c69,
      0x2d69,0x2d69,0x2c69,0x2b89,0x2869,0x3198,0x2f88,0x2f88,0x2c88,0x2a98,0x2888,0x2988,
      0x2588,0x2b78,0x2b69,0x2978,0x2879,0x2678,0x2479,0x2378,0x2169,0x2e97,0x2b87,0x2798,
      0x2988,0x2588,0x2388,0x2996,0x2496,0x2587,0x2186,0x2398,0x2088,0x2088,0x1e88,0x1e96,
      0x1c97,0x1d87,0x1a87,0x2788,0x2188,0x1f78,0x1f88,0x1f78,0x1d86,0x1a76,0x1e88,0x1686,
      0x1e88,0x1d78,0x1b88,0x1587,0x2a8a,0x256b,0x218a,0x2199,0x1b6a,0x2189,0x1c79,0x1a99,
      0x1389,0x1f98,0x1c88,0x1a88,0x1698,0x1589,0x1a78,0x1778,0x1489,0x0e89,0x1998,0x1888,
      0x1988,0x1688,0x1888,0x1688,0x1488,0x1378,0x1498,0x1298,0x1388,0x0f88,0x1188,0x1088,
      0x0b89,0x1797,0x1688,0x1588,0x1688,0x1488,0x1288,0x1888,0x1488,0x1188,0x1088,0x1488,
      0x1288,0x1188,0x1088,0x1088,0x0f88,0x0f88,0x0e88,0x0e88,0x1098,0x0e98,0x0e88,0x0f88,
      0x0d88,0x0b88,0x0d88,0x0b88,0x0c88,0x0a88,0x0988,0x0688,0x1496,0x1197,0x1786,0x0f87,
      0x0d87,0x0d97,0x0b97,0x0b88,0x1087,0x0d88,0x0c87,0x0b87,0x0b88,0x0a88,0x0988,0x0688,
      0x0e87,0x0c87,0x0b87,0x0c88,0x0987,0x0b88,0x0a88,0x0988,0x0a88,0x0988,0x0788,0x0988,
      0x0888,0x0788,0x0688,0x0998,0x0798,0x0888,0x0688,0x0888,0x0688,0x0488,0x0788,0x0588,
      0x0588,0x0387,0x0678,0x0588,0x0488,0x0588,0x0488,0x0288,0x0488,0x0388,0x0288,0x0288,
      0x0288,0x0188,0x0188,0x0088,
    },
    {
      0x7988,0x7497,0x6f88,0x7488,0x6e69,0x6889,0x6488,0x6479,0x6269,0x5c79,0x5889,0x5369,
      0x5169,0x5179,0x5069,0x6b59,0x4f6a,0x4b6a,0x4a6a,0x446a,0x6687,0x6196,0x5d88,0x5898,
      0x5579,0x5c86,0x5396,0x5297,0x4a96,0x5098,0x4d89,0x4b69,0x4a79,0x4969,0x5297,0x4988,
      0x4696,0x3c95,0x497a,0x4589,0x475b,0x416a,0x4489,0x3a69,0x3869,0x4698,0x4879,0x3f99,
      0x3c89,0x3b69,0x3869,0x3669,0x4297,0x4097,0x3c98,0x3998,0x3c78,0x3779,0x3589,0x3e96,
      0x3797,0x3687,0x3388,0x3796,0x30a6,0x2c75,0x2676,0x3d9a,0x366a,0x348a,0x3469,0x3289,
      0x3169,0x3589,0x3269,0x3089,0x3169,0x2f69,0x2f69,0x2f69,0x2e69,0x2a6a,0x3289,0x2e69,
      0x2f69,0x2e69,0x2e69,0x2c89,0x2a69,0x3398,0x3198,0x3089,0x2e88,0x2c99,0x2a99,0x2b89,
      0x2789,0x2d79,0x2c69,0x2b79,0x2a79,0x2779,0x2679,0x2479,0x226a,0x2f97,0x2c97,0x2998,
      0x2a88,0x2798,0x2598,0x2aa6,0x26a6,0x2697,0x2396,0x2498,0x2298,0x2298,0x1f98,0x1fa6,
      0x1d97,0x1e97,0x1b97,0x2888,0x2388,0x2079,0x2188,0x2079,0x1e86,0x1b76,0x1f88,0x1786,
      0x1f88,0x1e79,0x1c88,0x1687,0x2c8b,0x266c,0x229a,0x229a,0x1c6a,0x229a,0x1d79,0x1b99,
      0x148a,0x2099,0x1d99,0x1b99,0x17a9,0x1699,0x1b79,0x1879,0x1589,0x0e89,0x1a98,0x1998,
      0x1a88,0x1789,0x1988,0x1788,0x1589,0x1479,0x15a9,0x1399,0x1499,0x1099,0x1289,0x1089,
      0x0b89,0x18a7,0x1798,0x1698,0x1798,0x1598,0x1398,0x1988,0x1588,0x1298,0x1098,0x1588,
      0x1388,0x1288,0x1188,0x1188,0x1088,0x0f88,0x0f88,0x0e88,0x11a8,0x0f98,0x0e99,0x0f99,
      0x0e98,0x0c99,0x0e89,0x0c98,0x0c89,0x0b88,0x0989,0x0789,0x15a6,0x1297,0x1896,0x0f97,
      0x0e97,0x0ea7,0x0c97,0x0b98,0x1087,0x0e88,0x0d97,0x0b97,0x0c98,0x0a98,0x0a98,0x0798,
      0x0f87,0x0d87,0x0c87,0x0d88,0x0a87,0x0c88,0x0b88,0x0988,0x0a88,0x0988,0x0888,0x0988,
      0x0888,0x0788,0x0688,0x0aa8,0x0898,0x0998,0x0698,0x0898,0x0798,0x0598,0x0788,0x0688,
      0x0588,0x0397,0x0779,0x0588,0x0489,0x0588,0x0488,0x0388,0x0488,0x0388,0x0388,0x0288,
      0x0388,0x0288,0x0188,0x0088,
    },
    {
      0x7d88,0x7896,0x7288,0x7788,0x7169,0x6b89,0x6788,0x6769,0x6569,0x5e69,0x5b89,0x5559,
      0x5469,0x5469,0x5259,0x6e59,0x515a,0x4d5a,0x4c5a,0x465a,0x6986,0x6495,0x5f88,0x5a98,
      0x5769,0x5e85,0x5596,0x5496,0x4c95,0x5298,0x4f89,0x4d69,0x4c69,0x4b59,0x5596,0x4b88,
      0x4896,0x3d95,0x4b6a,0x4789,0x495b,0x436a,0x4689,0x3c69,0x3a69,0x4898,0x4a69,0x4199,
      0x3d89,0x3d69,0x3a69,0x3869,0x4496,0x4296,0x3d98,0x3b98,0x3d68,0x3969,0x3789,0x3f96,
      0x3996,0x3886,0x3488,0x3995,0x32a5,0x2d65,0x2765,0x3e9a,0x376a,0x368a,0x3669,0x3389,
      0x3369,0x3789,0x3369,0x3189,0x3269,0x3069,0x3069,0x3069,0x2f69,0x2b6a,0x3489,0x2f69,
      0x3069,0x2f69,0x2f69,0x2d89,0x2b69,0x3498,0x3298,0x3289,0x2f88,0x2d99,0x2b99,0x2c89,
      0x2889,0x2e69,0x2d69,0x2c69,0x2b69,0x2869,0x2769,0x2569,0x236a,0x3096,0x2d96,0x2a98,
      0x2b88,0x2898,0x2698,0x2ba6,0x27a5,0x2796,0x2496,0x2598,0x2398,0x2398,0x2098,0x20a6,
      0x1e96,0x1f96,0x1c96,0x2988,0x2488,0x2169,0x2288,0x2069,0x1e86,0x1b65,0x1f88,0x1786,
      0x1f88,0x1e69,0x1d88,0x1686,0x2d8b,0x276c,0x239a,0x239a,0x1d6a,0x239a,0x1e69,0x1c99,
      0x148a,0x2099,0x1e99,0x1c99,0x18a9,0x1699,0x1c69,0x1969,0x1589,0x0e89,0x1b98,0x1a98,
      0x1a88,0x1889,0x1988,0x1788,0x1689,0x1569,0x15a9,0x1499,0x1499,0x1099,0x1389,0x1189,
      0x0b89,0x19a6,0x1798,0x1798,0x1898,0x1598,0x1398,0x1988,0x1588,0x1398,0x1198,0x1688,
      0x1488,0x1388,0x1188,0x1188,0x1088,0x0f88,0x0f88,0x0e88,0x11a8,0x0f98,0x0e99,0x0f99,
      0x0e98,0x0c99,0x0e89,0x0c98,0x0c89,0x0b88,0x0989,0x0789,0x16a6,0x1396,0x1996,0x0f96,
      0x0e96,0x0ea6,0x0c96,0x0b98,0x1186,0x0e88,0x0d96,0x0b96,0x0c98,0x0a98,0x0a98,0x0798,
      0x0f86,0x0d86,0x0c86,0x0d88,0x0a86,0x0c88,0x0b88,0x0988,0x0a88,0x0988,0x0888,0x0988,
      0x0888,0x0788,0x0688,0x0aa8,0x0898,0x0998,0x0698,0x0898,0x0798,0x0598,0x0788,0x0688,
      0x0588,0x0396,0x0769,0x0588,0x0489,0x0588,0x0488,0x0388,0x0488,0x0388,0x0388,0x0288,
      0x0388,0x0288,0x0188,0x0088,
    },
    {
      0x8188,0x7b96,0x7588,0x7b88,0x7569,0x6f89,0x6a88,0x6a69,0x6869,0x6169,0x5e89,0x5859,
      0x5669,0x5669,0x5459,0x7259,0x545a,0x4f5a,0x4e5a,0x485a,0x6c86,0x6795,0x6288,0x5d98,
      0x5a69,0x6185,0x5896,0x5796,0x4e95,0x5498,0x5289,0x4f69,0x4e69,0x4d59,0x5796,0x4d88,
      0x4a96,0x3f95,0x4e6a,0x4989,0x4b5b,0x456a,0x4889,0x3e69,0x3c69,0x4a98,0x4c69,0x4399,
      0x3f89,0x3f69,0x3c69,0x3969,0x4696,0x4496,0x3f98,0x3d98,0x3f68,0x3a69,0x3889,0x4196,
      0x3a96,0x3986,0x3688,0x3a95,0x33a5,0x2f65,0x2865,0x409a,0x396a,0x378a,0x3769,0x3589,
      0x3469,0x3889,0x3569,0x3289,0x3469,0x3269,0x3169,0x3169,0x3169,0x2d6a,0x3589,0x3069,
      0x3169,0x3169,0x3069,0x2f89,0x2c69,0x3698,0x3498,0x3389,0x3088,0x2e99,0x2c99,0x2d89,
      0x2989,0x2f69,0x2f69,0x2d69,0x2c69,0x2969,0x2869,0x2669,0x246a,0x3296,0x2f96,0x2b98,
      0x2d88,0x2998,0x2798,0x2da6,0x28a5,0x2896,0x2596,0x2698,0x2498,0x2498,0x2198,0x21a6,
      0x1f96,0x2096,0x1d96,0x2b88,0x2588,0x2269,0x2388,0x2169,0x1f86,0x1c65,0x2088,0x1886,
      0x2088,0x1f69,0x1e88,0x1786,0x2e8b,0x286c,0x249a,0x249a,0x1e6a,0x249a,0x1f69,0x1d99,
      0x158a,0x2199,0x1f99,0x1d99,0x18a9,0x1799,0x1d69,0x1a69,0x1689,0x0f89,0x1c98,0x1b98,
      0x1b88,0x1889,0x1a88,0x1888,0x1689,0x1569,0x16a9,0x1499,0x1599,0x1099,0x1389,0x1189,
      0x0c89,0x1aa6,0x1898,0x1798,0x1898,0x1698,0x1498,0x1a88,0x1688,0x1398,0x1198,0x1688,
      0x1488,0x1388,0x1288,0x1288,0x1088,0x1088,0x0f88,0x0f88,0x12a8,0x0f98,0x0f99,0x1099,
      0x0e98,0x0c99,0x0e89,0x0c98,0x0d89,0x0b88,0x0a89,0x0789,0x16a6,0x1396,0x1a96,0x1096,
      0x0e96,0x0ea6,0x0c96,0x0c98,0x1186,0x0e88,0x0d96,0x0c96,0x0c98,0x0b98,0x0a98,0x0798,
      0x0f86,0x0d86,0x0c86,0x0d88,0x0a86,0x0c88,0x0b88,0x0a88,0x0b88,0x0a88,0x0888,0x0a88,
      0x0988,0x0788,0x0688,0x0aa8,0x0898,0x0998,0x0698,0x0998,0x0798,0x0598,0x0788,0x0688,
      0x0588,0x0396,0x0769,0x0588,0x0489,0x0588,0x0488,0x0388,0x0488,0x0388,0x0388,0x0288,
      0x0388,0x0288,0x0188,0x0088,
    },
    {
      0x8488,0x7f96,0x7988,0x7e88,0x7869,0x7289,0x6d88,0x6d69,0x6b69,0x6469,0x6089,0x5a59,
      0x5969,0x5969,0x5759,0x7559,0x565a,0x515a,0x505a,0x4a5a,0x7086,0x6a95,0x6588,0x6098,
      0x5c69,0x6485,0x5a96,0x5996,0x5095,0x5798,0x5489,0x5169,0x5069,0x4f59,0x5a96,0x4f88,
      0x4c96,0x4195,0x506a,0x4b89,0x4d5b,0x476a,0x4a89,0x3f69,0x3d69,0x4d98,0x4e69,0x4599,
      0x4189,0x4169,0x3d69,0x3b69,0x4896,0x4696,0x4198,0x3e98,0x4168,0x3c69,0x3a89,0x4396,
      0x3c96,0x3b86,0x3788,0x3c95,0x35a5,0x3065,0x2965,0x429a,0x3b6a,0x398a,0x3969,0x3689,
      0x3669,0x3a89,0x3669,0x3489,0x3569,0x3369,0x3369,0x3369,0x3269,0x2e6a,0x3789,0x3269,
      0x3369,0x3269,0x3269,0x3089,0x2d69,0x3798,0x3598,0x3589,0x3288,0x3099,0x2d99,0x2e89,
      0x2a89,0x3169,0x3069,0x2e69,0x2d69,0x2b69,0x2969,0x2769,0x256a,0x3396,0x3096,0x2c98,
      0x2e88,0x2a98,0x2898,0x2ea6,0x29a5,0x2a96,0x2696,0x2798,0x2598,0x2598,0x2298,0x22a6,
      0x2096,0x2196,0x1e96,0x2c88,0x2688,0x2369,0x2488,0x2269,0x2086,0x1d65,0x2188,0x1986,
      0x2188,0x2069,0x1f88,0x1886,0x308b,0x2a6c,0x259a,0x259a,0x1f6a,0x259a,0x2069,0x1e99,
      0x158a,0x2299,0x2099,0x1e99,0x19a9,0x1899,0x1e69,0x1a69,0x1689,0x0f89,0x1c98,0x1b98,
      0x1c88,0x1989,0x1b88,0x1988,0x1789,0x1669,0x16a9,0x1599,0x1599,0x1199,0x1489,0x1289,
      0x0c89,0x1aa6,0x1998,0x1898,0x1998,0x1698,0x1498,0x1b88,0x1688,0x1498,0x1298,0x1788,
      0x1588,0x1488,0x1288,0x1288,0x1188,0x1088,0x1088,0x0f88,0x12a8,0x1098,0x0f99,0x1099,
      0x0f98,0x0d99,0x0f89,0x0d98,0x0d89,0x0b88,0x0a89,0x0789,0x17a6,0x1496,0x1a96,0x1096,
      0x0f96,0x0fa6,0x0d96,0x0c98,0x1286,0x0f88,0x0e96,0x0c96,0x0d98,0x0b98,0x0a98,0x0798,
      0x1086,0x0e86,0x0d86,0x0e88,0x0a86,0x0d88,0x0b88,0x0a88,0x0b88,0x0a88,0x0888,0x0a88,
      0x0988,0x0888,0x0788,0x0aa8,0x0898,0x0998,0x0798,0x0998,0x0798,0x0598,0x0888,0x0688,
      0x0588,0x0396,0x0769,0x0588,0x0489,0x0588,0x0488,0x0388,0x0488,0x0388,0x0388,0x0288,
      0x0388,0x0288,0x0188,0x0088,
    },
    {
      0x8888,0x8396,0x7c88,0x8288,0x7c69,0x7589,0x7188,0x7169,0x6e69,0x6769,0x6389,0x5d59,
      0x5b69,0x5b69,0x5959,0x7859,0x595a,0x545a,0x535a,0x4d5a,0x7386,0x6d95,0x6888,0x6298,
      0x5f69,0x6785,0x5d96,0x5c96,0x5395,0x5998,0x5789,0x5469,0x5369,0x5259,0x5c96,0x5288,
      0x4e96,0x4395,0x526a,0x4e89,0x4f5b,0x496a,0x4c89,0x4169,0x3f69,0x4f98,0x5069,0x4799,
      0x4389,0x4269,0x3f69,0x3d69,0x4a96,0x4896,0x4398,0x4098,0x4368,0x3e69,0x3c89,0x4596,
      0x3e96,0x3d86,0x3988,0x3e95,0x36a5,0x3265,0x2a65,0x449a,0x3c6a,0x3b8a,0x3b69,0x3889,
      0x3769,0x3c89,0x3869,0x3589,0x3769,0x3569,0x3469,0x3469,0x3469,0x2f6a,0x3889,0x3369,
      0x3469,0x3469,0x3369,0x3289,0x2f69,0x3998,0x3798,0x3689,0x3388,0x3199,0x2f99,0x3089,
      0x2b89,0x3269,0x3269,0x3069,0x2f69,0x2c69,0x2a69,0x2969,0x266a,0x3596,0x3296,0x2e98,
      0x2f88,0x2b98,0x2998,0x2fa6,0x2aa5,0x2b96,0x2796,0x2998,0x2698,0x2698,0x2398,0x23a6,
      0x2196,0x2296,0x1e96,0x2d88,0x2788,0x2469,0x2588,0x2369,0x2186,0x1e65,0x2288,0x1986,
      0x2288,0x2169,0x2088,0x1886,0x318b,0x2b6c,0x269a,0x269a,0x206a,0x269a,0x2169,0x1e99,
      0x168a,0x2399,0x2199,0x1e99,0x1aa9,0x1899,0x1e69,0x1b69,0x1789,0x1089,0x1d98,0x1c98,
      0x1d88,0x1a89,0x1c88,0x1988,0x1889,0x1769,0x17a9,0x1599,0x1699,0x1199,0x1489,0x1289,
      0x0c89,0x1ba6,0x1998,0x1998,0x1a98,0x1798,0x1598,0x1c88,0x1788,0x1498,0x1298,0x1888,
      0x1588,0x1488,0x1388,0x1388,0x1188,0x1188,0x1088,0x1088,0x13a8,0x1098,0x1099,0x1199,
      0x0f98,0x0d99,0x0f89,0x0d98,0x0e89,0x0c88,0x0a89,0x0789,0x18a6,0x1496,0x1b96,0x1196,
      0x0f96,0x0fa6,0x0d96,0x0c98,0x1286,0x0f88,0x0e96,0x0c96,0x0d98,0x0b98,0x0b98,0x0798,
      0x1086,0x0e86,0x0d86,0x0e88,0x0b86,0x0d88,0x0c88,0x0a88,0x0b88,0x0a88,0x0888,0x0a88,
      0x0988,0x0888,0x0788,0x0ba8,0x0898,0x0a98,0x0798,0x0998,0x0798,0x0598,0x0888,0x0688,
      0x0688,0x0396,0x0769,0x0688,0x0589,0x0688,0x0588,0x0388,0x0588,0x0388,0x0388,0x0288,
      0x0388,0x0288,0x0188,0x0088,
    },
    {
      0x8c88,0x8696,0x8088,0x8688,0x7f69,0x7889,0x7488,0x7469,0x7169,0x6a69,0x6689,0x5f59,
      0x5e69,0x5e69,0x5c59,0x7c59,0x5b5a,0x565a,0x555a,0x4f5a,0x7686,0x7095,0x6b88,0x6598,
      0x6269,0x6a85,0x5f96,0x5e96,0x5595,0x5c98,0x5989,0x5669,0x5569,0x5459,0x5f96,0x5488,
      0x5096,0x4595,0x546a,0x5089,0x525b,0x4b6a,0x4e89,0x4369,0x4169,0x5198,0x5369,0x4999,
      0x4589,0x4469,0x4169,0x3e69,0x4c96,0x4a96,0x4598,0x4298,0x4568,0x4069,0x3d89,0x4796,
      0x4096,0x3e86,0x3a88,0x4095,0x38a5,0x3365,0x2b65,0x469a,0x3e6a,0x3c8a,0x3c69,0x3989,
      0x3969,0x3d89,0x3969,0x3789,0x3869,0x3669,0x3669,0x3669,0x3569,0x316a,0x3a89,0x3569,
      0x3669,0x3569,0x3569,0x3389,0x3069,0x3a98,0x3898,0x3889,0x3588,0x3299,0x3099,0x3189,
      0x2d89,0x3369,0x3369,0x3169,0x3069,0x2d69,0x2b69,0x2a69,0x276a,0x3696,0x3396,0x2f98,
      0x3188,0x2d98,0x2a98,0x31a6,0x2ba5,0x2c96,0x2896,0x2a98,0x2798,0x2798,0x2498,0x24a6,
      0x2296,0x2396,0x1f96,0x2e88,0x2888,0x2569,0x2688,0x2469,0x2286,0x1f65,0x2388,0x1a86,
      0x2388,0x2269,0x2088,0x1986,0x328b,0x2c6c,0x279a,0x279a,0x206a,0x279a,0x2269,0x1f99,
      0x178a,0x2499,0x2299,0x1f99,0x1ba9,0x1999,0x1f69,0x1c69,0x1889,0x1089,0x1e98,0x1d98,
      0x1d88,0x1b89,0x1c88,0x1a88,0x1889,0x1769,0x18a9,0x1699,0x1799,0x1299,0x1589,0x1389,
      0x0d89,0x1ca6,0x1a98,0x1998,0x1b98,0x1898,0x1598,0x1c88,0x1888,0x1598,0x1398,0x1888,
      0x1688,0x1588,0x1388,0x1388,0x1288,0x1188,0x1188,0x1088,0x13a8,0x1198,0x1099,0x1199,
      0x1098,0x0d99,0x1089,0x0d98,0x0e89,0x0c88,0x0a89,0x0889,0x18a6,0x1596,0x1c96,0x1196,
      0x1096,0x10a6,0x0d96,0x0d98,0x1386,0x1088,0x0e96,0x0d96,0x0d98,0x0c98,0x0b98,0x0898,
      0x1186,0x0e86,0x0d86,0x0e88,0x0b86,0x0d88,0x0c88,0x0a88,0x0c88,0x0a88,0x0988,0x0a88,
      0x0988,0x0888,0x0788,0x0ba8,0x0998,0x0a98,0x0798,0x0998,0x0898,0x0598,0x0888,0x0688,
      0x0688,0x0396,0x0869,0x0688,0x0589,0x0688,0x0588,0x0388,0x0588,0x0388,0x0388,0x0288,
      0x0388,0x0288,0x0188,0x0088,
    },
    {
      0x9088,0x8a96,0x8388,0x8988,0x8369,0x7c89,0x7788,0x7769,0x7469,0x6d69,0x6989,0x6259,
      0x6069,0x6069,0x5e59,0x7f59,0x5e5a,0x585a,0x575a,0x515a,0x7986,0x7395,0x6e88,0x6898,
      0x6469,0x6d85,0x6296,0x6196,0x5795,0x5e98,0x5b89,0x5869,0x5769,0x5659,0x6196,0x5688,
      0x5396,0x4795,0x576a,0x5289,0x545c,0x4d6a,0x5089,0x4569,0x4369,0x5398,0x5569,0x4b99,
      0x4789,0x4669,0x4369,0x4069,0x4e96,0x4c96,0x4798,0x4498,0x4768,0x4169,0x3f89,0x4996,
      0x4196,0x4086,0x3c88,0x4195,0x39a5,0x3465,0x2d65,0x489a,0x406a,0x3e8a,0x3e69,0x3b89,
      0x3a69,0x3f89,0x3b69,0x3889,0x3a69,0x3869,0x3769,0x3769,0x3769,0x326a,0x3b89,0x3669,
      0x3769,0x3769,0x3669,0x3489,0x3169,0x3c98,0x3a98,0x3989,0x3688,0x3499,0x3199,0x3289,
      0x2e89,0x3569,0x3469,0x3269,0x3169,0x2e69,0x2d69,0x2b69,0x286a,0x3896,0x3496,0x3098,
      0x3288,0x2e98,0x2b98,0x32a6,0x2da5,0x2d96,0x2996,0x2b98,0x2898,0x2898,0x2598,0x25a6,
      0x2296,0x2496,0x2096,0x3088,0x2988,0x2669,0x2788,0x2569,0x2386,0x1f65,0x2488,0x1b86,
      0x2488,0x2369,0x2188,0x1a86,0x348b,0x2d6c,0x289a,0x289a,0x216a,0x289a,0x2269,0x2099,
      0x178a,0x2599,0x2299,0x2099,0x1ba9,0x1a99,0x2069,0x1d69,0x1889,0x1189,0x1f98,0x1e98,
      0x1e88,0x1b89,0x1d88,0x1b88,0x1989,0x1869,0x18a9,0x1799,0x1799,0x1299,0x1589,0x1389,
      0x0d89,0x1da6,0x1b98,0x1a98,0x1b98,0x1898,0x1698,0x1d88,0x1888,0x1598,0x1398,0x1988,
      0x1788,0x1588,0x1488,0x1488,0x1288,0x1288,0x1188,0x1188,0x14a8,0x1198,0x1199,0x1299,
      0x1098,0x0e99,0x1089,0x0e98,0x0e89,0x0c88,0x0b89,0x0889,0x19a6,0x1596,0x1d96,0x1296,
      0x1096,0x10a6,0x0e96,0x0d98,0x1386,0x1088,0x0f96,0x0d96,0x0e98,0x0c98,0x0b98,0x0898,
      0x1186,0x0f86,0x0e86,0x0f88,0x0b86,0x0e88,0x0c88,0x0b88,0x0c88,0x0b88,0x0988,0x0b88,
      0x0a88,0x0888,0x0788,0x0ba8,0x0998,0x0a98,0x0798,0x0a98,0x0898,0x0598,0x0888,0x0788,
      0x0688,0x0496,0x0869,0x0688,0x0589,0x0688,0x0588,0x0388,0x0588,0x0488,0x0388,0x0288,
      0x0388,0x0288,0x0188,0x0088,
    },
    {
      0x9388,0x8d96,0x8788,0x8d88,0x8669,0x7f89,0x7a88,0x7a69,0x7769,0x7069,0x6b89,0x6559,
      0x6369,0x6369,0x6159,0x8259,0x605a,0x5b5a,0x5a5a,0x535a,0x7c86,0x7695,0x7188,0x6b98,
      0x6769,0x7085,0x6596,0x6396,0x5a95,0x6198,0x5e89,0x5b69,0x5a69,0x5859,0x6496,0x5888,
      0x5596,0x4995,0x596a,0x5489,0x565c,0x4f6a,0x5289,0x4769,0x4469,0x5598,0x5769,0x4d99,
      0x4989,0x4869,0x4469,0x4269,0x5096,0x4e96,0x4998,0x4598,0x4968,0x4369,0x4189,0x4b96,
      0x4396,0x4286,0x3e88,0x4395,0x3ba5,0x3665,0x2e65,0x4a9a,0x416a,0x3f8a,0x3f69,0x3c89,
      0x3c69,0x4189,0x3c69,0x3a89,0x3b69,0x3969,0x3969,0x3969,0x3869,0x336a,0x3d89,0x3769,
      0x3969,0x3869,0x3769,0x3689,0x3369,0x3e98,0x3b98,0x3b89,0x3788,0x3599,0x3399,0x3489,
      0x2f89,0x3669,0x3669,0x3469,0x3369,0x3069,0x2e69,0x2c69,0x296a,0x3996,0x3696,0x3198,
      0x3388,0x2f98,0x2c98,0x33a6,0x2ea5,0x2e96,0x2a96,0x2c98,0x2998,0x2998,0x2698,0x26a6,
      0x2396,0x2596,0x2196,0x3188,0x2a88,0x2769,0x2888,0x2669,0x2486,0x2065,0x2588,0x1b86,
      0x2588,0x2469,0x2288,0x1a86,0x358b,0x2e6c,0x299a,0x299a,0x226a,0x299a,0x2369,0x2199,
      0x188a,0x2699,0x2399,0x2199,0x1ca9,0x1a99,0x2169,0x1d69,0x1989,0x1189,0x2098,0x1e98,
      0x1f88,0x1c89,0x1e88,0x1b88,0x1a89,0x1869,0x19a9,0x1799,0x1899,0x1399,0x1689,0x1489,
      0x0d89,0x1da6,0x1b98,0x1b98,0x1c98,0x1998,0x1798,0x1e88,0x1988,0x1698,0x1498,0x1a88,
      0x1788,0x1688,0x1488,0x1488,0x1388,0x1288,0x1288,0x1188,0x14a8,0x1298,0x1199,0x1299,
      0x1098,0x0e99,0x1089,0x0e98,0x0f89,0x0d88,0x0b89,0x0889,0x1aa6,0x1696,0x1d96,0x1296,
      0x1096,0x10a6,0x0e96,0x0d98,0x1486,0x1088,0x0f96,0x0d96,0x0e98,0x0c98,0x0c98,0x0898,
      0x1286,0x0f86,0x0e86,0x0f88,0x0c86,0x0e88,0x0d88,0x0b88,0x0c88,0x0b88,0x0988,0x0b88,
      0x0a88,0x0988,0x0788,0x0ca8,0x0998,0x0a98,0x0798,0x0a98,0x0898,0x0598,0x0988,0x0788,
      0x0688,0x0496,0x0869,0x0688,0x0589,0x0688,0x0588,0x0388,0x0588,0x0488,0x0388,0x0288,
      0x0388,0x0288,0x0188,0x0088,
    },
    {
      0x9788,0x9196,0x8a88,0x9088,0x8a69,0x8289,0x7d88,0x7d69,0x7a69,0x7269,0x6e89,0x6759,
      0x6569,0x6569,0x6359,0x8659,0x635a,0x5d5a,0x5c5a,0x555a,0x8086,0x7995,0x7488,0x6d98,
      0x6a69,0x7285,0x6796,0x6696,0x5c95,0x6398,0x6089,0x5d69,0x5c69,0x5b59,0x6796,0x5b88,
      0x5796,0x4a95,0x5b6a,0x5689,0x585c,0x516a,0x5489,0x4969,0x4669,0x5898,0x5969,0x4f99,
      0x4a89,0x4a69,0x4669,0x4469,0x5396,0x5096,0x4a98,0x4798,0x4a68,0x4569,0x4289,0x4d96,
      0x4596,0x4486,0x3f88,0x4595,0x3ca5,0x3765,0x2f65,0x4c9b,0x436b,0x418a,0x4169,0x3e89,
      0x3d69,0x4289,0x3e69,0x3b89,0x3d69,0x3b69,0x3a69,0x3a69,0x3a69,0x356a,0x3f89,0x3969,
      0x3a69,0x3a69,0x3969,0x3789,0x3469,0x3f98,0x3d98,0x3c89,0x3988,0x3699,0x3499,0x3589,
      0x3089,0x3869,0x3769,0x3569,0x3469,0x3169,0x2f69,0x2d69,0x2b6a,0x3b96,0x3796,0x3398,
      0x3588,0x3098,0x2e98,0x35a6,0x2fa5,0x3096,0x2b96,0x2d98,0x2a98,0x2a98,0x2798,0x27a6,
      0x2496,0x2696,0x2296,0x3288,0x2b88,0x2869,0x2988,0x2769,0x2586,0x2165,0x2688,0x1c86,
      0x2688,0x2569,0x2388,0x1b86,0x368b,0x306c,0x2b9b,0x2b9a,0x236b,0x2b9a,0x2469,0x2299,
      0x188a,0x2799,0x2499,0x2299,0x1da9,0x1b99,0x2269,0x1e69,0x1a89,0x1289,0x2198,0x1f98,
      0x2088,0x1d89,0x1f88,0x1c88,0x1a89,0x1969,0x1aa9,0x1899,0x1899,0x1399,0x1789,0x1489,
      0x0e89,0x1ea6,0x1c98,0x1c98,0x1d98,0x1a98,0x1798,0x1f88,0x1a88,0x1798,0x1498,0x1a88,
      0x1888,0x1788,0x1588,0x1588,0x1388,0x1388,0x1288,0x1288,0x15a8,0x1298,0x1299,0x1399,
      0x1198,0x0e99,0x1189,0x0e98,0x0f89,0x0d88,0x0b89,0x0889,0x1aa6,0x1796,0x1e96,0x1396,
      0x1196,0x11a6,0x0e96,0x0e98,0x1486,0x1188,0x1096,0x0e96,0x0e98,0x0d98,0x0c98,0x0898,
      0x1286,0x1086,0x0e86,0x1088,0x0c86,0x0e88,0x0d88,0x0b88,0x0d88,0x0b88,0x0988,0x0b88,
      0x0a88,0x0988,0x0888,0x0ca8,0x0998,0x0b98,0x0898,0x0a98,0x0898,0x0698,0x0988,0x0788,
      0x0688,0x0496,0x0869,0x0688,0x0589,0x0688,0x0588,0x0388,0x0588,0x0488,0x0388,0x0388,
      0x0388,0x0288,0x0188,0x0088,
    },
    {
      0x9b88,0x9596,0x8e88,0x9488,0x8d69,0x8589,0x8088,0x8069,0x7d69,0x7569,0x7189,0x6a59,
      0x6869,0x6869,0x6659,0x8949,0x655a,0x5f5a,0x5e5a,0x575a,0x8386,0x7c95,0x7788,0x7098,
      0x6c69,0x7585,0x6a96,0x6896,0x5e95,0x6698,0x6389,0x5f69,0x5e69,0x5d59,0x6996,0x5d88,
      0x5996,0x4c94,0x5e6a,0x5889,0x5a4c,0x536a,0x5689,0x4a69,0x4869,0x5a98,0x5c69,0x5199,
      0x4c89,0x4c69,0x4869,0x4569,0x5596,0x5296,0x4c98,0x4998,0x4c68,0x4669,0x4489,0x4f96,
      0x4696,0x4586,0x4188,0x4695,0x3ea5,0x3864,0x3065,0x4e9b,0x456b,0x438a,0x4369,0x3f89,
      0x3f69,0x4489,0x3f69,0x3d89,0x3e69,0x3c69,0x3c69,0x3c69,0x3b69,0x366a,0x4089,0x3a69,
      0x3c69,0x3b69,0x3a69,0x3889,0x3569,0x4198,0x3e98,0x3e89,0x3a88,0x3899,0x3599,0x3689,
      0x3189,0x3969,0x3869,0x3669,0x3569,0x3269,0x3069,0x2e69,0x2c6a,0x3c96,0x3896,0x3498,
      0x3688,0x3198,0x2f98,0x36a6,0x30a5,0x3196,0x2c96,0x2e98,0x2b98,0x2b98,0x2898,0x28a6,
      0x2596,0x2696,0x2396,0x3388,0x2c88,0x2969,0x2a88,0x2869,0x2686,0x2265,0x2788,0x1d86,
      0x2788,0x2669,0x2488,0x1c86,0x388b,0x316c,0x2c9b,0x2c9a,0x246b,0x2c9a,0x2569,0x2399,
      0x198a,0x2899,0x2599,0x2399,0x1da9,0x1c99,0x2369,0x1f69,0x1a89,0x1289,0x2198,0x2098,
      0x2188,0x1d89,0x1f88,0x1d88,0x1b89,0x1a69,0x1aa9,0x1899,0x1999,0x1499,0x1789,0x1589,
      0x0e89,0x1fa6,0x1d98,0x1c98,0x1d98,0x1a98,0x1898,0x1f88,0x1a88,0x1798,0x1598,0x1b88,
      0x1888,0x1788,0x1588,0x1588,0x1488,0x1388,0x1388,0x1288,0x15a8,0x1398,0x1299,0x1399,
      0x1198,0x0f99,0x1189,0x0f98,0x0f89,0x0d88,0x0c89,0x0889,0x1ba6,0x1796,0x1f96,0x1396,
      0x1196,0x11a6,0x0f96,0x0e98,0x1586,0x1188,0x1096,0x0e96,0x0f98,0x0d98,0x0c98,0x0898,
      0x1386,0x1086,0x0f86,0x1088,0x0c86,0x0f88,0x0d88,0x0c88,0x0d88,0x0c88,0x0a88,0x0c88,
      0x0a88,0x0988,0x0888,0x0ca8,0x0a98,0x0b98,0x0898,0x0a98,0x0898,0x0698,0x0988,0x0788,
      0x0688,0x0496,0x0869,0x0688,0x0589,0x0688,0x0588,0x0388,0x0588,0x0488,0x0388,0x0388,
      0x0388,0x0288,0x0188,0x0088,
    },
    {
      0x9f88,0x9896,0x9188,0x9888,0x9069,0x8989,0x8388,0x8369,0x8069,0x7869,0x7489,0x6c59,
      0x6a69,0x6a69,0x6859,0x8c49,0x685a,0x625a,0x605a,0x595a,0x8686,0x7f95,0x7988,0x7398,
      0x6f69,0x7885,0x6c96,0x6b96,0x6095,0x6898,0x6589,0x6269,0x6069,0x5f59,0x6c96,0x5f88,
      0x5b96,0x4e94,0x606a,0x5b89,0x5d4c,0x556a,0x5989,0x4c69,0x4a69,0x5c98,0x5e69,0x5399,
      0x4e89,0x4d69,0x4a69,0x4769,0x5796,0x5496,0x4e98,0x4b98,0x4e68,0x4869,0x4689,0x5196,
      0x4896,0x4786,0x4288,0x4895,0x3fa5,0x3a64,0x3165,0x4f9b,0x466b,0x448a,0x4469,0x4189,
      0x4069,0x4689,0x4169,0x3e89,0x4069,0x3e69,0x3d69,0x3d69,0x3c69,0x376a,0x4289,0x3c69,
      0x3d69,0x3c69,0x3c69,0x3a89,0x3669,0x4298,0x4098,0x3f89,0x3c88,0x3999,0x3699,0x3889,
      0x3389,0x3a69,0x3a69,0x3869,0x3669,0x3369,0x3169,0x2f69,0x2d6a,0x3e96,0x3a96,0x3598,
      0x3788,0x3398,0x3098,0x37a6,0x31a5,0x3296,0x2d96,0x2f98,0x2c98,0x2c98,0x2998,0x29a6,
      0x2696,0x2796,0x2396,0x3588,0x2d88,0x2a69,0x2b88,0x2969,0x2786,0x2365,0x2888,0x1e86,
      0x2888,0x2769,0x2588,0x1c86,0x398b,0x326d,0x2d9b,0x2d9a,0x256b,0x2d9a,0x2669,0x2399,
      0x1a8a,0x2999,0x2699,0x2399,0x1ea9,0x1c99,0x2369,0x2069,0x1b89,0x1289,0x2298,0x2198,
      0x2188,0x1e89,0x2088,0x1e88,0x1c89,0x1a69,0x1ba9,0x1999,0x1a99,0x1499,0x1889,0x1589,
      0x0e89,0x20a6,0x1e98,0x1d98,0x1e98,0x1b98,0x1898,0x2088,0x1b88,0x1898,0x1598,0x1c88,
      0x1988,0x1888,0x1688,0x1688,0x1488,0x1488,0x1388,0x1288,0x16a8,0x1398,0x1299,0x1499,
      0x1298,0x0f99,0x1289,0x0f98,0x1089,0x0e88,0x0c89,0x0989,0x1ca6,0x1896,0x2096,0x1496,
      0x1296,0x12a6,0x0f96,0x0e98,0x1586,0x1288,0x1096,0x0e96,0x0f98,0x0d98,0x0c98,0x0998,
      0x1386,0x1086,0x0f86,0x1088,0x0c86,0x0f88,0x0e88,0x0c88,0x0d88,0x0c88,0x0a88,0x0c88,
      0x0b88,0x0988,0x0888,0x0ca8,0x0a98,0x0b98,0x0898,0x0b98,0x0998,0x0698,0x0988,0x0788,
      0x0788,0x0496,0x0969,0x0788,0x0589,0x0788,0x0588,0x0388,0x0588,0x0488,0x0388,0x0388,
      0x0388,0x0288,0x0188,0x0088,
    },
    {
      0xa388,0x9c96,0x9488,0x9b88,0x9469,0x8c89,0x8688,0x8669,0x8369,0x7b69,0x7689,0x6f59,
      0x6d69,0x6d69,0x6b59,0x9049,0x6a5a,0x645a,0x635a,0x5b5a,0x8986,0x8295,0x7c88,0x7698,
      0x7269,0x7b85,0x6f96,0x6e96,0x6395,0x6b98,0x6789,0x6469,0x6369,0x6159,0x6e96,0x6188,
      0x5d96,0x5094,0x626a,0x5d89,0x5f4c,0x576a,0x5b89,0x4e69,0x4b69,0x5e98,0x6069,0x5599,
      0x5089,0x4f69,0x4b69,0x4969,0x5996,0x5696,0x5098,0x4d98,0x5068,0x4a69,0x4789,0x5396,
      0x4a96,0x4986,0x4488,0x4a95,0x41a5,0x3b64,0x3265,0x519b,0x486b,0x468a,0x4669,0x4389,
      0x4269,0x4789,0x4369,0x4089,0x4169,0x3f69,0x3e69,0x3e69,0x3e69,0x386a,0x4389,0x3d69,
      0x3e69,0x3e69,0x3d69,0x3b89,0x3869,0x4498,0x4198,0x4189,0x3d88,0x3a99,0x3899,0x3989,
      0x3489,0x3c69,0x3b69,0x3969,0x3869,0x3469,0x3269,0x3069,0x2e6a,0x3f96,0x3b96,0x3698,
      0x3888,0x3498,0x3198,0x38a6,0x32a5,0x3396,0x2e96,0x3098,0x2d98,0x2d98,0x2a98,0x2aa6,
      0x2796,0x2896,0x2496,0x3688,0x2e88,0x2b69,0x2c88,0x2a69,0x2886,0x2465,0x2988,0x1e86,
      0x2988,0x2869,0x2688,0x1d86,0x3a8b,0x336d,0x2e9b,0x2e9a,0x266b,0x2e9a,0x2769,0x2499,
      0x1a8a,0x2a99,0x2799,0x2499,0x1fa9,0x1d99,0x2469,0x2069,0x1c89,0x1389,0x2398,0x2298,
      0x2288,0x1f89,0x2188,0x1e88,0x1c89,0x1b69,0x1ca9,0x1a99,0x1a99,0x1599,0x1889,0x1689,
      0x0f89,0x20a6,0x1e98,0x1e98,0x1f98,0x1c98,0x1998,0x2188,0x1c88,0x1898,0x1698,0x1c88,
      0x1a88,0x1888,0x1688,0x1688,0x1588,0x1488,0x1388,0x1388,0x16a8,0x1398,0x1399,0x1499,
      0x1298,0x0f99,0x1289,0x0f98,0x1089,0x0e88,0x0c89,0x0989,0x1ca6,0x1896,0x2096,0x1496,
      0x1296,0x12a6,0x0f96,0x0f98,0x1686,0x1288,0x1196,0x0f96,0x0f98,0x0d98,0x0d98,0x0998,
      0x1386,0x1186,0x0f86,0x1188,0x0d86,0x0f88,0x0e88,0x0c88,0x0d88,0x0c88,0x0a88,0x0c88,
      0x0b88,0x0988,0x0888,0x0da8,0x0a98,0x0b98,0x0898,0x0b98,0x0998,0x0698,0x0988,0x0788,
      0x0788,0x0496,0x0969,0x0788,0x0589,0x0788,0x0588,0x0388,0x0588,0x0488,0x0388,0x0388,
      0x0388,0x0288,0x0188,0x0088,
    },
    {
      0xa688,0xa096,0x9888,0x9f88,0x9769,0x8f89,0x8a88,0x8a69,0x8669,0x7e69,0x7989,0x7159,
      0x6f69,0x6f69,0x6d59,0x9349,0x6d5a,0x665a,0x655a,0x5e5a,0x8c86,0x8595,0x7f88,0x7898,
      0x7469,0x7e85,0x7196,0x7096,0x6595,0x6d98,0x6a89,0x6669,0x6569,0x6459,0x7196,0x6488,
      0x6096,0x5294,0x646a,0x5f89,0x614c,0x596a,0x5d89,0x5069,0x4d69,0x6098,0x6269,0x5799,
      0x5289,0x5169,0x4d69,0x4a69,0x5b96,0x5896,0x5298,0x4e98,0x5268,0x4c69,0x4989,0x5596,
      0x4c96,0x4a86,0x4588,0x4c95,0x42a5,0x3d64,0x3465,0x539b,0x4a6b,0x488a,0x4869,0x4489,
      0x4369,0x4989,0x4469,0x4189,0x4369,0x4169,0x4069,0x4069,0x3f69,0x3a6a,0x4589,0x3f69,
      0x4069,0x3f69,0x3f69,0x3d89,0x3969,0x4598,0x4398,0x4289,0x3f88,0x3c99,0x3999,0x3a89,
      0x3589,0x3d69,0x3d69,0x3a69,0x3969,0x3669,0x3469,0x3269,0x2f6a,0x4196,0x3d96,0x3898,
      0x3a88,0x3598,0x3298,0x3aa6,0x34a5,0x3496,0x2f96,0x3298,0x2e98,0x2e98,0x2b98,0x2ba6,
      0x2896,0x2996,0x2596,0x3788,0x2f88,0x2c69,0x2d88,0x2b69,0x2986,0x2465,0x2a88,0x1f86,
      0x2a88,0x2969,0x2788,0x1e86,0x3c8b,0x346d,0x2f9b,0x2f9a,0x276b,0x2f9a,0x2869,0x2599,
      0x1b8a,0x2b99,0x2899,0x2599,0x20a9,0x1e99,0x2569,0x2169,0x1c89,0x1389,0x2498,0x2298,
      0x2388,0x2089,0x2288,0x1f88,0x1d89,0x1c69,0x1ca9,0x1a99,0x1b99,0x1599,0x1989,0x1689,
      0x0f89,0x21a6,0x1f98,0x1e98,0x2098,0x1c98,0x1998,0x2288,0x1c88,0x1998,0x1698,0x1d88,
      0x1a88,0x1988,0x1788,0x1788,0x1588,0x1588,0x1488,0x1388,0x17a8,0x1498,0x1399,0x1599,
      0x1398,0x1099,0x1389,0x1098,0x1189,0x0e88,0x0c89,0x0989,0x1da6,0x1996,0x2196,0x1596,
      0x1396,0x13a6,0x1096,0x0f98,0x1686,0x1388,0x1196,0x0f96,0x1098,0x0e98,0x0d98,0x0998,
      0x1486,0x1186,0x1086,0x1188,0x0d86,0x1088,0x0e88,0x0c88,0x0e88,0x0c88,0x0a88,0x0c88,
      0x0b88,0x0a88,0x0888,0x0da8,0x0a98,0x0c98,0x0898,0x0b98,0x0998,0x0698,0x0a88,0x0888,
      0x0788,0x0496,0x0969,0x0788,0x0689,0x0788,0x0688,0x0388,0x0688,0x0488,0x0388,0x0388,
      0x0388,0x0288,0x0188,0x0088,
    },
    {
      0xaa88,0xa396,0x9b88,0xa288,0x9b69,0x9289,0x8d88,0x8d69,0x8969,0x8169,0x7c89,0x7459,
      0x7269,0x7269,0x7059,0x9649,0x6f5a,0x695a,0x675a,0x605a,0x8f86,0x8895,0x8288,0x7b98,
      0x7769,0x8185,0x7496,0x7396,0x6795,0x7098,0x6c89,0x6969,0x6769,0x6659,0x7396,0x6688,
      0x6296,0x5494,0x676a,0x6189,0x634c,0x5b6a,0x5f89,0x5269,0x4f69,0x6298,0x6569,0x5999,
      0x5489,0x5369,0x4f69,0x4c69,0x5d96,0x5a96,0x5498,0x5098,0x5468,0x4d69,0x4b89,0x5696,
      0x4d96,0x4c86,0x4788,0x4d95,0x44a5,0x3e64,0x3565,0x559b,0x4b6b,0x498a,0x4969,0x4689,
      0x4569,0x4b89,0x4669,0x4389,0x4469,0x4269,0x4169,0x4169,0x4169,0x3b6a,0x4689,0x4069,
      0x4169,0x4169,0x4069,0x3e89,0x3a69,0x4798,0x4498,0x4489,0x4088,0x3d99,0x3a99,0x3c89,
      0x3689,0x3f69,0x3e69,0x3c69,0x3a69,0x3769,0x3569,0x3369,0x306a,0x4296,0x3e96,0x3998,
      0x3b88,0x3698,0x3398,0x3ba6,0x35a5,0x3596,0x3196,0x3398,0x2f98,0x2f98,0x2c98,0x2ca6,
      0x2996,0x2a96,0x2696,0x3888,0x3188,0x2d69,0x2e88,0x2c69,0x2986,0x2565,0x2b88,0x2086,
      0x2b88,0x2969,0x2788,0x1e86,0x3d8c,0x356d,0x309b,0x309a,0x276b,0x309a,0x2969,0x2699,
      0x1b8a,0x2c99,0x2999,0x2699,0x20a9,0x1e99,0x2669,0x2269,0x1d89,0x1489,0x2598,0x2398,
      0x2488,0x2089,0x2288,0x2088,0x1e89,0x1c69,0x1da9,0x1b99,0x1b99,0x1699,0x1989,0x1789,
      0x0f89,0x22a6,0x2098,0x1f98,0x2098,0x1d98,0x1a98,0x2288,0x1d88,0x1998,0x1798,0x1e88,
      0x1b88,0x1988,0x1788,0x1788,0x1688,0x1588,0x1488,0x1488,0x17a8,0x1498,0x1499,0x1599,
      0x1398,0x1099,0x1389,0x1098,0x1189,0x0f88,0x0d89,0x0989,0x1ea6,0x1996,0x2296,0x1596,
      0x1396,0x13a6,0x1096,0x0f98,0x1786,0x1388,0x1296,0x0f96,0x1098,0x0e98,0x0d98,0x0998,
      0x1486,0x1286,0x1086,0x1288,0x0d86,0x1088,0x0f88,0x0d88,0x0e88,0x0d88,0x0b88,0x0d88,
      0x0b88,0x0a88,0x0888,0x0da8,0x0b98,0x0c98,0x0898,0x0b98,0x0998,0x0698,0x0a88,0x0888,
      0x0788,0x0496,0x0969,0x0788,0x0689,0x0788,0x0688,0x0488,0x0688,0x0488,0x0488,0x0388,
      0x0488,0x0288,0x0188,0x0088,
    },
    {
      0xae88,0xa796,0x9f88,0xa688,0x9e69,0x9689,0x9088,0x9069,0x8c69,0x8469,0x7f89,0x7759,
      0x7469,0x7469,0x7259,0x9a49,0x725a,0x6b5a,0x6a5a,0x625a,0x9386,0x8b95,0x8588,0x7e98,
      0x7969,0x8485,0x7796,0x7596,0x6a95,0x7298,0x6f89,0x6b69,0x6a69,0x6859,0x7696,0x6888,
      0x6496,0x5694,0x696a,0x6389,0x654c,0x5d6a,0x6189,0x5369,0x5169,0x6598,0x6769,0x5b99,
      0x5689,0x5569,0x5169,0x4e69,0x5f96,0x5c96,0x5698,0x5298,0x5668,0x4f69,0x4c89,0x5896,
      0x4f96,0x4e86,0x4988,0x4f95,0x45a5,0x3f64,0x3665,0x579b,0x4d6b,0x4b8a,0x4b69,0x4789,
      0x4669,0x4c89,0x4769,0x4489,0x4669,0x4469,0x4369,0x4369,0x4269,0x3c6a,0x4889,0x4169,
      0x4369,0x4269,0x4169,0x3f89,0x3c69,0x4998,0x4698,0x4589,0x4188,0x3f99,0x3c99,0x3d89,
      0x3789,0x4069,0x3f69,0x3d69,0x3c69,0x3869,0x3669,0x3469,0x316a,0x4496,0x3f96,0x3a98,
      0x3c88,0x3798,0x3498,0x3ca6,0x36a5,0x3796,0x3296,0x3498,0x3098,0x3098,0x2d98,0x2da6,
      0x2a96,0x2b96,0x2796,0x3a88,0x3288,0x2e69,0x2f88,0x2d69,0x2a86,0x2665,0x2c88,0x2086,
      0x2c88,0x2a69,0x2888,0x1f86,0x3f8c,0x376d,0x319b,0x319a,0x286b,0x319a,0x2a69,0x2799,
      0x1c8a,0x2d99,0x2a99,0x2799,0x21a9,0x1f99,0x2769,0x2369,0x1d89,0x1489,0x2598,0x2498,
      0x2588,0x2189,0x2388,0x2088,0x1e89,0x1d69,0x1da9,0x1b99,0x1c99,0x1699,0x1a89,0x1789,
      0x1089,0x23a6,0x2098,0x2098,0x2198,0x1d98,0x1b98,0x2388,0x1d88,0x1a98,0x1798,0x1e88,
      0x1b88,0x1a88,0x1888,0x1888,0x1688,0x1688,0x1588,0x1488,0x18a8,0x1598,0x1499,0x1699,
      0x1398,0x1199,0x1389,0x1198,0x1189,0x0f88,0x0d89,0x0989,0x1ea6,0x1a96,0x2396,0x1696,
      0x1396,0x13a6,0x1196,0x1098,0x1786,0x1388,0x1296,0x1096,0x1198,0x0e98,0x0e98,0x0998,
      0x1586,0x1286,0x1186,0x1288,0x0e86,0x1188,0x0f88,0x0d88,0x0e88,0x0d88,0x0b88,0x0d88,
      0x0c88,0x0a88,0x0988,0x0ea8,0x0b98,0x0c98,0x0998,0x0c98,0x0998,0x0698,0x0a88,0x0888,
      0x0788,0x0496,0x0969,0x0788,0x0689,0x0788,0x0688,0x0488,0x0688,0x0488,0x0488,0x0388,
      0x0488,0x0288,0x0188,0x0088,
    },
    {
      0xb288,0xaa96,0xa288,0xaa88,0xa269,0x9989,0x9388,0x9369,0x8f69,0x8669,0x8189,0x7959,
      0x7769,0x7769,0x7559,0x9d49,0x745a,0x6d5a,0x6c5a,0x645a,0x9686,0x8e95,0x8888,0x8198,
      0x7c69,0x8685,0x7996,0x7896,0x6c95,0x7598,0x7189,0x6d69,0x6c69,0x6a59,0x7896,0x6a88,
      0x6696,0x5794,0x6b6a,0x6589,0x684c,0x5f6a,0x6389,0x5569,0x5269,0x6798,0x6969,0x5d99,
      0x5789,0x5769,0x5269,0x4f69,0x6196,0x5e96,0x5798,0x5498,0x5768,0x5169,0x4e89,0x5a96,
      0x5196,0x4f86,0x4a88,0x5195,0x47a5,0x4164,0x3765,0x599b,0x4f6b,0x4c8a,0x4c69,0x4989,
      0x4869,0x4e89,0x4969,0x4689,0x4769,0x4569,0x4469,0x4469,0x4469,0x3e6a,0x4989,0x4369,
      0x4469,0x4469,0x4369,0x4189,0x3d69,0x4a98,0x4798,0x4789,0x4388,0x4099,0x3d99,0x3e89,
      0x3989,0x4169,0x4169,0x3e69,0x3d69,0x3969,0x3769,0x3569,0x326a,0x4596,0x4196,0x3b98,
      0x3e88,0x3998,0x3698,0x3ea6,0x37a5,0x3896,0x3396,0x3598,0x3198,0x3198,0x2e98,0x2ea6,
      0x2b96,0x2c96,0x2896,0x3b88,0x3388,0x2f69,0x3088,0x2e69,0x2b86,0x2765,0x2d88,0x2186,
      0x2d88,0x2b69,0x2988,0x2086,0x408c,0x386d,0x329b,0x329a,0x296b,0x329a,0x2b69,0x2899,
      0x1d8a,0x2e99,0x2b99,0x2899,0x22a9,0x2099,0x2869,0x2369,0x1e89,0x1589,0x2698,0x2598,
      0x2588,0x2289,0x2488,0x2188,0x1f89,0x1d69,0x1ea9,0x1c99,0x1d99,0x1799,0x1a89,0x1889,
      0x1089,0x23a6,0x2198,0x2098,0x2298,0x1e98,0x1b98,0x2488,0x1e88,0x1a98,0x1898,0x1f88,
      0x1c88,0x1a88,0x1888,0x1888,0x1788,0x1688,0x1588,0x1588,0x18a8,0x1598,0x1599,0x1699,
      0x1498,0x1199,0x1489,0x1198,0x1289,0x0f88,0x0d89,0x0a89,0x1fa6,0x1a96,0x2396,0x1696,
      0x1496,0x14a6,0x1196,0x1098,0x1886,0x1488,0x1296,0x1096,0x1198,0x0f98,0x0e98,0x0a98,
      0x1586,0x1286,0x1186,0x1288,0x0e86,0x1188,0x0f88,0x0d88,0x0f88,0x0d88,0x0b88,0x0d88,
      0x0c88,0x0a88,0x0988,0x0ea8,0x0b98,0x0c98,0x0998,0x0c98,0x0a98,0x0798,0x0a88,0x0888,
      0x0788,0x0496,0x0a69,0x0788,0x0689,0x0788,0x0688,0x0488,0x0688,0x0488,0x0488,0x0388,
      0x0488,0x0288,0x0188,0x0088,
    },
    {
      0xb688,0xae96,0xa688,0xad88,0xa569,0x9c89,0x9688,0x9669,0x926a,0x896a,0x8489,0x7c5a,
      0x7a6a,0x7a6a,0x775a,0xa14a,0x775a,0x705a,0x6e5a,0x665a,0x9986,0x92a5,0x8b88,0x8398,
      0x7f69,0x8985,0x7c96,0x7a96,0x6e95,0x7798,0x7489,0x706a,0x6e69,0x6d5a,0x7ba6,0x6d88,
      0x6896,0x5994,0x6e6a,0x688a,0x6a4d,0x616a,0x6589,0x576a,0x546a,0x6998,0x6b69,0x5f99,
      0x5989,0x596a,0x546a,0x516a,0x63a6,0x6096,0x59a8,0x5698,0x5968,0x5369,0x5089,0x5ca6,
      0x53a6,0x5186,0x4c88,0x53a5,0x48a5,0x4264,0x3865,0x5b9b,0x506b,0x4e8a,0x4e6a,0x4a8a,
      0x4a6a,0x5089,0x4a6a,0x478a,0x496a,0x476a,0x466a,0x466a,0x456a,0x3f6a,0x4b89,0x446a,
      0x466a,0x456a,0x446a,0x428a,0x3e6a,0x4ca8,0x4998,0x4889,0x4488,0x41a9,0x3e99,0x4089,
      0x3a89,0x4369,0x426a,0x4069,0x3e6a,0x3b69,0x386a,0x3669,0x336a,0x47a6,0x4296,0x3da8,
      0x3f88,0x3a98,0x3798,0x3fa6,0x38a5,0x3996,0x3496,0x36a8,0x3298,0x3298,0x2f98,0x2fa6,
      0x2ca6,0x2d96,0x2996,0x3c88,0x3488,0x3069,0x3188,0x2f69,0x2c86,0x2865,0x2e88,0x2286,
      0x2e88,0x2c69,0x2a88,0x2086,0x418c,0x396d,0x339b,0x33aa,0x2a6b,0x339a,0x2c6a,0x29aa,
      0x1d8a,0x2fa9,0x2c99,0x2999,0x23a9,0x209a,0x2969,0x2469,0x1f8a,0x158a,0x27a8,0x2698,
      0x2688,0x2389,0x2588,0x2288,0x2089,0x1e69,0x1fa9,0x1da9,0x1d99,0x1799,0x1b89,0x1889,
      0x118a,0x24a6,0x2298,0x2198,0x2398,0x1f98,0x1c98,0x2588,0x1f88,0x1b98,0x1898,0x2088,
      0x1d88,0x1b88,0x1988,0x1988,0x1788,0x1788,0x1688,0x1588,0x19a8,0x16a8,0x1599,0x1799,
      0x1498,0x1199,0x1489,0x1198,0x1289,0x1088,0x0e89,0x0a89,0x20a6,0x1ba6,0x2496,0x1796,
      0x1496,0x14a6,0x11a6,0x1198,0x1886,0x1488,0x1396,0x1196,0x1198,0x0f98,0x0e98,0x0a98,
      0x1686,0x1386,0x1186,0x1388,0x0e86,0x1188,0x1088,0x0e88,0x0f88,0x0e88,0x0b88,0x0e88,
      0x0c88,0x0b88,0x0988,0x0ea8,0x0ba8,0x0d98,0x0998,0x0c98,0x0a98,0x0798,0x0b88,0x0888,
      0x0888,0x0596,0x0a69,0x0888,0x0689,0x0888,0x0688,0x0488,0x0688,0x0588,0x0488,0x0388,
      0x0488,0x0288,0x0288,0x0088,
    },
    {
      0xb988,0xb296,0xa988,0xb188,0xa859,0x9f89,0x9988,0x9969,0x955a,0x8c6a,0x8789,0x7e5a,
      0x7c5a,0x7c6a,0x7a5a,0xa44a,0x795a,0x725a,0x715a,0x685a,0x9c86,0x95a5,0x8e88,0x8698,
      0x8169,0x8c85,0x7e95,0x7d96,0x7195,0x7a98,0x7689,0x725a,0x7169,0x6f5a,0x7ea6,0x6f88,
      0x6a95,0x5b94,0x706a,0x6a8a,0x6c4d,0x635a,0x6789,0x595a,0x565a,0x6b98,0x6d69,0x6099,
      0x5b89,0x5a5a,0x565a,0x535a,0x65a6,0x6296,0x5ba8,0x5798,0x5b68,0x5469,0x5189,0x5ea5,
      0x54a6,0x5386,0x4d88,0x54a5,0x4aa5,0x4364,0x3965,0x5d9b,0x525b,0x508a,0x505a,0x4c8a,
      0x4b5a,0x5189,0x4c5a,0x498a,0x4a5a,0x485a,0x475a,0x475a,0x465a,0x405a,0x4d89,0x465a,
      0x475a,0x465a,0x465a,0x438a,0x405a,0x4da8,0x4a98,0x4a89,0x4688,0x43a9,0x4099,0x4189,
      0x3b89,0x4469,0x435a,0x4169,0x406a,0x3c69,0x396a,0x3769,0x345a,0x48a6,0x4396,0x3ea8,
      0x4088,0x3b98,0x3898,0x40a5,0x39a5,0x3a96,0x3595,0x37a8,0x3398,0x3398,0x2f98,0x2fa5,
      0x2ca6,0x2e96,0x2996,0x3d88,0x3588,0x3169,0x3288,0x3069,0x2d85,0x2965,0x2f88,0x2285,
      0x2f88,0x2d69,0x2b88,0x2186,0x438c,0x3a5d,0x349b,0x34aa,0x2b5b,0x349a,0x2c6a,0x29aa,
      0x1e8a,0x30a9,0x2c99,0x2999,0x23a9,0x219a,0x2969,0x2569,0x1f8a,0x158a,0x28a8,0x2698,
      0x2788,0x2389,0x2688,0x2288,0x2089,0x1f69,0x1fa9,0x1da9,0x1e99,0x1899,0x1c89,0x1989,
      0x118a,0x25a6,0x2298,0x2298,0x2398,0x1f98,0x1c98,0x2688,0x1f88,0x1c98,0x1998,0x2088,
      0x1d88,0x1c88,0x1988,0x1988,0x1888,0x1788,0x1688,0x1588,0x19a8,0x16a8,0x1599,0x1799,
      0x1598,0x1299,0x1589,0x1298,0x1289,0x1088,0x0e89,0x0a89,0x20a5,0x1ca6,0x2595,0x1796,
      0x1596,0x15a6,0x12a6,0x1198,0x1986,0x1588,0x1396,0x1196,0x1298,0x0f98,0x0f98,0x0a98,
      0x1686,0x1386,0x1286,0x1388,0x0f86,0x1288,0x1088,0x0e88,0x0f88,0x0e88,0x0b88,0x0e88,
      0x0c88,0x0b88,0x0988,0x0fa8,0x0ba8,0x0d98,0x0998,0x0c98,0x0a98,0x0798,0x0b88,0x0888,
      0x0888,0x0596,0x0a69,0x0888,0x0689,0x0888,0x0688,0x0488,0x0688,0x0588,0x0488,0x0388,
      0x0488,0x0288,0x0288,0x0088,
    },
    {
      0xbd88,0xb596,0xad88,0xb488,0xac59,0xa389,0x9c88,0x9c69,0x985a,0x8f6a,0x8a89,0x815a,
      0x7f5a,0x7f6a,0x7c5a,0xa74a,0x7b5a,0x745a,0x735a,0x6a5a,0x9f86,0x98a5,0x9188,0x8998,
      0x8469,0x8f85,0x8195,0x7f96,0x7395,0x7c98,0x7889,0x745a,0x7369,0x715a,0x80a6,0x7188,
      0x6d95,0x5d94,0x726a,0x6c8a,0x6e4d,0x655a,0x6989,0x5b5a,0x585a,0x6d98,0x7069,0x6299,
      0x5d89,0x5c5a,0x585a,0x545a,0x67a6,0x6496,0x5da8,0x5998,0x5d68,0x5669,0x5389,0x60a5,
      0x56a6,0x5486,0x4f88,0x56a5,0x4ba5,0x4564,0x3b65,0x5f9b,0x545b,0x518a,0x515a,0x4d8a,
      0x4d5a,0x5389,0x4d5a,0x4a8a,0x4c5a,0x495a,0x495a,0x495a,0x485a,0x425a,0x4e89,0x475a,
      0x495a,0x485a,0x475a,0x458a,0x415a,0x4fa8,0x4c98,0x4b89,0x4788,0x44a9,0x4199,0x4289,
      0x3c89,0x4669,0x455a,0x4269,0x416a,0x3d69,0x3b6a,0x3869,0x355a,0x49a6,0x4596,0x3fa8,
      0x4288,0x3c98,0x3998,0x42a5,0x3ba5,0x3b96,0x3695,0x38a8,0x3498,0x3498,0x3098,0x30a5,
      0x2da6,0x2f96,0x2a96,0x3f88,0x3688,0x3269,0x3388,0x3169,0x2e85,0x2965,0x3088,0x2385,
      0x3088,0x2e69,0x2c88,0x2286,0x448c,0x3b5d,0x359b,0x35aa,0x2c5b,0x359a,0x2d6a,0x2aaa,
      0x1e8a,0x31a9,0x2d99,0x2a99,0x24a9,0x229a,0x2a69,0x2669,0x208a,0x168a,0x29a8,0x2798,
      0x2888,0x2489,0x2688,0x2388,0x2189,0x1f69,0x20a9,0x1ea9,0x1e99,0x1899,0x1c89,0x1989,
      0x118a,0x26a6,0x2398,0x2298,0x2498,0x2098,0x1d98,0x2688,0x2088,0x1c98,0x1998,0x2188,
      0x1e88,0x1c88,0x1a88,0x1a88,0x1888,0x1788,0x1788,0x1688,0x1aa8,0x17a8,0x1699,0x1799,
      0x1598,0x1299,0x1589,0x1298,0x1389,0x1088,0x0e89,0x0a89,0x21a5,0x1ca6,0x2695,0x1796,
      0x1596,0x15a6,0x12a6,0x1198,0x1986,0x1588,0x1496,0x1196,0x1298,0x1098,0x0f98,0x0a98,
      0x1786,0x1486,0x1286,0x1488,0x0f86,0x1288,0x1088,0x0e88,0x1088,0x0e88,0x0c88,0x0e88,
      0x0d88,0x0b88,0x0988,0x0fa8,0x0ca8,0x0d98,0x0998,0x0d98,0x0a98,0x0798,0x0b88,0x0988,
      0x0888,0x0596,0x0a69,0x0888,0x0689,0x0888,0x0688,0x0488,0x0688,0x0588,0x0488,0x0388,
      0x0488,0x0288,0x0288,0x0088,
    },
    {
      0xc188,0xb996,0xb088,0xb888,0xaf59,0xa689,0x9f88,0x9f69,0x9b5a,0x926a,0x8c89,0x835a,
      0x815a,0x816a,0x7f5a,0xab4a,0x7e5a,0x775a,0x755a,0x6c5a,0xa386,0x9ba5,0x9388,0x8b98,
      0x8769,0x9285,0x8395,0x8296,0x7595,0x7f98,0x7b89,0x775a,0x7569,0x745a,0x83a6,0x7488,
      0x6f95,0x5f94,0x746a,0x6e8a,0x704d,0x675a,0x6c89,0x5c5a,0x595a,0x7098,0x7269,0x6499,
      0x5f89,0x5e5a,0x595a,0x565a,0x69a6,0x6696,0x5fa8,0x5b98,0x5f68,0x5869,0x5489,0x62a5,
      0x58a6,0x5686,0x5088,0x58a5,0x4da5,0x4664,0x3c65,0x609b,0x555b,0x538a,0x535a,0x4f8a,
      0x4e5a,0x5489,0x4f5a,0x4c8a,0x4d5a,0x4b5a,0x4a5a,0x4a5a,0x495a,0x435a,0x5089,0x495a,
      0x4a5a,0x495a,0x495a,0x468a,0x425a,0x50a8,0x4d98,0x4d89,0x4988,0x45a9,0x4299,0x4489,
      0x3d89,0x4769,0x465a,0x4469,0x426a,0x3e69,0x3c6a,0x3969,0x365a,0x4ba6,0x4696,0x41a8,
      0x4388,0x3d98,0x3a98,0x43a5,0x3ca5,0x3d96,0x3795,0x39a8,0x3598,0x3598,0x3198,0x31a5,
      0x2ea6,0x3096,0x2b96,0x4088,0x3788,0x3369,0x3488,0x3269,0x2f85,0x2a65,0x3188,0x2485,
      0x3188,0x2f69,0x2d88,0x2286,0x458c,0x3d5e,0x369b,0x36aa,0x2d5b,0x369a,0x2e6a,0x2baa,
      0x1f8a,0x32a9,0x2e99,0x2b99,0x25a9,0x229a,0x2b69,0x2669,0x218a,0x168a,0x29a8,0x2898,
      0x2988,0x2589,0x2788,0x2488,0x2189,0x2069,0x21a9,0x1ea9,0x1f99,0x1999,0x1d89,0x1a89,
      0x128a,0x26a6,0x2498,0x2398,0x2598,0x2198,0x1d98,0x2788,0x2188,0x1d98,0x1a98,0x2188,
      0x1e88,0x1d88,0x1a88,0x1a88,0x1988,0x1888,0x1788,0x1688,0x1aa8,0x17a8,0x1699,0x1899,
      0x1698,0x1299,0x1689,0x1298,0x1389,0x1188,0x0e89,0x0a89,0x21a5,0x1da6,0x2695,0x1896,
      0x1696,0x16a6,0x12a6,0x1298,0x1a86,0x1688,0x1496,0x1296,0x1298,0x1098,0x0f98,0x0a98,
      0x1786,0x1486,0x1286,0x1488,0x0f86,0x1288,0x1188,0x0e88,0x1088,0x0e88,0x0c88,0x0e88,
      0x0d88,0x0b88,0x0a88,0x0fa8,0x0ca8,0x0e98,0x0a98,0x0d98,0x0a98,0x0798,0x0b88,0x0988,
      0x0888,0x0596,0x0a69,0x0888,0x0689,0x0888,0x0688,0x0488,0x0688,0x0588,0x0488,0x0388,
      0x0488,0x0288,0x0288,0x0088,
    },
    {
      0xc588,0xbd96,0xb488,0xbc88,0xb359,0xa989,0xa388,0xa369,0x9e5a,0x956a,0x8f89,0x865a,
      0x845a,0x846a,0x815a,0xae4a,0x805a,0x795a,0x775a,0x6f5a,0xa686,0x9ea5,0x9688,0x8e98,
      0x8969,0x9585,0x8695,0x8496,0x7795,0x8198,0x7d89,0x795a,0x7769,0x765a,0x85a6,0x7688,
      0x7195,0x6194,0x776a,0x708a,0x734d,0x695a,0x6e89,0x5e5a,0x5b5a,0x7298,0x7469,0x6699,
      0x6189,0x605a,0x5b5a,0x585a,0x6ba6,0x6896,0x61a8,0x5d98,0x6168,0x5969,0x5689,0x64a5,
      0x59a6,0x5886,0x5288,0x59a5,0x4ea5,0x4864,0x3d65,0x629b,0x575b,0x558a,0x555a,0x508a,
      0x505a,0x5689,0x505a,0x4d8a,0x4f5a,0x4c5a,0x4c5a,0x4c5a,0x4b5a,0x445a,0x5189,0x4a5a,
      0x4c5a,0x4b5a,0x4a5a,0x488a,0x435a,0x52a8,0x4f98,0x4e89,0x4a88,0x47a9,0x4399,0x4589,
      0x3f89,0x4869,0x485a,0x4569,0x436a,0x3f69,0x3d6a,0x3b69,0x375a,0x4ca6,0x4896,0x42a8,
      0x4488,0x3f98,0x3b98,0x44a5,0x3da5,0x3e96,0x3895,0x3ba8,0x3698,0x3698,0x3298,0x32a5,
      0x2fa6,0x3196,0x2c96,0x4188,0x3888,0x3469,0x3588,0x3369,0x3085,0x2b65,0x3288,0x2585,
      0x3288,0x3069,0x2e88,0x2386,0x478c,0x3e5e,0x379b,0x37aa,0x2e5b,0x379a,0x2f6a,0x2caa,
      0x208a,0x33a9,0x2f99,0x2c99,0x25a9,0x239a,0x2c69,0x2769,0x218a,0x178a,0x2aa8,0x2998,
      0x2988,0x2589,0x2888,0x2588,0x2289,0x2169,0x21a9,0x1fa9,0x2099,0x1999,0x1d89,0x1a89,
      0x128a,0x27a6,0x2598,0x2498,0x2598,0x2198,0x1e98,0x2888,0x2188,0x1d98,0x1a98,0x2288,
      0x1f88,0x1d88,0x1b88,0x1b88,0x1988,0x1888,0x1888,0x1788,0x1ba8,0x18a8,0x1799,0x1899,
      0x1698,0x1399,0x1689,0x1398,0x1489,0x1188,0x0f89,0x0b89,0x22a5,0x1da6,0x2795,0x1896,
      0x1696,0x16a6,0x13a6,0x1298,0x1a86,0x1688,0x1496,0x1296,0x1398,0x1098,0x0f98,0x0b98,
      0x1886,0x1486,0x1386,0x1488,0x0f86,0x1388,0x1188,0x0f88,0x1088,0x0f88,0x0c88,0x0f88,
      0x0d88,0x0b88,0x0a88,0x0fa8,0x0ca8,0x0e98,0x0a98,0x0d98,0x0b98,0x0798,0x0b88,0x0988,
      0x0888,0x0596,0x0b69,0x0888,0x0789,0x0888,0x0788,0x0488,0x0788,0x0588,0x0488,0x0388,
      0x0488,0x0288,0x0288,0x0088,
    },
    {
      0xc888,0xc096,0xb788,0xbf88,0xb659,0xac89,0xa688,0xa669,0xa15a,0x986a,0x9289,0x895a,
      0x865a,0x866a,0x845a,0xb14a,0x835a,0x7b5a,0x7a5a,0x715a,0xa986,0xa1a5,0x9988,0x9198,
      0x8c69,0x9885,0x8995,0x8796,0x7a95,0x8498,0x8089,0x7b5a,0x7a69,0x785a,0x88a6,0x7888,
      0x7395,0x6394,0x796a,0x728a,0x754d,0x6b5a,0x7089,0x605a,0x5d5a,0x7498,0x7669,0x6899,
      0x6389,0x625a,0x5d5a,0x595a,0x6da6,0x6a96,0x63a8,0x5e98,0x6368,0x5b69,0x5889,0x66a5,
      0x5ba6,0x5986,0x5488,0x5ba5,0x50a5,0x4964,0x3e65,0x649b,0x595b,0x568a,0x565a,0x528a,
      0x515a,0x5889,0x525a,0x4f8a,0x505a,0x4e5a,0x4d5a,0x4d5a,0x4c5a,0x465a,0x5389,0x4b5a,
      0x4d5a,0x4c5a,0x4b5a,0x498a,0x455a,0x54a8,0x5098,0x5089,0x4b88,0x48a9,0x4599,0x4689,
      0x4089,0x4a69,0x495a,0x4669,0x456a,0x4169,0x3e6a,0x3c69,0x385a,0x4ea6,0x4996,0x43a8,
      0x4688,0x4098,0x3c98,0x46a5,0x3ea5,0x3f96,0x3995,0x3ca8,0x3798,0x3798,0x3398,0x33a5,
      0x30a6,0x3296,0x2d96,0x4288,0x3988,0x3569,0x3688,0x3469,0x3185,0x2c65,0x3388,0x2585,
      0x3388,0x3169,0x2e88,0x2486,0x488c,0x3f5e,0x389b,0x38aa,0x2e5b,0x389a,0x306a,0x2daa,
      0x208a,0x34a9,0x3099,0x2d99,0x26a9,0x249a,0x2d69,0x2869,0x228a,0x178a,0x2ba8,0x2998,
      0x2a88,0x2689,0x2988,0x2588,0x2389,0x2169,0x22a9,0x1fa9,0x2099,0x1a99,0x1e89,0x1b89,
      0x128a,0x28a6,0x2598,0x2498,0x2698,0x2298,0x1f98,0x2988,0x2288,0x1e98,0x1b98,0x2388,
      0x1f88,0x1e88,0x1b88,0x1b88,0x1a88,0x1988,0x1888,0x1788,0x1ba8,0x18a8,0x1799,0x1999,
      0x1698,0x1399,0x1689,0x1398,0x1489,0x1188,0x0f89,0x0b89,0x23a5,0x1ea6,0x2895,0x1996,
      0x1696,0x16a6,0x13a6,0x1298,0x1b86,0x1688,0x1596,0x1296,0x1398,0x1198,0x1098,0x0b98,
      0x1886,0x1586,0x1386,0x1588,0x1086,0x1388,0x1188,0x0f88,0x1188,0x0f88,0x0c88,0x0f88,
      0x0d88,0x0c88,0x0a88,0x10a8,0x0ca8,0x0e98,0x0a98,0x0d98,0x0b98,0x0798,0x0c88,0x0988,
      0x0888,0x0596,0x0b69,0x0888,0x0789,0x0888,0x0788,0x0488,0x0788,0x0588,0x0488,0x0388,
      0x0488,0x0288,0x0288,0x0088,
    },
    {
      0xcc88,0xc496,0xba88,0xc388,0xba59,0xb089,0xa988,0xa969,0xa55a,0x9a6a,0x9589,0x8b4a,
      0x895a,0x896a,0x864a,0xb54a,0x854b,0x7e4b,0x7c4b,0x734b,0xac86,0xa4a4,0x9c88,0x9498,
      0x8f69,0x9a84,0x8b95,0x8a96,0x7c94,0x8698,0x8289,0x7e5a,0x7c69,0x7a4a,0x8aa6,0x7a88,
      0x7595,0x6494,0x7b6b,0x748a,0x774d,0x6d5b,0x7289,0x625a,0x5f5a,0x7698,0x7969,0x6a99,
      0x6489,0x645a,0x5f5a,0x5b5a,0x6fa6,0x6c96,0x64a8,0x6098,0x6468,0x5d69,0x5989,0x68a5,
      0x5da6,0x5b86,0x5588,0x5da4,0x51b4,0x4a64,0x3f64,0x669b,0x5a5b,0x588b,0x585a,0x548a,
      0x535a,0x5989,0x545a,0x508a,0x525a,0x4f5a,0x4e5a,0x4e5a,0x4e5a,0x475b,0x5489,0x4d5a,
      0x4e5a,0x4e5a,0x4d5a,0x4a8a,0x465a,0x55a8,0x5298,0x5189,0x4d88,0x49a9,0x4699,0x4889,
      0x4189,0x4b69,0x4a5a,0x4869,0x466a,0x4269,0x3f6a,0x3d69,0x395b,0x4fa6,0x4a96,0x44a8,
      0x4788,0x4198,0x3e98,0x47b5,0x3fb4,0x4096,0x3a95,0x3da8,0x3998,0x3998,0x3498,0x34b5,
      0x31a6,0x3396,0x2e96,0x4488,0x3a88,0x3669,0x3788,0x3569,0x3285,0x2d64,0x3388,0x2685,
      0x3388,0x3269,0x2f88,0x2486,0x498c,0x405e,0x399b,0x39ab,0x2f5b,0x399b,0x316a,0x2eaa,
      0x218b,0x35a9,0x3199,0x2e99,0x27b9,0x249a,0x2e69,0x2969,0x238a,0x188a,0x2ca8,0x2a98,
      0x2b88,0x2789,0x2988,0x2688,0x2389,0x2269,0x23b9,0x20a9,0x2199,0x1a99,0x1e89,0x1b89,
      0x138a,0x29b6,0x2698,0x2598,0x2798,0x2398,0x1f98,0x2988,0x2388,0x1e98,0x1b98,0x2388,
      0x2088,0x1e88,0x1c88,0x1c88,0x1a88,0x1988,0x1888,0x1888,0x1cb8,0x18a8,0x1899,0x1999,
      0x1798,0x1399,0x1789,0x1398,0x1489,0x1288,0x0f89,0x0b89,0x23b5,0x1ea6,0x2995,0x1996,
      0x1796,0x17b6,0x13a6,0x1398,0x1b86,0x1788,0x1596,0x1396,0x1398,0x1198,0x1098,0x0b98,
      0x1886,0x1586,0x1386,0x1588,0x1086,0x1388,0x1288,0x0f88,0x1188,0x0f88,0x0d88,0x0f88,
      0x0e88,0x0c88,0x0a88,0x10b8,0x0da8,0x0e98,0x0a98,0x0e98,0x0b98,0x0898,0x0c88,0x0988,
      0x0888,0x0596,0x0b69,0x0888,0x0789,0x0888,0x0788,0x0488,0x0788,0x0588,0x0488,0x0388,
      0x0488,0x0388,0x0288,0x0088,
    },
    {
      0xd088,0xc796,0xbe88,0xc788,0xbd59,0xb389,0xac88,0xac69,0xa85a,0x9d6a,0x9789,0x8e4a,
      0x8b5a,0x8b6a,0x894a,0xb84a,0x884b,0x804b,0x7e4b,0x754b,0xaf86,0xa7a4,0x9f88,0x9698,
      0x9169,0x9d84,0x8e95,0x8c96,0x7e94,0x8998,0x8489,0x805a,0x7e69,0x7d4a,0x8da6,0x7d88,
      0x7795,0x6694,0x7d6b,0x778a,0x794d,0x6f5b,0x7489,0x645a,0x605a,0x7898,0x7b69,0x6c99,
      0x6689,0x655a,0x605a,0x5d5a,0x71a6,0x6e96,0x66a8,0x6298,0x6668,0x5f69,0x5b89,0x6aa5,
      0x5fa6,0x5d86,0x5788,0x5fa4,0x53b4,0x4c64,0x4064,0x689b,0x5c5b,0x598b,0x595a,0x558a,
      0x545a,0x5b89,0x555a,0x528a,0x535a,0x515a,0x505a,0x505a,0x4f5a,0x485b,0x5689,0x4e5a,
      0x505a,0x4f5a,0x4e5a,0x4c8a,0x475a,0x57a8,0x5398,0x5389,0x4e88,0x4ba9,0x4799,0x4989,
      0x4289,0x4c69,0x4c5a,0x4969,0x476a,0x4369,0x406a,0x3e69,0x3a5b,0x51a6,0x4c96,0x46a8,
      0x4888,0x4298,0x3f98,0x48b5,0x40b4,0x4196,0x3b95,0x3ea8,0x3a98,0x3a98,0x3598,0x35b5,
      0x32a6,0x3496,0x2e96,0x4588,0x3b88,0x3769,0x3888,0x3669,0x3385,0x2e64,0x3488,0x2785,
      0x3488,0x3369,0x3088,0x2586,0x4b8c,0x415e,0x3a9b,0x3aab,0x305b,0x3a9b,0x326a,0x2eaa,
      0x228b,0x36a9,0x3299,0x2e99,0x28b9,0x259a,0x2e69,0x2969,0x238a,0x188a,0x2da8,0x2b98,
      0x2c88,0x2889,0x2a88,0x2788,0x2489,0x2269,0x23b9,0x21a9,0x2299,0x1b99,0x1f89,0x1c89,
      0x138a,0x29b6,0x2798,0x2698,0x2898,0x2398,0x2098,0x2a88,0x2388,0x1f98,0x1c98,0x2488,
      0x2188,0x1f88,0x1c88,0x1c88,0x1b88,0x1a88,0x1988,0x1888,0x1cb8,0x19a8,0x1899,0x1a99,
      0x1798,0x1499,0x1789,0x1498,0x1589,0x1288,0x0f89,0x0b89,0x24b5,0x1fa6,0x2995,0x1a96,
      0x1796,0x17b6,0x14a6,0x1398,0x1c86,0x1788,0x1596,0x1396,0x1498,0x1198,0x1098,0x0b98,
      0x1986,0x1586,0x1486,0x1588,0x1086,0x1488,0x1288,0x0f88,0x1188,0x0f88,0x0d88,0x0f88,
      0x0e88,0x0c88,0x0a88,0x10b8,0x0da8,0x0f98,0x0a98,0x0e98,0x0b98,0x0898,0x0c88,0x0988,
      0x0988,0x0596,0x0b69,0x0988,0x0789,0x0988,0x0788,0x0488,0x0788,0x0588,0x0488,0x0388,
      0x0488,0x0388,0x0288,0x0088,
    },
    {
      0xd488,0xcb96,0xc188,0xca88,0xc159,0xb689,0xaf88,0xaf69,0xab5a,0xa06a,0x9a89,0x904a,
      0x8e5a,0x8e6a,0x8b4a,0xbb4a,0x8a4b,0x824b,0x814b,0x774b,0xb386,0xaaa4,0xa288,0x9998,
      0x9469,0xa084,0x9095,0x8f96,0x8194,0x8b98,0x8789,0x825a,0x8169,0x7f4a,0x90a6,0x7f88,
      0x7a95,0x6894,0x806b,0x798a,0x7b4d,0x715b,0x7689,0x665a,0x625a,0x7b98,0x7d69,0x6e99,
      0x6889,0x675a,0x625a,0x5f5a,0x74a6,0x7096,0x68a8,0x6498,0x6868,0x6069,0x5d89,0x6ca5,
      0x60a6,0x5f86,0x5888,0x60a4,0x54b4,0x4d64,0x4264,0x6a9c,0x5e5c,0x5b8b,0x5b5a,0x578a,
      0x565a,0x5d89,0x575a,0x538a,0x555a,0x525a,0x515a,0x515a,0x515a,0x4a5b,0x5889,0x505a,
      0x515a,0x515a,0x505a,0x4d8a,0x495a,0x58a8,0x5598,0x5489,0x5088,0x4ca9,0x4999,0x4a89,
      0x4389,0x4e69,0x4d5a,0x4a69,0x496a,0x4469,0x426a,0x3f69,0x3c5b,0x52a6,0x4d96,0x47a8,
      0x4a88,0x4398,0x4098,0x4ab5,0x42b4,0x4396,0x3c95,0x3fa8,0x3b98,0x3b98,0x3698,0x36b5,
      0x33a6,0x3596,0x2f96,0x4688,0x3c88,0x3869,0x3988,0x3769,0x3485,0x2e64,0x3588,0x2785,
      0x3588,0x3469,0x3188,0x2686,0x4c8c,0x435e,0x3c9c,0x3cab,0x315c,0x3c9b,0x336a,0x2faa,
      0x228b,0x37a9,0x3399,0x2f99,0x28b9,0x269a,0x2f69,0x2a69,0x248a,0x198a,0x2ea8,0x2c98,
      0x2d88,0x2889,0x2b88,0x2788,0x2589,0x2369,0x24b9,0x21a9,0x2299,0x1b99,0x2089,0x1c89,
      0x138a,0x2ab6,0x2798,0x2798,0x2898,0x2498,0x2098,0x2b88,0x2488,0x2098,0x1c98,0x2588,
      0x2188,0x2088,0x1d88,0x1d88,0x1b88,0x1a88,0x1988,0x1988,0x1db8,0x19a8,0x1999,0x1a99,
      0x1898,0x1499,0x1889,0x1498,0x1589,0x1288,0x1089,0x0b89,0x25b5,0x20a6,0x2a95,0x1a96,
      0x1896,0x18b6,0x14a6,0x1398,0x1c86,0x1888,0x1696,0x1396,0x1498,0x1298,0x1198,0x0b98,
      0x1986,0x1686,0x1486,0x1688,0x1186,0x1488,0x1288,0x1088,0x1288,0x1088,0x0d88,0x1088,
      0x0e88,0x0c88,0x0b88,0x11b8,0x0da8,0x0f98,0x0b98,0x0e98,0x0b98,0x0898,0x0c88,0x0a88,
      0x0988,0x0596,0x0b69,0x0988,0x0789,0x0988,0x0788,0x0488,0x0788,0x0588,0x0488,0x0488,
      0x0488,0x0388,0x0288,0x0088,
    },
    {
      0xd888,0xcf96,0xc588,0xce88,0xc459,0xb989,0xb288,0xb269,0xae5a,0xa36a,0x9d89,0x934a,
      0x905a,0x906a,0x8e4a,0xbf3a,0x8d4b,0x854b,0x834b,0x794b,0xb686,0xada4,0xa588,0x9c98,
      0x9769,0xa384,0x9395,0x9196,0x8394,0x8e98,0x8989,0x855a,0x8369,0x814a,0x92a6,0x8188,
      0x7c95,0x6a93,0x826b,0x7b8a,0x7e3d,0x735b,0x7889,0x675a,0x645a,0x7d98,0x7f69,0x7099,
      0x6a89,0x695a,0x645a,0x605a,0x76a6,0x7296,0x6aa8,0x6698,0x6a68,0x6269,0x5e89,0x6ea5,
      0x62a6,0x6086,0x5a88,0x62a4,0x56b4,0x4e63,0x4364,0x6c9c,0x5f5c,0x5d8b,0x5d5a,0x588a,
      0x575a,0x5e89,0x585a,0x558a,0x565a,0x545a,0x535a,0x535a,0x525a,0x4b5b,0x5989,0x515a,
      0x535a,0x525a,0x515a,0x4e8a,0x4a5a,0x5aa8,0x5698,0x5689,0x5188,0x4da9,0x4a99,0x4c89,
      0x4589,0x4f69,0x4e5a,0x4c69,0x4a6a,0x4569,0x436a,0x4069,0x3d5b,0x54a6,0x4e96,0x48a8,
      0x4b88,0x4598,0x4198,0x4bb5,0x43b4,0x4496,0x3d95,0x40a8,0x3c98,0x3c98,0x3798,0x37b5,
      0x34a6,0x3596,0x3096,0x4788,0x3d88,0x3969,0x3a88,0x3869,0x3585,0x2f64,0x3688,0x2885,
      0x3688,0x3569,0x3288,0x2686,0x4d8c,0x445e,0x3d9c,0x3dab,0x325c,0x3d9b,0x346a,0x30aa,
      0x238b,0x38a9,0x3499,0x3099,0x29b9,0x269a,0x3069,0x2b69,0x258a,0x198a,0x2ea8,0x2d98,
      0x2d88,0x2989,0x2c88,0x2888,0x2589,0x2469,0x25b9,0x22a9,0x2399,0x1c99,0x2089,0x1d89,
      0x148a,0x2bb6,0x2898,0x2798,0x2998,0x2598,0x2198,0x2c88,0x2588,0x2098,0x1d98,0x2588,
      0x2288,0x2088,0x1d88,0x1d88,0x1c88,0x1b88,0x1a88,0x1988,0x1db8,0x1aa8,0x1999,0x1b99,
      0x1898,0x1499,0x1889,0x1498,0x1589,0x1388,0x1089,0x0c89,0x25b5,0x20a6,0x2b95,0x1b96,
      0x1896,0x18b6,0x14a6,0x1498,0x1d86,0x1888,0x1696,0x1496,0x1498,0x1298,0x1198,0x0c98,
      0x1a86,0x1686,0x1486,0x1688,0x1186,0x1488,0x1388,0x1088,0x1288,0x1088,0x0d88,0x1088,
      0x0e88,0x0c88,0x0b88,0x11b8,0x0da8,0x0f98,0x0b98,0x0e98,0x0c98,0x0898,0x0c88,0x0a88,
      0x0988,0x0596,0x0c69,0x0988,0x0789,0x0988,0x0788,0x0488,0x0788,0x0588,0x0488,0x0488,
      0x0488,0x0388,0x0288,0x0088,
    },
    {
      0xdb88,0xd296,0xc888,0xd188,0xc759,0xbd89,0xb588,0xb569,0xb15a,0xa66a,0xa089,0x964a,
      0x935a,0x936a,0x904a,0xc23a,0x8f4b,0x874b,0x854b,0x7b4b,0xb986,0xb0a4,0xa888,0x9f98,
      0x9969,0xa684,0x9695,0x9496,0x8594,0x9098,0x8c89,0x875a,0x8569,0x834a,0x95a6,0x8388,
      0x7e95,0x6c93,0x846b,0x7d8a,0x803d,0x755b,0x7a89,0x695a,0x665a,0x7f98,0x8269,0x7299,
      0x6c89,0x6b5a,0x665a,0x625a,0x78a6,0x7496,0x6ca8,0x6798,0x6c68,0x6469,0x6089,0x6fa5,
      0x64a6,0x6286,0x5c88,0x64a4,0x57b4,0x5063,0x4464,0x6e9c,0x615c,0x5e8b,0x5e5a,0x5a8a,
      0x595a,0x6089,0x5a5a,0x568a,0x585a,0x555a,0x545a,0x545a,0x535a,0x4c5b,0x5b89,0x525a,
      0x545a,0x535a,0x525a,0x508a,0x4b5a,0x5ca8,0x5898,0x5789,0x5288,0x4fa9,0x4b99,0x4d89,
      0x4689,0x5169,0x505a,0x4d69,0x4b6a,0x4769,0x446a,0x4169,0x3e5b,0x55a6,0x5096,0x49a8,
      0x4c88,0x4698,0x4298,0x4cb5,0x44b4,0x4596,0x3f95,0x41a8,0x3d98,0x3d98,0x3898,0x38b5,
      0x35a6,0x3696,0x3196,0x4988,0x3f88,0x3a69,0x3b88,0x3969,0x3585,0x3064,0x3788,0x2985,
      0x3788,0x3569,0x3388,0x2786,0x4f8d,0x455e,0x3e9c,0x3eab,0x335c,0x3e9b,0x356a,0x31aa,
      0x238b,0x39a9,0x3599,0x3199,0x2ab9,0x279a,0x3169,0x2c69,0x258a,0x198a,0x2fa8,0x2d98,
      0x2e88,0x2a89,0x2c88,0x2988,0x2689,0x2469,0x25b9,0x22a9,0x2399,0x1c99,0x2189,0x1d89,
      0x148a,0x2cb6,0x2998,0x2898,0x2a98,0x2598,0x2298,0x2c88,0x2588,0x2198,0x1d98,0x2688,
      0x2288,0x2188,0x1e88,0x1e88,0x1c88,0x1b88,0x1a88,0x1988,0x1eb8,0x1aa8,0x1999,0x1b99,
      0x1898,0x1599,0x1889,0x1598,0x1689,0x1388,0x1089,0x0c89,0x26b5,0x21a6,0x2c95,0x1b96,
      0x1896,0x18b6,0x15a6,0x1498,0x1d86,0x1888,0x1796,0x1496,0x1598,0x1298,0x1198,0x0c98,
      0x1a86,0x1786,0x1586,0x1788,0x1186,0x1588,0x1388,0x1088,0x1288,0x1088,0x0e88,0x1088,
      0x0f88,0x0d88,0x0b88,0x11b8,0x0ea8,0x0f98,0x0b98,0x0f98,0x0c98,0x0898,0x0d88,0x0a88,
      0x0988,0x0596,0x0c69,0x0988,0x0789,0x0988,0x0788,0x0588,0x0788,0x0588,0x0588,0x0488,
      0x0588,0x0388,0x0288,0x0088,
    },
    {
      0xdf88,0xd696,0xcc88,0xd588,0xcb59,0xc089,0xb888,0xb869,0xb45a,0xa96a,0xa289,0x984a,
      0x955a,0x956a,0x934a,0xc53a,0x924b,0x894b,0x884b,0x7d4b,0xbc86,0xb3a4,0xab88,0xa198,
      0x9c69,0xa984,0x9895,0x9696,0x8894,0x9398,0x8e89,0x895a,0x8869,0x864a,0x97a6,0x8688,
      0x8095,0x6e93,0x876b,0x7f8a,0x823e,0x775b,0x7c89,0x6b5a,0x675a,0x8198,0x8469,0x7499,
      0x6e89,0x6d5a,0x675a,0x645a,0x7aa6,0x7696,0x6ea8,0x6998,0x6e68,0x6569,0x6289,0x71a5,
      0x65a6,0x6486,0x5d88,0x65a4,0x59b4,0x5163,0x4564,0x709c,0x635c,0x608b,0x605a,0x5b8a,
      0x5a5a,0x6289,0x5b5a,0x588a,0x595a,0x575a,0x565a,0x565a,0x555a,0x4d5b,0x5c89,0x545a,
      0x565a,0x555a,0x545a,0x518a,0x4d5a,0x5da8,0x5998,0x5989,0x5488,0x50a9,0x4d99,0x4e89,
      0x4789,0x5269,0x515a,0x4e69,0x4d6a,0x4869,0x456a,0x4269,0x3f5b,0x57a6,0x5196,0x4ba8,
      0x4d88,0x4798,0x4398,0x4db5,0x45b4,0x4696,0x4095,0x42a8,0x3e98,0x3e98,0x3998,0x39b5,
      0x35a6,0x3796,0x3296,0x4a88,0x4088,0x3b69,0x3c88,0x3a69,0x3685,0x3164,0x3888,0x2985,
      0x3888,0x3669,0x3488,0x2886,0x508d,0x465e,0x3f9c,0x3fab,0x345c,0x3f9b,0x356a,0x32aa,
      0x248b,0x3aa9,0x3599,0x3299,0x2ab9,0x289a,0x3269,0x2c69,0x268a,0x1a8a,0x30a8,0x2e98,
      0x2f88,0x2a89,0x2d88,0x2988,0x2789,0x2569,0x26b9,0x23a9,0x2499,0x1d99,0x2189,0x1e89,
      0x148a,0x2cb6,0x2998,0x2998,0x2a98,0x2698,0x2298,0x2d88,0x2688,0x2198,0x1e98,0x2788,
      0x2388,0x2188,0x1e88,0x1e88,0x1d88,0x1c88,0x1b88,0x1a88,0x1eb8,0x1ba8,0x1a99,0x1c99,
      0x1998,0x1599,0x1989,0x1598,0x1689,0x1388,0x1189,0x0c89,0x27b5,0x21a6,0x2c95,0x1c96,
      0x1996,0x19b6,0x15a6,0x1498,0x1e86,0x1988,0x1796,0x1496,0x1598,0x1298,0x1298,0x0c98,
      0x1b86,0x1786,0x1586,0x1788,0x1286,0x1588,0x1388,0x1188,0x1288,0x1188,0x0e88,0x1188,
      0x0f88,0x0d88,0x0b88,0x12b8,0x0ea8,0x1098,0x0b98,0x0f98,0x0c98,0x0898,0x0d88,0x0a88,
      0x0988,0x0696,0x0c69,0x0988,0x0789,0x0988,0x0788,0x0588,0x0788,0x0688,0x0588,0x0488,
      0x0588,0x0388,0x0288,0x0088,
    },
    {
      0xe388,0xda96,0xcf88,0xd988,0xce59,0xc389,0xbc88,0xbc69,0xb75a,0xac6a,0xa589,0x9b4a,
      0x985a,0x986a,0x954a,0xc93a,0x944b,0x8c4b,0x8a4b,0x804b,0xbf86,0xb6a4,0xad88,0xa498,
      0x9e69,0xac84,0x9b95,0x9996,0x8a94,0x9598,0x9089,0x8c5a,0x8a69,0x884a,0x9aa6,0x8888,
      0x8295,0x7093,0x896b,0x818a,0x843e,0x795b,0x7f89,0x6d5a,0x695a,0x8398,0x8669,0x7699,
      0x7089,0x6f5a,0x695a,0x655a,0x7ca6,0x7896,0x70a8,0x6b98,0x7068,0x6769,0x6389,0x73a5,
      0x67a6,0x6586,0x5f88,0x67a4,0x5ab4,0x5363,0x4664,0x719c,0x645c,0x628b,0x625a,0x5d8a,
      0x5c5a,0x6389,0x5d5a,0x598a,0x5b5a,0x585a,0x575a,0x575a,0x565a,0x4f5b,0x5e89,0x555a,
      0x575a,0x565a,0x555a,0x538a,0x4e5a,0x5fa8,0x5b98,0x5a89,0x5588,0x52a9,0x4e99,0x5089,
      0x4889,0x5369,0x535a,0x5069,0x4e6a,0x4969,0x466a,0x4469,0x405b,0x58a6,0x5396,0x4ca8,
      0x4f88,0x4898,0x4498,0x4fb5,0x46b4,0x4796,0x4195,0x44a8,0x3f98,0x3f98,0x3a98,0x3ab5,
      0x36a6,0x3896,0x3396,0x4b88,0x4188,0x3c69,0x3d88,0x3b69,0x3785,0x3264,0x3988,0x2a85,
      0x3988,0x3769,0x3588,0x2886,0x528d,0x475f,0x409c,0x40ab,0x355c,0x409b,0x366a,0x33aa,
      0x258b,0x3ba9,0x3699,0x3399,0x2bb9,0x289a,0x3369,0x2d69,0x268a,0x1a8a,0x31a8,0x2f98,
      0x3088,0x2b89,0x2e88,0x2a88,0x2789,0x2669,0x26b9,0x24a9,0x2599,0x1d99,0x2289,0x1e89,
      0x158a,0x2db6,0x2a98,0x2998,0x2b98,0x2698,0x2398,0x2e88,0x2688,0x2298,0x1e98,0x2788,
      0x2488,0x2288,0x1f88,0x1f88,0x1d88,0x1c88,0x1b88,0x1a88,0x1fb8,0x1ba8,0x1a99,0x1c99,
      0x1998,0x1699,0x1989,0x1698,0x1789,0x1488,0x1189,0x0c89,0x27b5,0x22a6,0x2d95,0x1c96,
      0x1996,0x19b6,0x16a6,0x1598,0x1e86,0x1988,0x1796,0x1596,0x1698,0x1398,0x1298,0x0c98,
      0x1b86,0x1786,0x1686,0x1788,0x1286,0x1688,0x1488,0x1188,0x1388,0x1188,0x0e88,0x1188,
      0x0f88,0x0d88,0x0b88,0x12b8,0x0ea8,0x1098,0x0b98,0x0f98,0x0c98,0x0898,0x0d88,0x0a88,
      0x0988,0x0696,0x0c69,0x0988,0x0889,0x0988,0x0888,0x0588,0x0888,0x0688,0x0588,0x0488,
      0x0588,0x0388,0x0288,0x0088,
    },
    {
      0xe788,0xdd96,0xd388,0xdc88,0xd259,0xc689,0xbf88,0xbf69,0xba5a,0xae6a,0xa889,0x9d4a,
      0x9a5a,0x9a6a,0x984a,0xcc3a,0x974b,0x8e4b,0x8c4b,0x824b,0xc286,0xb9a4,0xb088,0xa798,
      0xa169,0xae84,0x9d95,0x9b96,0x8c94,0x9898,0x9389,0x8e5a,0x8c69,0x8a4a,0x9ca6,0x8a88,
      0x8495,0x7193,0x8b6b,0x848a,0x863e,0x7b5b,0x8189,0x6f5a,0x6b5a,0x8598,0x8869,0x7899,
      0x7189,0x705a,0x6b5a,0x675a,0x7ea6,0x7a96,0x71a8,0x6d98,0x7168,0x6969,0x6589,0x75a5,
      0x69a6,0x6786,0x6088,0x69a4,0x5cb4,0x5463,0x4764,0x739c,0x665c,0x638b,0x635a,0x5e8a,
      0x5d5a,0x6589,0x5e5a,0x5b8a,0x5c5a,0x5a5a,0x595a,0x595a,0x585a,0x505b,0x5f89,0x575a,
      0x595a,0x585a,0x575a,0x548a,0x4f5a,0x60a8,0x5c98,0x5c89,0x5788,0x53a9,0x4f99,0x5189,
      0x4989,0x5569,0x545a,0x5169,0x4f6a,0x4a69,0x476a,0x4569,0x415b,0x5aa6,0x5496,0x4da8,
      0x5088,0x4998,0x4698,0x50b5,0x47b4,0x4896,0x4295,0x45a8,0x4098,0x4098,0x3b98,0x3bb5,
      0x37a6,0x3996,0x3396,0x4c88,0x4288,0x3d69,0x3e88,0x3c69,0x3885,0x3364,0x3a88,0x2b85,
      0x3a88,0x3869,0x3588,0x2986,0x538d,0x485f,0x419c,0x41ab,0x355c,0x419b,0x376a,0x33aa,
      0x258b,0x3ca9,0x3799,0x3399,0x2cb9,0x299a,0x3369,0x2e69,0x278a,0x1b8a,0x32a8,0x3098,
      0x3188,0x2c89,0x2f88,0x2b88,0x2889,0x2669,0x27b9,0x24a9,0x2599,0x1e99,0x2289,0x1f89,
      0x158a,0x2eb6,0x2b98,0x2a98,0x2c98,0x2798,0x2398,0x2f88,0x2788,0x2298,0x1f98,0x2888,
      0x2488,0x2288,0x1f88,0x1f88,0x1e88,0x1d88,0x1c88,0x1b88,0x1fb8,0x1ca8,0x1b99,0x1d99,
      0x1a98,0x1699,0x1a89,0x1698,0x1789,0x1488,0x1189,0x0c89,0x28b5,0x22a6,0x2e95,0x1d96,
      0x1a96,0x1ab6,0x16a6,0x1598,0x1f86,0x1a88,0x1896,0x1596,0x1698,0x1398,0x1298,0x0c98,
      0x1c86,0x1886,0x1686,0x1888,0x1286,0x1688,0x1488,0x1188,0x1388,0x1188,0x0e88,0x1188,
      0x0f88,0x0d88,0x0b88,0x12b8,0x0ea8,0x1098,0x0b98,0x0f98,0x0c98,0x0998,0x0d88,0x0a88,
      0x0a88,0x0696,0x0c69,0x0a88,0x0889,0x0a88,0x0888,0x0588,0x0888,0x0688,0x0588,0x0488,
      0x0588,0x0388,0x0288,0x0088,
    },
    {
      0xea88,0xe196,0xd688,0xe088,0xd559,0xca89,0xc288,0xc269,0xbd5a,0xb16a,0xab89,0xa04a,
      0x9d5a,0x9d6a,0x9a4a,0xcf3a,0x994b,0x904b,0x8e4b,0x844b,0xc686,0xbca4,0xb388,0xaa98,
      0xa469,0xb184,0xa095,0x9e96,0x8e94,0x9a98,0x9589,0x905a,0x8e69,0x8c4a,0x9fa6,0x8c88,
      0x8795,0x7393,0x8d6b,0x868a,0x893e,0x7d5b,0x8389,0x705a,0x6d5a,0x8898,0x8b69,0x7a99,
      0x7389,0x725a,0x6d5a,0x695a,0x80a6,0x7c96,0x73a8,0x6e98,0x7368,0x6b69,0x6789,0x77a5,
      0x6ba6,0x6986,0x6288,0x6ba4,0x5db4,0x5563,0x4964,0x759c,0x685c,0x658b,0x655a,0x608a,
      0x5f5a,0x6789,0x605a,0x5c8a,0x5e5a,0x5b5a,0x5a5a,0x5a5a,0x595a,0x515b,0x6189,0x585a,
      0x5a5a,0x595a,0x585a,0x558a,0x505a,0x62a8,0x5e98,0x5d89,0x5888,0x54a9,0x5099,0x5289,
      0x4b89,0x5669,0x555a,0x5269,0x506a,0x4c69,0x496a,0x4669,0x425b,0x5ba6,0x5596,0x4ea8,
      0x5188,0x4b98,0x4798,0x51b5,0x49b4,0x4a96,0x4395,0x46a8,0x4198,0x4198,0x3c98,0x3cb5,
      0x38a6,0x3a96,0x3496,0x4e88,0x4388,0x3e69,0x3f88,0x3d69,0x3985,0x3364,0x3b88,0x2c85,
      0x3b88,0x3969,0x3688,0x2a86,0x548d,0x4a5f,0x429c,0x42ab,0x365c,0x429b,0x386a,0x34aa,
      0x268b,0x3da9,0x3899,0x3499,0x2db9,0x2a9a,0x3469,0x2f69,0x288a,0x1b8a,0x32a8,0x3098,
      0x3188,0x2d89,0x2f88,0x2c88,0x2989,0x2769,0x28b9,0x25a9,0x2699,0x1e99,0x2389,0x1f89,
      0x158a,0x2fb6,0x2c98,0x2b98,0x2d98,0x2898,0x2498,0x2f88,0x2888,0x2398,0x1f98,0x2988,
      0x2588,0x2388,0x2088,0x2088,0x1e88,0x1d88,0x1c88,0x1b88,0x20b8,0x1ca8,0x1b99,0x1d99,
      0x1a98,0x1699,0x1a89,0x1698,0x1789,0x1488,0x1189,0x0d89,0x29b5,0x23a6,0x2f95,0x1d96,
      0x1a96,0x1ab6,0x16a6,0x1598,0x1f86,0x1a88,0x1896,0x1596,0x1698,0x1398,0x1298,0x0d98,
      0x1c86,0x1886,0x1686,0x1888,0x1286,0x1688,0x1488,0x1188,0x1388,0x1188,0x0f88,0x1188,
      0x1088,0x0e88,0x0c88,0x12b8,0x0fa8,0x1098,0x0c98,0x1098,0x0d98,0x0998,0x0e88,0x0b88,
      0x0a88,0x0696,0x0d69,0x0a88,0x0889,0x0a88,0x0888,0x0588,0x0888,0x0688,0x0588,0x0488,
      0x0588,0x0388,0x0288,0x0088,
    },
    {
      0xee88,0xe496,0xda88,0xe388,0xd959,0xcd89,0xc588,0xc569,0xc05a,0xb46a,0xad89,0xa24a,
      0x9f5a,0x9f6a,0x9d4a,0xd33a,0x9c4b,0x934b,0x914b,0x864b,0xc986,0xbfa4,0xb688,0xac98,
      0xa669,0xb484,0xa295,0xa096,0x9194,0x9d98,0x9889,0x935a,0x9169,0x8f4a,0xa1a6,0x8f88,
      0x8995,0x7593,0x906b,0x888a,0x8b3e,0x7f5b,0x8589,0x725a,0x6e5a,0x8a98,0x8d69,0x7c99,
      0x7589,0x745a,0x6e5a,0x6a5a,0x82a6,0x7e96,0x75a8,0x7098,0x7568,0x6c69,0x6889,0x79a5,
      0x6ca6,0x6a86,0x6388,0x6ca4,0x5fb4,0x5763,0x4a64,0x779c,0x695c,0x668b,0x665a,0x618a,
      0x605a,0x6889,0x615a,0x5e8a,0x5f5a,0x5d5a,0x5c5a,0x5c5a,0x5b5a,0x535b,0x6289,0x5a5a,
      0x5c5a,0x5b5a,0x5a5a,0x578a,0x525a,0x63a8,0x5f98,0x5f89,0x5a88,0x56a9,0x5299,0x5489,
      0x4c89,0x5869,0x575a,0x5469,0x526a,0x4d69,0x4a6a,0x4769,0x435b,0x5da6,0x5796,0x50a8,
      0x5388,0x4c98,0x4898,0x53b5,0x4ab4,0x4b96,0x4495,0x47a8,0x4298,0x4298,0x3d98,0x3db5,
      0x39a6,0x3b96,0x3596,0x4f88,0x4488,0x3f69,0x4088,0x3e69,0x3a85,0x3464,0x3c88,0x2c85,
      0x3c88,0x3a69,0x3788,0x2a86,0x568d,0x4b5f,0x439c,0x43ab,0x375c,0x439b,0x396a,0x35aa,
      0x268b,0x3ea9,0x3999,0x3599,0x2db9,0x2a9a,0x3569,0x2f69,0x288a,0x1c8a,0x33a8,0x3198,
      0x3288,0x2d89,0x3088,0x2c88,0x2989,0x2769,0x28b9,0x25a9,0x2699,0x1f99,0x2389,0x2089,
      0x168a,0x2fb6,0x2c98,0x2b98,0x2d98,0x2898,0x2498,0x3088,0x2888,0x2398,0x2098,0x2988,
      0x2588,0x2388,0x2088,0x2088,0x1f88,0x1e88,0x1d88,0x1c88,0x20b8,0x1da8,0x1c99,0x1e99,
      0x1b98,0x1799,0x1b89,0x1798,0x1889,0x1588,0x1289,0x0d89,0x29b5,0x23a6,0x2f95,0x1e96,
      0x1b96,0x1bb6,0x17a6,0x1698,0x2086,0x1b88,0x1996,0x1696,0x1798,0x1498,0x1398,0x0d98,
      0x1d86,0x1986,0x1786,0x1988,0x1386,0x1788,0x1588,0x1288,0x1488,0x1288,0x0f88,0x1288,
      0x1088,0x0e88,0x0c88,0x13b8,0x0fa8,0x1198,0x0c98,0x1098,0x0d98,0x0998,0x0e88,0x0b88,
      0x0a88,0x0696,0x0d69,0x0a88,0x0889,0x0a88,0x0888,0x0588,0x0888,0x0688,0x0588,0x0488,
      0x0588,0x0388,0x0288,0x0088,
    },
    {
      0xf288,0xe897,0xdd88,0xe788,0xdc69,0xd089,0xc888,0xc879,0xc36a,0xb77a,0xb089,0xa55a,
      0xa26a,0xa27a,0x9f5a,0xd64a,0x9e5b,0x955b,0x935b,0x885b,0xcc87,0xc2a5,0xb988,0xaf98,
      0xa979,0xb785,0xa596,0xa397,0x9395,0x9f98,0x9a89,0x956a,0x9379,0x915a,0xa4a7,0x9188,
      0x8b96,0x7794,0x927b,0x8a8a,0x8d4e,0x816b,0x8789,0x746a,0x706a,0x8c98,0x8f79,0x7e99,
      0x7789,0x766a,0x706a,0x6c6a,0x84a7,0x8097,0x77a8,0x7298,0x7778,0x6e79,0x6a89,0x7ba6,
      0x6ea7,0x6c87,0x6588,0x6ea5,0x60b5,0x5874,0x4b75,0x799c,0x6b6c,0x688b,0x686a,0x638a,
      0x626a,0x6a89,0x636a,0x5f8a,0x616a,0x5e6a,0x5d6a,0x5d6a,0x5c6a,0x546b,0x6489,0x5b6a,
      0x5d6a,0x5c6a,0x5b6a,0x588a,0x536a,0x65a8,0x6198,0x6089,0x5b88,0x57a9,0x5399,0x5589,
      0x4d89,0x5979,0x586a,0x5579,0x537a,0x4e79,0x4b7a,0x4879,0x446b,0x5ea7,0x5897,0x51a8,
      0x5488,0x4d98,0x4998,0x54b6,0x4bb5,0x4c97,0x4596,0x48a8,0x4398,0x4398,0x3e98,0x3eb6,
      0x3aa7,0x3c97,0x3697,0x5088,0x4588,0x4079,0x4188,0x3f79,0x3b86,0x3575,0x3d88,0x2d86,
      0x3d88,0x3b79,0x3888,0x2b87,0x578d,0x4c6f,0x449c,0x44ab,0x386c,0x449b,0x3a7a,0x36aa,
      0x278b,0x3fa9,0x3a99,0x3699,0x2eb9,0x2b9a,0x3679,0x3079,0x298a,0x1c8a,0x34a8,0x3298,
      0x3388,0x2e89,0x3188,0x2d88,0x2a89,0x2879,0x29b9,0x26a9,0x2799,0x1f99,0x2489,0x2089,
      0x168a,0x30b7,0x2d98,0x2c98,0x2e98,0x2998,0x2598,0x3188,0x2988,0x2498,0x2098,0x2a88,
      0x2688,0x2488,0x2188,0x2188,0x1f88,0x1e88,0x1d88,0x1c88,0x21b8,0x1da8,0x1c99,0x1e99,
      0x1b98,0x1799,0x1b89,0x1798,0x1889,0x1588,0x1289,0x0d89,0x2ab6,0x24a7,0x3096,0x1e97,
      0x1b97,0x1bb7,0x17a7,0x1698,0x2087,0x1b88,0x1997,0x1697,0x1798,0x1498,0x1398,0x0d98,
      0x1d87,0x1987,0x1787,0x1988,0x1387,0x1788,0x1588,0x1288,0x1488,0x1288,0x0f88,0x1288,
      0x1088,0x0e88,0x0c88,0x13b8,0x0fa8,0x1198,0x0c98,0x1098,0x0d98,0x0998,0x0e88,0x0b88,
      0x0a88,0x0697,0x0d79,0x0a88,0x0889,0x0a88,0x0888,0x0588,0x0888,0x0688,0x0588,0x0488,
      0x0588,0x0388,0x0288,0x0088,
    },
  },
  {
    {
      0x0088,0x0088,0x0088,0x0088,0x0088,0x0088,0x0088,0x0088,0x0088,0x0088,0x0088,0x0088,
      0x0088,0x0088,0x0088,0x0088,0x0088,0x0088,0x0088,0x0088,0x0088,0x0088,0x0088,0x0088,
      0x0088,0x0088,0x0088,0x0088,0x0088,0x0088,0x0088,0x0088,0x0088,0x0088,0x0088,0x0088,
      0x0088,0x0088,0x0088,0x0088,0x0088,0x0088,0x0088,0x0088,0x0088,0x0088,0x0088,0x0088,
      0x0088,0x0088,0x0088,0x0088,0x0088,0x0088,0x0088,0x0088,0x0088,0x0088,0x0088,0x0088,
      0x0088,0x0088,0x0088,0x0088,0x0088,0x0088,0x0088,0x0088,0x0088,0x0088,0x0088,0x0088,
      0x0088,0x0088,0x0088,0x0088,0x0088,0x0088,0x0088,0x0088,0x0088,0x0088,0x0088,0x0088,
      0x0088,0x0088,0x0088,0x0088,0x0088,0x0088,0x0088,0x0088,0x0088,0x0088,0x0088,0x0088,
      0x0088,0x0088,0x0088,0x0088,0x0088,0x0088,0x0088,0x0088,0x0088,0x0088,0x0088,0x0088,
      0x0088,0x0088,0x0088,0x0088,0x0088,0x0088,0x0088,0x0088,0x0088,0x0088,0x0088,0x0088,
      0x0088,0x0088,0x0088,0x0088,0x0088,0x0088,0x0088,0x0088,0x0088,0x0088,0x0088,0x0088,
      0x0088,0x0088,0x0088,0x0088,0x0088,0x0088,0x0088,0x0088,0x0088,0x0088,0x0088,0x0088,
      0x0088,0x0088,0x0088,0x0088,0x0088,0x0088,0x0088,0x0088,0x0088,0x0088,0x0088,0x0088,
      0x0088,0x0088,0x0088,0x0088,0x0088,0x0088,0x0088,0x0088,0x0088,0x0088,0x0088,0x0088,
      0x0088,0x0088,0x0088,0x0088,0x0088,0x0088,0x0088,0x0088,0x0088,0x0088,0x0088,0x0088,
      0x0088,0x0088,0x0088,0x0088,0x0088,0x0088,0x0088,0x0088,0x0088,0x0088,0x0088,0x0088,
      0x0088,0x0088,0x0088,0x0088,0x0088,0x0088,0x0088,0x0088,0x0088,0x0088,0x0088,0x0088,
      0x0088,0x0088,0x0088,0x0088,0x0088,0x0088,0x0088,0x0088,0x0088,0x0088,0x0088,0x0088,
      0x0088,0x0088,0x0088,0x0088,0x0088,0x0088,0x0088,0x0088,0x0088,0x0088,0x0088,0x0088,
      0x0088,0x0088,0x0088,0x0088,0x0088,0x0088,0x0088,0x0088,0x0088,0x0088,0x0088,0x0088,
      0x0088,0x0088,0x0088,0x0088,0x0088,0x0088,0x0088,0x0088,0x0088,0x0088,0x0088,0x0088,
      0x0088,0x0088,0x0088,0x0088,
    },
    {
      0x0488,0x0488,0x0388,0x0488,0x0388,0x0378,0x0388,0x0388,0x0387,0x0378,0x0378,0x0378,
      0x0378,0x0388,0x0387,0x0378,0x0387,0x0387,0x0378,0x0278,0x0378,0x0387,0x0378,0x0378,
      0x0378,0x0378,0x0378,0x0388,0x0388,0x0387,0x0387,0x0387,0x0387,0x0387,0x0387,0x0387,
      0x0378,0x0378,0x0378,0x0378,0x0278,0x0388,0x0388,0x0388,0x0378,0x0388,0x0278,0x0388,
      0x0388,0x0388,0x0388,0x0388,0x0388,0x0388,0x0388,0x0388,0x0388,0x0388,0x0388,0x0387,
      0x0387,0x0387,0x0387,0x0387,0x0387,0x0177,0x0387,0x0387,0x0378,0x0388,0x0388,0x0388,
      0x0388,0x0388,0x0388,0x0388,0x0388,0x0378,0x0388,0x0388,0x0388,0x0378,0x0378,0x0388,
      0x0388,0x0388,0x0378,0x0388,0x0388,0x0388,0x0288,0x0378,0x0378,0x0278,0x0288,0x0288,
      0x0387,0x0287,0x0287,0x0287,0x0288,0x0287,0x0287,0x0287,0x0178,0x0287,0x0287,0x0287,
      0x0287,0x0287,0x0287,0x0287,0x0287,0x0287,0x0287,0x0287,0x0287,0x0287,0x0287,0x0287,
      0x0287,0x0287,0x0287,0x0188,0x0287,0x0287,0x0288,0x0278,0x0187,0x0288,0x0288,0x0278,
      0x0278,0x0288,0x0288,0x0287,0x0287,0x0178,0x0287,0x0287,0x0178,0x0188,0x0287,0x0287,
      0x0287,0x0287,0x0287,0x0287,0x0287,0x0287,0x0287,0x0287,0x0287,0x0287,0x0287,0x0287,
      0x0287,0x0287,0x0278,0x0288,0x0288,0x0178,0x0288,0x0288,0x0278,0x0288,0x0288,0x0278,
      0x0278,0x0288,0x0288,0x0288,0x0278,0x0188,0x0188,0x0188,0x0287,0x0287,0x0287,0x0287,
      0x0287,0x0287,0x0287,0x0188,0x0188,0x0188,0x0188,0x0188,0x0188,0x0188,0x0188,0x0188,
      0x0188,0x0188,0x0188,0x0188,0x0188,0x0188,0x0188,0x0188,0x0188,0x0187,0x0187,0x0188,
      0x0188,0x0188,0x0188,0x0188,0x0187,0x0188,0x0188,0x0188,0x0188,0x0188,0x0188,0x0088,
      0x0188,0x0188,0x0188,0x0188,0x0188,0x0188,0x0188,0x0188,0x0188,0x0188,0x0188,0x0188,
      0x0188,0x0188,0x0188,0x0188,0x0188,0x0188,0x0188,0x0188,0x0188,0x0188,0x0188,0x0188,
      0x0188,0x0088,0x0078,0x0088,0x0088,0x0088,0x0088,0x0088,0x0088,0x0088,0x0088,0x0088,
      0x0088,0x0088,0x0088,0x0088,
    },
    {
      0x0788,0x0788,0x0788,0x0788,0x0788,0x0778,0x0788,0x0688,0x0687,0x0678,0x0678,0x0678,
      0x0678,0x0688,0x0687,0x0778,0x0687,0x0687,0x0678,0x0478,0x0678,0x0687,0x0678,0x0678,
      0x0678,0x0678,0x0678,0x0688,0x0688,0x0687,0x0687,0x0687,0x0687,0x0687,0x0587,0x0587,
      0x0678,0x0678,0x0678,0x0678,0x0478,0x0688,0x0688,0x0688,0x0678,0x0688,0x0578,0x0688,
      0x0688,0x0688,0x0688,0x0688,0x0688,0x0688,0x0688,0x0588,0x0588,0x0588,0x0688,0x0587,
      0x0587,0x0587,0x0587,0x0587,0x0587,0x0377,0x0587,0x0587,0x0578,0x0588,0x0588,0x0588,
      0x0588,0x0588,0x0588,0x0588,0x0588,0x0678,0x0588,0x0588,0x0588,0x0578,0x0578,0x0588,
      0x0588,0x0588,0x0578,0x0588,0x0588,0x0588,0x0588,0x0578,0x0578,0x0578,0x0588,0x0588,
      0x0587,0x0587,0x0587,0x0587,0x0588,0x0587,0x0587,0x0587,0x0278,0x0587,0x0587,0x0487,
      0x0487,0x0487,0x0487,0x0487,0x0487,0x0487,0x0487,0x0487,0x0487,0x0487,0x0487,0x0487,
      0x0487,0x0487,0x0487,0x0388,0x0487,0x0487,0x0588,0x0578,0x0287,0x0488,0x0488,0x0478,
      0x0478,0x0488,0x0488,0x0487,0x0487,0x0278,0x0487,0x0487,0x0278,0x0288,0x0487,0x0487,
      0x0487,0x0487,0x0487,0x0487,0x0487,0x0487,0x0487,0x0487,0x0487,0x0487,0x0487,0x0487,
      0x0487,0x0387,0x0478,0x0488,0x0488,0x0178,0x0488,0x0488,0x0478,0x0488,0x0488,0x0478,
      0x0378,0x0388,0x0388,0x0388,0x0378,0x0388,0x0388,0x0288,0x0487,0x0387,0x0387,0x0387,
      0x0387,0x0387,0x0387,0x0388,0x0388,0x0388,0x0388,0x0388,0x0288,0x0288,0x0288,0x0288,
      0x0288,0x0288,0x0288,0x0288,0x0288,0x0288,0x0288,0x0288,0x0288,0x0187,0x0187,0x0288,
      0x0288,0x0288,0x0288,0x0288,0x0187,0x0288,0x0288,0x0288,0x0288,0x0288,0x0288,0x0088,
      0x0288,0x0288,0x0288,0x0288,0x0288,0x0288,0x0188,0x0188,0x0188,0x0188,0x0188,0x0188,
      0x0188,0x0188,0x0188,0x0188,0x0188,0x0188,0x0188,0x0188,0x0188,0x0188,0x0188,0x0188,
      0x0188,0x0188,0x0078,0x0188,0x0188,0x0188,0x0188,0x0188,0x0188,0x0188,0x0188,0x0188,
      0x0188,0x0188,0x0188,0x0088,
    },
    {
      0x0b88,0x0b88,0x0a88,0x0b88,0x0a88,0x0a78,0x0a88,0x0a88,0x0987,0x0a78,0x0978,0x0978,
      0x0978,0x0988,0x0987,0x0a78,0x0987,0x0987,0x0978,0x0678,0x0978,0x0987,0x0978,0x0978,
      0x0978,0x0978,0x0978,0x0988,0x0988,0x0987,0x0987,0x0887,0x0887,0x0887,0x0887,0x0887,
      0x0978,0x0978,0x0978,0x0978,0x0678,0x0988,0x0888,0x0888,0x0878,0x0888,0x0778,0x0888,
      0x0888,0x0888,0x0888,0x0888,0x0888,0x0888,0x0888,0x0888,0x0888,0x0888,0x0888,0x0887,
      0x0887,0x0887,0x0887,0x0887,0x0887,0x0477,0x0887,0x0887,0x0878,0x0888,0x0888,0x0888,
      0x0888,0x0888,0x0888,0x0888,0x0888,0x0878,0x0888,0x0888,0x0888,0x0878,0x0878,0x0888,
      0x0888,0x0888,0x0878,0x0888,0x0888,0x0888,0x0788,0x0878,0x0878,0x0778,0x0788,0x0788,
      0x0887,0x0787,0x0787,0x0787,0x0788,0x0787,0x0787,0x0787,0x0378,0x0787,0x0787,0x0787,
      0x0787,0x0787,0x0787,0x0787,0x0787,0x0787,0x0687,0x0687,0x0687,0x0687,0x0687,0x0687,
      0x0687,0x0687,0x0687,0x0488,0x0687,0x0687,0x0788,0x0778,0x0387,0x0788,0x0788,0x0678,
      0x0678,0x0688,0x0688,0x0687,0x0687,0x0378,0x0687,0x0687,0x0278,0x0388,0x0687,0x0687,
      0x0687,0x0687,0x0687,0x0687,0x0687,0x0687,0x0687,0x0687,0x0687,0x0687,0x0687,0x0687,
      0x0587,0x0587,0x0678,0x0688,0x0688,0x0278,0x0688,0x0688,0x0678,0x0588,0x0588,0x0578,
      0x0578,0x0588,0x0588,0x0588,0x0578,0x0488,0x0488,0x0288,0x0587,0x0587,0x0587,0x0587,
      0x0587,0x0587,0x0587,0x0488,0x0488,0x0488,0x0488,0x0488,0x0488,0x0488,0x0488,0x0388,
      0x0388,0x0388,0x0388,0x0388,0x0388,0x0388,0x0388,0x0388,0x0388,0x0287,0x0287,0x0388,
      0x0388,0x0388,0x0388,0x0388,0x0287,0x0388,0x0288,0x0288,0x0288,0x0288,0x0288,0x0188,
      0x0288,0x0288,0x0288,0x0288,0x0288,0x0288,0x0288,0x0288,0x0288,0x0288,0x0288,0x0288,
      0x0288,0x0288,0x0288,0x0288,0x0288,0x0288,0x0288,0x0288,0x0288,0x0288,0x0288,0x0288,
      0x0288,0x0188,0x0078,0x0188,0x0188,0x0188,0x0188,0x0188,0x0188,0x0188,0x0188,0x0188,
      0x0188,0x0188,0x0188,0x0088,
    },
    {
      0x0e88,0x0e88,0x0e88,0x0e88,0x0d88,0x0d78,0x0d88,0x0d88,0x0d87,0x0d78,0x0d78,0x0c78,
      0x0c78,0x0d88,0x0c87,0x0d78,0x0c87,0x0c87,0x0c78,0x0978,0x0c78,0x0c87,0x0c78,0x0c78,
      0x0c78,0x0c78,0x0c78,0x0c88,0x0c88,0x0c87,0x0b87,0x0b87,0x0b87,0x0b87,0x0a87,0x0b87,
      0x0c78,0x0c78,0x0b78,0x0b78,0x0978,0x0b88,0x0b88,0x0b88,0x0b78,0x0b88,0x0978,0x0b88,
      0x0b88,0x0b88,0x0b88,0x0b88,0x0b88,0x0b88,0x0b88,0x0b88,0x0b88,0x0b88,0x0b88,0x0b87,
      0x0b87,0x0b87,0x0b87,0x0b87,0x0a87,0x0677,0x0a87,0x0a87,0x0b78,0x0b88,0x0b88,0x0b88,
      0x0b88,0x0b88,0x0b88,0x0b88,0x0b88,0x0b78,0x0b88,0x0b88,0x0b88,0x0b78,0x0a78,0x0b88,
      0x0b88,0x0a88,0x0b78,0x0a88,0x0b88,0x0a88,0x0a88,0x0a78,0x0a78,0x0a78,0x0a88,0x0988,
      0x0a87,0x0a87,0x0a87,0x0987,0x0a88,0x0987,0x0987,0x0987,0x0478,0x0987,0x0987,0x0987,
      0x0987,0x0987,0x0987,0x0987,0x0987,0x0987,0x0987,0x0887,0x0887,0x0887,0x0887,0x0887,
      0x0887,0x0887,0x0887,0x0588,0x0887,0x0887,0x0988,0x0978,0x0487,0x0988,0x0988,0x0978,
      0x0978,0x0888,0x0888,0x0887,0x0887,0x0578,0x0887,0x0887,0x0378,0x0588,0x0887,0x0887,
      0x0887,0x0887,0x0887,0x0887,0x0887,0x0787,0x0787,0x0787,0x0787,0x0887,0x0787,0x0787,
      0x0787,0x0787,0x0878,0x0888,0x0888,0x0378,0x0788,0x0888,0x0878,0x0788,0x0788,0x0778,
      0x0778,0x0788,0x0688,0x0688,0x0678,0x0688,0x0688,0x0388,0x0787,0x0787,0x0787,0x0787,
      0x0787,0x0687,0x0787,0x0688,0x0588,0x0588,0x0588,0x0588,0x0588,0x0588,0x0588,0x0588,
      0x0488,0x0488,0x0588,0x0488,0x0488,0x0488,0x0488,0x0488,0x0488,0x0287,0x0387,0x0488,
      0x0488,0x0488,0x0488,0x0488,0x0287,0x0488,0x0388,0x0388,0x0388,0x0388,0x0388,0x0188,
      0x0388,0x0388,0x0388,0x0388,0x0388,0x0388,0x0388,0x0388,0x0388,0x0388,0x0388,0x0388,
      0x0388,0x0388,0x0288,0x0288,0x0288,0x0288,0x0288,0x0288,0x0288,0x0288,0x0288,0x0288,
      0x0288,0x0288,0x0178,0x0288,0x0288,0x0288,0x0288,0x0288,0x0288,0x0288,0x0288,0x0188,
      0x0188,0x0188,0x0188,0x0088,
    },
    {
      0x1288,0x1288,0x1188,0x1288,0x1188,0x1078,0x1188,0x1088,0x1087,0x1078,0x1078,0x1078,
      0x0f78,0x1088,0x0f87,0x1178,0x0f87,0x0f87,0x0f78,0x0b78,0x0f78,0x0f87,0x0f78,0x0f78,
      0x0f78,0x0f78,0x0f78,0x0f88,0x0f88,0x0f87,0x0e87,0x0e87,0x0e87,0x0e87,0x0d87,0x0d87,
      0x0f78,0x0e78,0x0e78,0x0e78,0x0b78,0x0e88,0x0e88,0x0e88,0x0e78,0x0e88,0x0b78,0x0e88,
      0x0e88,0x0e88,0x0e88,0x0e88,0x0e88,0x0e88,0x0e88,0x0e88,0x0e88,0x0e88,0x0e88,0x0d87,
      0x0d87,0x0d87,0x0d87,0x0d87,0x0d87,0x0777,0x0d87,0x0d87,0x0e78,0x0e88,0x0e88,0x0e88,
      0x0e88,0x0e88,0x0e88,0x0e88,0x0e88,0x0e78,0x0e88,0x0e88,0x0e88,0x0d78,0x0d78,0x0e88,
      0x0e88,0x0d88,0x0d78,0x0d88,0x0d88,0x0d88,0x0c88,0x0d78,0x0d78,0x0c78,0x0c88,0x0c88,
      0x0d87,0x0c87,0x0c87,0x0c87,0x0c88,0x0c87,0x0b87,0x0c87,0x0578,0x0c87,0x0c87,0x0b87,
      0x0b87,0x0b87,0x0b87,0x0b87,0x0b87,0x0b87,0x0b87,0x0b87,0x0a87,0x0b87,0x0b87,0x0a87,
      0x0a87,0x0a87,0x0a87,0x0688,0x0a87,0x0a87,0x0c88,0x0b78,0x0587,0x0b88,0x0b88,0x0b78,
      0x0b78,0x0a88,0x0a88,0x0a87,0x0a87,0x0679,0x0a87,0x0a87,0x0478,0x0688,0x0a87,0x0a87,
      0x0a87,0x0a87,0x0a87,0x0a87,0x0987,0x0987,0x0987,0x0987,0x0987,0x0a87,0x0987,0x0987,
      0x0987,0x0987,0x0a78,0x0a88,0x0a88,0x0378,0x0988,0x0a88,0x0978,0x0988,0x0988,0x0978,
      0x0878,0x0988,0x0888,0x0888,0x0878,0x0788,0x0788,0x0488,0x0987,0x0987,0x0987,0x0987,
      0x0987,0x0887,0x0887,0x0788,0x0788,0x0788,0x0688,0x0688,0x0688,0x0688,0x0688,0x0688,
      0x0588,0x0588,0x0688,0x0588,0x0588,0x0588,0x0588,0x0588,0x0588,0x0387,0x0387,0x0588,
      0x0588,0x0588,0x0488,0x0488,0x0387,0x0488,0x0488,0x0488,0x0488,0x0488,0x0488,0x0188,
      0x0488,0x0488,0x0488,0x0488,0x0488,0x0488,0x0488,0x0388,0x0488,0x0488,0x0388,0x0388,
      0x0388,0x0388,0x0388,0x0388,0x0388,0x0388,0x0388,0x0388,0x0388,0x0388,0x0388,0x0388,
      0x0388,0x0288,0x0178,0x0288,0x0288,0x0288,0x0288,0x0288,0x0288,0x0288,0x0288,0x0288,
      0x0188,0x0188,0x0188,0x0088,
    },
    {
      0x1588,0x1588,0x1488,0x1588,0x1488,0x1478,0x1488,0x1388,0x1387,0x1378,0x1378,0x1378,
      0x1378,0x1388,0x1387,0x1478,0x1287,0x1287,0x1378,0x0d78,0x1378,0x1387,0x1378,0x1378,
      0x1278,0x1278,0x1278,0x1288,0x1288,0x1287,0x1187,0x1187,0x1187,0x1187,0x0f87,0x1087,
      0x1278,0x1178,0x1178,0x1178,0x0d79,0x1188,0x1188,0x1188,0x1178,0x1188,0x0e78,0x1188,
      0x1188,0x1188,0x1188,0x1188,0x1188,0x1188,0x1188,0x1088,0x1088,0x1088,0x1188,0x1087,
      0x1087,0x1087,0x1087,0x1087,0x0f87,0x0877,0x0f87,0x0f87,0x1078,0x1088,0x1088,0x1088,
      0x1088,0x1088,0x1088,0x1088,0x1088,0x1178,0x1088,0x1088,0x1088,0x1078,0x1078,0x1088,
      0x1088,0x1088,0x1078,0x0f88,0x1088,0x0f88,0x0f88,0x0f78,0x0f78,0x0e78,0x0f88,0x0e88,
      0x0f87,0x0f87,0x0f87,0x0e87,0x0e88,0x0e87,0x0e87,0x0e87,0x0678,0x0e87,0x0e87,0x0d87,
      0x0d87,0x0d87,0x0d87,0x0d87,0x0d87,0x0d87,0x0d87,0x0d87,0x0d87,0x0d87,0x0d87,0x0d87,
      0x0c87,0x0d87,0x0c87,0x0888,0x0c87,0x0c87,0x0e88,0x0e78,0x0687,0x0d88,0x0d88,0x0d78,
      0x0d78,0x0d88,0x0c88,0x0c87,0x0c87,0x0779,0x0c87,0x0c87,0x0578,0x0788,0x0c87,0x0c87,
      0x0c87,0x0c87,0x0c87,0x0c87,0x0b87,0x0b87,0x0b87,0x0b87,0x0b87,0x0c87,0x0b87,0x0b87,
      0x0b87,0x0a87,0x0c78,0x0c88,0x0c88,0x0478,0x0b88,0x0c88,0x0b78,0x0b88,0x0b88,0x0b78,
      0x0a78,0x0a88,0x0988,0x0988,0x0978,0x0988,0x0988,0x0588,0x0b87,0x0a87,0x0a87,0x0a87,
      0x0a87,0x0a87,0x0a87,0x0988,0x0888,0x0888,0x0888,0x0888,0x0788,0x0788,0x0788,0x0788,
      0x0688,0x0688,0x0788,0x0688,0x0688,0x0688,0x0688,0x0688,0x0688,0x0387,0x0487,0x0688,
      0x0688,0x0688,0x0588,0x0588,0x0387,0x0588,0x0588,0x0588,0x0588,0x0588,0x0588,0x0188,
      0x0588,0x0588,0x0588,0x0588,0x0588,0x0588,0x0488,0x0488,0x0488,0x0488,0x0488,0x0488,
      0x0488,0x0488,0x0388,0x0388,0x0388,0x0388,0x0388,0x0388,0x0388,0x0388,0x0388,0x0388,
      0x0388,0x0288,0x0178,0x0288,0x0288,0x0288,0x0288,0x0288,0x0288,0x0288,0x0288,0x0288,
      0x0288,0x0288,0x0288,0x0088,
    },
    {
      0x1988,0x1988,0x1888,0x1988,0x1788,0x1778,0x1788,0x1688,0x1687,0x1778,0x1678,0x1678,
      0x1678,0x1688,0x1687,0x1778,0x1587,0x1587,0x1678,0x0f78,0x1678,0x1687,0x1678,0x1678,
      0x1578,0x1578,0x1578,0x1688,0x1588,0x1587,0x1487,0x1487,0x1487,0x1387,0x1287,0x1387,
      0x1578,0x1478,0x1478,0x1478,0x0f79,0x1488,0x1488,0x1488,0x1378,0x1488,0x1078,0x1488,
      0x1488,0x1488,0x1488,0x1488,0x1488,0x1488,0x1488,0x1388,0x1388,0x1388,0x1388,0x1387,
      0x1287,0x1287,0x1287,0x1287,0x1287,0x0a77,0x1287,0x1287,0x1378,0x1388,0x1388,0x1388,
      0x1388,0x1388,0x1388,0x1388,0x1388,0x1378,0x1388,0x1388,0x1388,0x1278,0x1278,0x1388,
      0x1388,0x1288,0x1278,0x1288,0x1288,0x1288,0x1188,0x1278,0x1278,0x1178,0x1188,0x1088,
      0x1287,0x1187,0x1187,0x1087,0x1188,0x1087,0x1087,0x1087,0x0778,0x1087,0x1087,0x1087,
      0x1087,0x1087,0x0f87,0x1087,0x1087,0x1087,0x0f87,0x0f87,0x0f87,0x0f87,0x0f87,0x0f87,
      0x0e87,0x0f87,0x0e87,0x0988,0x0e87,0x0e87,0x1088,0x1078,0x0787,0x1088,0x0f88,0x0f78,
      0x0f78,0x0f88,0x0e88,0x0e87,0x0e87,0x0879,0x0e87,0x0e87,0x0678,0x0888,0x0e87,0x0d87,
      0x0d87,0x0e87,0x0e87,0x0e87,0x0d87,0x0d87,0x0d87,0x0d87,0x0d87,0x0d87,0x0d87,0x0d87,
      0x0c87,0x0c87,0x0e78,0x0e88,0x0e88,0x0478,0x0d88,0x0e88,0x0d78,0x0d88,0x0d88,0x0c78,
      0x0b78,0x0c88,0x0b88,0x0b88,0x0b78,0x0a88,0x0a88,0x0588,0x0d87,0x0c87,0x0c87,0x0c87,
      0x0c87,0x0b87,0x0c87,0x0a88,0x0988,0x0988,0x0988,0x0988,0x0888,0x0888,0x0888,0x0888,
      0x0888,0x0888,0x0888,0x0788,0x0888,0x0788,0x0788,0x0788,0x0788,0x0487,0x0587,0x0788,
      0x0788,0x0788,0x0688,0x0688,0x0487,0x0688,0x0688,0x0688,0x0688,0x0688,0x0688,0x0288,
      0x0588,0x0688,0x0688,0x0688,0x0588,0x0588,0x0588,0x0588,0x0588,0x0588,0x0488,0x0488,
      0x0488,0x0488,0x0488,0x0488,0x0488,0x0488,0x0488,0x0488,0x0488,0x0488,0x0488,0x0488,
      0x0488,0x0388,0x0178,0x0388,0x0388,0x0388,0x0388,0x0388,0x0388,0x0388,0x0388,0x0288,
      0x0288,0x0288,0x0288,0x0088,
    },
    {
      0x1d88,0x1c88,0x1b88,0x1d88,0x1b88,0x1a78,0x1b88,0x1a88,0x1987,0x1a78,0x1978,0x1978,
      0x1978,0x1988,0x1987,0x1b78,0x1887,0x1887,0x1978,0x1178,0x1978,0x1987,0x1978,0x1978,
      0x1878,0x1878,0x1878,0x1988,0x1888,0x1887,0x1787,0x1787,0x1787,0x1687,0x1487,0x1687,
      0x1878,0x1778,0x1778,0x1778,0x1179,0x1788,0x1788,0x1788,0x1678,0x1788,0x1278,0x1788,
      0x1788,0x1788,0x1788,0x1788,0x1788,0x1788,0x1788,0x1688,0x1688,0x1688,0x1688,0x1687,
      0x1587,0x1587,0x1587,0x1587,0x1487,0x0b77,0x1487,0x1487,0x1678,0x1688,0x1688,0x1688,
      0x1688,0x1688,0x1688,0x1688,0x1688,0x1678,0x1688,0x1688,0x1688,0x1578,0x1578,0x1688,
      0x1688,0x1588,0x1578,0x1588,0x1588,0x1588,0x1488,0x1478,0x1478,0x1378,0x1488,0x1388,
      0x1487,0x1487,0x1487,0x1387,0x1388,0x1387,0x1287,0x1387,0x0978,0x1387,0x1387,0x1287,
      0x1287,0x1287,0x1187,0x1287,0x1287,0x1287,0x1187,0x1187,0x1187,0x1187,0x1187,0x1187,
      0x1087,0x1187,0x1087,0x0a88,0x1087,0x1087,0x1388,0x1278,0x0887,0x1288,0x1288,0x1178,
      0x1178,0x1188,0x1188,0x1187,0x1087,0x0979,0x1087,0x1087,0x0779,0x0988,0x1087,0x0f87,
      0x0f87,0x1087,0x1087,0x1087,0x0f87,0x0f87,0x0f87,0x0f87,0x0f87,0x0f87,0x0f87,0x0f87,
      0x0e87,0x0e87,0x1078,0x1088,0x1088,0x0578,0x0f88,0x1088,0x0f78,0x0f88,0x0f88,0x0e78,
      0x0d78,0x0e88,0x0d88,0x0d88,0x0c78,0x0c88,0x0c88,0x0688,0x0e87,0x0e87,0x0e87,0x0e87,
      0x0e87,0x0d87,0x0d87,0x0c88,0x0b88,0x0b88,0x0a88,0x0a88,0x0a88,0x0a88,0x0a88,0x0988,
      0x0988,0x0988,0x0988,0x0888,0x0988,0x0888,0x0888,0x0888,0x0888,0x0487,0x0687,0x0888,
      0x0888,0x0888,0x0788,0x0788,0x0487,0x0788,0x0788,0x0788,0x0788,0x0788,0x0788,0x0288,
      0x0688,0x0788,0x0788,0x0788,0x0688,0x0688,0x0688,0x0688,0x0688,0x0688,0x0588,0x0588,
      0x0588,0x0588,0x0488,0x0488,0x0488,0x0588,0x0488,0x0488,0x0488,0x0488,0x0488,0x0488,
      0x0488,0x0388,0x0178,0x0388,0x0388,0x0388,0x0388,0x0388,0x0388,0x0388,0x0388,0x0388,
      0x0288,0x0288,0x0288,0x0088,
    },
    {
      0x2088,0x2088,0x1f88,0x2088,0x1e88,0x1e78,0x1e88,0x1d88,0x1c87,0x1d78,0x1c78,0x1c78,
      0x1c78,0x1c88,0x1c87,0x1e68,0x1b87,0x1b87,0x1c78,0x1378,0x1c78,0x1c87,0x1c78,0x1c78,
      0x1b78,0x1b78,0x1b78,0x1c88,0x1a88,0x1b87,0x1a87,0x1987,0x1987,0x1987,0x1787,0x1887,
      0x1a78,0x1a78,0x1a78,0x1a78,0x1369,0x1a88,0x1988,0x1988,0x1978,0x1988,0x1478,0x1988,
      0x1988,0x1988,0x1988,0x1988,0x1988,0x1988,0x1988,0x1888,0x1888,0x1888,0x1988,0x1887,
      0x1887,0x1887,0x1887,0x1887,0x1787,0x0c76,0x1787,0x1787,0x1878,0x1888,0x1888,0x1888,
      0x1888,0x1888,0x1888,0x1888,0x1888,0x1978,0x1888,0x1888,0x1888,0x1878,0x1778,0x1888,
      0x1888,0x1788,0x1878,0x1788,0x1888,0x1788,0x1688,0x1778,0x1778,0x1578,0x1688,0x1588,
      0x1787,0x1687,0x1687,0x1587,0x1588,0x1587,0x1587,0x1587,0x0a78,0x1587,0x1587,0x1487,
      0x1487,0x1487,0x1487,0x1487,0x1487,0x1487,0x1387,0x1387,0x1387,0x1387,0x1387,0x1387,
      0x1287,0x1387,0x1287,0x0b88,0x1287,0x1287,0x1588,0x1478,0x0987,0x1488,0x1488,0x1378,
      0x1378,0x1388,0x1388,0x1387,0x1287,0x0a79,0x1287,0x1287,0x0779,0x0a88,0x1287,0x1187,
      0x1187,0x1287,0x1287,0x1287,0x1187,0x1187,0x1187,0x1187,0x1187,0x1187,0x1187,0x1187,
      0x1087,0x1087,0x1278,0x1288,0x1288,0x0678,0x1188,0x1288,0x1178,0x1088,0x1088,0x1078,
      0x0f78,0x0f88,0x0e88,0x0e88,0x0e78,0x0d88,0x0d88,0x0788,0x1087,0x1087,0x1087,0x1087,
      0x1087,0x0e87,0x0f87,0x0d88,0x0c88,0x0c88,0x0b88,0x0b88,0x0b88,0x0b88,0x0b88,0x0a88,
      0x0a88,0x0a88,0x0a88,0x0988,0x0a88,0x0988,0x0988,0x0988,0x0988,0x0587,0x0687,0x0988,
      0x0988,0x0988,0x0888,0x0888,0x0587,0x0888,0x0788,0x0788,0x0788,0x0788,0x0788,0x0288,
      0x0788,0x0788,0x0788,0x0788,0x0788,0x0788,0x0688,0x0688,0x0688,0x0688,0x0688,0x0688,
      0x0688,0x0688,0x0588,0x0588,0x0588,0x0588,0x0588,0x0588,0x0588,0x0588,0x0588,0x0588,
      0x0588,0x0388,0x0178,0x0388,0x0388,0x0388,0x0388,0x0388,0x0388,0x0388,0x0388,0x0388,
      0x0288,0x0288,0x0288,0x0088,
    },
    {
      0x2488,0x2388,0x2288,0x2488,0x2188,0x2178,0x2188,0x2088,0x2087,0x2078,0x1f78,0x1f78,
      0x1f78,0x1f88,0x1f87,0x2168,0x1e87,0x1e87,0x1f78,0x1578,0x1f78,0x1f87,0x1f78,0x1f78,
      0x1e78,0x1e78,0x1e78,0x1f88,0x1d88,0x1e87,0x1c87,0x1c87,0x1c87,0x1c87,0x1987,0x1b87,
      0x1d78,0x1d78,0x1c78,0x1c78,0x1669,0x1c88,0x1c88,0x1c88,0x1c78,0x1c88,0x1778,0x1c88,
      0x1c88,0x1c88,0x1c88,0x1c88,0x1c88,0x1c88,0x1c88,0x1b88,0x1b88,0x1b88,0x1c88,0x1b87,
      0x1a87,0x1a87,0x1a87,0x1a87,0x1987,0x0e76,0x1987,0x1987,0x1b78,0x1b88,0x1b88,0x1b88,
      0x1b88,0x1b88,0x1b88,0x1b88,0x1b88,0x1c78,0x1b88,0x1b88,0x1b88,0x1a78,0x1a78,0x1b88,
      0x1b88,0x1a88,0x1a78,0x1a88,0x1a88,0x1a88,0x1988,0x1978,0x1978,0x1878,0x1988,0x1788,
      0x1987,0x1987,0x1987,0x1787,0x1888,0x1787,0x1787,0x1787,0x0b78,0x1787,0x1787,0x1687,
      0x1687,0x1687,0x1687,0x1687,0x1687,0x1687,0x1587,0x1587,0x1587,0x1587,0x1587,0x1587,
      0x1487,0x1587,0x1487,0x0d88,0x1487,0x1487,0x1788,0x1778,0x0a87,0x1688,0x1688,0x1578,
      0x1578,0x1588,0x1588,0x1587,0x1487,0x0b79,0x1487,0x1487,0x0879,0x0b88,0x1487,0x1387,
      0x1387,0x1487,0x1487,0x1487,0x1387,0x1387,0x1387,0x1387,0x1387,0x1387,0x1387,0x1387,
      0x1287,0x1187,0x1478,0x1488,0x1488,0x0678,0x1288,0x1488,0x1378,0x1288,0x1288,0x1278,
      0x1078,0x1188,0x1088,0x1088,0x0f78,0x0f88,0x0f88,0x0888,0x1287,0x1187,0x1187,0x1187,
      0x1187,0x1087,0x1187,0x0f88,0x0d88,0x0d88,0x0d88,0x0d88,0x0c88,0x0c88,0x0c88,0x0b88,
      0x0b88,0x0b88,0x0b88,0x0a88,0x0b88,0x0a88,0x0a88,0x0a88,0x0a88,0x0587,0x0787,0x0a88,
      0x0a88,0x0a88,0x0988,0x0988,0x0587,0x0988,0x0888,0x0888,0x0888,0x0888,0x0888,0x0288,
      0x0888,0x0888,0x0888,0x0888,0x0888,0x0888,0x0788,0x0788,0x0788,0x0788,0x0688,0x0688,
      0x0688,0x0688,0x0588,0x0588,0x0588,0x0688,0x0588,0x0588,0x0588,0x0588,0x0588,0x0588,
      0x0588,0x0488,0x0278,0x0488,0x0488,0x0488,0x0488,0x0488,0x0488,0x0488,0x0488,0x0388,
      0x0388,0x0388,0x0388,0x0088,
    },
    {
      0x2788,0x2788,0x2588,0x2788,0x2588,0x2478,0x2488,0x2388,0x2387,0x2378,0x2278,0x2278,
      0x2278,0x2288,0x2287,0x2468,0x2187,0x2187,0x2278,0x1869,0x2278,0x2296,0x2278,0x2278,
      0x2178,0x2178,0x2178,0x2288,0x2088,0x2187,0x1f87,0x1f87,0x1f87,0x1e87,0x1c87,0x1e87,
      0x2078,0x2078,0x1f78,0x1f78,0x1869,0x1f88,0x1f88,0x1f88,0x1e78,0x1f88,0x1978,0x1f88,
      0x1f88,0x1f88,0x1f88,0x1f88,0x1f88,0x1f88,0x1f88,0x1e88,0x1e88,0x1e88,0x1e88,0x1e87,
      0x1d87,0x1d87,0x1d87,0x1d87,0x1c87,0x0f76,0x1c87,0x1c87,0x1e78,0x1e88,0x1e88,0x1e88,
      0x1e88,0x1e88,0x1e88,0x1e88,0x1e88,0x1e78,0x1e88,0x1e88,0x1e88,0x1d78,0x1d78,0x1e88,
      0x1e88,0x1d88,0x1d78,0x1c88,0x1d88,0x1c88,0x1b88,0x1c78,0x1c78,0x1a78,0x1b88,0x1a88,
      0x1c87,0x1b86,0x1b86,0x1a86,0x1a88,0x1a87,0x1987,0x1a86,0x0c78,0x1a86,0x1a86,0x1886,
      0x1886,0x1886,0x1887,0x1886,0x1886,0x1886,0x1886,0x1786,0x1786,0x1786,0x1786,0x1786,
      0x1787,0x1786,0x1686,0x0e88,0x1686,0x1686,0x1a88,0x1978,0x0b87,0x1888,0x1888,0x1778,
      0x1778,0x1788,0x1788,0x1787,0x1787,0x0d79,0x1687,0x1686,0x0979,0x0c89,0x1686,0x1587,
      0x1587,0x1686,0x1686,0x1686,0x1586,0x1486,0x1486,0x1486,0x1486,0x1587,0x1486,0x1486,
      0x1386,0x1386,0x1678,0x1688,0x1688,0x0778,0x1488,0x1588,0x1578,0x1488,0x1488,0x1378,
      0x1278,0x1388,0x1188,0x1188,0x1178,0x1088,0x1088,0x0888,0x1487,0x1386,0x1386,0x1386,
      0x1386,0x1286,0x1287,0x1088,0x0f88,0x0f88,0x0e88,0x0e88,0x0d88,0x0d88,0x0d88,0x0d88,
      0x0c88,0x0c88,0x0c88,0x0b88,0x0c88,0x0b88,0x0b88,0x0a88,0x0a88,0x0687,0x0886,0x0a88,
      0x0a88,0x0a88,0x0a88,0x0a88,0x0687,0x0a88,0x0988,0x0988,0x0988,0x0988,0x0988,0x0288,
      0x0888,0x0988,0x0988,0x0988,0x0888,0x0888,0x0888,0x0888,0x0888,0x0888,0x0788,0x0788,
      0x0788,0x0788,0x0688,0x0688,0x0688,0x0688,0x0688,0x0688,0x0688,0x0688,0x0688,0x0688,
      0x0688,0x0488,0x0278,0x0488,0x0488,0x0488,0x0488,0x0488,0x0488,0x0488,0x0488,0x0388,
      0x0388,0x0388,0x0388,0x0088,
    },
    {
      0x2b88,0x2a88,0x2988,0x2b88,0x2888,0x2778,0x2888,0x2688,0x2687,0x2778,0x2678,0x2578,
      0x2578,0x2688,0x2587,0x2868,0x2487,0x2487,0x2578,0x1a69,0x2578,0x2596,0x2578,0x2578,
      0x2478,0x2478,0x2478,0x2588,0x2388,0x2487,0x2287,0x2287,0x2287,0x2187,0x1f87,0x2087,
      0x2378,0x2378,0x2278,0x2278,0x1a69,0x2288,0x2288,0x2288,0x2178,0x2288,0x1b78,0x2288,
      0x2288,0x2288,0x2288,0x2288,0x2288,0x2288,0x2288,0x2188,0x2088,0x2188,0x2188,0x2087,
      0x2087,0x2087,0x2087,0x2087,0x1e87,0x1176,0x1e87,0x1e87,0x2178,0x2188,0x2188,0x2088,
      0x2088,0x2088,0x2088,0x2088,0x2088,0x2178,0x2088,0x2088,0x2088,0x2078,0x1f78,0x2088,
      0x2088,0x1f88,0x2078,0x1f88,0x2088,0x1f88,0x1e88,0x1e78,0x1e78,0x1d78,0x1d88,0x1c88,
      0x1e87,0x1e86,0x1e86,0x1c86,0x1d88,0x1c87,0x1c87,0x1c86,0x0d78,0x1c86,0x1c86,0x1b86,
      0x1b86,0x1b86,0x1a87,0x1b86,0x1b86,0x1b86,0x1a86,0x1986,0x1986,0x1986,0x1986,0x1986,
      0x1987,0x1986,0x1886,0x0f88,0x1886,0x1886,0x1c88,0x1b78,0x0c87,0x1b88,0x1a88,0x1a78,
      0x1a78,0x1988,0x1988,0x1987,0x1987,0x0e79,0x1887,0x1886,0x0a79,0x0e89,0x1886,0x1787,
      0x1787,0x1886,0x1886,0x1886,0x1786,0x1686,0x1686,0x1686,0x1686,0x1787,0x1686,0x1686,
      0x1586,0x1586,0x1878,0x1888,0x1888,0x0878,0x1688,0x1788,0x1778,0x1688,0x1688,0x1578,
      0x1478,0x1488,0x1388,0x1388,0x1278,0x1188,0x1188,0x0988,0x1687,0x1586,0x1586,0x1586,
      0x1586,0x1386,0x1487,0x1188,0x1088,0x1088,0x0f88,0x0f88,0x0e88,0x0e88,0x0e88,0x0e88,
      0x0d88,0x0d88,0x0e88,0x0c88,0x0d88,0x0c88,0x0c88,0x0b88,0x0b88,0x0787,0x0886,0x0b88,
      0x0b88,0x0b88,0x0b88,0x0b88,0x0687,0x0b88,0x0a88,0x0a88,0x0a88,0x0a88,0x0a88,0x0388,
      0x0988,0x0a88,0x0a88,0x0a88,0x0988,0x0988,0x0888,0x0888,0x0888,0x0888,0x0888,0x0888,
      0x0888,0x0888,0x0688,0x0688,0x0688,0x0788,0x0688,0x0688,0x0688,0x0688,0x0688,0x0688,
      0x0688,0x0588,0x0278,0x0588,0x0588,0x0588,0x0588,0x0588,0x0588,0x0588,0x0588,0x0488,
      0x0388,0x0388,0x0388,0x0088,
    },
    {
      0x2f88,0x2e88,0x2c88,0x2e88,0x2b88,0x2b78,0x2b88,0x2988,0x2987,0x2a78,0x2978,0x2878,
      0x2878,0x2988,0x2887,0x2b68,0x2787,0x2787,0x2878,0x1c69,0x2878,0x2896,0x2878,0x2878,
      0x2778,0x2778,0x2778,0x2888,0x2688,0x2787,0x2587,0x2587,0x2587,0x2487,0x2187,0x2387,
      0x2678,0x2578,0x2578,0x2578,0x1c69,0x2588,0x2588,0x2588,0x2478,0x2588,0x1d78,0x2588,
      0x2588,0x2588,0x2588,0x2588,0x2588,0x2588,0x2588,0x2388,0x2388,0x2388,0x2488,0x2387,
      0x2287,0x2287,0x2287,0x2287,0x2187,0x1276,0x2187,0x2187,0x2378,0x2388,0x2388,0x2388,
      0x2388,0x2388,0x2388,0x2388,0x2388,0x2478,0x2388,0x2388,0x2388,0x2278,0x2278,0x2388,
      0x2388,0x2288,0x2278,0x2288,0x2288,0x2288,0x2088,0x2178,0x2178,0x1f78,0x2088,0x1e88,
      0x2187,0x2086,0x2086,0x1e86,0x1f88,0x1e87,0x1e87,0x1e86,0x0e78,0x1e86,0x1e86,0x1d86,
      0x1d86,0x1d86,0x1c87,0x1d86,0x1d86,0x1d86,0x1c86,0x1b86,0x1b86,0x1b86,0x1b86,0x1b86,
      0x1b87,0x1b86,0x1a86,0x1088,0x1a86,0x1a86,0x1e88,0x1d78,0x0d87,0x1d88,0x1d88,0x1c78,
      0x1c78,0x1b88,0x1b88,0x1b87,0x1b87,0x0f79,0x1a87,0x1a86,0x0b79,0x0f89,0x1a86,0x1987,
      0x1987,0x1a86,0x1a86,0x1a86,0x1986,0x1886,0x1886,0x1886,0x1886,0x1987,0x1886,0x1886,
      0x1786,0x1786,0x1a78,0x1a88,0x1a88,0x0878,0x1888,0x1988,0x1878,0x1888,0x1888,0x1778,
      0x1578,0x1688,0x1588,0x1588,0x1478,0x1388,0x1388,0x0a88,0x1787,0x1786,0x1786,0x1786,
      0x1786,0x1586,0x1687,0x1388,0x1188,0x1188,0x1088,0x1088,0x1088,0x1088,0x1088,0x0f88,
      0x0e88,0x0e88,0x0f88,0x0d88,0x0e88,0x0d88,0x0d88,0x0c88,0x0c88,0x0787,0x0986,0x0c88,
      0x0c88,0x0c88,0x0b88,0x0b88,0x0787,0x0b88,0x0b88,0x0b88,0x0b88,0x0b88,0x0b88,0x0388,
      0x0a88,0x0b88,0x0b88,0x0b88,0x0a88,0x0a88,0x0988,0x0988,0x0988,0x0988,0x0888,0x0888,
      0x0888,0x0888,0x0788,0x0788,0x0788,0x0788,0x0788,0x0788,0x0788,0x0788,0x0788,0x0788,
      0x0788,0x0588,0x0278,0x0588,0x0588,0x0588,0x0588,0x0588,0x0588,0x0588,0x0588,0x0488,
      0x0388,0x0388,0x0388,0x0088,
    },
    {
      0x3288,0x3188,0x2f88,0x3288,0x2f88,0x2e78,0x2e88,0x2d88,0x2c87,0x2d78,0x2c78,0x2c78,
      0x2b78,0x2c88,0x2b87,0x2e68,0x2a87,0x2a87,0x2b78,0x1e69,0x2b78,0x2b96,0x2b78,0x2b78,
      0x2a78,0x2a78,0x2a78,0x2b88,0x2988,0x2a87,0x2887,0x2787,0x2787,0x2787,0x2487,0x2687,
      0x2978,0x2878,0x2878,0x2878,0x1e69,0x2888,0x2888,0x2888,0x2778,0x2888,0x2078,0x2888,
      0x2888,0x2888,0x2888,0x2888,0x2888,0x2888,0x2888,0x2688,0x2688,0x2688,0x2788,0x2687,
      0x2587,0x2587,0x2587,0x2587,0x2387,0x1376,0x2387,0x2387,0x2678,0x2688,0x2688,0x2688,
      0x2688,0x2688,0x2688,0x2688,0x2688,0x2778,0x2688,0x2688,0x2688,0x2578,0x2478,0x2688,
      0x2688,0x2488,0x2578,0x2488,0x2588,0x2488,0x2388,0x2378,0x2378,0x2178,0x2288,0x2188,
      0x2387,0x2386,0x2386,0x2186,0x2188,0x2187,0x2087,0x2186,0x0f78,0x2186,0x2186,0x1f86,
      0x1f86,0x1f86,0x1e87,0x1f86,0x1f86,0x1f86,0x1e86,0x1e86,0x1d86,0x1e86,0x1e86,0x1d86,
      0x1d87,0x1d86,0x1c86,0x1288,0x1c86,0x1c86,0x2188,0x2078,0x0e87,0x1f88,0x1f88,0x1e78,
      0x1e78,0x1d88,0x1d88,0x1d87,0x1d87,0x107a,0x1c87,0x1c86,0x0b79,0x1089,0x1c86,0x1b87,
      0x1b87,0x1c86,0x1c86,0x1c86,0x1a86,0x1a86,0x1a86,0x1a86,0x1a86,0x1b87,0x1a86,0x1a86,
      0x1986,0x1886,0x1c78,0x1c88,0x1c88,0x0978,0x1a88,0x1b88,0x1a78,0x1a88,0x1a88,0x1978,
      0x1778,0x1888,0x1688,0x1688,0x1578,0x1488,0x1488,0x0b88,0x1987,0x1886,0x1886,0x1886,
      0x1886,0x1786,0x1787,0x1488,0x1388,0x1388,0x1288,0x1288,0x1188,0x1188,0x1188,0x1088,
      0x0f88,0x0f88,0x1088,0x0e88,0x0f88,0x0e88,0x0e88,0x0d88,0x0d88,0x0887,0x0a86,0x0d88,
      0x0d88,0x0d88,0x0c88,0x0c88,0x0787,0x0c88,0x0c88,0x0c88,0x0c88,0x0c88,0x0c88,0x0388,
      0x0b88,0x0c88,0x0c88,0x0c88,0x0b88,0x0b88,0x0a88,0x0a88,0x0a88,0x0a88,0x0988,0x0988,
      0x0988,0x0988,0x0788,0x0788,0x0788,0x0888,0x0788,0x0788,0x0788,0x0788,0x0788,0x0788,
      0x0788,0x0588,0x0278,0x0588,0x0588,0x0588,0x0588,0x0588,0x0588,0x0588,0x0588,0x0488,
      0x0488,0x0488,0x0488,0x0088,
    },
    {
      0x3688,0x3588,0x3388,0x3588,0x3288,0x3178,0x3288,0x3088,0x2f87,0x3078,0x2f78,0x2f78,
      0x2e78,0x2f88,0x2e87,0x3268,0x2d87,0x2d87,0x2e78,0x2069,0x2e78,0x2e96,0x2e78,0x2e78,
      0x2d78,0x2d78,0x2d78,0x2e88,0x2c88,0x2d87,0x2b87,0x2a87,0x2a87,0x2987,0x2687,0x2887,
      0x2c78,0x2b78,0x2b78,0x2b78,0x2069,0x2b88,0x2a88,0x2a88,0x2978,0x2a88,0x2278,0x2a88,
      0x2a88,0x2a88,0x2a88,0x2a88,0x2a88,0x2a88,0x2a88,0x2988,0x2988,0x2988,0x2988,0x2887,
      0x2787,0x2787,0x2787,0x2787,0x2687,0x1576,0x2687,0x2687,0x2978,0x2988,0x2988,0x2988,
      0x2988,0x2988,0x2988,0x2988,0x2988,0x2978,0x2988,0x2988,0x2988,0x2778,0x2778,0x2988,
      0x2988,0x2788,0x2778,0x2788,0x2788,0x2788,0x2588,0x2678,0x2678,0x2478,0x2588,0x2388,
      0x2687,0x2586,0x2586,0x2386,0x2488,0x2387,0x2287,0x2386,0x1078,0x2386,0x2386,0x2186,
      0x2186,0x2186,0x2187,0x2186,0x2186,0x2186,0x2086,0x2086,0x1f86,0x2086,0x2086,0x1f86,
      0x1f87,0x1f86,0x1e86,0x1388,0x1e86,0x1e86,0x2388,0x2278,0x0f87,0x2188,0x2188,0x2078,
      0x2078,0x1f88,0x1f88,0x1f87,0x1f87,0x117a,0x1e87,0x1e86,0x0c79,0x1189,0x1e86,0x1d87,
      0x1d87,0x1e86,0x1e86,0x1e86,0x1c86,0x1c86,0x1c86,0x1c86,0x1c86,0x1d87,0x1c86,0x1c86,
      0x1a86,0x1a86,0x1e78,0x1e88,0x1e88,0x0978,0x1c88,0x1d88,0x1c78,0x1b88,0x1b88,0x1a78,
      0x1878,0x1a88,0x1888,0x1888,0x1778,0x1688,0x1688,0x0b88,0x1b87,0x1a86,0x1a86,0x1a86,
      0x1a86,0x1886,0x1987,0x1688,0x1488,0x1488,0x1388,0x1388,0x1288,0x1288,0x1288,0x1188,
      0x1088,0x1088,0x1188,0x0f88,0x1088,0x0f88,0x0f88,0x0e88,0x0e88,0x0887,0x0a86,0x0e88,
      0x0e88,0x0e88,0x0d88,0x0d88,0x0887,0x0d88,0x0c88,0x0c88,0x0c88,0x0c88,0x0c88,0x0388,
      0x0b88,0x0c88,0x0c88,0x0c88,0x0b88,0x0b88,0x0b88,0x0a88,0x0b88,0x0b88,0x0988,0x0988,
      0x0988,0x0988,0x0888,0x0888,0x0888,0x0888,0x0888,0x0888,0x0888,0x0888,0x0888,0x0888,
      0x0888,0x0688,0x0278,0x0688,0x0688,0x0688,0x0688,0x0688,0x0688,0x0688,0x0688,0x0588,
      0x0488,0x0488,0x0488,0x0088,
    },
    {
      0x3988,0x3888,0x3688,0x3988,0x3688,0x3578,0x3588,0x3388,0x3387,0x3478,0x3278,0x3278,
      0x3278,0x3288,0x3287,0x3569,0x3087,0x3087,0x3278,0x2269,0x3278,0x3296,0x3278,0x3278,
      0x3078,0x3078,0x3078,0x3188,0x2f88,0x3087,0x2e87,0x2d87,0x2d87,0x2c87,0x2997,0x2b87,
      0x2f79,0x2e78,0x2e78,0x2e78,0x236a,0x2e88,0x2d88,0x2d88,0x2c78,0x2d88,0x2478,0x2d88,
      0x2d88,0x2d88,0x2d88,0x2d88,0x2d88,0x2d88,0x2d88,0x2c88,0x2b88,0x2c88,0x2c88,0x2b87,
      0x2a87,0x2a87,0x2a87,0x2a87,0x2887,0x1676,0x2887,0x2887,0x2c78,0x2c88,0x2c88,0x2b88,
      0x2b88,0x2b88,0x2b88,0x2b88,0x2b88,0x2c78,0x2b88,0x2b88,0x2b88,0x2a78,0x2a78,0x2b88,
      0x2b88,0x2a88,0x2a78,0x2988,0x2a88,0x2988,0x2888,0x2878,0x2878,0x2678,0x2788,0x2688,
      0x2887,0x2896,0x2896,0x2696,0x2688,0x2687,0x2597,0x2696,0x1179,0x2696,0x2696,0x2496,
      0x2496,0x2496,0x2397,0x2496,0x2496,0x2496,0x2296,0x2296,0x2296,0x2296,0x2296,0x2296,
      0x2197,0x2296,0x2096,0x1488,0x2096,0x2096,0x2688,0x2478,0x1087,0x2488,0x2388,0x2278,
      0x2278,0x2288,0x2188,0x2197,0x2197,0x127a,0x2097,0x2096,0x0d79,0x1289,0x2096,0x1f97,
      0x1f97,0x2096,0x2096,0x2096,0x1e96,0x1e96,0x1e96,0x1e96,0x1e96,0x1f97,0x1e96,0x1e96,
      0x1c96,0x1c96,0x2078,0x2088,0x2088,0x0a78,0x1e88,0x1f88,0x1e78,0x1d88,0x1d88,0x1c78,
      0x1a78,0x1b88,0x1988,0x1988,0x1878,0x1788,0x1788,0x0c88,0x1d97,0x1c96,0x1c96,0x1c96,
      0x1c96,0x1a96,0x1b97,0x1788,0x1588,0x1588,0x1488,0x1488,0x1388,0x1388,0x1388,0x1288,
      0x1188,0x1188,0x1288,0x1088,0x1188,0x1088,0x1088,0x0f88,0x0f88,0x0997,0x0b86,0x0f88,
      0x0f88,0x0f88,0x0e88,0x0e88,0x0887,0x0e88,0x0d88,0x0d88,0x0d88,0x0d88,0x0d88,0x0488,
      0x0c88,0x0d88,0x0d88,0x0d88,0x0c88,0x0c88,0x0b88,0x0b88,0x0b88,0x0b88,0x0a88,0x0a88,
      0x0a88,0x0a88,0x0888,0x0888,0x0888,0x0988,0x0888,0x0888,0x0888,0x0888,0x0888,0x0888,
      0x0888,0x0688,0x0378,0x0688,0x0688,0x0688,0x0688,0x0688,0x0688,0x0688,0x0688,0x0588,
      0x0488,0x0488,0x0488,0x0088,
    },
    {
      0x3d88,0x3c88,0x3a88,0x3d88,0x3988,0x3878,0x3888,0x3688,0x3687,0x3778,0x3578,0x3578,
      0x3578,0x3588,0x3587,0x3869,0x3387,0x3287,0x3578,0x2469,0x3578,0x3596,0x3578,0x3578,
      0x3278,0x3278,0x3278,0x3488,0x3288,0x3287,0x3087,0x3086,0x3086,0x2f86,0x2b97,0x2e86,
      0x3279,0x3178,0x3078,0x3078,0x256a,0x3088,0x3088,0x3088,0x2f78,0x3088,0x2678,0x3088,
      0x3088,0x3088,0x3088,0x3088,0x3088,0x3088,0x3088,0x2e88,0x2e88,0x2e88,0x2f88,0x2e86,
      0x2d86,0x2d86,0x2d86,0x2d86,0x2b86,0x1776,0x2b86,0x2b86,0x2e78,0x2e88,0x2e88,0x2e88,
      0x2e88,0x2e88,0x2e88,0x2e88,0x2e88,0x2f78,0x2e88,0x2e88,0x2e88,0x2d78,0x2c78,0x2e88,
      0x2e88,0x2c88,0x2d78,0x2c88,0x2d88,0x2c88,0x2a88,0x2b78,0x2b78,0x2878,0x2a88,0x2888,
      0x2b86,0x2a96,0x2a96,0x2896,0x2888,0x2887,0x2796,0x2896,0x1279,0x2896,0x2896,0x2696,
      0x2696,0x2696,0x2596,0x2696,0x2696,0x2696,0x2496,0x2496,0x2496,0x2496,0x2496,0x2496,
      0x2396,0x2496,0x2296,0x1588,0x2296,0x2296,0x2888,0x2678,0x1086,0x2688,0x2588,0x2478,
      0x2478,0x2488,0x2388,0x2396,0x2396,0x136a,0x2296,0x2296,0x0e69,0x1389,0x2196,0x2196,
      0x2196,0x2296,0x2296,0x2196,0x2096,0x2096,0x2096,0x2096,0x2096,0x2196,0x2096,0x2096,
      0x1e96,0x1d96,0x2278,0x2188,0x2188,0x0b78,0x1f88,0x2188,0x2078,0x1f88,0x1f88,0x1e78,
      0x1c78,0x1d88,0x1b88,0x1b88,0x1a78,0x1988,0x1988,0x0d88,0x1f96,0x1d96,0x1d96,0x1d96,
      0x1d96,0x1b96,0x1c96,0x1988,0x1788,0x1788,0x1688,0x1588,0x1488,0x1488,0x1488,0x1388,
      0x1288,0x1288,0x1388,0x1188,0x1288,0x1188,0x1188,0x1088,0x1088,0x0997,0x0c86,0x1088,
      0x1088,0x1088,0x0f88,0x0f88,0x0987,0x0f88,0x0e88,0x0e88,0x0e88,0x0e88,0x0e88,0x0488,
      0x0d88,0x0e88,0x0e88,0x0e88,0x0d88,0x0d88,0x0c88,0x0c88,0x0c88,0x0c88,0x0b88,0x0b88,
      0x0b88,0x0b88,0x0988,0x0988,0x0988,0x0a88,0x0988,0x0988,0x0988,0x0988,0x0988,0x0988,
      0x0988,0x0688,0x0378,0x0688,0x0688,0x0688,0x0688,0x0688,0x0688,0x0688,0x0688,0x0588,
      0x0488,0x0488,0x0488,0x0088,
    },
    {
      0x4088,0x3f88,0x3d88,0x4088,0x3c88,0x3b78,0x3c88,0x3988,0x3987,0x3a78,0x3878,0x3878,
      0x3878,0x3888,0x3887,0x3c69,0x3687,0x3587,0x3878,0x2769,0x3878,0x3896,0x3878,0x3878,
      0x3578,0x3578,0x3578,0x3788,0x3588,0x3587,0x3387,0x3386,0x3386,0x3286,0x2e97,0x3086,
      0x3579,0x3478,0x3378,0x3378,0x276a,0x3388,0x3388,0x3388,0x3278,0x3388,0x2978,0x3388,
      0x3388,0x3388,0x3388,0x3388,0x3388,0x3388,0x3388,0x3188,0x3188,0x3188,0x3288,0x3086,
      0x2f86,0x2f86,0x2f86,0x2f86,0x2d86,0x1976,0x2d86,0x2d86,0x3178,0x3188,0x3188,0x3188,
      0x3188,0x3188,0x3188,0x3188,0x3188,0x3278,0x3188,0x3188,0x3188,0x2f78,0x2f78,0x3188,
      0x3188,0x2f88,0x2f78,0x2e88,0x2f88,0x2e88,0x2c88,0x2d78,0x2d78,0x2b78,0x2c88,0x2a88,
      0x2d86,0x2c96,0x2c96,0x2a96,0x2b88,0x2a87,0x2996,0x2a96,0x1379,0x2a96,0x2a96,0x2896,
      0x2896,0x2896,0x2796,0x2896,0x2896,0x2896,0x2796,0x2696,0x2696,0x2696,0x2696,0x2696,
      0x2596,0x2696,0x2496,0x1788,0x2496,0x2496,0x2a88,0x2978,0x1186,0x2888,0x2888,0x2678,
      0x2678,0x2688,0x2588,0x2596,0x2596,0x156a,0x2496,0x2496,0x0f69,0x1489,0x2396,0x2396,
      0x2396,0x2496,0x2496,0x2396,0x2296,0x2196,0x2196,0x2196,0x2196,0x2396,0x2196,0x2196,
      0x2096,0x1f96,0x2478,0x2388,0x2388,0x0b78,0x2188,0x2388,0x2278,0x2188,0x2188,0x2078,
      0x1d78,0x1f88,0x1c88,0x1c88,0x1b78,0x1a88,0x1a88,0x0e88,0x2096,0x1f96,0x1f96,0x1f96,
      0x1f96,0x1d96,0x1e96,0x1a88,0x1888,0x1888,0x1788,0x1788,0x1688,0x1688,0x1688,0x1588,
      0x1388,0x1388,0x1488,0x1288,0x1388,0x1288,0x1288,0x1188,0x1188,0x0a97,0x0c86,0x1188,
      0x1188,0x1188,0x1088,0x1088,0x0987,0x1088,0x0f88,0x0f88,0x0f88,0x0f88,0x0f88,0x0488,
      0x0e88,0x0f88,0x0f88,0x0f88,0x0e88,0x0e88,0x0d88,0x0c88,0x0d88,0x0d88,0x0b88,0x0b88,
      0x0b88,0x0b88,0x0988,0x0988,0x0988,0x0a88,0x0988,0x0988,0x0988,0x0988,0x0988,0x0988,
      0x0988,0x0788,0x0378,0x0788,0x0788,0x0788,0x0788,0x0788,0x0788,0x0788,0x0788,0x0688,
      0x0588,0x0588,0x0588,0x0088,
    },
    {
      0x4488,0x4388,0x4088,0x4488,0x4088,0x3e78,0x3f88,0x3d88,0x3c87,0x3d78,0x3b78,0x3b78,
      0x3b78,0x3b88,0x3b87,0x3f69,0x3987,0x3887,0x3b78,0x2969,0x3b78,0x3b96,0x3b78,0x3b78,
      0x3878,0x3878,0x3878,0x3a88,0x3888,0x3887,0x3687,0x3586,0x3586,0x3486,0x3097,0x3386,
      0x3879,0x3778,0x3678,0x3678,0x296a,0x3688,0x3688,0x3688,0x3478,0x3688,0x2b78,0x3688,
      0x3688,0x3688,0x3688,0x3688,0x3688,0x3688,0x3688,0x3488,0x3388,0x3488,0x3488,0x3386,
      0x3286,0x3286,0x3286,0x3286,0x3086,0x1a76,0x3086,0x3086,0x3478,0x3488,0x3488,0x3388,
      0x3388,0x3388,0x3388,0x3388,0x3388,0x3478,0x3388,0x3388,0x3388,0x3278,0x3178,0x3388,
      0x3388,0x3188,0x3278,0x3188,0x3288,0x3188,0x2f88,0x3078,0x3078,0x2d78,0x2f88,0x2d88,
      0x3086,0x2f96,0x2f96,0x2d96,0x2d88,0x2d87,0x2c96,0x2d96,0x1479,0x2d96,0x2d96,0x2a96,
      0x2a96,0x2a96,0x2996,0x2a96,0x2a96,0x2a96,0x2996,0x2896,0x2896,0x2896,0x2896,0x2896,
      0x2796,0x2896,0x2696,0x1888,0x2696,0x2696,0x2d88,0x2b78,0x1286,0x2a88,0x2a88,0x2878,
      0x2878,0x2888,0x2788,0x2796,0x2796,0x166a,0x2696,0x2696,0x0f69,0x1589,0x2596,0x2596,
      0x2596,0x2696,0x2696,0x2596,0x2496,0x2396,0x2396,0x2396,0x2396,0x2596,0x2396,0x2396,
      0x2296,0x2196,0x2678,0x2588,0x2588,0x0c78,0x2388,0x2588,0x2478,0x2388,0x2388,0x2178,
      0x1f78,0x2088,0x1e88,0x1e88,0x1d78,0x1c88,0x1c88,0x0e88,0x2296,0x2196,0x2196,0x2196,
      0x2196,0x1f96,0x2096,0x1c88,0x1988,0x1988,0x1888,0x1888,0x1788,0x1788,0x1788,0x1688,
      0x1488,0x1488,0x1588,0x1388,0x1488,0x1388,0x1388,0x1288,0x1288,0x0a97,0x0d86,0x1288,
      0x1288,0x1288,0x1188,0x1188,0x0a87,0x1188,0x1088,0x1088,0x1088,0x1088,0x1088,0x0488,
      0x0e88,0x1088,0x1088,0x1088,0x0f88,0x0e88,0x0d88,0x0d88,0x0d88,0x0d88,0x0c88,0x0c88,
      0x0c88,0x0c88,0x0a88,0x0a88,0x0a88,0x0b88,0x0a88,0x0a88,0x0a88,0x0a88,0x0a88,0x0a88,
      0x0a88,0x0788,0x0378,0x0788,0x0788,0x0788,0x0788,0x0788,0x0788,0x0788,0x0788,0x0688,
      0x0588,0x0588,0x0588,0x0088,
    },
    {
      0x4888,0x4688,0x4488,0x4788,0x4388,0x4278,0x4288,0x4088,0x3f87,0x4078,0x3f78,0x3e78,
      0x3e78,0x3f88,0x3e87,0x4269,0x3c87,0x3b87,0x3e78,0x2b69,0x3e78,0x3e96,0x3e78,0x3e78,
      0x3b78,0x3b78,0x3b78,0x3e88,0x3b88,0x3b87,0x3987,0x3886,0x3886,0x3786,0x3397,0x3686,
      0x3b79,0x3a78,0x3978,0x3978,0x2b6a,0x3988,0x3988,0x3988,0x3778,0x3988,0x2d78,0x3988,
      0x3988,0x3988,0x3988,0x3988,0x3988,0x3988,0x3988,0x3688,0x3688,0x3688,0x3788,0x3686,
      0x3586,0x3586,0x3586,0x3586,0x3286,0x1c76,0x3286,0x3286,0x3678,0x3688,0x3688,0x3688,
      0x3688,0x3688,0x3688,0x3688,0x3688,0x3778,0x3688,0x3688,0x3688,0x3578,0x3478,0x3688,
      0x3688,0x3488,0x3578,0x3488,0x3588,0x3488,0x3188,0x3278,0x3278,0x3078,0x3188,0x2f88,
      0x3286,0x3196,0x3196,0x2f96,0x3088,0x2f87,0x2e96,0x2f96,0x1579,0x2f96,0x2f96,0x2c96,
      0x2c96,0x2c96,0x2b96,0x2c96,0x2c96,0x2c96,0x2b96,0x2a96,0x2a96,0x2a96,0x2a96,0x2a96,
      0x2996,0x2a96,0x2896,0x1988,0x2896,0x2896,0x2f88,0x2d78,0x1386,0x2c88,0x2c88,0x2b78,
      0x2b78,0x2a88,0x2988,0x2996,0x2996,0x176a,0x2896,0x2896,0x1069,0x1789,0x2796,0x2696,
      0x2696,0x2896,0x2896,0x2796,0x2696,0x2596,0x2596,0x2596,0x2596,0x2696,0x2596,0x2596,
      0x2396,0x2396,0x2878,0x2788,0x2788,0x0d78,0x2588,0x2788,0x2678,0x2588,0x2588,0x2378,
      0x2178,0x2288,0x2088,0x2088,0x1e78,0x1d88,0x1d88,0x0f88,0x2496,0x2396,0x2396,0x2396,
      0x2396,0x2096,0x2196,0x1d88,0x1b88,0x1b88,0x1988,0x1988,0x1888,0x1888,0x1888,0x1788,
      0x1688,0x1688,0x1788,0x1488,0x1688,0x1488,0x1488,0x1388,0x1388,0x0b97,0x0e86,0x1388,
      0x1388,0x1388,0x1288,0x1288,0x0a87,0x1288,0x1188,0x1188,0x1188,0x1188,0x1188,0x0488,
      0x0f88,0x1188,0x1188,0x1188,0x0f88,0x0f88,0x0e88,0x0e88,0x0e88,0x0e88,0x0d88,0x0d88,
      0x0d88,0x0d88,0x0a88,0x0a88,0x0a88,0x0b88,0x0a88,0x0a88,0x0a88,0x0a88,0x0a88,0x0a88,
      0x0a88,0x0888,0x0378,0x0888,0x0888,0x0888,0x0888,0x0888,0x0888,0x0888,0x0888,0x0688,
      0x0588,0x0588,0x0588,0x0088,
    },
    {
      0x4b88,0x4a88,0x4788,0x4b88,0x4688,0x4578,0x4688,0x4388,0x4287,0x4478,0x4278,0x4178,
      0x4178,0x4288,0x4187,0x4669,0x3f87,0x3e87,0x4178,0x2d69,0x4178,0x4196,0x4178,0x4178,
      0x3e78,0x3e78,0x3e78,0x4188,0x3e88,0x3e87,0x3c87,0x3b86,0x3b86,0x3a86,0x3597,0x3886,
      0x3e79,0x3c78,0x3c78,0x3c78,0x2d6a,0x3c88,0x3b88,0x3b88,0x3a78,0x3b88,0x2f78,0x3b88,
      0x3b88,0x3b88,0x3b88,0x3b88,0x3b88,0x3b88,0x3b88,0x3988,0x3988,0x3988,0x3a88,0x3886,
      0x3786,0x3786,0x3786,0x3786,0x3586,0x1d76,0x3586,0x3586,0x3978,0x3988,0x3988,0x3988,
      0x3988,0x3988,0x3988,0x3988,0x3988,0x3a78,0x3988,0x3988,0x3988,0x3778,0x3678,0x3988,
      0x3988,0x3688,0x3778,0x3688,0x3788,0x3688,0x3488,0x3578,0x3578,0x3278,0x3488,0x3188,
      0x3586,0x3496,0x3496,0x3196,0x3288,0x3187,0x3096,0x3196,0x1679,0x3196,0x3196,0x2f96,
      0x2f96,0x2f96,0x2e96,0x2f96,0x2f96,0x2f96,0x2d96,0x2c96,0x2c96,0x2c96,0x2c96,0x2c96,
      0x2b96,0x2c96,0x2a96,0x1a88,0x2a96,0x2a96,0x3188,0x2f78,0x1486,0x2f88,0x2e88,0x2d78,
      0x2d78,0x2c88,0x2b88,0x2b96,0x2b96,0x186a,0x2a96,0x2a96,0x1169,0x1889,0x2996,0x2896,
      0x2896,0x2a96,0x2a96,0x2996,0x2896,0x2796,0x2796,0x2796,0x2796,0x2896,0x2796,0x2796,
      0x2596,0x2496,0x2a78,0x2988,0x2988,0x0d78,0x2788,0x2988,0x2778,0x2688,0x2688,0x2578,
      0x2278,0x2488,0x2188,0x2188,0x2078,0x1f88,0x1f88,0x1088,0x2696,0x2496,0x2496,0x2496,
      0x2496,0x2296,0x2396,0x1f88,0x1c88,0x1c88,0x1b88,0x1a88,0x1988,0x1988,0x1988,0x1888,
      0x1788,0x1788,0x1888,0x1588,0x1788,0x1588,0x1588,0x1488,0x1488,0x0b97,0x0e86,0x1488,
      0x1488,0x1488,0x1288,0x1288,0x0b87,0x1288,0x1188,0x1188,0x1188,0x1188,0x1188,0x0588,
      0x1088,0x1188,0x1188,0x1188,0x1088,0x1088,0x0f88,0x0e88,0x0f88,0x0f88,0x0d88,0x0d88,
      0x0d88,0x0d88,0x0b88,0x0b88,0x0b88,0x0c88,0x0b88,0x0b88,0x0b88,0x0b88,0x0b88,0x0b88,
      0x0b88,0x0888,0x0378,0x0888,0x0888,0x0888,0x0888,0x0888,0x0888,0x0888,0x0888,0x0788,
      0x0588,0x0588,0x0588,0x0088,
    },
    {
      0x4f88,0x4d88,0x4b88,0x4e88,0x4a88,0x4878,0x4988,0x4688,0x4587,0x4778,0x4578,0x4478,
      0x4478,0x4588,0x4487,0x4969,0x4287,0x4187,0x4478,0x2f69,0x4478,0x4496,0x4478,0x4478,
      0x4178,0x4178,0x4178,0x4488,0x4188,0x4187,0x3f87,0x3e86,0x3e86,0x3d86,0x3897,0x3b86,
      0x4179,0x3f78,0x3f78,0x3f78,0x2f6a,0x3f88,0x3e88,0x3e88,0x3d78,0x3e88,0x3278,0x3e88,
      0x3e88,0x3e88,0x3e88,0x3e88,0x3e88,0x3e88,0x3e88,0x3c88,0x3b88,0x3c88,0x3d88,0x3b86,
      0x3a86,0x3a86,0x3a86,0x3a86,0x3786,0x1e76,0x3786,0x3786,0x3c78,0x3c88,0x3c88,0x3b88,
      0x3b88,0x3b88,0x3b88,0x3b88,0x3b88,0x3d78,0x3b88,0x3b88,0x3b88,0x3a78,0x3978,0x3b88,
      0x3b88,0x3988,0x3a78,0x3988,0x3a88,0x3988,0x3688,0x3778,0x3778,0x3478,0x3688,0x3488,
      0x3786,0x3696,0x3696,0x3496,0x3488,0x3487,0x3396,0x3496,0x1779,0x3496,0x3496,0x3196,
      0x3196,0x3196,0x3096,0x3196,0x3196,0x3196,0x2f96,0x2e96,0x2e96,0x2e96,0x2e96,0x2e96,
      0x2d96,0x2e96,0x2c96,0x1c88,0x2c96,0x2c96,0x3488,0x3278,0x1586,0x3188,0x3088,0x2f78,
      0x2f78,0x2e88,0x2d88,0x2d96,0x2d96,0x196a,0x2c96,0x2c96,0x1269,0x1989,0x2b96,0x2a96,
      0x2a96,0x2c96,0x2c96,0x2b96,0x2a96,0x2996,0x2996,0x2996,0x2996,0x2a96,0x2996,0x2996,
      0x2796,0x2696,0x2c78,0x2b88,0x2b88,0x0e78,0x2988,0x2b88,0x2978,0x2888,0x2888,0x2778,
      0x2478,0x2588,0x2388,0x2388,0x2178,0x2088,0x2088,0x1188,0x2896,0x2696,0x2696,0x2696,
      0x2696,0x2396,0x2596,0x2088,0x1d88,0x1d88,0x1c88,0x1c88,0x1a88,0x1a88,0x1a88,0x1988,
      0x1888,0x1888,0x1988,0x1688,0x1888,0x1688,0x1688,0x1588,0x1588,0x0c97,0x0f86,0x1588,
      0x1588,0x1588,0x1388,0x1388,0x0b87,0x1388,0x1288,0x1288,0x1288,0x1288,0x1288,0x0588,
      0x1188,0x1288,0x1288,0x1288,0x1188,0x1188,0x0f88,0x0f88,0x0f88,0x0f88,0x0e88,0x0e88,
      0x0e88,0x0e88,0x0b88,0x0b88,0x0b88,0x0c88,0x0b88,0x0b88,0x0b88,0x0b88,0x0b88,0x0b88,
      0x0b88,0x0888,0x0378,0x0888,0x0888,0x0888,0x0888,0x0888,0x0888,0x0888,0x0888,0x0788,
      0x0688,0x0688,0x0688,0x0088,
    },
    {
      0x5288,0x5188,0x4e88,0x5288,0x4d88,0x4b78,0x4c88,0x4988,0x4987,0x4a78,0x4878,0x4878,
      0x4778,0x4888,0x4787,0x4c69,0x4587,0x4487,0x4778,0x3169,0x4778,0x4796,0x4778,0x4778,
      0x4478,0x4478,0x4478,0x4788,0x4488,0x4487,0x4187,0x4186,0x4186,0x3f86,0x3b97,0x3e86,
      0x4479,0x4278,0x4178,0x4178,0x326a,0x4188,0x4188,0x4188,0x3f78,0x4188,0x3478,0x4188,
      0x4188,0x4188,0x4188,0x4188,0x4188,0x4188,0x4188,0x3f88,0x3e88,0x3f88,0x3f88,0x3e86,
      0x3c86,0x3c86,0x3c86,0x3c86,0x3a86,0x2076,0x3a86,0x3a86,0x3f78,0x3f88,0x3f88,0x3e88,
      0x3e88,0x3e88,0x3e88,0x3e88,0x3e88,0x3f78,0x3e88,0x3e88,0x3e88,0x3c78,0x3c78,0x3e88,
      0x3e88,0x3c88,0x3c78,0x3b88,0x3c88,0x3b88,0x3988,0x3a78,0x3a78,0x3778,0x3888,0x3688,
      0x3a86,0x3996,0x3996,0x3696,0x3788,0x3687,0x3596,0x3696,0x1879,0x3696,0x3696,0x3396,
      0x3396,0x3396,0x3296,0x3396,0x3396,0x3396,0x3196,0x3196,0x3096,0x3196,0x3196,0x3096,
      0x2f96,0x3096,0x2e96,0x1d88,0x2e96,0x2e96,0x3688,0x3478,0x1686,0x3388,0x3388,0x3178,
      0x3178,0x3088,0x2f88,0x2f96,0x2f96,0x1a6b,0x2e96,0x2e96,0x1369,0x1a89,0x2d96,0x2c96,
      0x2c96,0x2e96,0x2e96,0x2d96,0x2b96,0x2b96,0x2b96,0x2b96,0x2b96,0x2c96,0x2b96,0x2b96,
      0x2996,0x2896,0x2e78,0x2d88,0x2d88,0x0e78,0x2a88,0x2d88,0x2b78,0x2a88,0x2a88,0x2878,
      0x2578,0x2788,0x2488,0x2488,0x2378,0x2188,0x2188,0x1188,0x2996,0x2896,0x2896,0x2896,
      0x2896,0x2596,0x2696,0x2188,0x1f88,0x1f88,0x1d88,0x1d88,0x1c88,0x1c88,0x1c88,0x1a88,
      0x1988,0x1988,0x1a88,0x1788,0x1988,0x1788,0x1788,0x1688,0x1688,0x0d97,0x1086,0x1688,
      0x1688,0x1688,0x1488,0x1488,0x0c87,0x1488,0x1388,0x1388,0x1388,0x1388,0x1388,0x0588,
      0x1188,0x1388,0x1388,0x1388,0x1288,0x1188,0x1088,0x1088,0x1088,0x1088,0x0e88,0x0e88,
      0x0e88,0x0e88,0x0c88,0x0c88,0x0c88,0x0d88,0x0c88,0x0c88,0x0c88,0x0c88,0x0c88,0x0c88,
      0x0c88,0x0988,0x0478,0x0988,0x0988,0x0988,0x0988,0x0988,0x0988,0x0988,0x0988,0x0788,
      0x0688,0x0688,0x0688,0x0088,
    },
    {
      0x5688,0x5488,0x5188,0x5688,0x5088,0x4f78,0x5088,0x4d88,0x4c87,0x4d78,0x4b78,0x4b78,
      0x4a78,0x4b88,0x4a87,0x5069,0x4887,0x4787,0x4a78,0x3369,0x4a78,0x4a96,0x4a78,0x4a78,
      0x4778,0x4778,0x4778,0x4a88,0x4788,0x4787,0x4487,0x4486,0x4486,0x4286,0x3d97,0x4186,
      0x4779,0x4578,0x4478,0x4478,0x346a,0x4488,0x4488,0x4488,0x4278,0x4488,0x3678,0x4488,
      0x4488,0x4488,0x4488,0x4488,0x4488,0x4488,0x4488,0x4188,0x4188,0x4188,0x4288,0x4186,
      0x3f86,0x3f86,0x3f86,0x3f86,0x3c86,0x2176,0x3c86,0x3c86,0x4178,0x4188,0x4188,0x4188,
      0x4188,0x4188,0x4188,0x4188,0x4188,0x4278,0x4188,0x4188,0x4188,0x3f78,0x3e78,0x4188,
      0x4188,0x3e88,0x3f78,0x3e88,0x3f88,0x3e88,0x3b88,0x3c78,0x3c78,0x3978,0x3b88,0x3888,
      0x3c86,0x3b96,0x3b96,0x3896,0x3988,0x3887,0x3796,0x3896,0x1a79,0x3896,0x3896,0x3596,
      0x3596,0x3596,0x3496,0x3596,0x3596,0x3596,0x3396,0x3396,0x3296,0x3396,0x3396,0x3296,
      0x3196,0x3296,0x3096,0x1e88,0x3096,0x3096,0x3888,0x3678,0x1786,0x3588,0x3588,0x3378,
      0x3378,0x3288,0x3288,0x3296,0x3196,0x1b6b,0x3096,0x3096,0x146a,0x1b89,0x2f96,0x2e96,
      0x2e96,0x3096,0x3096,0x2f96,0x2d96,0x2d96,0x2d96,0x2d96,0x2d96,0x2e96,0x2d96,0x2d96,
      0x2a96,0x2a96,0x3078,0x2f88,0x2f88,0x0f78,0x2c88,0x2f88,0x2d78,0x2c88,0x2c88,0x2a78,
      0x2778,0x2988,0x2688,0x2688,0x2478,0x2388,0x2388,0x1288,0x2b96,0x2a96,0x2a96,0x2a96,
      0x2a96,0x2796,0x2896,0x2388,0x2088,0x2088,0x1e88,0x1e88,0x1d88,0x1d88,0x1d88,0x1b88,
      0x1a88,0x1a88,0x1b88,0x1888,0x1a88,0x1888,0x1888,0x1788,0x1788,0x0d97,0x1186,0x1788,
      0x1788,0x1788,0x1588,0x1588,0x0c87,0x1588,0x1488,0x1488,0x1488,0x1488,0x1488,0x0588,
      0x1288,0x1488,0x1488,0x1488,0x1288,0x1288,0x1188,0x1188,0x1188,0x1188,0x0f88,0x0f88,
      0x0f88,0x0f88,0x0c88,0x0c88,0x0c88,0x0e88,0x0c88,0x0c88,0x0c88,0x0c88,0x0c88,0x0c88,
      0x0c88,0x0988,0x0478,0x0988,0x0988,0x0988,0x0988,0x0988,0x0988,0x0988,0x0988,0x0888,
      0x0688,0x0688,0x0688,0x0088,
    },
    {
      0x5988,0x5888,0x5588,0x5988,0x5488,0x5278,0x5388,0x5088,0x4f87,0x5078,0x4e78,0x4e78,
      0x4d78,0x4e88,0x4d87,0x5359,0x4b87,0x4a87,0x4d78,0x3669,0x4d78,0x4d96,0x4d78,0x4d78,
      0x4a78,0x4a78,0x4a78,0x4d88,0x4988,0x4a87,0x4787,0x4686,0x4686,0x4586,0x4097,0x4386,
      0x4979,0x4878,0x4778,0x4778,0x365a,0x4788,0x4788,0x4788,0x4578,0x4788,0x3878,0x4788,
      0x4788,0x4788,0x4788,0x4788,0x4788,0x4788,0x4788,0x4488,0x4488,0x4488,0x4588,0x4386,
      0x4286,0x4286,0x4286,0x4286,0x3f86,0x2275,0x3f86,0x3f86,0x4478,0x4488,0x4488,0x4488,
      0x4488,0x4488,0x4488,0x4488,0x4488,0x4578,0x4488,0x4488,0x4488,0x4278,0x4178,0x4488,
      0x4488,0x4188,0x4278,0x4088,0x4288,0x4088,0x3e88,0x3f78,0x3f78,0x3b78,0x3d88,0x3b88,
      0x3f86,0x3e96,0x3e96,0x3b96,0x3b88,0x3b87,0x3996,0x3b96,0x1b79,0x3b96,0x3b96,0x3796,
      0x3796,0x3796,0x3696,0x3796,0x3796,0x3796,0x3696,0x3596,0x3496,0x3596,0x3596,0x3496,
      0x3396,0x3496,0x3296,0x1f88,0x3296,0x3296,0x3b88,0x3878,0x1886,0x3788,0x3788,0x3578,
      0x3578,0x3488,0x3488,0x3496,0x3396,0x1d6b,0x3296,0x3296,0x146a,0x1c89,0x3196,0x3096,
      0x3096,0x3296,0x3296,0x3196,0x2f96,0x2e96,0x2e96,0x2e96,0x2e96,0x3096,0x2e96,0x2e96,
      0x2c96,0x2b96,0x3278,0x3188,0x3188,0x1078,0x2e88,0x3188,0x2f78,0x2e88,0x2e88,0x2c78,
      0x2978,0x2b88,0x2788,0x2788,0x2678,0x2488,0x2488,0x1388,0x2d96,0x2b96,0x2b96,0x2b96,
      0x2b96,0x2896,0x2a96,0x2488,0x2188,0x2188,0x2088,0x1f88,0x1e88,0x1e88,0x1e88,0x1d88,
      0x1b88,0x1b88,0x1c88,0x1988,0x1b88,0x1988,0x1988,0x1888,0x1888,0x0e97,0x1186,0x1888,
      0x1888,0x1888,0x1688,0x1688,0x0d87,0x1688,0x1588,0x1588,0x1588,0x1588,0x1588,0x0588,
      0x1388,0x1588,0x1588,0x1588,0x1388,0x1388,0x1288,0x1188,0x1288,0x1288,0x1088,0x1088,
      0x1088,0x1088,0x0d88,0x0d88,0x0d88,0x0e88,0x0d88,0x0d88,0x0d88,0x0d88,0x0d88,0x0d88,
      0x0d88,0x0988,0x0478,0x0988,0x0988,0x0988,0x0988,0x0988,0x0988,0x0988,0x0988,0x0888,
      0x0688,0x0688,0x0688,0x0088,
    },
    {
      0x5d88,0x5b88,0x5888,0x5d88,0x5788,0x5578,0x5688,0x5388,0x5287,0x5478,0x5178,0x5178,
      0x5078,0x5188,0x5087,0x5659,0x4e87,0x4d87,0x5078,0x3869,0x5078,0x5096,0x5078,0x5078,
      0x4d78,0x4d78,0x4d78,0x5088,0x4c88,0x4d87,0x4a87,0x4986,0x4986,0x4886,0x4297,0x4686,
      0x4c79,0x4b78,0x4a78,0x4a78,0x385a,0x4a88,0x4a88,0x4a88,0x4878,0x4a88,0x3b78,0x4a88,
      0x4a88,0x4a88,0x4a88,0x4a88,0x4a88,0x4a88,0x4a88,0x4788,0x4688,0x4788,0x4888,0x4686,
      0x4486,0x4486,0x4486,0x4486,0x4186,0x2475,0x4186,0x4186,0x4778,0x4788,0x4788,0x4688,
      0x4688,0x4688,0x4688,0x4688,0x4688,0x4878,0x4688,0x4688,0x4688,0x4478,0x4378,0x4688,
      0x4688,0x4388,0x4478,0x4388,0x4488,0x4388,0x4088,0x4178,0x4178,0x3e78,0x4088,0x3d88,
      0x4186,0x4096,0x4096,0x3d96,0x3e88,0x3d87,0x3c96,0x3d96,0x1c79,0x3d96,0x3d96,0x3a96,
      0x3a96,0x3a96,0x3896,0x3a96,0x3a96,0x3a96,0x3896,0x3796,0x3696,0x3796,0x3796,0x3696,
      0x3596,0x3696,0x3496,0x2188,0x3496,0x3496,0x3d88,0x3b78,0x1986,0x3a88,0x3988,0x3778,
      0x3778,0x3688,0x3688,0x3696,0x3596,0x1e6b,0x3496,0x3496,0x156a,0x1d89,0x3396,0x3296,
      0x3296,0x3496,0x3496,0x3396,0x3196,0x3096,0x3096,0x3096,0x3096,0x3296,0x3096,0x3096,
      0x2e96,0x2d96,0x3478,0x3388,0x3388,0x1078,0x3088,0x3388,0x3178,0x3088,0x3088,0x2e78,
      0x2a78,0x2c88,0x2988,0x2988,0x2778,0x2688,0x2688,0x1488,0x2f96,0x2d96,0x2d96,0x2d96,
      0x2d96,0x2a96,0x2b96,0x2688,0x2388,0x2388,0x2188,0x2188,0x1f88,0x1f88,0x1f88,0x1e88,
      0x1c88,0x1c88,0x1d88,0x1a88,0x1c88,0x1a88,0x1a88,0x1988,0x1988,0x0e97,0x1286,0x1988,
      0x1988,0x1988,0x1788,0x1788,0x0d87,0x1788,0x1688,0x1688,0x1688,0x1688,0x1688,0x0688,
      0x1488,0x1688,0x1688,0x1688,0x1488,0x1488,0x1288,0x1288,0x1288,0x1288,0x1088,0x1088,
      0x1088,0x1088,0x0d88,0x0d88,0x0d88,0x0f88,0x0d88,0x0d88,0x0d88,0x0d88,0x0d88,0x0d88,
      0x0d88,0x0a88,0x0478,0x0a88,0x0a88,0x0a88,0x0a88,0x0a88,0x0a88,0x0a88,0x0a88,0x0888,
      0x0788,0x0788,0x0788,0x0088,
    },
    {
      0x6188,0x5f88,0x5c88,0x6088,0x5a88,0x5978,0x5988,0x5688,0x5587,0x5778,0x5478,0x5478,
      0x5478,0x5488,0x5487,0x5959,0x5187,0x5087,0x5478,0x3a69,0x5478,0x5496,0x5478,0x5478,
      0x5078,0x5078,0x5078,0x5388,0x4f88,0x5087,0x4d87,0x4c86,0x4c86,0x4a86,0x4597,0x4986,
      0x4f79,0x4e78,0x4d78,0x4d78,0x3a5b,0x4d88,0x4c88,0x4c88,0x4a78,0x4c88,0x3d78,0x4c88,
      0x4c88,0x4c88,0x4c88,0x4c88,0x4c88,0x4c88,0x4c88,0x4988,0x4988,0x4988,0x4a88,0x4986,
      0x4786,0x4786,0x4786,0x4786,0x4486,0x2575,0x4486,0x4486,0x4978,0x4988,0x4988,0x4988,
      0x4988,0x4988,0x4988,0x4988,0x4988,0x4a78,0x4988,0x4988,0x4988,0x4778,0x4678,0x4988,
      0x4988,0x4688,0x4778,0x4688,0x4788,0x4688,0x4388,0x4478,0x4478,0x4078,0x4288,0x3f88,
      0x4486,0x4396,0x4396,0x3f96,0x4088,0x3f87,0x3e96,0x3f96,0x1d79,0x3f96,0x3f96,0x3c96,
      0x3c96,0x3c96,0x3b96,0x3c96,0x3c96,0x3c96,0x3a96,0x3996,0x3996,0x3996,0x3996,0x3996,
      0x3796,0x3996,0x3696,0x2288,0x3696,0x3696,0x3f88,0x3d78,0x1a86,0x3c88,0x3b88,0x3978,
      0x3978,0x3988,0x3888,0x3896,0x3796,0x1f6b,0x3696,0x3696,0x166a,0x1e89,0x3596,0x3496,
      0x3496,0x3696,0x3696,0x3596,0x3396,0x3296,0x3296,0x3296,0x3296,0x3496,0x3296,0x3296,
      0x3096,0x2f96,0x3678,0x3588,0x3588,0x1178,0x3288,0x3588,0x3378,0x3188,0x3188,0x2f78,
      0x2c78,0x2e88,0x2b88,0x2b88,0x2978,0x2788,0x2788,0x1488,0x3196,0x2f96,0x2f96,0x2f96,
      0x2f96,0x2b96,0x2d96,0x2788,0x2488,0x2488,0x2288,0x2288,0x2088,0x2088,0x2088,0x1f88,
      0x1d88,0x1d88,0x1e88,0x1b88,0x1d88,0x1b88,0x1b88,0x1a88,0x1a88,0x0f97,0x1386,0x1a88,
      0x1a88,0x1a88,0x1888,0x1888,0x0e87,0x1888,0x1688,0x1688,0x1688,0x1688,0x1688,0x0688,
      0x1488,0x1688,0x1688,0x1688,0x1588,0x1488,0x1388,0x1388,0x1388,0x1388,0x1188,0x1188,
      0x1188,0x1188,0x0e88,0x0e88,0x0e88,0x0f88,0x0e88,0x0e88,0x0e88,0x0e88,0x0e88,0x0e88,
      0x0e88,0x0a88,0x0478,0x0a88,0x0a88,0x0a88,0x0a88,0x0a88,0x0a88,0x0a88,0x0a88,0x0888,
      0x0788,0x0788,0x0788,0x0088,
    },
    {
      0x6488,0x6288,0x5f88,0x6488,0x5e88,0x5c78,0x5d88,0x5988,0x5887,0x5a78,0x5878,0x5778,
      0x5778,0x5888,0x5787,0x5d59,0x5487,0x5387,0x5778,0x3c69,0x5778,0x5796,0x5778,0x5778,
      0x5378,0x5378,0x5378,0x5688,0x5288,0x5387,0x5087,0x4f86,0x4f86,0x4d86,0x4797,0x4b86,
      0x5279,0x5178,0x5078,0x5078,0x3c5b,0x5088,0x4f88,0x4f88,0x4d78,0x4f88,0x3f78,0x4f88,
      0x4f88,0x4f88,0x4f88,0x4f88,0x4f88,0x4f88,0x4f88,0x4c88,0x4c88,0x4c88,0x4d88,0x4b86,
      0x4a86,0x4a86,0x4a86,0x4a86,0x4686,0x2775,0x4686,0x4686,0x4c78,0x4c88,0x4c88,0x4c88,
      0x4c88,0x4c88,0x4c88,0x4c88,0x4c88,0x4d78,0x4c88,0x4c88,0x4c88,0x4a78,0x4978,0x4c88,
      0x4c88,0x4988,0x4a78,0x4888,0x4a88,0x4888,0x4588,0x4678,0x4678,0x4378,0x4588,0x4288,
      0x4686,0x4596,0x4596,0x4296,0x4388,0x4287,0x4096,0x4296,0x1e79,0x4296,0x4296,0x3e96,
      0x3e96,0x3e96,0x3d96,0x3e96,0x3e96,0x3e96,0x3c96,0x3b96,0x3b96,0x3b96,0x3b96,0x3b96,
      0x3996,0x3b96,0x3896,0x2388,0x3896,0x3896,0x4288,0x3f78,0x1b86,0x3e88,0x3e88,0x3c78,
      0x3c78,0x3b88,0x3a88,0x3a96,0x3996,0x206b,0x3896,0x3896,0x176a,0x2089,0x3796,0x3696,
      0x3696,0x3896,0x3896,0x3796,0x3596,0x3496,0x3496,0x3496,0x3496,0x3696,0x3496,0x3496,
      0x3196,0x3196,0x3878,0x3788,0x3788,0x1278,0x3488,0x3788,0x3578,0x3388,0x3388,0x3178,
      0x2e78,0x3088,0x2c88,0x2c88,0x2a78,0x2988,0x2988,0x1588,0x3296,0x3196,0x3196,0x3196,
      0x3196,0x2d96,0x2f96,0x2988,0x2588,0x2588,0x2388,0x2388,0x2288,0x2288,0x2288,0x2088,
      0x1e88,0x1e88,0x2088,0x1c88,0x1e88,0x1c88,0x1c88,0x1b88,0x1b88,0x0f97,0x1386,0x1b88,
      0x1b88,0x1b88,0x1988,0x1988,0x0e87,0x1988,0x1788,0x1788,0x1788,0x1788,0x1788,0x0688,
      0x1588,0x1788,0x1788,0x1788,0x1588,0x1588,0x1488,0x1388,0x1488,0x1488,0x1288,0x1288,
      0x1288,0x1288,0x0e88,0x0e88,0x0e88,0x1088,0x0e88,0x0e88,0x0e88,0x0e88,0x0e88,0x0e88,
      0x0e88,0x0b88,0x0478,0x0b88,0x0b88,0x0b88,0x0b88,0x0b88,0x0b88,0x0b88,0x0b88,0x0988,
      0x0788,0x0788,0x0788,0x0088,
    },
    {
      0x6888,0x6688,0x6288,0x6788,0x6188,0x5f78,0x6088,0x5c88,0x5c87,0x5d78,0x5b78,0x5a78,
      0x5a78,0x5b88,0x5a87,0x6059,0x5787,0x5687,0x5a78,0x3e69,0x5a78,0x5a96,0x5a78,0x5a78,
      0x5678,0x5678,0x5678,0x5988,0x5588,0x5687,0x5287,0x5286,0x5286,0x5086,0x4a97,0x4e86,
      0x5579,0x5378,0x5278,0x5278,0x3f5b,0x5288,0x5288,0x5288,0x5078,0x5288,0x4178,0x5288,
      0x5288,0x5288,0x5288,0x5288,0x5288,0x5288,0x5288,0x4f88,0x4e88,0x4f88,0x5088,0x4e86,
      0x4c86,0x4c86,0x4c86,0x4c86,0x4986,0x2875,0x4986,0x4986,0x4f78,0x4f88,0x4f88,0x4e88,
      0x4e88,0x4e88,0x4e88,0x4e88,0x4e88,0x5078,0x4e88,0x4e88,0x4e88,0x4c78,0x4b78,0x4e88,
      0x4e88,0x4b88,0x4c78,0x4b88,0x4c88,0x4b88,0x4888,0x4978,0x4978,0x4578,0x4788,0x4488,
      0x4986,0x4896,0x4896,0x4496,0x4588,0x4487,0x4396,0x4496,0x1f79,0x4496,0x4496,0x4096,
      0x4096,0x4096,0x3f96,0x4096,0x4096,0x4096,0x3e96,0x3d96,0x3d96,0x3d96,0x3d96,0x3d96,
      0x3b96,0x3d96,0x3a96,0x2488,0x3a96,0x3a96,0x4488,0x4178,0x1c86,0x4088,0x4088,0x3e78,
      0x3e78,0x3d88,0x3c88,0x3c96,0x3b96,0x216b,0x3a96,0x3a96,0x186a,0x2189,0x3996,0x3896,
      0x3896,0x3a96,0x3a96,0x3996,0x3796,0x3696,0x3696,0x3696,0x3696,0x3896,0x3696,0x3696,
      0x3396,0x3296,0x3a78,0x3988,0x3988,0x1278,0x3588,0x3988,0x3678,0x3588,0x3588,0x3378,
      0x2f78,0x3188,0x2e88,0x2e88,0x2c78,0x2a88,0x2a88,0x1688,0x3496,0x3296,0x3296,0x3296,
      0x3296,0x2f96,0x3096,0x2a88,0x2788,0x2788,0x2588,0x2488,0x2388,0x2388,0x2388,0x2188,
      0x1f88,0x1f88,0x2188,0x1d88,0x1f88,0x1d88,0x1d88,0x1c88,0x1c88,0x1097,0x1486,0x1c88,
      0x1c88,0x1c88,0x1988,0x1988,0x0f87,0x1988,0x1888,0x1888,0x1888,0x1888,0x1888,0x0688,
      0x1688,0x1888,0x1888,0x1888,0x1688,0x1688,0x1488,0x1488,0x1488,0x1488,0x1288,0x1288,
      0x1288,0x1288,0x0f88,0x0f88,0x0f88,0x1088,0x0f88,0x0f88,0x0f88,0x0f88,0x0f88,0x0f88,
      0x0f88,0x0b88,0x0578,0x0b88,0x0b88,0x0b88,0x0b88,0x0b88,0x0b88,0x0b88,0x0b88,0x0988,
      0x0788,0x0788,0x0788,0x0088,
    },
    {
      0x6b88,0x6988,0x6688,0x6b88,0x6488,0x6278,0x6388,0x6088,0x5f87,0x6178,0x5e78,0x5d78,
      0x5d78,0x5e88,0x5d87,0x6359,0x5a87,0x5987,0x5d78,0x4069,0x5d78,0x5d96,0x5d78,0x5d78,
      0x5978,0x5978,0x5978,0x5c88,0x5888,0x5987,0x5587,0x5486,0x5486,0x5386,0x4c97,0x5186,
      0x5879,0x5678,0x5578,0x5578,0x415b,0x5588,0x5588,0x5588,0x5378,0x5588,0x4478,0x5588,
      0x5588,0x5588,0x5588,0x5588,0x5588,0x5588,0x5588,0x5288,0x5188,0x5288,0x5388,0x5186,
      0x4f86,0x4f86,0x4f86,0x4f86,0x4b86,0x2975,0x4b86,0x4b86,0x5278,0x5288,0x5288,0x5188,
      0x5188,0x5188,0x5188,0x5188,0x5188,0x5378,0x5188,0x5188,0x5188,0x4f78,0x4e78,0x5188,
      0x5188,0x4e88,0x4f78,0x4d88,0x4f88,0x4d88,0x4a88,0x4b78,0x4b78,0x4778,0x4a88,0x4688,
      0x4b86,0x4a96,0x4a96,0x4696,0x4788,0x4687,0x4596,0x4696,0x2079,0x4696,0x4696,0x4396,
      0x4396,0x4396,0x4196,0x4396,0x4396,0x4396,0x4096,0x3f96,0x3f96,0x3f96,0x3f96,0x3f96,
      0x3d96,0x3f96,0x3c96,0x2688,0x3c96,0x3c96,0x4688,0x4478,0x1d86,0x4388,0x4288,0x4078,
      0x4078,0x3f88,0x3e88,0x3e96,0x3d96,0x226b,0x3c96,0x3c96,0x186a,0x2289,0x3b96,0x3a96,
      0x3a96,0x3c96,0x3c96,0x3b96,0x3996,0x3896,0x3896,0x3896,0x3896,0x3a96,0x3896,0x3896,
      0x3596,0x3496,0x3c78,0x3b88,0x3b88,0x1378,0x3788,0x3b88,0x3878,0x3788,0x3788,0x3578,
      0x3178,0x3388,0x2f88,0x2f88,0x2d78,0x2c88,0x2c88,0x1788,0x3696,0x3496,0x3496,0x3496,
      0x3496,0x3096,0x3296,0x2c88,0x2888,0x2888,0x2688,0x2688,0x2488,0x2488,0x2488,0x2288,
      0x2088,0x2088,0x2288,0x1e88,0x2088,0x1e88,0x1e88,0x1d88,0x1d88,0x1097,0x1586,0x1d88,
      0x1d88,0x1d88,0x1a88,0x1a88,0x0f87,0x1a88,0x1988,0x1988,0x1988,0x1988,0x1988,0x0788,
      0x1788,0x1988,0x1988,0x1988,0x1788,0x1788,0x1588,0x1588,0x1588,0x1588,0x1388,0x1388,
      0x1388,0x1388,0x0f88,0x0f88,0x0f88,0x1188,0x0f88,0x0f88,0x0f88,0x0f88,0x0f88,0x0f88,
      0x0f88,0x0b88,0x0578,0x0b88,0x0b88,0x0b88,0x0b88,0x0b88,0x0b88,0x0b88,0x0b88,0x0988,
      0x0888,0x0888,0x0888,0x0088,
    },
    {
      0x6f88,0x6d88,0x6988,0x6e88,0x6888,0x6678,0x6788,0x6388,0x6287,0x6478,0x6178,0x6078,
      0x6078,0x6188,0x6087,0x6759,0x5d87,0x5c87,0x6078,0x4269,0x6078,0x6096,0x6078,0x6078,
      0x5c78,0x5c78,0x5c78,0x5f88,0x5b88,0x5c87,0x5887,0x5786,0x5786,0x5586,0x4f97,0x5386,
      0x5b79,0x5978,0x5878,0x5878,0x435b,0x5888,0x5888,0x5888,0x5578,0x5888,0x4678,0x5888,
      0x5888,0x5888,0x5888,0x5888,0x5888,0x5888,0x5888,0x5488,0x5488,0x5488,0x5588,0x5386,
      0x5186,0x5186,0x5186,0x5186,0x4e86,0x2b75,0x4e86,0x4e86,0x5478,0x5488,0x5488,0x5488,
      0x5488,0x5488,0x5488,0x5488,0x5488,0x5578,0x5488,0x5488,0x5488,0x5178,0x5078,0x5488,
      0x5488,0x5088,0x5178,0x5088,0x5188,0x5088,0x4d88,0x4e78,0x4e78,0x4a78,0x4c88,0x4988,
      0x4e86,0x4d96,0x4d96,0x4996,0x4a88,0x4987,0x4796,0x4996,0x2179,0x4996,0x4996,0x4596,
      0x4596,0x4596,0x4396,0x4596,0x4596,0x4596,0x4296,0x4196,0x4196,0x4196,0x4196,0x4196,
      0x3f96,0x4196,0x3e96,0x2788,0x3e96,0x3e96,0x4988,0x4678,0x1e86,0x4588,0x4488,0x4278,
      0x4278,0x4188,0x4088,0x4096,0x3f96,0x236b,0x3e96,0x3e96,0x196a,0x2389,0x3d96,0x3c96,
      0x3c96,0x3e96,0x3e96,0x3d96,0x3b96,0x3a96,0x3a96,0x3a96,0x3a96,0x3c96,0x3a96,0x3a96,
      0x3796,0x3696,0x3e78,0x3d88,0x3d88,0x1378,0x3988,0x3d88,0x3a78,0x3988,0x3988,0x3678,
      0x3278,0x3588,0x3188,0x3188,0x2f78,0x2d88,0x2d88,0x1788,0x3896,0x3696,0x3696,0x3696,
      0x3696,0x3296,0x3496,0x2d88,0x2988,0x2988,0x2788,0x2788,0x2588,0x2588,0x2588,0x2388,
      0x2188,0x2188,0x2388,0x1f88,0x2188,0x1f88,0x1f88,0x1e88,0x1e88,0x1197,0x1586,0x1e88,
      0x1e88,0x1e88,0x1b88,0x1b88,0x1087,0x1b88,0x1a88,0x1a88,0x1a88,0x1a88,0x1a88,0x0788,
      0x1788,0x1a88,0x1a88,0x1a88,0x1888,0x1788,0x1688,0x1588,0x1688,0x1688,0x1388,0x1388,
      0x1388,0x1388,0x1088,0x1088,0x1088,0x1188,0x1088,0x1088,0x1088,0x1088,0x1088,0x1088,
      0x1088,0x0c88,0x0578,0x0c88,0x0c88,0x0c88,0x0c88,0x0c88,0x0c88,0x0c88,0x0c88,0x0a88,
      0x0888,0x0888,0x0888,0x0088,
    },
    {
      0x7388,0x7088,0x6d88,0x7288,0x6b88,0x6979,0x6a88,0x6688,0x6587,0x6779,0x6479,0x6479,
      0x6379,0x6488,0x6397,0x6a59,0x6097,0x5f97,0x6379,0x456a,0x6379,0x63a6,0x6379,0x6379,
      0x5f79,0x5f79,0x5f79,0x6389,0x5e88,0x5f97,0x5b97,0x5a96,0x5a96,0x5896,0x5297,0x5696,
      0x5e79,0x5c79,0x5b79,0x5b79,0x455b,0x5b89,0x5b89,0x5b89,0x5879,0x5b89,0x4878,0x5b89,
      0x5b89,0x5b89,0x5b89,0x5b89,0x5b89,0x5b89,0x5b89,0x5789,0x5789,0x5789,0x5888,0x5696,
      0x5496,0x5496,0x5496,0x5496,0x5196,0x2c75,0x5096,0x5096,0x5779,0x5789,0x5789,0x5789,
      0x5789,0x5789,0x5789,0x5789,0x5789,0x5879,0x5789,0x5789,0x5789,0x5479,0x5379,0x5789,
      0x5789,0x5389,0x5479,0x5389,0x5488,0x5389,0x4f89,0x5079,0x5079,0x4c79,0x4f89,0x4b89,
      0x5096,0x4f96,0x4f96,0x4b96,0x4c88,0x4b97,0x4a96,0x4b96,0x2279,0x4b96,0x4b96,0x4796,
      0x4796,0x4796,0x4696,0x4796,0x4796,0x4796,0x4596,0x4496,0x4396,0x4496,0x4496,0x4396,
      0x4296,0x4396,0x4196,0x2888,0x4096,0x4096,0x4b89,0x4879,0x1f86,0x4789,0x4789,0x4479,
      0x4479,0x4389,0x4288,0x4296,0x4296,0x256c,0x4096,0x4096,0x1a6a,0x249a,0x3f96,0x3e96,
      0x3e96,0x4096,0x4096,0x3f96,0x3d96,0x3c96,0x3c96,0x3c96,0x3c96,0x3e96,0x3c96,0x3c96,
      0x3996,0x3896,0x4079,0x3f89,0x3f89,0x1479,0x3b89,0x3f89,0x3c79,0x3b89,0x3b89,0x3879,
      0x3479,0x3789,0x3389,0x3389,0x3079,0x2f89,0x2f89,0x1888,0x3a96,0x3896,0x3896,0x3896,
      0x3896,0x3496,0x3696,0x2f89,0x2b89,0x2b89,0x2989,0x2888,0x2789,0x2789,0x2789,0x2589,
      0x2389,0x2389,0x2488,0x2088,0x2389,0x2088,0x2189,0x1f89,0x1f89,0x1297,0x1696,0x1f89,
      0x1f89,0x1f89,0x1c88,0x1c88,0x1087,0x1c88,0x1b89,0x1b89,0x1b89,0x1b89,0x1b89,0x0798,
      0x1888,0x1b89,0x1b89,0x1b89,0x1989,0x1888,0x1789,0x1688,0x1789,0x1789,0x1488,0x1488,
      0x1488,0x1488,0x1088,0x1088,0x1088,0x1288,0x1088,0x1088,0x1088,0x1088,0x1088,0x1088,
      0x1088,0x0c88,0x0579,0x0c88,0x0c88,0x0c88,0x0c88,0x0c88,0x0c88,0x0c88,0x0c88,0x0a88,
      0x0888,0x0888,0x0888,0x0088,
    },
    {
      0x7688,0x7488,0x7088,0x7688,0x6e88,0x6c69,0x6d88,0x6988,0x6886,0x6a69,0x6769,0x6769,
      0x6669,0x6788,0x6696,0x6d59,0x6296,0x6296,0x6669,0x475a,0x6669,0x66a5,0x6669,0x6669,
      0x6269,0x6269,0x6269,0x6689,0x6188,0x6296,0x5e96,0x5d96,0x5d96,0x5b96,0x5496,0x5996,
      0x6169,0x5f69,0x5e69,0x5e69,0x475b,0x5e89,0x5d89,0x5d89,0x5b69,0x5d89,0x4a68,0x5d89,
      0x5d89,0x5d89,0x5d89,0x5d89,0x5d89,0x5d89,0x5d89,0x5a89,0x5989,0x5a89,0x5b88,0x5996,
      0x5796,0x5796,0x5796,0x5796,0x5396,0x2d65,0x5396,0x5396,0x5a69,0x5a89,0x5a89,0x5989,
      0x5989,0x5989,0x5989,0x5989,0x5989,0x5b69,0x5989,0x5989,0x5989,0x5769,0x5669,0x5989,
      0x5989,0x5689,0x5769,0x5589,0x5788,0x5589,0x5189,0x5369,0x5369,0x4e69,0x5189,0x4d89,
      0x5396,0x5195,0x5195,0x4d95,0x4e88,0x4d96,0x4c96,0x4d95,0x2369,0x4d95,0x4d95,0x4995,
      0x4995,0x4995,0x4896,0x4995,0x4995,0x4995,0x4795,0x4695,0x4595,0x4695,0x4695,0x4595,
      0x4496,0x4595,0x4395,0x2988,0x4195,0x4195,0x4d89,0x4a69,0x2086,0x4989,0x4989,0x4669,
      0x4669,0x4589,0x4488,0x4496,0x4496,0x266c,0x4196,0x4195,0x1b6a,0x259a,0x4195,0x3f96,
      0x3f96,0x4195,0x4195,0x4195,0x3e95,0x3d95,0x3d95,0x3d95,0x3d95,0x3f96,0x3d95,0x3d95,
      0x3a95,0x3995,0x4269,0x4189,0x4189,0x1569,0x3d89,0x4089,0x3e69,0x3c89,0x3c89,0x3a69,
      0x3669,0x3889,0x3489,0x3489,0x3269,0x3089,0x3089,0x1988,0x3b96,0x3995,0x3995,0x3995,
      0x3995,0x3595,0x3796,0x3089,0x2c89,0x2c89,0x2a89,0x2988,0x2889,0x2889,0x2889,0x2689,
      0x2489,0x2489,0x2588,0x2188,0x2489,0x2188,0x2289,0x1f89,0x1f89,0x1296,0x1795,0x1f89,
      0x1f89,0x1f89,0x1d88,0x1d88,0x1186,0x1d88,0x1b89,0x1b89,0x1b89,0x1b89,0x1b89,0x0798,
      0x1988,0x1b89,0x1b89,0x1b89,0x1989,0x1988,0x1789,0x1788,0x1789,0x1789,0x1588,0x1588,
      0x1588,0x1588,0x1188,0x1188,0x1188,0x1388,0x1188,0x1188,0x1188,0x1188,0x1188,0x1188,
      0x1188,0x0c88,0x0569,0x0c88,0x0c88,0x0c88,0x0c88,0x0c88,0x0c88,0x0c88,0x0c88,0x0a88,
      0x0888,0x0888,0x0888,0x0088,
    },
    {
      0x7a88,0x7788,0x7388,0x7988,0x7288,0x7069,0x7188,0x6c88,0x6b86,0x6d69,0x6a69,0x6a69,
      0x6969,0x6a88,0x6996,0x7159,0x6596,0x6596,0x6969,0x495a,0x6969,0x69a5,0x6969,0x6969,
      0x6569,0x6569,0x6569,0x6989,0x6488,0x6596,0x6196,0x6096,0x6096,0x5e96,0x5796,0x5b96,
      0x6469,0x6269,0x6169,0x6169,0x495b,0x6189,0x6089,0x6089,0x5e69,0x6089,0x4d68,0x6089,
      0x6089,0x6089,0x6089,0x6089,0x6089,0x6089,0x6089,0x5c89,0x5c89,0x5c89,0x5e88,0x5b96,
      0x5996,0x5996,0x5996,0x5996,0x5696,0x2f65,0x5596,0x5596,0x5c69,0x5c89,0x5c89,0x5c89,
      0x5c89,0x5c89,0x5c89,0x5c89,0x5c89,0x5e69,0x5c89,0x5c89,0x5c89,0x5969,0x5869,0x5c89,
      0x5c89,0x5889,0x5969,0x5889,0x5988,0x5889,0x5489,0x5569,0x5569,0x5169,0x5389,0x5089,
      0x5596,0x5495,0x5495,0x5095,0x5188,0x5096,0x4e96,0x5095,0x2469,0x5095,0x5095,0x4b95,
      0x4b95,0x4b95,0x4a96,0x4b95,0x4b95,0x4b95,0x4995,0x4895,0x4795,0x4895,0x4895,0x4795,
      0x4696,0x4795,0x4595,0x2b88,0x4395,0x4395,0x5089,0x4d69,0x2186,0x4b89,0x4b89,0x4869,
      0x4869,0x4789,0x4688,0x4696,0x4696,0x276c,0x4396,0x4395,0x1c6a,0x269a,0x4395,0x4196,
      0x4196,0x4395,0x4395,0x4395,0x4095,0x3f95,0x3f95,0x3f95,0x3f95,0x4196,0x3f95,0x3f95,
      0x3c95,0x3b95,0x4469,0x4389,0x4389,0x1569,0x3f89,0x4289,0x4069,0x3e89,0x3e89,0x3c69,
      0x3769,0x3a89,0x3689,0x3689,0x3369,0x3189,0x3189,0x1a88,0x3d96,0x3b95,0x3b95,0x3b95,
      0x3b95,0x3795,0x3996,0x3189,0x2d89,0x2d89,0x2b89,0x2b88,0x2989,0x2989,0x2989,0x2789,
      0x2589,0x2589,0x2688,0x2288,0x2589,0x2288,0x2389,0x2089,0x2089,0x1396,0x1795,0x2089,
      0x2089,0x2089,0x1e88,0x1e88,0x1186,0x1e88,0x1c89,0x1c89,0x1c89,0x1c89,0x1c89,0x0798,
      0x1a88,0x1c89,0x1c89,0x1c89,0x1a89,0x1a88,0x1889,0x1788,0x1889,0x1889,0x1588,0x1588,
      0x1588,0x1588,0x1188,0x1188,0x1188,0x1388,0x1188,0x1188,0x1188,0x1188,0x1188,0x1188,
      0x1188,0x0d88,0x0569,0x0d88,0x0d88,0x0d88,0x0d88,0x0d88,0x0d88,0x0d88,0x0d88,0x0b88,
      0x0988,0x0988,0x0988,0x0088,
    },
    {
      0x7d88,0x7b88,0x7788,0x7d88,0x7588,0x7369,0x7488,0x7088,0x6e86,0x7169,0x6d69,0x6d69,
      0x6c69,0x6d88,0x6c96,0x7459,0x6896,0x6896,0x6c69,0x4b5a,0x6c69,0x6ca5,0x6c69,0x6c69,
      0x6869,0x6869,0x6869,0x6c89,0x6788,0x6896,0x6496,0x6296,0x6296,0x6096,0x5996,0x5e96,
      0x6769,0x6569,0x6469,0x6469,0x4b5b,0x6489,0x6389,0x6389,0x6069,0x6389,0x4f68,0x6389,
      0x6389,0x6389,0x6389,0x6389,0x6389,0x6389,0x6389,0x5f89,0x5f89,0x5f89,0x6088,0x5e96,
      0x5c96,0x5c96,0x5c96,0x5c96,0x5896,0x3065,0x5896,0x5896,0x5f69,0x5f89,0x5f89,0x5f89,
      0x5f89,0x5f89,0x5f89,0x5f89,0x5f89,0x6069,0x5f89,0x5f89,0x5f89,0x5c69,0x5b69,0x5f89,
      0x5f89,0x5b89,0x5c69,0x5a89,0x5c88,0x5a89,0x5689,0x5869,0x5869,0x5369,0x5689,0x5289,
      0x5896,0x5695,0x5695,0x5295,0x5388,0x5296,0x5096,0x5295,0x2569,0x5295,0x5295,0x4e95,
      0x4e95,0x4e95,0x4c96,0x4e95,0x4e95,0x4e95,0x4b95,0x4a95,0x4995,0x4a95,0x4a95,0x4995,
      0x4896,0x4995,0x4795,0x2c88,0x4595,0x4595,0x5289,0x4f69,0x2286,0x4e89,0x4d89,0x4a69,
      0x4a69,0x4989,0x4888,0x4896,0x4896,0x286c,0x4596,0x4595,0x1c6a,0x279a,0x4595,0x4396,
      0x4396,0x4595,0x4595,0x4595,0x4295,0x4195,0x4195,0x4195,0x4195,0x4396,0x4195,0x4195,
      0x3e95,0x3d95,0x4669,0x4589,0x4589,0x1669,0x4189,0x4489,0x4269,0x4089,0x4089,0x3d69,
      0x3969,0x3c89,0x3789,0x3789,0x3569,0x3389,0x3389,0x1a88,0x3f96,0x3d95,0x3d95,0x3d95,
      0x3d95,0x3895,0x3b96,0x3389,0x2e89,0x2e89,0x2c89,0x2c88,0x2a89,0x2a89,0x2a89,0x2889,
      0x2689,0x2689,0x2788,0x2388,0x2689,0x2388,0x2489,0x2189,0x2189,0x1396,0x1895,0x2189,
      0x2189,0x2189,0x1f88,0x1f88,0x1286,0x1f88,0x1d89,0x1d89,0x1d89,0x1d89,0x1d89,0x0898,
      0x1a88,0x1d89,0x1d89,0x1d89,0x1b89,0x1a88,0x1989,0x1888,0x1989,0x1989,0x1688,0x1688,
      0x1688,0x1688,0x1288,0x1288,0x1288,0x1488,0x1288,0x1288,0x1288,0x1288,0x1288,0x1288,
      0x1288,0x0d88,0x0569,0x0d88,0x0d88,0x0d88,0x0d88,0x0d88,0x0d88,0x0d88,0x0d88,0x0b88,
      0x0988,0x0988,0x0988,0x0088,
    },
    {
      0x8188,0x7e88,0x7a88,0x8088,0x7888,0x7669,0x7788,0x7388,0x7286,0x7469,0x7169,0x7069,
      0x6f69,0x7188,0x6f96,0x7759,0x6b96,0x6b96,0x6f69,0x4d5a,0x6f69,0x6fa5,0x6f69,0x6f69,
      0x6b69,0x6b69,0x6b69,0x6f89,0x6a88,0x6b96,0x6696,0x6596,0x6596,0x6396,0x5c96,0x6196,
      0x6a69,0x6869,0x6669,0x6669,0x4e5b,0x6689,0x6689,0x6689,0x6369,0x6689,0x5168,0x6689,
      0x6689,0x6689,0x6689,0x6689,0x6689,0x6689,0x6689,0x6289,0x6189,0x6289,0x6388,0x6196,
      0x5f96,0x5f96,0x5f96,0x5f96,0x5b96,0x3265,0x5a96,0x5a96,0x6269,0x6289,0x6289,0x6189,
      0x6189,0x6189,0x6189,0x6189,0x6189,0x6369,0x6189,0x6189,0x6189,0x5f69,0x5d69,0x6189,
      0x6189,0x5d89,0x5f69,0x5d89,0x5f88,0x5d89,0x5989,0x5a69,0x5a69,0x5669,0x5889,0x5489,
      0x5a96,0x5995,0x5995,0x5495,0x5688,0x5496,0x5396,0x5495,0x2669,0x5495,0x5495,0x5095,
      0x5095,0x5095,0x4e96,0x5095,0x5095,0x5095,0x4d95,0x4c95,0x4b95,0x4c95,0x4c95,0x4b95,
      0x4a96,0x4b95,0x4995,0x2d88,0x4795,0x4795,0x5489,0x5169,0x2386,0x5089,0x4f89,0x4d69,
      0x4d69,0x4b89,0x4a88,0x4a96,0x4a96,0x296c,0x4796,0x4795,0x1d6a,0x299a,0x4795,0x4596,
      0x4596,0x4795,0x4795,0x4795,0x4495,0x4395,0x4395,0x4395,0x4395,0x4596,0x4395,0x4395,
      0x4095,0x3e95,0x4869,0x4789,0x4789,0x1769,0x4289,0x4689,0x4469,0x4289,0x4289,0x3f69,
      0x3b69,0x3d89,0x3989,0x3989,0x3669,0x3489,0x3489,0x1b88,0x4196,0x3e95,0x3e95,0x3e95,
      0x3e95,0x3a95,0x3c96,0x3489,0x3089,0x3089,0x2e89,0x2d88,0x2b89,0x2b89,0x2b89,0x2989,
      0x2789,0x2789,0x2988,0x2488,0x2789,0x2488,0x2589,0x2289,0x2289,0x1496,0x1995,0x2289,
      0x2289,0x2289,0x2088,0x2088,0x1286,0x2088,0x1e89,0x1e89,0x1e89,0x1e89,0x1e89,0x0898,
      0x1b88,0x1e89,0x1e89,0x1e89,0x1c89,0x1b88,0x1989,0x1988,0x1989,0x1989,0x1788,0x1788,
      0x1788,0x1788,0x1288,0x1288,0x1288,0x1488,0x1288,0x1288,0x1288,0x1288,0x1288,0x1288,
      0x1288,0x0e88,0x0669,0x0e88,0x0e88,0x0e88,0x0e88,0x0e88,0x0e88,0x0e88,0x0e88,0x0b88,
      0x0988,0x0988,0x0988,0x0088,
    },
    {
      0x8488,0x8288,0x7d88,0x8488,0x7c88,0x7969,0x7b88,0x7688,0x7586,0x7769,0x7469,0x7369,
      0x7269,0x7488,0x7296,0x7b59,0x6e96,0x6e96,0x7269,0x4f5a,0x7269,0x72a5,0x7269,0x7269,
      0x6e69,0x6e69,0x6e69,0x7289,0x6d88,0x6e96,0x6996,0x6896,0x6896,0x6696,0x5e96,0x6396,
      0x6d69,0x6a69,0x6969,0x6969,0x505b,0x6989,0x6989,0x6989,0x6669,0x6989,0x5368,0x6989,
      0x6989,0x6989,0x6989,0x6989,0x6989,0x6989,0x6989,0x6589,0x6489,0x6589,0x6688,0x6396,
      0x6196,0x6196,0x6196,0x6196,0x5d96,0x3365,0x5d96,0x5d96,0x6569,0x6589,0x6589,0x6489,
      0x6489,0x6489,0x6489,0x6489,0x6489,0x6669,0x6489,0x6489,0x6489,0x6169,0x6069,0x6489,
      0x6489,0x6089,0x6169,0x5f89,0x6188,0x5f89,0x5b89,0x5d69,0x5d69,0x5869,0x5b89,0x5789,
      0x5d96,0x5b95,0x5b95,0x5795,0x5888,0x5796,0x5596,0x5795,0x2769,0x5795,0x5795,0x5295,
      0x5295,0x5295,0x5096,0x5295,0x5295,0x5295,0x4f95,0x4e95,0x4d95,0x4e95,0x4e95,0x4d95,
      0x4c96,0x4d95,0x4b95,0x2e88,0x4995,0x4995,0x5789,0x5369,0x2486,0x5289,0x5289,0x4f69,
      0x4f69,0x4d89,0x4c88,0x4c96,0x4c96,0x2a6c,0x4996,0x4995,0x1e6a,0x2a9a,0x4995,0x4796,
      0x4796,0x4995,0x4995,0x4995,0x4695,0x4595,0x4595,0x4595,0x4595,0x4796,0x4595,0x4595,
      0x4195,0x4095,0x4a69,0x4989,0x4989,0x1769,0x4489,0x4889,0x4569,0x4489,0x4489,0x4169,
      0x3c69,0x3f89,0x3a89,0x3a89,0x3869,0x3689,0x3689,0x1c88,0x4296,0x4095,0x4095,0x4095,
      0x4095,0x3c95,0x3e96,0x3689,0x3189,0x3189,0x2f89,0x2e88,0x2d89,0x2d89,0x2d89,0x2a89,
      0x2889,0x2889,0x2a88,0x2588,0x2889,0x2588,0x2689,0x2389,0x2389,0x1496,0x1995,0x2389,
      0x2389,0x2389,0x2088,0x2088,0x1386,0x2088,0x1f89,0x1f89,0x1f89,0x1f89,0x1f89,0x0898,
      0x1c88,0x1f89,0x1f89,0x1f89,0x1c89,0x1c88,0x1a89,0x1988,0x1a89,0x1a89,0x1788,0x1788,
      0x1788,0x1788,0x1388,0x1388,0x1388,0x1588,0x1388,0x1388,0x1388,0x1388,0x1388,0x1388,
      0x1388,0x0e88,0x0669,0x0e88,0x0e88,0x0e88,0x0e88,0x0e88,0x0e88,0x0e88,0x0e88,0x0c88,
      0x0988,0x0988,0x0988,0x0088,
    },
    {
      0x8888,0x8588,0x8188,0x8788,0x7f88,0x7d69,0x7e88,0x7988,0x7886,0x7a69,0x7769,0x7669,
      0x7669,0x7788,0x7696,0x7e59,0x7196,0x7196,0x7669,0x515a,0x7669,0x76a5,0x7669,0x7669,
      0x7169,0x7169,0x7169,0x7589,0x7088,0x7196,0x6c96,0x6b96,0x6b96,0x6996,0x6196,0x6696,
      0x7069,0x6d69,0x6c69,0x6c69,0x525c,0x6c89,0x6b89,0x6b89,0x6969,0x6b89,0x5668,0x6b89,
      0x6b89,0x6b89,0x6b89,0x6b89,0x6b89,0x6b89,0x6b89,0x6789,0x6789,0x6789,0x6988,0x6696,
      0x6496,0x6496,0x6496,0x6496,0x6096,0x3465,0x5f96,0x5f96,0x6769,0x6789,0x6789,0x6789,
      0x6789,0x6789,0x6789,0x6789,0x6789,0x6969,0x6789,0x6789,0x6789,0x6469,0x6369,0x6789,
      0x6789,0x6389,0x6469,0x6289,0x6488,0x6289,0x5e89,0x5f69,0x5f69,0x5a69,0x5d89,0x5989,
      0x5f96,0x5e95,0x5e95,0x5995,0x5a88,0x5996,0x5796,0x5995,0x2869,0x5995,0x5995,0x5495,
      0x5495,0x5495,0x5396,0x5495,0x5495,0x5495,0x5195,0x5095,0x5095,0x5095,0x5095,0x5095,
      0x4e96,0x5095,0x4d95,0x3088,0x4b95,0x4b95,0x5989,0x5669,0x2586,0x5489,0x5489,0x5169,
      0x5169,0x5089,0x4e88,0x4e96,0x4e96,0x2b6c,0x4b96,0x4b95,0x1f6a,0x2b9a,0x4b95,0x4996,
      0x4996,0x4b95,0x4b95,0x4b95,0x4895,0x4795,0x4795,0x4795,0x4795,0x4996,0x4795,0x4795,
      0x4395,0x4295,0x4c69,0x4b89,0x4b89,0x1869,0x4689,0x4a89,0x4769,0x4589,0x4589,0x4369,
      0x3e69,0x4189,0x3c89,0x3c89,0x3969,0x3789,0x3789,0x1d88,0x4496,0x4295,0x4295,0x4295,
      0x4295,0x3d95,0x4096,0x3789,0x3289,0x3289,0x3089,0x3088,0x2e89,0x2e89,0x2e89,0x2b89,
      0x2989,0x2989,0x2b88,0x2688,0x2989,0x2688,0x2789,0x2489,0x2489,0x1596,0x1a95,0x2489,
      0x2489,0x2489,0x2188,0x2188,0x1386,0x2188,0x1f89,0x1f89,0x1f89,0x1f89,0x1f89,0x0898,
      0x1d88,0x1f89,0x1f89,0x1f89,0x1d89,0x1d88,0x1b89,0x1a88,0x1b89,0x1b89,0x1888,0x1888,
      0x1888,0x1888,0x1388,0x1388,0x1388,0x1588,0x1388,0x1388,0x1388,0x1388,0x1388,0x1388,
      0x1388,0x0e88,0x0669,0x0e88,0x0e88,0x0e88,0x0e88,0x0e88,0x0e88,0x0e88,0x0e88,0x0c88,
      0x0a88,0x0a88,0x0a88,0x0088,
    },
    {
      0x8c88,0x8988,0x8488,0x8b88,0x8288,0x8069,0x8188,0x7c88,0x7b86,0x7e69,0x7a69,0x7969,
      0x7969,0x7a88,0x7996,0x8159,0x7496,0x7496,0x7969,0x535a,0x7969,0x79a5,0x7969,0x7969,
      0x7469,0x7469,0x7469,0x7889,0x7388,0x7496,0x6f96,0x6e96,0x6e96,0x6b96,0x6396,0x6996,
      0x7369,0x7069,0x6f69,0x6f69,0x545c,0x6f89,0x6e89,0x6e89,0x6b69,0x6e89,0x5868,0x6e89,
      0x6e89,0x6e89,0x6e89,0x6e89,0x6e89,0x6e89,0x6e89,0x6a89,0x6989,0x6a89,0x6b88,0x6996,
      0x6696,0x6696,0x6696,0x6696,0x6296,0x3665,0x6296,0x6296,0x6a69,0x6a89,0x6a89,0x6989,
      0x6989,0x6989,0x6989,0x6989,0x6989,0x6b69,0x6989,0x6989,0x6989,0x6669,0x6569,0x6989,
      0x6989,0x6589,0x6669,0x6589,0x6688,0x6589,0x6089,0x6269,0x6269,0x5d69,0x6089,0x5b89,
      0x6296,0x6095,0x6095,0x5b95,0x5d88,0x5b96,0x5a96,0x5b95,0x2969,0x5b95,0x5b95,0x5795,
      0x5795,0x5795,0x5596,0x5795,0x5795,0x5795,0x5395,0x5295,0x5295,0x5295,0x5295,0x5295,
      0x5096,0x5295,0x4f95,0x3188,0x4d95,0x4d95,0x5b89,0x5869,0x2686,0x5789,0x5689,0x5369,
      0x5369,0x5289,0x5088,0x5096,0x5096,0x2c6c,0x4d96,0x4d95,0x206a,0x2c9a,0x4d95,0x4b96,
      0x4b96,0x4d95,0x4d95,0x4d95,0x4a95,0x4995,0x4995,0x4995,0x4995,0x4b96,0x4995,0x4995,
      0x4595,0x4495,0x4e69,0x4d89,0x4d89,0x1869,0x4889,0x4c89,0x4969,0x4789,0x4789,0x4469,
      0x3f69,0x4289,0x3e89,0x3e89,0x3b69,0x3989,0x3989,0x1d88,0x4696,0x4495,0x4495,0x4495,
      0x4495,0x3f95,0x4196,0x3989,0x3489,0x3489,0x3189,0x3188,0x2f89,0x2f89,0x2f89,0x2c89,
      0x2a89,0x2a89,0x2c88,0x2788,0x2a89,0x2788,0x2889,0x2589,0x2589,0x1596,0x1b95,0x2589,
      0x2589,0x2589,0x2288,0x2288,0x1486,0x2288,0x2089,0x2089,0x2089,0x2089,0x2089,0x0998,
      0x1d88,0x2089,0x2089,0x2089,0x1e89,0x1d88,0x1b89,0x1b88,0x1b89,0x1b89,0x1888,0x1888,
      0x1888,0x1888,0x1488,0x1488,0x1488,0x1688,0x1488,0x1488,0x1488,0x1488,0x1488,0x1488,
      0x1488,0x0f88,0x0669,0x0f88,0x0f88,0x0f88,0x0f88,0x0f88,0x0f88,0x0f88,0x0f88,0x0c88,
      0x0a88,0x0a88,0x0a88,0x0088,
    },
    {
      0x8f88,0x8c88,0x8888,0x8f88,0x8688,0x8369,0x8588,0x8088,0x7e86,0x8169,0x7d69,0x7c69,
      0x7c69,0x7d88,0x7c96,0x8559,0x7796,0x7796,0x7c69,0x565a,0x7c69,0x7ca5,0x7c69,0x7c69,
      0x7769,0x7769,0x7769,0x7b89,0x7688,0x7796,0x7296,0x7196,0x7196,0x6e96,0x6696,0x6c96,
      0x7669,0x7369,0x7269,0x7269,0x565c,0x7289,0x7189,0x7189,0x6e69,0x7189,0x5a68,0x7189,
      0x7189,0x7189,0x7189,0x7189,0x7189,0x7189,0x7189,0x6d89,0x6c89,0x6d89,0x6e88,0x6c96,
      0x6996,0x6996,0x6996,0x6996,0x6596,0x3765,0x6496,0x6496,0x6d69,0x6d89,0x6d89,0x6c89,
      0x6c89,0x6c89,0x6c89,0x6c89,0x6c89,0x6e69,0x6c89,0x6c89,0x6c89,0x6969,0x6869,0x6c89,
      0x6c89,0x6889,0x6969,0x6789,0x6988,0x6789,0x6389,0x6469,0x6469,0x5f69,0x6289,0x5e89,
      0x6496,0x6395,0x6395,0x5e95,0x5f88,0x5e96,0x5c96,0x5e95,0x2b69,0x5e95,0x5e95,0x5995,
      0x5995,0x5995,0x5796,0x5995,0x5995,0x5995,0x5695,0x5495,0x5495,0x5495,0x5495,0x5495,
      0x5296,0x5495,0x5195,0x3288,0x4f95,0x4f95,0x5e89,0x5a69,0x2786,0x5989,0x5889,0x5569,
      0x5569,0x5489,0x5388,0x5396,0x5296,0x2e6c,0x4f96,0x4f95,0x216b,0x2d9a,0x4f95,0x4d96,
      0x4d96,0x4f95,0x4f95,0x4f95,0x4c95,0x4a95,0x4a95,0x4a95,0x4a95,0x4d96,0x4a95,0x4a95,
      0x4795,0x4595,0x5069,0x4f89,0x4f89,0x1969,0x4a89,0x4e89,0x4b69,0x4989,0x4989,0x4669,
      0x4169,0x4489,0x3f89,0x3f89,0x3c69,0x3a89,0x3a89,0x1e88,0x4896,0x4595,0x4595,0x4595,
      0x4595,0x4095,0x4396,0x3a89,0x3589,0x3589,0x3389,0x3288,0x3089,0x3089,0x3089,0x2e89,
      0x2b89,0x2b89,0x2d88,0x2888,0x2b89,0x2888,0x2989,0x2689,0x2689,0x1696,0x1c95,0x2689,
      0x2689,0x2689,0x2388,0x2388,0x1486,0x2388,0x2189,0x2189,0x2189,0x2189,0x2189,0x0998,
      0x1e88,0x2189,0x2189,0x2189,0x1f89,0x1e88,0x1c89,0x1c88,0x1c89,0x1c89,0x1988,0x1988,
      0x1988,0x1988,0x1488,0x1488,0x1488,0x1788,0x1488,0x1488,0x1488,0x1488,0x1488,0x1488,
      0x1488,0x0f88,0x0669,0x0f88,0x0f88,0x0f88,0x0f88,0x0f88,0x0f88,0x0f88,0x0f88,0x0d88,
      0x0a88,0x0a88,0x0a88,0x0088,
    },
    {
      0x9388,0x9088,0x8b88,0x9288,0x8988,0x8769,0x8888,0x8388,0x8186,0x8469,0x8069,0x7f69,
      0x7f69,0x8088,0x7f96,0x8849,0x7a96,0x7a96,0x7f69,0x585a,0x7f69,0x7fa5,0x7f69,0x7f69,
      0x7a69,0x7a69,0x7a69,0x7e89,0x7888,0x7a96,0x7596,0x7396,0x7396,0x7196,0x6896,0x6e96,
      0x7869,0x7669,0x7569,0x7569,0x584c,0x7589,0x7489,0x7489,0x7169,0x7489,0x5c68,0x7489,
      0x7489,0x7489,0x7489,0x7489,0x7489,0x7489,0x7489,0x6f89,0x6f89,0x6f89,0x7188,0x6e96,
      0x6c96,0x6c96,0x6c96,0x6c96,0x6796,0x3864,0x6796,0x6796,0x6f69,0x6f89,0x6f89,0x6f89,
      0x6f89,0x6f89,0x6f89,0x6f89,0x6f89,0x7169,0x6f89,0x6f89,0x6f89,0x6c69,0x6a69,0x6f89,
      0x6f89,0x6a89,0x6c69,0x6a89,0x6c88,0x6a89,0x6589,0x6769,0x6769,0x6169,0x6589,0x6089,
      0x6796,0x6595,0x6595,0x6095,0x6188,0x6096,0x5e96,0x6095,0x2c69,0x6095,0x6095,0x5b95,
      0x5b95,0x5b95,0x5996,0x5b95,0x5b95,0x5b95,0x5895,0x5695,0x5695,0x5695,0x5695,0x5695,
      0x5496,0x5695,0x5395,0x3388,0x5195,0x5195,0x6089,0x5c69,0x2886,0x5b89,0x5a89,0x5769,
      0x5769,0x5689,0x5588,0x5596,0x5496,0x2f6c,0x5196,0x5195,0x216b,0x2e9a,0x5195,0x4f96,
      0x4f96,0x5195,0x5195,0x5195,0x4e95,0x4c95,0x4c95,0x4c95,0x4c95,0x4f96,0x4c95,0x4c95,
      0x4895,0x4795,0x5269,0x5189,0x5189,0x1a69,0x4c89,0x5089,0x4d69,0x4b89,0x4b89,0x4869,
      0x4369,0x4689,0x4189,0x4189,0x3e69,0x3c89,0x3c89,0x1f88,0x4a96,0x4795,0x4795,0x4795,
      0x4795,0x4295,0x4596,0x3c89,0x3689,0x3689,0x3489,0x3388,0x3189,0x3189,0x3189,0x2f89,
      0x2c89,0x2c89,0x2e88,0x2988,0x2c89,0x2988,0x2a89,0x2789,0x2789,0x1696,0x1c95,0x2789,
      0x2789,0x2789,0x2488,0x2488,0x1586,0x2488,0x2289,0x2289,0x2289,0x2289,0x2289,0x0998,
      0x1f88,0x2289,0x2289,0x2289,0x1f89,0x1f88,0x1d89,0x1c88,0x1d89,0x1d89,0x1a88,0x1a88,
      0x1a88,0x1a88,0x1588,0x1588,0x1588,0x1788,0x1588,0x1588,0x1588,0x1588,0x1588,0x1588,
      0x1588,0x0f88,0x0669,0x0f88,0x0f88,0x0f88,0x0f88,0x0f88,0x0f88,0x0f88,0x0f88,0x0d88,
      0x0a88,0x0a88,0x0a88,0x0088,
    },
    {
      0x9688,0x9388,0x8e88,0x9688,0x8c88,0x8a69,0x8b88,0x8688,0x8586,0x8769,0x8369,0x8369,
      0x8269,0x8388,0x8296,0x8b49,0x7d96,0x7d96,0x8269,0x5a5a,0x8269,0x82a5,0x8269,0x8269,
      0x7d69,0x7d69,0x7d69,0x8189,0x7b88,0x7d96,0x7796,0x7696,0x7696,0x7496,0x6b96,0x7196,
      0x7b69,0x7969,0x7769,0x7769,0x5b4c,0x7789,0x7789,0x7789,0x7469,0x7789,0x5f68,0x7789,
      0x7789,0x7789,0x7789,0x7789,0x7789,0x7789,0x7789,0x7289,0x7289,0x7289,0x7488,0x7196,
      0x6e96,0x6e96,0x6e96,0x6e96,0x6a96,0x3a64,0x6996,0x6996,0x7269,0x7289,0x7289,0x7289,
      0x7289,0x7289,0x7289,0x7289,0x7289,0x7469,0x7289,0x7289,0x7289,0x6e69,0x6d69,0x7289,
      0x7289,0x6d89,0x6e69,0x6c89,0x6e88,0x6c89,0x6889,0x6969,0x6969,0x6469,0x6789,0x6289,
      0x6996,0x6895,0x6895,0x6295,0x6488,0x6296,0x6096,0x6295,0x2d69,0x6295,0x6295,0x5d95,
      0x5d95,0x5d95,0x5b96,0x5d95,0x5d95,0x5d95,0x5a95,0x5995,0x5895,0x5995,0x5995,0x5895,
      0x5696,0x5895,0x5595,0x3588,0x5395,0x5395,0x6289,0x5f69,0x2986,0x5d89,0x5d89,0x5969,
      0x5969,0x5889,0x5788,0x5796,0x5696,0x306d,0x5396,0x5395,0x226b,0x2f9a,0x5395,0x5196,
      0x5196,0x5395,0x5395,0x5395,0x4f95,0x4e95,0x4e95,0x4e95,0x4e95,0x5196,0x4e95,0x4e95,
      0x4a95,0x4995,0x5469,0x5389,0x5389,0x1a69,0x4d89,0x5289,0x4f69,0x4d89,0x4d89,0x4a69,
      0x4469,0x4889,0x4289,0x4289,0x3f69,0x3d89,0x3d89,0x2088,0x4b96,0x4995,0x4995,0x4995,
      0x4995,0x4495,0x4696,0x3d89,0x3889,0x3889,0x3589,0x3588,0x3389,0x3389,0x3389,0x3089,
      0x2d89,0x2d89,0x2f88,0x2a88,0x2d89,0x2a88,0x2b89,0x2889,0x2889,0x1796,0x1d95,0x2889,
      0x2889,0x2889,0x2588,0x2588,0x1586,0x2588,0x2389,0x2389,0x2389,0x2389,0x2389,0x0998,
      0x2088,0x2389,0x2389,0x2389,0x2089,0x2088,0x1e89,0x1d88,0x1e89,0x1e89,0x1a88,0x1a88,
      0x1a88,0x1a88,0x1588,0x1588,0x1588,0x1888,0x1588,0x1588,0x1588,0x1588,0x1588,0x1588,
      0x1588,0x1088,0x0769,0x1088,0x1088,0x1088,0x1088,0x1088,0x1088,0x1088,0x1088,0x0d88,
      0x0b88,0x0b88,0x0b88,0x0088,
    },
    {
      0x9a88,0x9788,0x9288,0x9988,0x9088,0x8d69,0x8e88,0x8988,0x8886,0x8a69,0x8669,0x8669,
      0x8569,0x8688,0x8596,0x8e49,0x8096,0x8096,0x8569,0x5c5a,0x8569,0x85a5,0x8569,0x8569,
      0x8069,0x8069,0x8069,0x8489,0x7e88,0x8096,0x7a96,0x7996,0x7996,0x7696,0x6e96,0x7496,
      0x7e69,0x7c69,0x7a69,0x7a69,0x5d4c,0x7a89,0x7a89,0x7a89,0x7669,0x7a89,0x6168,0x7a89,
      0x7a89,0x7a89,0x7a89,0x7a89,0x7a89,0x7a89,0x7a89,0x7589,0x7489,0x7589,0x7688,0x7496,
      0x7196,0x7196,0x7196,0x7196,0x6c96,0x3b64,0x6c96,0x6c96,0x7569,0x7589,0x7589,0x7489,
      0x7489,0x7489,0x7489,0x7489,0x7489,0x7669,0x7489,0x7489,0x7489,0x7169,0x7069,0x7489,
      0x7489,0x7089,0x7169,0x6f89,0x7188,0x6f89,0x6a89,0x6c69,0x6c69,0x6669,0x6989,0x6589,
      0x6c96,0x6a95,0x6a95,0x6595,0x6688,0x6596,0x6396,0x6595,0x2e69,0x6595,0x6595,0x5f95,
      0x5f95,0x5f95,0x5d96,0x5f95,0x5f95,0x5f95,0x5c95,0x5b95,0x5a95,0x5b95,0x5b95,0x5a95,
      0x5896,0x5a95,0x5795,0x3688,0x5595,0x5595,0x6589,0x6169,0x2a86,0x5f89,0x5f89,0x5b69,
      0x5b69,0x5a89,0x5988,0x5996,0x5896,0x316d,0x5596,0x5595,0x236b,0x309a,0x5595,0x5396,
      0x5396,0x5595,0x5595,0x5595,0x5195,0x5095,0x5095,0x5095,0x5095,0x5396,0x5095,0x5095,
      0x4c95,0x4b95,0x5669,0x5589,0x5589,0x1b69,0x4f89,0x5489,0x5169,0x4f89,0x4f89,0x4b69,
      0x4669,0x4989,0x4489,0x4489,0x4169,0x3e89,0x3e89,0x2088,0x4d96,0x4b95,0x4b95,0x4b95,
      0x4b95,0x4595,0x4896,0x3e89,0x3989,0x3989,0x3689,0x3688,0x3489,0x3489,0x3489,0x3189,
      0x2e89,0x2e89,0x3088,0x2b88,0x2e89,0x2b88,0x2c89,0x2989,0x2989,0x1896,0x1e95,0x2989,
      0x2989,0x2989,0x2688,0x2688,0x1686,0x2688,0x2489,0x2489,0x2489,0x2489,0x2489,0x0998,
      0x2088,0x2489,0x2489,0x2489,0x2189,0x2088,0x1e89,0x1e88,0x1e89,0x1e89,0x1b88,0x1b88,
      0x1b88,0x1b88,0x1688,0x1688,0x1688,0x1888,0x1688,0x1688,0x1688,0x1688,0x1688,0x1688,
      0x1688,0x1088,0x0769,0x1088,0x1088,0x1088,0x1088,0x1088,0x1088,0x1088,0x1088,0x0d88,
      0x0b88,0x0b88,0x0b88,0x0088,
    },
    {
      0x9d88,0x9a88,0x9588,0x9d88,0x9388,0x9069,0x9288,0x8c88,0x8b86,0x8e69,0x8a69,0x8969,
      0x8869,0x8a88,0x8896,0x9249,0x8396,0x8396,0x8869,0x5e5a,0x8869,0x88a5,0x8869,0x8869,
      0x8369,0x8369,0x8369,0x8789,0x8188,0x8396,0x7d96,0x7c96,0x7c96,0x7996,0x7096,0x7696,
      0x8169,0x7f69,0x7d69,0x7d69,0x5f4c,0x7d89,0x7c89,0x7c89,0x7969,0x7c89,0x6368,0x7c89,
      0x7c89,0x7c89,0x7c89,0x7c89,0x7c89,0x7c89,0x7c89,0x7889,0x7789,0x7889,0x7988,0x7696,
      0x7496,0x7496,0x7496,0x7496,0x6f96,0x3d64,0x6e96,0x6e96,0x7869,0x7889,0x7889,0x7789,
      0x7789,0x7789,0x7789,0x7789,0x7789,0x7969,0x7789,0x7789,0x7789,0x7469,0x7269,0x7789,
      0x7789,0x7289,0x7469,0x7189,0x7488,0x7189,0x6d89,0x6e69,0x6e69,0x6969,0x6c89,0x6789,
      0x6e96,0x6d95,0x6d95,0x6795,0x6988,0x6796,0x6596,0x6795,0x2f69,0x6795,0x6795,0x6295,
      0x6295,0x6295,0x6096,0x6295,0x6295,0x6295,0x5e95,0x5d95,0x5c95,0x5d95,0x5d95,0x5c95,
      0x5a96,0x5c95,0x5995,0x3788,0x5795,0x5795,0x6789,0x6369,0x2b86,0x6289,0x6189,0x5e69,
      0x5e69,0x5c89,0x5b88,0x5b96,0x5a96,0x326d,0x5796,0x5795,0x246b,0x329a,0x5795,0x5596,
      0x5596,0x5795,0x5795,0x5795,0x5395,0x5295,0x5295,0x5295,0x5295,0x5596,0x5295,0x5295,
      0x4e95,0x4c95,0x5869,0x5789,0x5789,0x1c69,0x5189,0x5689,0x5369,0x5089,0x5089,0x4d69,
      0x4869,0x4b89,0x4589,0x4589,0x4269,0x4089,0x4089,0x2188,0x4f96,0x4c95,0x4c95,0x4c95,
      0x4c95,0x4795,0x4a96,0x4089,0x3a89,0x3a89,0x3889,0x3788,0x3589,0x3589,0x3589,0x3289,
      0x2f89,0x2f89,0x3288,0x2c88,0x2f89,0x2c88,0x2d89,0x2a89,0x2a89,0x1896,0x1e95,0x2a89,
      0x2a89,0x2a89,0x2788,0x2788,0x1686,0x2788,0x2489,0x2489,0x2489,0x2489,0x2489,0x0a98,
      0x2188,0x2489,0x2489,0x2489,0x2289,0x2188,0x1f89,0x1e88,0x1f89,0x1f89,0x1c88,0x1c88,
      0x1c88,0x1c88,0x1688,0x1688,0x1688,0x1988,0x1688,0x1688,0x1688,0x1688,0x1688,0x1688,
      0x1688,0x1188,0x0769,0x1188,0x1188,0x1188,0x1188,0x1188,0x1188,0x1188,0x1188,0x0e88,
      0x0b88,0x0b88,0x0b88,0x0088,
    },
    {
      0xa188,0x9e88,0x9988,0xa088,0x9688,0x9469,0x9588,0x8f88,0x8e86,0x9169,0x8d69,0x8c69,
      0x8b69,0x8d88,0x8b96,0x9549,0x8696,0x8696,0x8b69,0x605a,0x8b69,0x8ba5,0x8b69,0x8b69,
      0x8669,0x8669,0x8669,0x8b89,0x8488,0x8696,0x8096,0x7f96,0x7f96,0x7c96,0x7396,0x7996,
      0x8469,0x8169,0x8069,0x8069,0x614c,0x8089,0x7f89,0x7f89,0x7c69,0x7f89,0x6568,0x7f89,
      0x7f89,0x7f89,0x7f89,0x7f89,0x7f89,0x7f89,0x7f89,0x7a89,0x7a89,0x7a89,0x7c88,0x7996,
      0x7696,0x7696,0x7696,0x7696,0x7196,0x3e64,0x7196,0x7196,0x7a69,0x7a89,0x7a89,0x7a89,
      0x7a89,0x7a89,0x7a89,0x7a89,0x7a89,0x7c69,0x7a89,0x7a89,0x7a89,0x7669,0x7569,0x7a89,
      0x7a89,0x7589,0x7669,0x7489,0x7688,0x7489,0x6f89,0x7169,0x7169,0x6b69,0x6e89,0x6989,
      0x7196,0x6f95,0x6f95,0x6995,0x6b88,0x6996,0x6796,0x6995,0x3069,0x6995,0x6995,0x6495,
      0x6495,0x6495,0x6296,0x6495,0x6495,0x6495,0x6095,0x5f95,0x5e95,0x5f95,0x5f95,0x5e95,
      0x5c96,0x5e95,0x5b95,0x3888,0x5995,0x5995,0x6989,0x6569,0x2c86,0x6489,0x6389,0x6069,
      0x6069,0x5e89,0x5d88,0x5d96,0x5c96,0x336d,0x5996,0x5995,0x256b,0x339a,0x5995,0x5696,
      0x5696,0x5995,0x5995,0x5995,0x5595,0x5495,0x5495,0x5495,0x5495,0x5696,0x5495,0x5495,
      0x4f95,0x4e95,0x5a69,0x5989,0x5989,0x1c69,0x5389,0x5889,0x5469,0x5289,0x5289,0x4f69,
      0x4969,0x4d89,0x4789,0x4789,0x4469,0x4189,0x4189,0x2288,0x5196,0x4e95,0x4e95,0x4e95,
      0x4e95,0x4895,0x4b96,0x4189,0x3c89,0x3c89,0x3989,0x3888,0x3689,0x3689,0x3689,0x3389,
      0x3189,0x3189,0x3388,0x2d88,0x3189,0x2d88,0x2e89,0x2b89,0x2b89,0x1996,0x1f95,0x2b89,
      0x2b89,0x2b89,0x2788,0x2788,0x1786,0x2788,0x2589,0x2589,0x2589,0x2589,0x2589,0x0a98,
      0x2288,0x2589,0x2589,0x2589,0x2289,0x2288,0x2089,0x1f88,0x2089,0x2089,0x1c88,0x1c88,
      0x1c88,0x1c88,0x1788,0x1788,0x1788,0x1988,0x1788,0x1788,0x1788,0x1788,0x1788,0x1788,
      0x1788,0x1188,0x0769,0x1188,0x1188,0x1188,0x1188,0x1188,0x1188,0x1188,0x1188,0x0e88,
      0x0b88,0x0b88,0x0b88,0x0088,
    },
    {
      0xa588,0xa188,0x9c88,0xa488,0x9a88,0x9769,0x9888,0x9388,0x9186,0x9469,0x9069,0x8f69,
      0x8e69,0x9088,0x8e96,0x9849,0x8996,0x8996,0x8e69,0x625a,0x8e69,0x8ea5,0x8e69,0x8e69,
      0x8969,0x8969,0x8969,0x8e89,0x8788,0x8996,0x8396,0x8196,0x8196,0x7f96,0x7596,0x7c96,
      0x8769,0x8469,0x8369,0x8369,0x634c,0x8389,0x8289,0x8289,0x7f69,0x8289,0x6868,0x8289,
      0x8289,0x8289,0x8289,0x8289,0x8289,0x8289,0x8289,0x7d89,0x7c89,0x7d89,0x7f88,0x7c96,
      0x7996,0x7996,0x7996,0x7996,0x7496,0x3f64,0x7396,0x7396,0x7d69,0x7d89,0x7d89,0x7c89,
      0x7c89,0x7c89,0x7c89,0x7c89,0x7c89,0x7f69,0x7c89,0x7c89,0x7c89,0x7969,0x7769,0x7c89,
      0x7c89,0x7789,0x7969,0x7789,0x7988,0x7789,0x7289,0x7369,0x7369,0x6d69,0x7189,0x6c89,
      0x7396,0x7295,0x7295,0x6c95,0x6d88,0x6c96,0x6a96,0x6c95,0x3169,0x6c95,0x6c95,0x6695,
      0x6695,0x6695,0x6496,0x6695,0x6695,0x6695,0x6295,0x6195,0x6095,0x6195,0x6195,0x6095,
      0x5e96,0x6095,0x5d95,0x3a88,0x5b95,0x5b95,0x6c89,0x6869,0x2d86,0x6689,0x6589,0x6269,
      0x6269,0x6089,0x5f88,0x5f96,0x5e96,0x346d,0x5b96,0x5b95,0x256b,0x349a,0x5b95,0x5896,
      0x5896,0x5b95,0x5b95,0x5b95,0x5795,0x5695,0x5695,0x5695,0x5695,0x5896,0x5695,0x5695,
      0x5195,0x5095,0x5c69,0x5b89,0x5b89,0x1d69,0x5589,0x5a89,0x5669,0x5489,0x5489,0x5169,
      0x4b69,0x4e89,0x4989,0x4989,0x4569,0x4389,0x4389,0x2388,0x5396,0x5095,0x5095,0x5095,
      0x5095,0x4a95,0x4d96,0x4389,0x3d89,0x3d89,0x3a89,0x3a88,0x3789,0x3789,0x3789,0x3489,
      0x3289,0x3289,0x3488,0x2e88,0x3289,0x2e88,0x2f89,0x2c89,0x2c89,0x1996,0x2095,0x2c89,
      0x2c89,0x2c89,0x2888,0x2888,0x1786,0x2888,0x2689,0x2689,0x2689,0x2689,0x2689,0x0a98,
      0x2388,0x2689,0x2689,0x2689,0x2389,0x2388,0x2089,0x2088,0x2089,0x2089,0x1d88,0x1d88,
      0x1d88,0x1d88,0x1788,0x1788,0x1788,0x1a88,0x1788,0x1788,0x1788,0x1788,0x1788,0x1788,
      0x1788,0x1188,0x0769,0x1188,0x1188,0x1188,0x1188,0x1188,0x1188,0x1188,0x1188,0x0e88,
      0x0c88,0x0c88,0x0c88,0x0088,
    },
    {
      0xa888,0xa588,0x9f88,0xa788,0x9d88,0x9a69,0x9c88,0x9688,0x9486,0x9769,0x9369,0x9269,
      0x9169,0x9388,0x9196,0x9c49,0x8c96,0x8c96,0x9169,0x655a,0x9169,0x91a5,0x9169,0x9169,
      0x8c69,0x8c69,0x8c69,0x9189,0x8a88,0x8c96,0x8696,0x8496,0x8496,0x8196,0x7896,0x7e96,
      0x8a69,0x8769,0x8669,0x8669,0x654c,0x8689,0x8589,0x8589,0x8169,0x8589,0x6a68,0x8589,
      0x8589,0x8589,0x8589,0x8589,0x8589,0x8589,0x8589,0x8089,0x7f89,0x8089,0x8188,0x7e96,
      0x7b96,0x7b96,0x7b96,0x7b96,0x7696,0x4164,0x7696,0x7696,0x8069,0x8089,0x8089,0x7f89,
      0x7f89,0x7f89,0x7f89,0x7f89,0x7f89,0x8169,0x7f89,0x7f89,0x7f89,0x7b69,0x7a69,0x7f89,
      0x7f89,0x7a89,0x7b69,0x7989,0x7b88,0x7989,0x7489,0x7669,0x7669,0x7069,0x7389,0x6e89,
      0x7696,0x7495,0x7495,0x6e95,0x7088,0x6e96,0x6c96,0x6e95,0x3269,0x6e95,0x6e95,0x6895,
      0x6895,0x6895,0x6696,0x6895,0x6895,0x6895,0x6595,0x6395,0x6295,0x6395,0x6395,0x6295,
      0x6096,0x6295,0x5f95,0x3b88,0x5d95,0x5d95,0x6e89,0x6a69,0x2e86,0x6889,0x6889,0x6469,
      0x6469,0x6289,0x6188,0x6196,0x6096,0x366d,0x5d96,0x5d95,0x266b,0x359a,0x5d95,0x5a96,
      0x5a96,0x5d95,0x5d95,0x5d95,0x5995,0x5795,0x5795,0x5795,0x5795,0x5a96,0x5795,0x5795,
      0x5395,0x5295,0x5e69,0x5d89,0x5d89,0x1d69,0x5789,0x5c89,0x5869,0x5689,0x5689,0x5269,
      0x4c69,0x5089,0x4a89,0x4a89,0x4769,0x4489,0x4489,0x2388,0x5496,0x5295,0x5295,0x5295,
      0x5295,0x4c95,0x4f96,0x4489,0x3e89,0x3e89,0x3b89,0x3b88,0x3989,0x3989,0x3989,0x3689,
      0x3389,0x3389,0x3588,0x2f88,0x3389,0x2f88,0x3089,0x2d89,0x2d89,0x1a96,0x2095,0x2d89,
      0x2d89,0x2d89,0x2988,0x2988,0x1886,0x2988,0x2789,0x2789,0x2789,0x2789,0x2789,0x0a98,
      0x2388,0x2789,0x2789,0x2789,0x2489,0x2388,0x2189,0x2088,0x2189,0x2189,0x1d88,0x1d88,
      0x1d88,0x1d88,0x1888,0x1888,0x1888,0x1a88,0x1888,0x1888,0x1888,0x1888,0x1888,0x1888,
      0x1888,0x1288,0x0769,0x1288,0x1288,0x1288,0x1288,0x1288,0x1288,0x1288,0x1288,0x0f88,
      0x0c88,0x0c88,0x0c88,0x0088,
    },
    {
      0xac88,0xa888,0xa388,0xab88,0xa188,0x9e69,0x9f88,0x9988,0x9886,0x9b69,0x9669,0x9569,
      0x9569,0x9688,0x9596,0x9f4a,0x8f96,0x8f96,0x9569,0x675a,0x9569,0x95a5,0x9569,0x9569,
      0x8f69,0x8f69,0x8f69,0x9489,0x8d88,0x8f96,0x8996,0x8796,0x8796,0x8496,0x7aa6,0x8196,
      0x8d6a,0x8a69,0x8969,0x8969,0x684d,0x8989,0x8889,0x8889,0x8469,0x8889,0x6c68,0x8889,
      0x8889,0x8889,0x8889,0x8889,0x8889,0x8889,0x8889,0x8389,0x8289,0x8389,0x8488,0x8196,
      0x7e96,0x7e96,0x7e96,0x7e96,0x7996,0x4264,0x7896,0x7896,0x8369,0x8389,0x8389,0x8289,
      0x8289,0x8289,0x8289,0x8289,0x8289,0x8469,0x8289,0x8289,0x8289,0x7e69,0x7d69,0x8289,
      0x8289,0x7d89,0x7e69,0x7c89,0x7e88,0x7c89,0x7789,0x7869,0x7869,0x7269,0x7689,0x7189,
      0x7896,0x77a5,0x77a5,0x71a5,0x7288,0x7196,0x6ea6,0x71a5,0x336a,0x71a5,0x71a5,0x6ba5,
      0x6ba5,0x6ba5,0x68a6,0x6ba5,0x6ba5,0x6ba5,0x67a5,0x65a5,0x65a5,0x65a5,0x65a5,0x65a5,
      0x62a6,0x65a5,0x61a5,0x3c88,0x5fa5,0x5fa5,0x7189,0x6c69,0x2f86,0x6b89,0x6a89,0x6669,
      0x6669,0x6589,0x6388,0x63a6,0x62a6,0x376d,0x5fa6,0x5fa5,0x276b,0x369a,0x5fa5,0x5ca6,
      0x5ca6,0x5fa5,0x5fa5,0x5fa5,0x5ba5,0x59a5,0x59a5,0x59a5,0x59a5,0x5ca6,0x59a5,0x59a5,
      0x55a5,0x53a5,0x6069,0x5f89,0x5f89,0x1e69,0x5989,0x5e89,0x5a69,0x5889,0x5889,0x5469,
      0x4e69,0x5289,0x4c89,0x4c89,0x4869,0x4689,0x4689,0x2488,0x56a6,0x53a5,0x53a5,0x53a5,
      0x53a5,0x4da5,0x50a6,0x4689,0x4089,0x4089,0x3d89,0x3c88,0x3a89,0x3a89,0x3a89,0x3789,
      0x3489,0x3489,0x3688,0x3088,0x3489,0x3088,0x3189,0x2e89,0x2e89,0x1aa6,0x2195,0x2e89,
      0x2e89,0x2e89,0x2a88,0x2a88,0x1886,0x2a88,0x2889,0x2889,0x2889,0x2889,0x2889,0x0b98,
      0x2488,0x2889,0x2889,0x2889,0x2589,0x2488,0x2289,0x2188,0x2289,0x2289,0x1e88,0x1e88,
      0x1e88,0x1e88,0x1888,0x1888,0x1888,0x1b88,0x1888,0x1888,0x1888,0x1888,0x1888,0x1888,
      0x1888,0x1288,0x0869,0x1288,0x1288,0x1288,0x1288,0x1288,0x1288,0x1288,0x1288,0x0f88,
      0x0c88,0x0c88,0x0c88,0x0088,
    },
    {
      0xaf88,0xac88,0xa688,0xaf88,0xa488,0xa169,0xa288,0x9c88,0x9b86,0x9e69,0x9969,0x9869,
      0x9869,0x9988,0x9896,0xa24a,0x9296,0x9196,0x9869,0x695a,0x9869,0x98a5,0x9869,0x9869,
      0x9169,0x9169,0x9169,0x9789,0x9088,0x9196,0x8b96,0x8a95,0x8a95,0x8795,0x7da6,0x8495,
      0x906a,0x8d69,0x8b69,0x8b69,0x6a4d,0x8b89,0x8b89,0x8b89,0x8769,0x8b89,0x6e68,0x8b89,
      0x8b89,0x8b89,0x8b89,0x8b89,0x8b89,0x8b89,0x8b89,0x8589,0x8489,0x8589,0x8788,0x8495,
      0x8195,0x8195,0x8195,0x8195,0x7b95,0x4364,0x7b95,0x7b95,0x8569,0x8589,0x8589,0x8489,
      0x8489,0x8489,0x8489,0x8489,0x8489,0x8769,0x8489,0x8489,0x8489,0x8169,0x7f69,0x8489,
      0x8489,0x7f89,0x8169,0x7e89,0x8188,0x7e89,0x7989,0x7b69,0x7b69,0x7469,0x7889,0x7389,
      0x7b95,0x79a5,0x79a5,0x73a5,0x7488,0x7396,0x71a5,0x73a5,0x346a,0x73a5,0x73a5,0x6da5,
      0x6da5,0x6da5,0x6aa5,0x6da5,0x6da5,0x6da5,0x69a5,0x67a5,0x67a5,0x67a5,0x67a5,0x67a5,
      0x64a5,0x67a5,0x63a5,0x3d88,0x61a5,0x61a5,0x7389,0x6e69,0x2f85,0x6d89,0x6c89,0x6869,
      0x6869,0x6789,0x6588,0x65a5,0x64a5,0x385d,0x61a5,0x61a5,0x285b,0x379a,0x60a5,0x5ea5,
      0x5ea5,0x61a5,0x61a5,0x60a5,0x5da5,0x5ba5,0x5ba5,0x5ba5,0x5ba5,0x5ea5,0x5ba5,0x5ba5,
      0x57a5,0x55a5,0x6269,0x6089,0x6089,0x1f69,0x5a89,0x6089,0x5c69,0x5a89,0x5a89,0x5669,
      0x5069,0x5389,0x4d89,0x4d89,0x4a69,0x4789,0x4789,0x2588,0x58a5,0x55a5,0x55a5,0x55a5,
      0x55a5,0x4fa5,0x52a5,0x4789,0x4189,0x4189,0x3e89,0x3d88,0x3b89,0x3b89,0x3b89,0x3889,
      0x3589,0x3589,0x3788,0x3188,0x3589,0x3188,0x3289,0x2f89,0x2f89,0x1ba6,0x2295,0x2f89,
      0x2f89,0x2f89,0x2b88,0x2b88,0x1986,0x2b88,0x2989,0x2989,0x2989,0x2989,0x2989,0x0b98,
      0x2588,0x2989,0x2989,0x2989,0x2689,0x2588,0x2289,0x2288,0x2289,0x2289,0x1f88,0x1f88,
      0x1f88,0x1f88,0x1988,0x1988,0x1988,0x1c88,0x1988,0x1988,0x1988,0x1988,0x1988,0x1988,
      0x1988,0x1288,0x0869,0x1288,0x1288,0x1288,0x1288,0x1288,0x1288,0x1288,0x1288,0x0f88,
      0x0c88,0x0c88,0x0c88,0x0088,
    },
    {
      0xb388,0xaf88,0xaa88,0xb288,0xa788,0xa469,0xa688,0x9f88,0x9e86,0xa169,0x9c69,0x9b69,
      0x9b69,0x9c88,0x9b96,0xa64a,0x9596,0x9496,0x9b69,0x6b5a,0x9b69,0x9ba5,0x9b69,0x9b69,
      0x9469,0x9469,0x9469,0x9a89,0x9388,0x9496,0x8e96,0x8d95,0x8d95,0x8a95,0x7fa6,0x8695,
      0x936a,0x9069,0x8e69,0x8e69,0x6c4d,0x8e89,0x8d89,0x8d89,0x8a69,0x8d89,0x7168,0x8d89,
      0x8d89,0x8d89,0x8d89,0x8d89,0x8d89,0x8d89,0x8d89,0x8889,0x8789,0x8889,0x8a88,0x8695,
      0x8395,0x8395,0x8395,0x8395,0x7e95,0x4564,0x7d95,0x7d95,0x8869,0x8889,0x8889,0x8789,
      0x8789,0x8789,0x8789,0x8789,0x8789,0x8a69,0x8789,0x8789,0x8789,0x8369,0x8269,0x8789,
      0x8789,0x8289,0x8369,0x8189,0x8388,0x8189,0x7b89,0x7d69,0x7d69,0x7769,0x7b89,0x7589,
      0x7d95,0x7ba5,0x7ba5,0x75a5,0x7788,0x7596,0x73a5,0x75a5,0x356a,0x75a5,0x75a5,0x6fa5,
      0x6fa5,0x6fa5,0x6da5,0x6fa5,0x6fa5,0x6fa5,0x6ba5,0x69a5,0x69a5,0x69a5,0x69a5,0x69a5,
      0x66a5,0x69a5,0x65a5,0x3f88,0x63a5,0x63a5,0x7589,0x7169,0x3085,0x6f89,0x6e89,0x6a69,
      0x6a69,0x6989,0x6788,0x67a5,0x66a5,0x395d,0x63a5,0x63a5,0x295b,0x389a,0x62a5,0x60a5,
      0x60a5,0x63a5,0x63a5,0x62a5,0x5fa5,0x5da5,0x5da5,0x5da5,0x5da5,0x60a5,0x5da5,0x5da5,
      0x58a5,0x57a5,0x6469,0x6289,0x6289,0x1f69,0x5c89,0x6289,0x5e69,0x5b89,0x5b89,0x5869,
      0x5169,0x5589,0x4f89,0x4f89,0x4b69,0x4989,0x4989,0x2688,0x5aa5,0x57a5,0x57a5,0x57a5,
      0x57a5,0x50a5,0x54a5,0x4989,0x4289,0x4289,0x3f89,0x3f88,0x3c89,0x3c89,0x3c89,0x3989,
      0x3689,0x3689,0x3888,0x3288,0x3689,0x3288,0x3389,0x3089,0x3089,0x1ba6,0x2295,0x3089,
      0x3089,0x3089,0x2c88,0x2c88,0x1986,0x2c88,0x2989,0x2989,0x2989,0x2989,0x2989,0x0b98,
      0x2688,0x2989,0x2989,0x2989,0x2689,0x2688,0x2389,0x2288,0x2389,0x2389,0x1f88,0x1f88,
      0x1f88,0x1f88,0x1988,0x1988,0x1988,0x1c88,0x1988,0x1988,0x1988,0x1988,0x1988,0x1988,
      0x1988,0x1388,0x0869,0x1388,0x1388,0x1388,0x1388,0x1388,0x1388,0x1388,0x1388,0x1088,
      0x0d88,0x0d88,0x0d88,0x0088,
    },
    {
      0xb688,0xb388,0xad88,0xb688,0xab88,0xa769,0xa988,0xa388,0xa186,0xa469,0x9f69,0x9f69,
      0x9e69,0x9f88,0x9e96,0xa94a,0x9896,0x9796,0x9e69,0x6d5a,0x9e69,0x9ea5,0x9e69,0x9e69,
      0x9769,0x9769,0x9769,0x9d89,0x9688,0x9796,0x9196,0x8f95,0x8f95,0x8c95,0x82a6,0x8995,
      0x966a,0x9369,0x9169,0x9169,0x6e4d,0x9189,0x9089,0x9089,0x8c69,0x9089,0x7368,0x9089,
      0x9089,0x9089,0x9089,0x9089,0x9089,0x9089,0x9089,0x8b89,0x8a89,0x8b89,0x8c88,0x8995,
      0x8695,0x8695,0x8695,0x8695,0x8095,0x4664,0x8095,0x8095,0x8b69,0x8b89,0x8b89,0x8a89,
      0x8a89,0x8a89,0x8a89,0x8a89,0x8a89,0x8c69,0x8a89,0x8a89,0x8a89,0x8669,0x8469,0x8a89,
      0x8a89,0x8489,0x8669,0x8389,0x8688,0x8389,0x7e89,0x8069,0x8069,0x7969,0x7d89,0x7889,
      0x8095,0x7ea5,0x7ea5,0x78a5,0x7988,0x7896,0x75a5,0x78a5,0x366a,0x78a5,0x78a5,0x71a5,
      0x71a5,0x71a5,0x6fa5,0x71a5,0x71a5,0x71a5,0x6da5,0x6ca5,0x6ba5,0x6ca5,0x6ca5,0x6ba5,
      0x68a5,0x6ba5,0x67a5,0x4088,0x65a5,0x65a5,0x7889,0x7369,0x3185,0x7189,0x7089,0x6c69,
      0x6c69,0x6b89,0x6988,0x69a5,0x68a5,0x3a5e,0x65a5,0x65a5,0x295b,0x399a,0x64a5,0x62a5,
      0x62a5,0x65a5,0x65a5,0x64a5,0x60a5,0x5fa5,0x5fa5,0x5fa5,0x5fa5,0x62a5,0x5fa5,0x5fa5,
      0x5aa5,0x58a5,0x6669,0x6489,0x6489,0x2069,0x5e89,0x6489,0x6069,0x5d89,0x5d89,0x5969,
      0x5369,0x5789,0x5089,0x5089,0x4d69,0x4a89,0x4a89,0x2688,0x5ca5,0x58a5,0x58a5,0x58a5,
      0x58a5,0x52a5,0x55a5,0x4a89,0x4489,0x4489,0x4189,0x4088,0x3d89,0x3d89,0x3d89,0x3a89,
      0x3789,0x3789,0x3988,0x3388,0x3789,0x3388,0x3489,0x3189,0x3189,0x1ca6,0x2395,0x3189,
      0x3189,0x3189,0x2d88,0x2d88,0x1a86,0x2d88,0x2a89,0x2a89,0x2a89,0x2a89,0x2a89,0x0b98,
      0x2688,0x2a89,0x2a89,0x2a89,0x2789,0x2688,0x2489,0x2388,0x2489,0x2489,0x2088,0x2088,
      0x2088,0x2088,0x1a88,0x1a88,0x1a88,0x1d88,0x1a88,0x1a88,0x1a88,0x1a88,0x1a88,0x1a88,
      0x1a88,0x1388,0x0869,0x1388,0x1388,0x1388,0x1388,0x1388,0x1388,0x1388,0x1388,0x1088,
      0x0d88,0x0d88,0x0d88,0x0088,
    },
    {
      0xba88,0xb688,0xb088,0xb988,0xae88,0xab69,0xac88,0xa688,0xa486,0xa769,0xa369,0xa269,
      0xa169,0xa388,0xa196,0xac4a,0x9b96,0x9a96,0xa169,0x6f5a,0xa169,0xa1a5,0xa169,0xa169,
      0x9a69,0x9a69,0x9a69,0xa089,0x9988,0x9a96,0x9496,0x9295,0x9295,0x8f95,0x84a6,0x8c95,
      0x996a,0x9669,0x9469,0x9469,0x704d,0x9489,0x9389,0x9389,0x8f69,0x9389,0x7568,0x9389,
      0x9389,0x9389,0x9389,0x9389,0x9389,0x9389,0x9389,0x8d89,0x8d89,0x8d89,0x8f88,0x8c95,
      0x8995,0x8995,0x8995,0x8995,0x8395,0x4864,0x8295,0x8295,0x8d69,0x8d89,0x8d89,0x8d89,
      0x8d89,0x8d89,0x8d89,0x8d89,0x8d89,0x8f69,0x8d89,0x8d89,0x8d89,0x8969,0x8769,0x8d89,
      0x8d89,0x8789,0x8969,0x8689,0x8988,0x8689,0x8089,0x8269,0x8269,0x7c69,0x8089,0x7a89,
      0x8295,0x80a5,0x80a5,0x7aa5,0x7c88,0x7a96,0x77a5,0x7aa5,0x376a,0x7aa5,0x7aa5,0x73a5,
      0x73a5,0x73a5,0x71a5,0x73a5,0x73a5,0x73a5,0x6fa5,0x6ea5,0x6da5,0x6ea5,0x6ea5,0x6da5,
      0x6aa5,0x6da5,0x69a5,0x4188,0x67a5,0x67a5,0x7a89,0x7569,0x3285,0x7389,0x7389,0x6f69,
      0x6f69,0x6d89,0x6b88,0x6ba5,0x6aa5,0x3b5e,0x67a5,0x67a5,0x2a5b,0x3b9a,0x66a5,0x64a5,
      0x64a5,0x67a5,0x67a5,0x66a5,0x62a5,0x61a5,0x61a5,0x61a5,0x61a5,0x64a5,0x61a5,0x61a5,
      0x5ca5,0x5aa5,0x6869,0x6689,0x6689,0x2169,0x6089,0x6689,0x6269,0x5f89,0x5f89,0x5b69,
      0x5569,0x5989,0x5289,0x5289,0x4e69,0x4c89,0x4c89,0x2788,0x5da5,0x5aa5,0x5aa5,0x5aa5,
      0x5aa5,0x54a5,0x57a5,0x4c89,0x4589,0x4589,0x4289,0x4188,0x3f89,0x3f89,0x3f89,0x3b89,
      0x3889,0x3889,0x3b88,0x3488,0x3889,0x3488,0x3589,0x3289,0x3289,0x1ca6,0x2495,0x3289,
      0x3289,0x3289,0x2e88,0x2e88,0x1a86,0x2e88,0x2b89,0x2b89,0x2b89,0x2b89,0x2b89,0x0b98,
      0x2788,0x2b89,0x2b89,0x2b89,0x2889,0x2788,0x2589,0x2488,0x2589,0x2589,0x2188,0x2188,
      0x2188,0x2188,0x1a88,0x1a88,0x1a88,0x1d88,0x1a88,0x1a88,0x1a88,0x1a88,0x1a88,0x1a88,
      0x1a88,0x1488,0x0869,0x1488,0x1488,0x1488,0x1488,0x1488,0x1488,0x1488,0x1488,0x1088,
      0x0d88,0x0d88,0x0d88,0x0088,
    },
    {
      0xbe88,0xba88,0xb488,0xbd88,0xb188,0xae69,0xb088,0xa988,0xa786,0xab69,0xa669,0xa569,
      0xa469,0xa688,0xa496,0xb04a,0x9e96,0x9d96,0xa469,0x715a,0xa469,0xa4a5,0xa469,0xa469,
      0x9d69,0x9d69,0x9d69,0xa389,0x9c88,0x9d96,0x9796,0x9595,0x9595,0x9295,0x87a6,0x8e95,
      0x9c6a,0x9869,0x9769,0x9769,0x724d,0x9789,0x9689,0x9689,0x9269,0x9689,0x7768,0x9689,
      0x9689,0x9689,0x9689,0x9689,0x9689,0x9689,0x9689,0x9089,0x8f89,0x9089,0x9288,0x8e95,
      0x8b95,0x8b95,0x8b95,0x8b95,0x8595,0x4964,0x8595,0x8595,0x9069,0x9089,0x9089,0x8f89,
      0x8f89,0x8f89,0x8f89,0x8f89,0x8f89,0x9269,0x8f89,0x8f89,0x8f89,0x8b69,0x8969,0x8f89,
      0x8f89,0x8989,0x8b69,0x8989,0x8b88,0x8989,0x8389,0x8569,0x8569,0x7e69,0x8289,0x7c89,
      0x8595,0x83a5,0x83a5,0x7ca5,0x7e88,0x7c96,0x7aa5,0x7ca5,0x386a,0x7ca5,0x7ca5,0x76a5,
      0x76a5,0x76a5,0x73a5,0x76a5,0x76a5,0x76a5,0x71a5,0x70a5,0x6fa5,0x70a5,0x70a5,0x6fa5,
      0x6ca5,0x6fa5,0x6ba5,0x4288,0x69a5,0x69a5,0x7c89,0x7769,0x3385,0x7689,0x7589,0x7169,
      0x7169,0x6f89,0x6d88,0x6da5,0x6ca5,0x3c5e,0x69a5,0x69a5,0x2b5b,0x3c9a,0x68a5,0x66a5,
      0x66a5,0x69a5,0x69a5,0x68a5,0x64a5,0x63a5,0x63a5,0x63a5,0x63a5,0x66a5,0x63a5,0x63a5,
      0x5ea5,0x5ca5,0x6a69,0x6889,0x6889,0x2169,0x6289,0x6889,0x6369,0x6189,0x6189,0x5d69,
      0x5669,0x5a89,0x5489,0x5489,0x5069,0x4d89,0x4d89,0x2888,0x5fa5,0x5ca5,0x5ca5,0x5ca5,
      0x5ca5,0x55a5,0x59a5,0x4d89,0x4689,0x4689,0x4389,0x4288,0x4089,0x4089,0x4089,0x3c89,
      0x3989,0x3989,0x3c88,0x3588,0x3989,0x3588,0x3689,0x3389,0x3389,0x1da6,0x2495,0x3389,
      0x3389,0x3389,0x2e88,0x2e88,0x1b86,0x2e88,0x2c89,0x2c89,0x2c89,0x2c89,0x2c89,0x0c98,
      0x2888,0x2c89,0x2c89,0x2c89,0x2989,0x2888,0x2589,0x2488,0x2589,0x2589,0x2188,0x2188,
      0x2188,0x2188,0x1b88,0x1b88,0x1b88,0x1e88,0x1b88,0x1b88,0x1b88,0x1b88,0x1b88,0x1b88,
      0x1b88,0x1488,0x0869,0x1488,0x1488,0x1488,0x1488,0x1488,0x1488,0x1488,0x1488,0x1188,
      0x0d88,0x0d88,0x0d88,0x0088,
    },
    {
      0xc188,0xbd88,0xb788,0xc088,0xb588,0xb169,0xb388,0xac88,0xaa86,0xae69,0xa969,0xa869,
      0xa769,0xa988,0xa796,0xb34a,0xa196,0xa096,0xa769,0x744b,0xa769,0xa7b4,0xa769,0xa769,
      0xa069,0xa069,0xa069,0xa689,0x9f88,0xa096,0x9a96,0x9895,0x9895,0x9595,0x8aa6,0x9195,
      0x9f6a,0x9b69,0x9a69,0x9a69,0x744d,0x9a89,0x9989,0x9989,0x9569,0x9989,0x7a68,0x9989,
      0x9989,0x9989,0x9989,0x9989,0x9989,0x9989,0x9989,0x9389,0x9289,0x9389,0x9588,0x9195,
      0x8e95,0x8e95,0x8e95,0x8e95,0x8895,0x4a64,0x8795,0x8795,0x9369,0x9389,0x9389,0x9289,
      0x9289,0x9289,0x9289,0x9289,0x9289,0x9569,0x9289,0x9289,0x9289,0x8e69,0x8c69,0x9289,
      0x9289,0x8c89,0x8e69,0x8b89,0x8e88,0x8b89,0x8589,0x8769,0x8769,0x8069,0x8489,0x7f89,
      0x8795,0x85a4,0x85a4,0x7fa4,0x8088,0x7f96,0x7ca5,0x7fa4,0x396a,0x7fa4,0x7fa4,0x78a4,
      0x78a4,0x78a4,0x75a5,0x78a4,0x78a4,0x78a4,0x74a4,0x72a4,0x71a4,0x72a4,0x72a4,0x71a4,
      0x6fa5,0x71a4,0x6da4,0x4488,0x6ba4,0x6ba4,0x7f89,0x7a69,0x3485,0x7889,0x7789,0x7369,
      0x7369,0x7189,0x6f88,0x6fa5,0x6fa5,0x3e5e,0x6ba5,0x6ba4,0x2c5b,0x3d9b,0x6aa4,0x68a5,
      0x68a5,0x6ba4,0x6ba4,0x6aa4,0x66a4,0x64a4,0x64a4,0x64a4,0x64a4,0x68a5,0x64a4,0x64a4,
      0x5fa4,0x5ea4,0x6c69,0x6a89,0x6a89,0x2269,0x6489,0x6989,0x6569,0x6389,0x6389,0x5f69,
      0x5869,0x5c89,0x5589,0x5589,0x5169,0x4e89,0x4e89,0x2988,0x61a5,0x5ea4,0x5ea4,0x5ea4,
      0x5ea4,0x57a4,0x5aa5,0x4e89,0x4889,0x4889,0x4489,0x4488,0x4189,0x4189,0x4189,0x3e89,
      0x3a89,0x3a89,0x3d88,0x3688,0x3a89,0x3688,0x3789,0x3389,0x3389,0x1ea6,0x2594,0x3389,
      0x3389,0x3389,0x2f88,0x2f88,0x1b86,0x2f88,0x2d89,0x2d89,0x2d89,0x2d89,0x2d89,0x0c98,
      0x2988,0x2d89,0x2d89,0x2d89,0x2989,0x2988,0x2689,0x2588,0x2689,0x2689,0x2288,0x2288,
      0x2288,0x2288,0x1b88,0x1b88,0x1b88,0x1e88,0x1b88,0x1b88,0x1b88,0x1b88,0x1b88,0x1b88,
      0x1b88,0x1488,0x0869,0x1488,0x1488,0x1488,0x1488,0x1488,0x1488,0x1488,0x1488,0x1188,
      0x0e88,0x0e88,0x0e88,0x0088,
    },
    {
      0xc588,0xc188,0xba88,0xc488,0xb888,0xb469,0xb688,0xaf88,0xae86,0xb169,0xac69,0xab69,
      0xaa69,0xac88,0xaa96,0xb64a,0xa496,0xa396,0xaa69,0x764b,0xaa69,0xaab4,0xaa69,0xaa69,
      0xa369,0xa369,0xa369,0xa989,0xa288,0xa396,0x9c96,0x9b95,0x9b95,0x9795,0x8ca6,0x9495,
      0xa26a,0x9e69,0x9c69,0x9c69,0x774d,0x9c89,0x9c89,0x9c89,0x9769,0x9c89,0x7c68,0x9c89,
      0x9c89,0x9c89,0x9c89,0x9c89,0x9c89,0x9c89,0x9c89,0x9689,0x9589,0x9689,0x9788,0x9495,
      0x9095,0x9095,0x9095,0x9095,0x8a95,0x4c64,0x8a95,0x8a95,0x9669,0x9689,0x9689,0x9589,
      0x9589,0x9589,0x9589,0x9589,0x9589,0x9769,0x9589,0x9589,0x9589,0x9069,0x8f69,0x9589,
      0x9589,0x8f89,0x9069,0x8e89,0x9088,0x8e89,0x8889,0x8a69,0x8a69,0x8369,0x8789,0x8189,
      0x8a95,0x88a4,0x88a4,0x81a4,0x8388,0x8196,0x7ea5,0x81a4,0x3a6a,0x81a4,0x81a4,0x7aa4,
      0x7aa4,0x7aa4,0x77a5,0x7aa4,0x7aa4,0x7aa4,0x76a4,0x74a4,0x73a4,0x74a4,0x74a4,0x73a4,
      0x71a5,0x73a4,0x6fa4,0x4588,0x6da4,0x6da4,0x8189,0x7c69,0x3585,0x7a89,0x7989,0x7569,
      0x7569,0x7389,0x7188,0x71a5,0x71a5,0x3f5e,0x6da5,0x6da4,0x2d5b,0x3e9b,0x6ca4,0x6aa5,
      0x6aa5,0x6da4,0x6da4,0x6ca4,0x68a4,0x66a4,0x66a4,0x66a4,0x66a4,0x6aa5,0x66a4,0x66a4,
      0x61a4,0x5fa4,0x6e69,0x6c89,0x6c89,0x2269,0x6589,0x6b89,0x6769,0x6589,0x6589,0x6069,
      0x5969,0x5e89,0x5789,0x5789,0x5369,0x5089,0x5089,0x2988,0x63a5,0x5fa4,0x5fa4,0x5fa4,
      0x5fa4,0x59a4,0x5ca5,0x5089,0x4989,0x4989,0x4689,0x4588,0x4289,0x4289,0x4289,0x3f89,
      0x3b89,0x3b89,0x3e88,0x3788,0x3b89,0x3788,0x3889,0x3489,0x3489,0x1ea6,0x2694,0x3489,
      0x3489,0x3489,0x3088,0x3088,0x1c86,0x3088,0x2e89,0x2e89,0x2e89,0x2e89,0x2e89,0x0c98,
      0x2988,0x2e89,0x2e89,0x2e89,0x2a89,0x2988,0x2789,0x2688,0x2789,0x2789,0x2288,0x2288,
      0x2288,0x2288,0x1c88,0x1c88,0x1c88,0x1f88,0x1c88,0x1c88,0x1c88,0x1c88,0x1c88,0x1c88,
      0x1c88,0x1588,0x0969,0x1588,0x1588,0x1588,0x1588,0x1588,0x1588,0x1588,0x1588,0x1188,
      0x0e88,0x0e88,0x0e88,0x0088,
    },
    {
      0xc888,0xc488,0xbe88,0xc888,0xbb88,0xb869,0xba88,0xb388,0xb186,0xb469,0xaf69,0xae69,
      0xad69,0xaf88,0xad96,0xba4a,0xa796,0xa696,0xad69,0x784b,0xad69,0xadb4,0xad69,0xad69,
      0xa669,0xa669,0xa669,0xac89,0xa588,0xa696,0x9f96,0x9e95,0x9e95,0x9a95,0x8fa6,0x9795,
      0xa56a,0xa169,0x9f69,0x9f69,0x794d,0x9f89,0x9e89,0x9e89,0x9a69,0x9e89,0x7e68,0x9e89,
      0x9e89,0x9e89,0x9e89,0x9e89,0x9e89,0x9e89,0x9e89,0x9889,0x9789,0x9889,0x9a88,0x9795,
      0x9395,0x9395,0x9395,0x9395,0x8d95,0x4d64,0x8c95,0x8c95,0x9869,0x9889,0x9889,0x9789,
      0x9789,0x9789,0x9789,0x9789,0x9789,0x9a69,0x9789,0x9789,0x9789,0x9369,0x9169,0x9789,
      0x9789,0x9189,0x9369,0x9089,0x9388,0x9089,0x8a89,0x8c69,0x8c69,0x8569,0x8989,0x8389,
      0x8c95,0x8aa4,0x8aa4,0x83a4,0x8588,0x8396,0x81a5,0x83a4,0x3c6a,0x83a4,0x83a4,0x7ca4,
      0x7ca4,0x7ca4,0x7aa5,0x7ca4,0x7ca4,0x7ca4,0x78a4,0x76a4,0x75a4,0x76a4,0x76a4,0x75a4,
      0x73a5,0x75a4,0x71a4,0x4688,0x6fa4,0x6fa4,0x8389,0x7e69,0x3685,0x7c89,0x7b89,0x7769,
      0x7769,0x7589,0x7488,0x74a5,0x73a5,0x405e,0x6fa5,0x6fa4,0x2e5c,0x3f9b,0x6ea4,0x6ca5,
      0x6ca5,0x6fa4,0x6fa4,0x6ea4,0x6aa4,0x68a4,0x68a4,0x68a4,0x68a4,0x6ca5,0x68a4,0x68a4,
      0x63a4,0x61a4,0x7069,0x6e89,0x6e89,0x2369,0x6789,0x6d89,0x6969,0x6689,0x6689,0x6269,
      0x5b69,0x5f89,0x5889,0x5889,0x5469,0x5189,0x5189,0x2a88,0x65a5,0x61a4,0x61a4,0x61a4,
      0x61a4,0x5aa4,0x5ea5,0x5189,0x4a89,0x4a89,0x4789,0x4688,0x4389,0x4389,0x4389,0x4089,
      0x3c89,0x3c89,0x3f88,0x3888,0x3c89,0x3888,0x3989,0x3589,0x3589,0x1fa6,0x2794,0x3589,
      0x3589,0x3589,0x3188,0x3188,0x1c86,0x3188,0x2e89,0x2e89,0x2e89,0x2e89,0x2e89,0x0c98,
      0x2a88,0x2e89,0x2e89,0x2e89,0x2b89,0x2a88,0x2789,0x2788,0x2789,0x2789,0x2388,0x2388,
      0x2388,0x2388,0x1c88,0x1c88,0x1c88,0x2088,0x1c88,0x1c88,0x1c88,0x1c88,0x1c88,0x1c88,
      0x1c88,0x1588,0x0969,0x1588,0x1588,0x1588,0x1588,0x1588,0x1588,0x1588,0x1588,0x1288,
      0x0e88,0x0e88,0x0e88,0x0088,
    },
    {
      0xcc88,0xc888,0xc188,0xcb88,0xbf88,0xbb69,0xbd88,0xb688,0xb486,0xb769,0xb269,0xb169,
      0xb069,0xb288,0xb096,0xbd3a,0xaa96,0xa996,0xb069,0x7a4b,0xb069,0xb0b4,0xb069,0xb069,
      0xa969,0xa969,0xa969,0xaf89,0xa788,0xa996,0xa296,0xa095,0xa095,0x9d95,0x91a6,0x9995,
      0xa76a,0xa469,0xa269,0xa269,0x7b3d,0xa289,0xa189,0xa189,0x9d69,0xa189,0x8068,0xa189,
      0xa189,0xa189,0xa189,0xa189,0xa189,0xa189,0xa189,0x9b89,0x9a89,0x9b89,0x9d88,0x9995,
      0x9695,0x9695,0x9695,0x9695,0x8f95,0x4e63,0x8f95,0x8f95,0x9b69,0x9b89,0x9b89,0x9a89,
      0x9a89,0x9a89,0x9a89,0x9a89,0x9a89,0x9d69,0x9a89,0x9a89,0x9a89,0x9669,0x9469,0x9a89,
      0x9a89,0x9489,0x9669,0x9389,0x9688,0x9389,0x8d89,0x8f69,0x8f69,0x8769,0x8c89,0x8689,
      0x8f95,0x8da4,0x8da4,0x86a4,0x8788,0x8696,0x83a5,0x86a4,0x3d6a,0x86a4,0x86a4,0x7ea4,
      0x7ea4,0x7ea4,0x7ca5,0x7ea4,0x7ea4,0x7ea4,0x7aa4,0x78a4,0x77a4,0x78a4,0x78a4,0x77a4,
      0x75a5,0x77a4,0x73a4,0x4788,0x71a4,0x71a4,0x8689,0x8069,0x3785,0x7e89,0x7e89,0x7969,
      0x7969,0x7789,0x7688,0x76a5,0x75a5,0x415e,0x71a5,0x71a4,0x2e5c,0x409b,0x70a4,0x6ea5,
      0x6ea5,0x71a4,0x71a4,0x70a4,0x6ca4,0x6aa4,0x6aa4,0x6aa4,0x6aa4,0x6ea5,0x6aa4,0x6aa4,
      0x65a4,0x63a4,0x7269,0x7089,0x7089,0x2469,0x6989,0x6f89,0x6b69,0x6889,0x6889,0x6469,
      0x5d69,0x6189,0x5a89,0x5a89,0x5669,0x5389,0x5389,0x2b88,0x66a5,0x63a4,0x63a4,0x63a4,
      0x63a4,0x5ca4,0x5fa5,0x5389,0x4c89,0x4c89,0x4889,0x4788,0x4589,0x4589,0x4589,0x4189,
      0x3d89,0x3d89,0x4088,0x3988,0x3d89,0x3988,0x3a89,0x3689,0x3689,0x1fa6,0x2794,0x3689,
      0x3689,0x3689,0x3288,0x3288,0x1d86,0x3288,0x2f89,0x2f89,0x2f89,0x2f89,0x2f89,0x0c98,
      0x2b88,0x2f89,0x2f89,0x2f89,0x2c89,0x2b88,0x2889,0x2788,0x2889,0x2889,0x2488,0x2488,
      0x2488,0x2488,0x1d88,0x1d88,0x1d88,0x2088,0x1d88,0x1d88,0x1d88,0x1d88,0x1d88,0x1d88,
      0x1d88,0x1588,0x0969,0x1588,0x1588,0x1588,0x1588,0x1588,0x1588,0x1588,0x1588,0x1288,
      0x0e88,0x0e88,0x0e88,0x0088,
    },
    {
      0xd088,0xcb88,0xc588,0xcf88,0xc288,0xbe69,0xc088,0xb988,0xb786,0xbb69,0xb569,0xb469,
      0xb369,0xb588,0xb396,0xc03a,0xad96,0xac96,0xb369,0x7c4b,0xb369,0xb3b4,0xb369,0xb369,
      0xac69,0xac69,0xac69,0xb389,0xaa88,0xac96,0xa596,0xa395,0xa395,0xa095,0x94a6,0x9c95,
      0xaa6a,0xa769,0xa569,0xa569,0x7d3d,0xa589,0xa489,0xa489,0xa069,0xa489,0x8368,0xa489,
      0xa489,0xa489,0xa489,0xa489,0xa489,0xa489,0xa489,0x9e89,0x9d89,0x9e89,0xa088,0x9c95,
      0x9895,0x9895,0x9895,0x9895,0x9295,0x5063,0x9195,0x9195,0x9e69,0x9e89,0x9e89,0x9d89,
      0x9d89,0x9d89,0x9d89,0x9d89,0x9d89,0xa069,0x9d89,0x9d89,0x9d89,0x9869,0x9669,0x9d89,
      0x9d89,0x9689,0x9869,0x9689,0x9888,0x9689,0x8f89,0x9169,0x9169,0x8a69,0x8e89,0x8889,
      0x9195,0x8fa4,0x8fa4,0x88a4,0x8a88,0x8896,0x85a5,0x88a4,0x3e6a,0x88a4,0x88a4,0x81a4,
      0x81a4,0x81a4,0x7ea5,0x81a4,0x81a4,0x81a4,0x7ca4,0x7aa4,0x79a4,0x7aa4,0x7aa4,0x79a4,
      0x77a5,0x79a4,0x75a4,0x4988,0x73a4,0x73a4,0x8889,0x8369,0x3885,0x8189,0x8089,0x7b69,
      0x7b69,0x7989,0x7888,0x78a5,0x77a5,0x425e,0x73a5,0x73a4,0x2f5c,0x419b,0x72a4,0x6fa5,
      0x6fa5,0x73a4,0x73a4,0x72a4,0x6ea4,0x6ca4,0x6ca4,0x6ca4,0x6ca4,0x6fa5,0x6ca4,0x6ca4,
      0x66a4,0x65a4,0x7469,0x7289,0x7289,0x2469,0x6b89,0x7189,0x6d69,0x6a89,0x6a89,0x6669,
      0x5e69,0x6389,0x5c89,0x5c89,0x5769,0x5489,0x5489,0x2c88,0x68a5,0x65a4,0x65a4,0x65a4,
      0x65a4,0x5da4,0x61a5,0x5489,0x4d89,0x4d89,0x4989,0x4988,0x4689,0x4689,0x4689,0x4289,
      0x3f89,0x3f89,0x4188,0x3a88,0x3f89,0x3a88,0x3b89,0x3789,0x3789,0x20a6,0x2894,0x3789,
      0x3789,0x3789,0x3388,0x3388,0x1d86,0x3388,0x3089,0x3089,0x3089,0x3089,0x3089,0x0d98,
      0x2c88,0x3089,0x3089,0x3089,0x2c89,0x2c88,0x2989,0x2888,0x2989,0x2989,0x2488,0x2488,
      0x2488,0x2488,0x1d88,0x1d88,0x1d88,0x2188,0x1d88,0x1d88,0x1d88,0x1d88,0x1d88,0x1d88,
      0x1d88,0x1688,0x0969,0x1688,0x1688,0x1688,0x1688,0x1688,0x1688,0x1688,0x1688,0x1288,
      0x0f88,0x0f88,0x0f88,0x0088,
    },
    {
      0xd388,0xcf88,0xc888,0xd288,0xc588,0xc269,0xc388,0xbc88,0xba86,0xbe69,0xb869,0xb769,
      0xb769,0xb888,0xb796,0xc33a,0xb096,0xaf96,0xb769,0x7e4b,0xb769,0xb7b4,0xb769,0xb769,
      0xaf69,0xaf69,0xaf69,0xb689,0xad88,0xaf96,0xa896,0xa695,0xa695,0xa295,0x96a6,0x9f95,
      0xad6a,0xaa69,0xa869,0xa869,0x7f3e,0xa889,0xa789,0xa789,0xa269,0xa789,0x8568,0xa789,
      0xa789,0xa789,0xa789,0xa789,0xa789,0xa789,0xa789,0xa089,0x9f89,0xa089,0xa288,0x9f95,
      0x9b95,0x9b95,0x9b95,0x9b95,0x9495,0x5163,0x9495,0x9495,0xa069,0xa089,0xa089,0x9f89,
      0x9f89,0x9f89,0x9f89,0x9f89,0x9f89,0xa269,0x9f89,0x9f89,0x9f89,0x9b69,0x9969,0x9f89,
      0x9f89,0x9989,0x9b69,0x9889,0x9b88,0x9889,0x9289,0x9469,0x9469,0x8c69,0x9189,0x8a89,
      0x9495,0x92a4,0x92a4,0x8aa4,0x8c88,0x8a96,0x88a5,0x8aa4,0x3f6a,0x8aa4,0x8aa4,0x83a4,
      0x83a4,0x83a4,0x80a5,0x83a4,0x83a4,0x83a4,0x7ea4,0x7ca4,0x7ca4,0x7ca4,0x7ca4,0x7ca4,
      0x79a5,0x7ca4,0x77a4,0x4a88,0x75a4,0x75a4,0x8a89,0x8569,0x3985,0x8389,0x8289,0x7d69,
      0x7d69,0x7c89,0x7a88,0x7aa5,0x79a5,0x435e,0x75a5,0x75a4,0x305c,0x429b,0x74a4,0x71a5,
      0x71a5,0x75a4,0x75a4,0x74a4,0x70a4,0x6ea4,0x6ea4,0x6ea4,0x6ea4,0x71a5,0x6ea4,0x6ea4,
      0x68a4,0x66a4,0x7669,0x7489,0x7489,0x2569,0x6d89,0x7389,0x6f69,0x6c89,0x6c89,0x6769,
      0x6069,0x6489,0x5d89,0x5d89,0x5969,0x5689,0x5689,0x2c88,0x6aa5,0x66a4,0x66a4,0x66a4,
      0x66a4,0x5fa4,0x63a5,0x5689,0x4e89,0x4e89,0x4b89,0x4a88,0x4789,0x4789,0x4789,0x4389,
      0x4089,0x4089,0x4288,0x3b88,0x4089,0x3b88,0x3c89,0x3889,0x3889,0x20a6,0x2994,0x3889,
      0x3889,0x3889,0x3488,0x3488,0x1e86,0x3488,0x3189,0x3189,0x3189,0x3189,0x3189,0x0d98,
      0x2c88,0x3189,0x3189,0x3189,0x2d89,0x2c88,0x2989,0x2988,0x2989,0x2989,0x2588,0x2588,
      0x2588,0x2588,0x1e88,0x1e88,0x1e88,0x2188,0x1e88,0x1e88,0x1e88,0x1e88,0x1e88,0x1e88,
      0x1e88,0x1688,0x0969,0x1688,0x1688,0x1688,0x1688,0x1688,0x1688,0x1688,0x1688,0x1288,
      0x0f88,0x0f88,0x0f88,0x0088,
    },
    {
      0xd788,0xd288,0xcb88,0xd688,0xc988,0xc569,0xc788,0xbf88,0xbd86,0xc169,0xbc69,0xbb69,
      0xba69,0xbc88,0xba96,0xc73a,0xb396,0xb296,0xba69,0x804b,0xba69,0xbab4,0xba69,0xba69,
      0xb269,0xb269,0xb269,0xb989,0xb088,0xb296,0xab96,0xa995,0xa995,0xa595,0x99a6,0xa195,
      0xb06a,0xad69,0xab69,0xab69,0x813e,0xab89,0xaa89,0xaa89,0xa569,0xaa89,0x8768,0xaa89,
      0xaa89,0xaa89,0xaa89,0xaa89,0xaa89,0xaa89,0xaa89,0xa389,0xa289,0xa389,0xa588,0xa195,
      0x9e95,0x9e95,0x9e95,0x9e95,0x9795,0x5363,0x9695,0x9695,0xa369,0xa389,0xa389,0xa289,
      0xa289,0xa289,0xa289,0xa289,0xa289,0xa569,0xa289,0xa289,0xa289,0x9e69,0x9c69,0xa289,
      0xa289,0x9c89,0x9e69,0x9b89,0x9e88,0x9b89,0x9489,0x9669,0x9669,0x8f69,0x9389,0x8d89,
      0x9695,0x94a4,0x94a4,0x8da4,0x8f88,0x8d96,0x8aa5,0x8da4,0x406a,0x8da4,0x8da4,0x85a4,
      0x85a4,0x85a4,0x82a5,0x85a4,0x85a4,0x85a4,0x80a4,0x7fa4,0x7ea4,0x7fa4,0x7fa4,0x7ea4,
      0x7ba5,0x7ea4,0x79a4,0x4b88,0x77a4,0x77a4,0x8d89,0x8769,0x3a85,0x8589,0x8489,0x8069,
      0x8069,0x7e89,0x7c88,0x7ca5,0x7ba5,0x445f,0x77a5,0x77a4,0x315c,0x449b,0x76a4,0x73a5,
      0x73a5,0x77a4,0x77a4,0x76a4,0x71a4,0x70a4,0x70a4,0x70a4,0x70a4,0x73a5,0x70a4,0x70a4,
      0x6aa4,0x68a4,0x7869,0x7689,0x7689,0x2669,0x6f89,0x7589,0x7169,0x6e89,0x6e89,0x6969,
      0x6269,0x6689,0x5f89,0x5f89,0x5a69,0x5789,0x5789,0x2d88,0x6ca5,0x68a4,0x68a4,0x68a4,
      0x68a4,0x61a4,0x64a5,0x5789,0x5089,0x5089,0x4c89,0x4b88,0x4889,0x4889,0x4889,0x4489,
      0x4189,0x4189,0x4488,0x3c88,0x4189,0x3c88,0x3d89,0x3989,0x3989,0x21a6,0x2994,0x3989,
      0x3989,0x3989,0x3588,0x3588,0x1e86,0x3588,0x3289,0x3289,0x3289,0x3289,0x3289,0x0d98,
      0x2d88,0x3289,0x3289,0x3289,0x2e89,0x2d88,0x2a89,0x2988,0x2a89,0x2a89,0x2688,0x2688,
      0x2688,0x2688,0x1e88,0x1e88,0x1e88,0x2288,0x1e88,0x1e88,0x1e88,0x1e88,0x1e88,0x1e88,
      0x1e88,0x1788,0x0969,0x1788,0x1788,0x1788,0x1788,0x1788,0x1788,0x1788,0x1788,0x1388,
      0x0f88,0x0f88,0x0f88,0x0088,
    },
    {
      0xda88,0xd688,0xcf88,0xd988,0xcc88,0xc869,0xca88,0xc288,0xc186,0xc469,0xbf69,0xbe69,
      0xbd69,0xbf88,0xbd96,0xca3a,0xb696,0xb596,0xbd69,0x834b,0xbd69,0xbdb4,0xbd69,0xbd69,
      0xb569,0xb569,0xb569,0xbc89,0xb388,0xb596,0xad96,0xac95,0xac95,0xa895,0x9ba6,0xa495,
      0xb36a,0xaf69,0xad69,0xad69,0x843e,0xad89,0xad89,0xad89,0xa869,0xad89,0x8968,0xad89,
      0xad89,0xad89,0xad89,0xad89,0xad89,0xad89,0xad89,0xa689,0xa589,0xa689,0xa888,0xa495,
      0xa095,0xa095,0xa095,0xa095,0x9995,0x5463,0x9995,0x9995,0xa669,0xa689,0xa689,0xa589,
      0xa589,0xa589,0xa589,0xa589,0xa589,0xa869,0xa589,0xa589,0xa589,0xa069,0x9e69,0xa589,
      0xa589,0x9e89,0xa069,0x9d89,0xa088,0x9d89,0x9789,0x9969,0x9969,0x9169,0x9689,0x8f89,
      0x9995,0x97a4,0x97a4,0x8fa4,0x9188,0x8f96,0x8ca5,0x8fa4,0x416a,0x8fa4,0x8fa4,0x87a4,
      0x87a4,0x87a4,0x84a5,0x87a4,0x87a4,0x87a4,0x83a4,0x81a4,0x80a4,0x81a4,0x81a4,0x80a4,
      0x7da5,0x80a4,0x7ba4,0x4c88,0x79a4,0x79a4,0x8f89,0x8969,0x3b85,0x8789,0x8689,0x8269,
      0x8269,0x8089,0x7e88,0x7ea5,0x7da5,0x465f,0x79a5,0x79a4,0x325c,0x459b,0x78a4,0x75a5,
      0x75a5,0x79a4,0x79a4,0x78a4,0x73a4,0x71a4,0x71a4,0x71a4,0x71a4,0x75a5,0x71a4,0x71a4,
      0x6ca4,0x6aa4,0x7a69,0x7889,0x7889,0x2669,0x7089,0x7789,0x7269,0x7089,0x7089,0x6b69,
      0x6369,0x6889,0x6089,0x6089,0x5c69,0x5989,0x5989,0x2e88,0x6ea5,0x6aa4,0x6aa4,0x6aa4,
      0x6aa4,0x62a4,0x66a5,0x5989,0x5189,0x5189,0x4d89,0x4c88,0x4989,0x4989,0x4989,0x4689,
      0x4289,0x4289,0x4588,0x3d88,0x4289,0x3d88,0x3e89,0x3a89,0x3a89,0x21a6,0x2a94,0x3a89,
      0x3a89,0x3a89,0x3588,0x3588,0x1f86,0x3588,0x3389,0x3389,0x3389,0x3389,0x3389,0x0d98,
      0x2e88,0x3389,0x3389,0x3389,0x2f89,0x2e88,0x2b89,0x2a88,0x2b89,0x2b89,0x2688,0x2688,
      0x2688,0x2688,0x1f88,0x1f88,0x1f88,0x2288,0x1f88,0x1f88,0x1f88,0x1f88,0x1f88,0x1f88,
      0x1f88,0x1788,0x0a69,0x1788,0x1788,0x1788,0x1788,0x1788,0x1788,0x1788,0x1788,0x1388,
      0x0f88,0x0f88,0x0f88,0x0088,
    },
    {
      0xde88,0xd988,0xd288,0xdd88,0xcf88,0xcb69,0xcd88,0xc688,0xc486,0xc869,0xc269,0xc169,
      0xc069,0xc288,0xc096,0xcd3a,0xb996,0xb896,0xc069,0x854b,0xc069,0xc0b4,0xc069,0xc069,
      0xb869,0xb869,0xb869,0xbf89,0xb688,0xb896,0xb096,0xae95,0xae95,0xab95,0x9ea6,0xa795,
      0xb66a,0xb269,0xb069,0xb069,0x863e,0xb089,0xaf89,0xaf89,0xab69,0xaf89,0x8c68,0xaf89,
      0xaf89,0xaf89,0xaf89,0xaf89,0xaf89,0xaf89,0xaf89,0xa989,0xa889,0xa989,0xab88,0xa795,
      0xa395,0xa395,0xa395,0xa395,0x9c95,0x5563,0x9b95,0x9b95,0xa969,0xa989,0xa989,0xa889,
      0xa889,0xa889,0xa889,0xa889,0xa889,0xab69,0xa889,0xa889,0xa889,0xa369,0xa169,0xa889,
      0xa889,0xa189,0xa369,0xa089,0xa388,0xa089,0x9989,0x9b69,0x9b69,0x9369,0x9889,0x9189,
      0x9b95,0x99a4,0x99a4,0x91a4,0x9388,0x9196,0x8ea5,0x91a4,0x426a,0x91a4,0x91a4,0x8aa4,
      0x8aa4,0x8aa4,0x87a5,0x8aa4,0x8aa4,0x8aa4,0x85a4,0x83a4,0x82a4,0x83a4,0x83a4,0x82a4,
      0x7fa5,0x82a4,0x7da4,0x4e88,0x7ba4,0x7ba4,0x9189,0x8c69,0x3c85,0x8a89,0x8989,0x8469,
      0x8469,0x8289,0x8088,0x80a5,0x7fa5,0x475f,0x7ba5,0x7ba4,0x325c,0x469b,0x7aa4,0x77a5,
      0x77a5,0x7ba4,0x7ba4,0x7aa4,0x75a4,0x73a4,0x73a4,0x73a4,0x73a4,0x77a5,0x73a4,0x73a4,
      0x6da4,0x6ca4,0x7c69,0x7a89,0x7a89,0x2769,0x7289,0x7989,0x7469,0x7189,0x7189,0x6d69,
      0x6569,0x6a89,0x6289,0x6289,0x5d69,0x5a89,0x5a89,0x2f88,0x6fa5,0x6ca4,0x6ca4,0x6ca4,
      0x6ca4,0x64a4,0x68a5,0x5a89,0x5289,0x5289,0x4e89,0x4e88,0x4b89,0x4b89,0x4b89,0x4789,
      0x4389,0x4389,0x4688,0x3e88,0x4389,0x3e88,0x3f89,0x3b89,0x3b89,0x22a6,0x2b94,0x3b89,
      0x3b89,0x3b89,0x3688,0x3688,0x1f86,0x3688,0x3389,0x3389,0x3389,0x3389,0x3389,0x0e98,
      0x2f88,0x3389,0x3389,0x3389,0x2f89,0x2f88,0x2c89,0x2b88,0x2c89,0x2c89,0x2788,0x2788,
      0x2788,0x2788,0x1f88,0x1f88,0x1f88,0x2388,0x1f88,0x1f88,0x1f88,0x1f88,0x1f88,0x1f88,
      0x1f88,0x1788,0x0a69,0x1788,0x1788,0x1788,0x1788,0x1788,0x1788,0x1788,0x1788,0x1388,
      0x1088,0x1088,0x1088,0x0088,
    },
    {
      0xe188,0xdd88,0xd688,0xe088,0xd388,0xcf69,0xd188,0xc988,0xc786,0xcb69,0xc569,0xc469,
      0xc369,0xc588,0xc396,0xd13a,0xbc96,0xbb96,0xc369,0x874b,0xc369,0xc3b4,0xc369,0xc369,
      0xbb69,0xbb69,0xbb69,0xc289,0xb988,0xbb96,0xb396,0xb195,0xb195,0xad95,0xa0a6,0xa995,
      0xb96a,0xb569,0xb369,0xb369,0x883e,0xb389,0xb289,0xb289,0xad69,0xb289,0x8e68,0xb289,
      0xb289,0xb289,0xb289,0xb289,0xb289,0xb289,0xb289,0xab89,0xaa89,0xab89,0xad88,0xa995,
      0xa595,0xa595,0xa595,0xa595,0x9e95,0x5763,0x9e95,0x9e95,0xab69,0xab89,0xab89,0xaa89,
      0xaa89,0xaa89,0xaa89,0xaa89,0xaa89,0xad69,0xaa89,0xaa89,0xaa89,0xa569,0xa369,0xaa89,
      0xaa89,0xa389,0xa569,0xa289,0xa588,0xa289,0x9c89,0x9e69,0x9e69,0x9669,0x9b89,0x9489,
      0x9e95,0x9ca4,0x9ca4,0x94a4,0x9688,0x9496,0x91a5,0x94a4,0x436a,0x94a4,0x94a4,0x8ca4,
      0x8ca4,0x8ca4,0x89a5,0x8ca4,0x8ca4,0x8ca4,0x87a4,0x85a4,0x84a4,0x85a4,0x85a4,0x84a4,
      0x81a5,0x84a4,0x7fa4,0x4f88,0x7da4,0x7da4,0x9489,0x8e69,0x3d85,0x8c89,0x8b89,0x8669,
      0x8669,0x8489,0x8288,0x82a5,0x81a5,0x485f,0x7da5,0x7da4,0x335c,0x479b,0x7ca4,0x79a5,
      0x79a5,0x7da4,0x7da4,0x7ca4,0x77a4,0x75a4,0x75a4,0x75a4,0x75a4,0x79a5,0x75a4,0x75a4,
      0x6fa4,0x6da4,0x7e69,0x7c89,0x7c89,0x2769,0x7489,0x7b89,0x7669,0x7389,0x7389,0x6e69,
      0x6669,0x6b89,0x6389,0x6389,0x5f69,0x5c89,0x5c89,0x2f88,0x71a5,0x6da4,0x6da4,0x6da4,
      0x6da4,0x65a4,0x69a5,0x5c89,0x5489,0x5489,0x5089,0x4f88,0x4c89,0x4c89,0x4c89,0x4889,
      0x4489,0x4489,0x4788,0x3f88,0x4489,0x3f88,0x4089,0x3c89,0x3c89,0x22a6,0x2b94,0x3c89,
      0x3c89,0x3c89,0x3788,0x3788,0x2086,0x3788,0x3489,0x3489,0x3489,0x3489,0x3489,0x0e98,
      0x2f88,0x3489,0x3489,0x3489,0x3089,0x2f88,0x2c89,0x2b88,0x2c89,0x2c89,0x2788,0x2788,
      0x2788,0x2788,0x2088,0x2088,0x2088,0x2388,0x2088,0x2088,0x2088,0x2088,0x2088,0x2088,
      0x2088,0x1888,0x0a69,0x1888,0x1888,0x1888,0x1888,0x1888,0x1888,0x1888,0x1888,0x1488,
      0x1088,0x1088,0x1088,0x0088,
    },
    {
      0xe588,0xe088,0xd988,0xe488,0xd688,0xd279,0xd488,0xcc88,0xca87,0xce79,0xc879,0xc779,
      0xc679,0xc888,0xc697,0xd44a,0xbf97,0xbe97,0xc679,0x895b,0xc679,0xc6b5,0xc679,0xc679,
      0xbe79,0xbe79,0xbe79,0xc589,0xbc88,0xbe97,0xb697,0xb496,0xb496,0xb096,0xa3a7,0xac96,
      0xbc7a,0xb879,0xb679,0xb679,0x8a4e,0xb689,0xb589,0xb589,0xb079,0xb589,0x9078,0xb589,
      0xb589,0xb589,0xb589,0xb589,0xb589,0xb589,0xb589,0xae89,0xad89,0xae89,0xb088,0xac96,
      0xa896,0xa896,0xa896,0xa896,0xa196,0x5874,0xa096,0xa096,0xae79,0xae89,0xae89,0xad89,
      0xad89,0xad89,0xad89,0xad89,0xad89,0xb079,0xad89,0xad89,0xad89,0xa879,0xa679,0xad89,
      0xad89,0xa689,0xa879,0xa589,0xa888,0xa589,0x9e89,0xa079,0xa079,0x9879,0x9d89,0x9689,
      0xa096,0x9ea5,0x9ea5,0x96a5,0x9888,0x9697,0x93a6,0x96a5,0x447a,0x96a5,0x96a5,0x8ea5,
      0x8ea5,0x8ea5,0x8ba6,0x8ea5,0x8ea5,0x8ea5,0x89a5,0x87a5,0x86a5,0x87a5,0x87a5,0x86a5,
      0x83a6,0x86a5,0x81a5,0x5088,0x7fa5,0x7fa5,0x9689,0x9079,0x3e86,0x8e89,0x8d89,0x8879,
      0x8879,0x8689,0x8488,0x84a6,0x83a6,0x496f,0x7fa6,0x7fa5,0x346c,0x489b,0x7ea5,0x7ba6,
      0x7ba6,0x7fa5,0x7fa5,0x7ea5,0x79a5,0x77a5,0x77a5,0x77a5,0x77a5,0x7ba6,0x77a5,0x77a5,
      0x71a5,0x6fa5,0x8079,0x7e89,0x7e89,0x2879,0x7689,0x7d89,0x7879,0x7589,0x7589,0x7079,
      0x6879,0x6d89,0x6589,0x6589,0x6079,0x5d89,0x5d89,0x3088,0x73a6,0x6fa5,0x6fa5,0x6fa5,
      0x6fa5,0x67a5,0x6ba6,0x5d89,0x5589,0x5589,0x5189,0x5088,0x4d89,0x4d89,0x4d89,0x4989,
      0x4589,0x4589,0x4888,0x4088,0x4589,0x4088,0x4189,0x3d89,0x3d89,0x23a7,0x2c95,0x3d89,
      0x3d89,0x3d89,0x3888,0x3888,0x2087,0x3888,0x3589,0x3589,0x3589,0x3589,0x3589,0x0e98,
      0x3088,0x3589,0x3589,0x3589,0x3189,0x3088,0x2d89,0x2c88,0x2d89,0x2d89,0x2888,0x2888,
      0x2888,0x2888,0x2088,0x2088,0x2088,0x2488,0x2088,0x2088,0x2088,0x2088,0x2088,0x2088,
      0x2088,0x1888,0x0a79,0x1888,0x1888,0x1888,0x1888,0x1888,0x1888,0x1888,0x1888,0x1488,
      0x1088,0x1088,0x1088,0x0088,
    },
  },
  {
    {
      0x0088,0x0088,0x0088,0x0088,0x0088,0x0088,0x0088,0x0088,0x0088,0x0088,0x0088,0x0088,
      0x0088,0x0088,0x0088,0x0088,0x0088,0x0088,0x0088,0x0088,0x0088,0x0088,0x0088,0x0088,
      0x0088,0x0088,0x0088,0x0088,0x0088,0x0088,0x0088,0x0088,0x0088,0x0088,0x0088,0x0088,
      0x0088,0x0088,0x0088,0x0088,0x0088,0x0088,0x0088,0x0088,0x0088,0x0088,0x0088,0x0088,
      0x0088,0x0088,0x0088,0x0088,0x0088,0x0088,0x0088,0x0088,0x0088,0x0088,0x0088,0x0088,
      0x0088,0x0088,0x0088,0x0088,0x0088,0x0088,0x0088,0x0088,0x0088,0x0088,0x0088,0x0088,
      0x0088,0x0088,0x0088,0x0088,0x0088,0x0088,0x0088,0x0088,0x0088,0x0088,0x0088,0x0088,
      0x0088,0x0088,0x0088,0x0088,0x0088,0x0088,0x0088,0x0088,0x0088,0x0088,0x0088,0x0088,
      0x0088,0x0088,0x0088,0x0088,0x0088,0x0088,0x0088,0x0088,0x0088,0x0088,0x0088,0x0088,
      0x0088,0x0088,0x0088,0x0088,0x0088,0x0088,0x0088,0x0088,0x0088,0x0088,0x0088,0x0088,
      0x0088,0x0088,0x0088,0x0088,0x0088,0x0088,0x0088,0x0088,0x0088,0x0088,0x0088,0x0088,
      0x0088,0x0088,0x0088,0x0088,0x0088,0x0088,0x0088,0x0088,0x0088,0x0088,0x0088,0x0088,
      0x0088,0x0088,0x0088,0x0088,0x0088,0x0088,0x0088,0x0088,0x0088,0x0088,0x0088,0x0088,
      0x0088,0x0088,0x0088,0x0088,0x0088,0x0088,0x0088,0x0088,0x0088,0x0088,0x0088,0x0088,
      0x0088,0x0088,0x0088,0x0088,0x0088,0x0088,0x0088,0x0088,0x0088,0x0088,0x0088,0x0088,
      0x0088,0x0088,0x0088,0x0088,0x0088,0x0088,0x0088,0x0088,0x0088,0x0088,0x0088,0x0088,
      0x0088,0x0088,0x0088,0x0088,0x0088,0x0088,0x0088,0x0088,0x0088,0x0088,0x0088,0x0088,
      0x0088,0x0088,0x0088,0x0088,0x0088,0x0088,0x0088,0x0088,0x0088,0x0088,0x0088,0x0088,
      0x0088,0x0088,0x0088,0x0088,0x0088,0x0088,0x0088,0x0088,0x0088,0x0088,0x0088,0x0088,
      0x0088,0x0088,0x0088,0x0088,0x0088,0x0088,0x0088,0x0088,0x0088,0x0088,0x0088,0x0088,
      0x0088,0x0088,0x0088,0x0088,0x0088,0x0088,0x0088,0x0088,0x0088,0x0088,0x0088,0x0088,
      0x0088,0x0088,0x0088,0x0088,
    },
    {
      0x0488,0x0378,0x0378,0x0488,0x0378,0x0378,0x0378,0x0388,0x0378,0x0378,0x0378,0x0378,
      0x0378,0x0378,0x0278,0x0378,0x0278,0x0278,0x0378,0x0278,0x0378,0x0387,0x0378,0x0278,
      0x0278,0x0278,0x0278,0x0278,0x0278,0x0278,0x0278,0x0278,0x0278,0x0378,0x0387,0x0378,
      0x0288,0x0278,0x0288,0x0278,0x0278,0x0278,0x0278,0x0288,0x0288,0x0278,0x0278,0x0278,
      0x0278,0x0278,0x0278,0x0278,0x0278,0x0278,0x0278,0x0278,0x0288,0x0287,0x0278,0x0278,
      0x0278,0x0278,0x0278,0x0278,0x0278,0x0177,0x0278,0x0278,0x0278,0x0278,0x0278,0x0278,
      0x0278,0x0278,0x0278,0x0278,0x0278,0x0178,0x0178,0x0278,0x0278,0x0178,0x0278,0x0278,
      0x0278,0x0178,0x0278,0x0278,0x0278,0x0278,0x0278,0x0278,0x0278,0x0178,0x0178,0x0178,
      0x0178,0x0178,0x0178,0x0178,0x0178,0x0178,0x0178,0x0178,0x0178,0x0178,0x0178,0x0178,
      0x0178,0x0288,0x0178,0x0178,0x0178,0x0188,0x0178,0x0188,0x0187,0x0178,0x0178,0x0178,
      0x0178,0x0178,0x0178,0x0188,0x0188,0x0178,0x0178,0x0178,0x0187,0x0178,0x0188,0x0178,
      0x0188,0x0178,0x0178,0x0178,0x0178,0x0178,0x0178,0x0178,0x0178,0x0188,0x0178,0x0178,
      0x0178,0x0188,0x0188,0x0188,0x0178,0x0188,0x0178,0x0178,0x0178,0x0178,0x0178,0x0178,
      0x0178,0x0178,0x0178,0x0178,0x0178,0x0178,0x0178,0x0178,0x0178,0x0178,0x0178,0x0178,
      0x0178,0x0178,0x0178,0x0178,0x0188,0x0178,0x0188,0x0188,0x0188,0x0188,0x0188,0x0188,
      0x0178,0x0187,0x0188,0x0188,0x0187,0x0188,0x0178,0x0088,0x0188,0x0178,0x0188,0x0188,
      0x0188,0x0188,0x0188,0x0178,0x0088,0x0178,0x0188,0x0188,0x0187,0x0187,0x0187,0x0178,
      0x0188,0x0188,0x0188,0x0188,0x0187,0x0188,0x0088,0x0088,0x0088,0x0088,0x0078,0x0088,
      0x0088,0x0078,0x0088,0x0088,0x0088,0x0078,0x0088,0x0088,0x0088,0x0088,0x0088,0x0078,
      0x0088,0x0088,0x0178,0x0088,0x0088,0x0078,0x0088,0x0088,0x0088,0x0088,0x0088,0x0088,
      0x0088,0x0088,0x0078,0x0088,0x0088,0x0088,0x0088,0x0088,0x0088,0x0088,0x0088,0x0088,
      0x0088,0x0088,0x0088,0x0088,
    },
    {
      0x0788,0x0778,0x0778,0x0788,0x0778,0x0778,0x0678,0x0688,0x0678,0x0678,0x0678,0x0578,
      0x0578,0x0678,0x0578,0x0778,0x0578,0x0578,0x0678,0x0478,0x0578,0x0687,0x0578,0x0578,
      0x0578,0x0578,0x0578,0x0578,0x0478,0x0478,0x0478,0x0578,0x0578,0x0578,0x0587,0x0578,
      0x0588,0x0578,0x0588,0x0578,0x0478,0x0478,0x0578,0x0488,0x0488,0x0478,0x0478,0x0478,
      0x0478,0x0478,0x0478,0x0378,0x0478,0x0478,0x0478,0x0478,0x0488,0x0387,0x0478,0x0478,
      0x0478,0x0478,0x0478,0x0478,0x0478,0x0377,0x0478,0x0478,0x0478,0x0478,0x0478,0x0378,
      0x0378,0x0478,0x0378,0x0478,0x0378,0x0378,0x0378,0x0378,0x0378,0x0378,0x0378,0x0378,
      0x0378,0x0378,0x0478,0x0378,0x0378,0x0378,0x0378,0x0378,0x0378,0x0378,0x0378,0x0378,
      0x0378,0x0378,0x0378,0x0378,0x0378,0x0278,0x0278,0x0378,0x0278,0x0378,0x0378,0x0378,
      0x0378,0x0388,0x0378,0x0378,0x0278,0x0388,0x0278,0x0288,0x0287,0x0378,0x0378,0x0378,
      0x0278,0x0278,0x0278,0x0388,0x0288,0x0278,0x0278,0x0278,0x0287,0x0278,0x0288,0x0278,
      0x0288,0x0278,0x0278,0x0278,0x0278,0x0278,0x0278,0x0278,0x0278,0x0288,0x0278,0x0278,
      0x0278,0x0288,0x0288,0x0288,0x0278,0x0288,0x0278,0x0278,0x0278,0x0278,0x0278,0x0278,
      0x0278,0x0278,0x0278,0x0278,0x0278,0x0178,0x0278,0x0278,0x0278,0x0278,0x0278,0x0278,
      0x0278,0x0178,0x0178,0x0278,0x0188,0x0178,0x0188,0x0288,0x0188,0x0288,0x0288,0x0188,
      0x0178,0x0287,0x0288,0x0188,0x0187,0x0188,0x0178,0x0188,0x0188,0x0178,0x0188,0x0188,
      0x0188,0x0188,0x0188,0x0178,0x0188,0x0178,0x0188,0x0188,0x0187,0x0187,0x0287,0x0178,
      0x0188,0x0188,0x0188,0x0188,0x0187,0x0188,0x0188,0x0188,0x0188,0x0188,0x0178,0x0088,
      0x0188,0x0178,0x0188,0x0188,0x0188,0x0178,0x0188,0x0188,0x0188,0x0188,0x0188,0x0178,
      0x0188,0x0188,0x0278,0x0188,0x0188,0x0078,0x0188,0x0088,0x0088,0x0088,0x0088,0x0088,
      0x0088,0x0088,0x0078,0x0088,0x0088,0x0088,0x0088,0x0088,0x0088,0x0088,0x0088,0x0088,
      0x0088,0x0088,0x0088,0x0088,
    },
    {
      0x0b88,0x0a78,0x0a78,0x0b88,0x0a78,0x0a78,0x0a78,0x0988,0x0978,0x0a78,0x0a78,0x0878,
      0x0878,0x0978,0x0778,0x0a78,0x0778,0x0778,0x0878,0x0678,0x0878,0x0987,0x0878,0x0778,
      0x0778,0x0778,0x0778,0x0778,0x0778,0x0778,0x0778,0x0778,0x0778,0x0878,0x0887,0x0878,
      0x0788,0x0778,0x0788,0x0778,0x0778,0x0678,0x0778,0x0788,0x0788,0x0778,0x0778,0x0678,
      0x0678,0x0678,0x0678,0x0578,0x0678,0x0678,0x0678,0x0678,0x0688,0x0587,0x0678,0x0678,
      0x0678,0x0678,0x0678,0x0678,0x0678,0x0477,0x0678,0x0678,0x0678,0x0578,0x0578,0x0578,
      0x0578,0x0578,0x0578,0x0578,0x0578,0x0478,0x0478,0x0578,0x0578,0x0478,0x0578,0x0578,
      0x0578,0x0478,0x0578,0x0578,0x0578,0x0578,0x0578,0x0578,0x0578,0x0478,0x0478,0x0478,
      0x0478,0x0478,0x0478,0x0478,0x0478,0x0478,0x0478,0x0478,0x0378,0x0478,0x0478,0x0478,
      0x0478,0x0588,0x0478,0x0478,0x0478,0x0488,0x0478,0x0488,0x0387,0x0478,0x0478,0x0478,
      0x0478,0x0478,0x0478,0x0488,0x0388,0x0378,0x0378,0x0378,0x0387,0x0378,0x0388,0x0378,
      0x0388,0x0378,0x0378,0x0378,0x0378,0x0478,0x0378,0x0378,0x0378,0x0388,0x0378,0x0378,
      0x0378,0x0388,0x0388,0x0288,0x0378,0x0388,0x0378,0x0278,0x0378,0x0378,0x0378,0x0378,
      0x0378,0x0378,0x0378,0x0278,0x0378,0x0278,0x0278,0x0278,0x0278,0x0278,0x0278,0x0278,
      0x0278,0x0278,0x0278,0x0278,0x0288,0x0278,0x0288,0x0288,0x0288,0x0388,0x0288,0x0288,
      0x0278,0x0287,0x0288,0x0288,0x0287,0x0288,0x0278,0x0188,0x0288,0x0278,0x0288,0x0288,
      0x0288,0x0288,0x0288,0x0278,0x0188,0x0278,0x0288,0x0288,0x0287,0x0287,0x0287,0x0278,
      0x0288,0x0288,0x0288,0x0288,0x0287,0x0288,0x0188,0x0188,0x0188,0x0188,0x0178,0x0188,
      0x0188,0x0178,0x0188,0x0188,0x0188,0x0178,0x0188,0x0188,0x0188,0x0188,0x0188,0x0178,
      0x0188,0x0188,0x0378,0x0188,0x0188,0x0178,0x0188,0x0188,0x0188,0x0188,0x0188,0x0188,
      0x0188,0x0088,0x0178,0x0088,0x0088,0x0088,0x0088,0x0088,0x0088,0x0088,0x0088,0x0088,
      0x0088,0x0088,0x0088,0x0088,
    },
    {
      0x0e88,0x0e78,0x0d78,0x0e88,0x0d78,0x0d78,0x0d78,0x0d88,0x0c78,0x0d78,0x0d78,0x0a78,
      0x0a78,0x0c78,0x0a78,0x0d78,0x0a78,0x0978,0x0b78,0x0978,0x0b78,0x0c87,0x0a78,0x0a78,
      0x0a78,0x0978,0x0978,0x0978,0x0978,0x0978,0x0978,0x0978,0x0978,0x0b78,0x0a87,0x0a78,
      0x0a88,0x0a78,0x0988,0x0978,0x0978,0x0878,0x0978,0x0988,0x0988,0x0978,0x0978,0x0878,
      0x0878,0x0778,0x0878,0x0778,0x0978,0x0878,0x0878,0x0878,0x0888,0x0787,0x0978,0x0878,
      0x0878,0x0878,0x0878,0x0878,0x0778,0x0677,0x0878,0x0878,0x0778,0x0778,0x0778,0x0778,
      0x0678,0x0778,0x0678,0x0778,0x0678,0x0678,0x0678,0x0778,0x0778,0x0578,0x0678,0x0678,
      0x0678,0x0678,0x0778,0x0778,0x0778,0x0678,0x0678,0x0678,0x0678,0x0678,0x0678,0x0678,
      0x0678,0x0678,0x0678,0x0678,0x0578,0x0578,0x0578,0x0678,0x0478,0x0578,0x0578,0x0578,
      0x0578,0x0688,0x0678,0x0578,0x0578,0x0588,0x0578,0x0588,0x0487,0x0578,0x0578,0x0578,
      0x0578,0x0578,0x0578,0x0588,0x0488,0x0478,0x0578,0x0478,0x0487,0x0478,0x0488,0x0478,
      0x0488,0x0478,0x0578,0x0478,0x0578,0x0578,0x0478,0x0478,0x0478,0x0488,0x0478,0x0478,
      0x0478,0x0488,0x0388,0x0388,0x0478,0x0488,0x0378,0x0378,0x0478,0x0478,0x0478,0x0478,
      0x0478,0x0378,0x0478,0x0378,0x0378,0x0378,0x0378,0x0378,0x0378,0x0378,0x0378,0x0378,
      0x0378,0x0378,0x0378,0x0378,0x0388,0x0378,0x0388,0x0388,0x0388,0x0388,0x0388,0x0388,
      0x0378,0x0387,0x0388,0x0388,0x0287,0x0388,0x0378,0x0288,0x0388,0x0378,0x0288,0x0388,
      0x0288,0x0288,0x0288,0x0378,0x0288,0x0278,0x0288,0x0288,0x0287,0x0287,0x0387,0x0278,
      0x0288,0x0288,0x0288,0x0288,0x0287,0x0288,0x0288,0x0288,0x0288,0x0288,0x0278,0x0188,
      0x0288,0x0278,0x0288,0x0288,0x0288,0x0278,0x0288,0x0288,0x0188,0x0288,0x0188,0x0178,
      0x0188,0x0188,0x0478,0x0188,0x0188,0x0178,0x0188,0x0188,0x0188,0x0188,0x0188,0x0188,
      0x0188,0x0188,0x0178,0x0188,0x0088,0x0088,0x0088,0x0088,0x0088,0x0088,0x0088,0x0088,
      0x0088,0x0088,0x0088,0x0088,
    },
    {
      0x1288,0x1178,0x1178,0x1288,0x1078,0x1078,0x1078,0x1088,0x0f78,0x1078,0x1078,0x0d78,
      0x0d78,0x0f78,0x0c78,0x1178,0x0c78,0x0c78,0x0e78,0x0b78,0x0d78,0x0f87,0x0d78,0x0c78,
      0x0c78,0x0c78,0x0b78,0x0b78,0x0b78,0x0b78,0x0b78,0x0c78,0x0b78,0x0e78,0x0d87,0x0d78,
      0x0c88,0x0c78,0x0c88,0x0c78,0x0b78,0x0a78,0x0b78,0x0b88,0x0b88,0x0b78,0x0b78,0x0b78,
      0x0a78,0x0978,0x0a78,0x0878,0x0b78,0x0a78,0x0a78,0x0a78,0x0a88,0x0887,0x0b78,0x0a78,
      0x0a78,0x0a78,0x0a78,0x0978,0x0978,0x0777,0x0a78,0x0978,0x0978,0x0978,0x0978,0x0978,
      0x0878,0x0978,0x0878,0x0978,0x0878,0x0778,0x0778,0x0878,0x0878,0x0778,0x0878,0x0878,
      0x0878,0x0778,0x0978,0x0978,0x0878,0x0878,0x0878,0x0878,0x0878,0x0778,0x0778,0x0778,
      0x0778,0x0778,0x0778,0x0778,0x0778,0x0678,0x0678,0x0778,0x0578,0x0778,0x0778,0x0778,
      0x0678,0x0888,0x0778,0x0678,0x0678,0x0688,0x0678,0x0688,0x0587,0x0778,0x0678,0x0678,
      0x0678,0x0678,0x0678,0x0688,0x0588,0x0578,0x0678,0x0578,0x0587,0x0578,0x0588,0x0578,
      0x0588,0x0578,0x0678,0x0578,0x0678,0x0679,0x0578,0x0578,0x0478,0x0588,0x0578,0x0578,
      0x0578,0x0488,0x0488,0x0488,0x0578,0x0588,0x0478,0x0478,0x0578,0x0578,0x0578,0x0478,
      0x0478,0x0478,0x0478,0x0478,0x0478,0x0378,0x0478,0x0478,0x0478,0x0478,0x0478,0x0478,
      0x0478,0x0478,0x0478,0x0478,0x0388,0x0378,0x0488,0x0488,0x0388,0x0488,0x0488,0x0488,
      0x0478,0x0487,0x0488,0x0488,0x0387,0x0388,0x0378,0x0288,0x0388,0x0378,0x0388,0x0388,
      0x0388,0x0388,0x0388,0x0378,0x0288,0x0378,0x0388,0x0388,0x0387,0x0387,0x0487,0x0378,
      0x0388,0x0388,0x0388,0x0388,0x0387,0x0388,0x0288,0x0288,0x0288,0x0288,0x0278,0x0188,
      0x0288,0x0278,0x0288,0x0288,0x0288,0x0278,0x0288,0x0288,0x0288,0x0288,0x0288,0x0278,
      0x0188,0x0188,0x0578,0x0188,0x0188,0x0178,0x0188,0x0188,0x0188,0x0188,0x0188,0x0188,
      0x0188,0x0188,0x0178,0x0188,0x0188,0x0088,0x0088,0x0088,0x0088,0x0088,0x0088,0x0088,
      0x0088,0x0088,0x0088,0x0088,
    },
    {
      0x1688,0x1578,0x1478,0x1688,0x1478,0x1478,0x1378,0x1388,0x1278,0x1378,0x1378,0x0f78,
      0x0f78,0x1278,0x0f78,0x1478,0x0f78,0x0e78,0x1178,0x0d78,0x1078,0x1287,0x0f78,0x0f78,
      0x0e78,0x0e78,0x0e78,0x0e78,0x0d78,0x0d78,0x0d78,0x0e78,0x0e78,0x1078,0x0f87,0x0f78,
      0x0f88,0x0e78,0x0e88,0x0e78,0x0d79,0x0c78,0x0e78,0x0d88,0x0d88,0x0d78,0x0d78,0x0d78,
      0x0d78,0x0b78,0x0d78,0x0a78,0x0d78,0x0c78,0x0c78,0x0c78,0x0c88,0x0a87,0x0d78,0x0c78,
      0x0c78,0x0c78,0x0c78,0x0b78,0x0b78,0x0877,0x0b78,0x0b78,0x0b78,0x0b78,0x0b78,0x0a78,
      0x0978,0x0b78,0x0978,0x0b78,0x0978,0x0978,0x0978,0x0a78,0x0a78,0x0878,0x0a78,0x0978,
      0x0978,0x0978,0x0b78,0x0a78,0x0a78,0x0a78,0x0978,0x0978,0x0978,0x0978,0x0978,0x0978,
      0x0978,0x0878,0x0878,0x0878,0x0878,0x0778,0x0778,0x0978,0x0678,0x0878,0x0878,0x0878,
      0x0878,0x0988,0x0878,0x0878,0x0778,0x0888,0x0778,0x0788,0x0687,0x0878,0x0878,0x0878,
      0x0778,0x0778,0x0778,0x0888,0x0688,0x0678,0x0778,0x0678,0x0687,0x0778,0x0688,0x0778,
      0x0688,0x0678,0x0778,0x0678,0x0778,0x0779,0x0678,0x0678,0x0578,0x0688,0x0578,0x0678,
      0x0678,0x0588,0x0588,0x0588,0x0778,0x0688,0x0578,0x0578,0x0678,0x0678,0x0678,0x0578,
      0x0578,0x0578,0x0578,0x0578,0x0578,0x0478,0x0578,0x0578,0x0578,0x0578,0x0578,0x0578,
      0x0578,0x0478,0x0478,0x0578,0x0488,0x0478,0x0488,0x0588,0x0488,0x0588,0x0588,0x0488,
      0x0478,0x0587,0x0588,0x0488,0x0387,0x0488,0x0478,0x0388,0x0488,0x0478,0x0488,0x0488,
      0x0488,0x0488,0x0388,0x0478,0x0288,0x0378,0x0388,0x0388,0x0387,0x0387,0x0587,0x0378,
      0x0388,0x0388,0x0388,0x0388,0x0387,0x0388,0x0388,0x0388,0x0388,0x0388,0x0378,0x0188,
      0x0388,0x0278,0x0388,0x0288,0x0288,0x0278,0x0288,0x0288,0x0288,0x0288,0x0288,0x0278,
      0x0288,0x0288,0x0679,0x0288,0x0288,0x0178,0x0288,0x0188,0x0188,0x0188,0x0188,0x0188,
      0x0188,0x0188,0x0178,0x0188,0x0188,0x0188,0x0188,0x0088,0x0088,0x0088,0x0088,0x0088,
      0x0088,0x0088,0x0088,0x0088,
    },
    {
      0x1988,0x1878,0x1778,0x1988,0x1778,0x1778,0x1778,0x1688,0x1578,0x1778,0x1778,0x1278,
      0x1278,0x1678,0x1178,0x1778,0x1178,0x1078,0x1378,0x0f78,0x1278,0x1587,0x1278,0x1178,
      0x1178,0x1178,0x1078,0x1078,0x0f78,0x0f78,0x0f78,0x1078,0x1078,0x1378,0x1287,0x1278,
      0x1188,0x1178,0x1088,0x1078,0x0f79,0x0e78,0x1078,0x1088,0x0f88,0x1078,0x1078,0x0f78,
      0x0f78,0x0d78,0x0f78,0x0c78,0x0f78,0x0e78,0x0e78,0x0e78,0x0e88,0x0c87,0x0f79,0x0e78,
      0x0e78,0x0d78,0x0e78,0x0d78,0x0d78,0x0a77,0x0d78,0x0d78,0x0d78,0x0d78,0x0c78,0x0c78,
      0x0b78,0x0d78,0x0b78,0x0c78,0x0b78,0x0a78,0x0a78,0x0b78,0x0c78,0x0978,0x0b78,0x0b78,
      0x0b78,0x0a78,0x0d78,0x0c78,0x0c78,0x0b78,0x0b78,0x0b78,0x0b78,0x0a78,0x0a78,0x0a78,
      0x0a78,0x0a78,0x0a78,0x0a78,0x0978,0x0978,0x0878,0x0a78,0x0778,0x0978,0x0978,0x0978,
      0x0978,0x0b88,0x0a78,0x0978,0x0978,0x0988,0x0978,0x0888,0x0787,0x0a78,0x0978,0x0978,
      0x0978,0x0978,0x0878,0x0988,0x0888,0x0778,0x0878,0x0778,0x0687,0x0878,0x0788,0x0878,
      0x0788,0x0678,0x0878,0x0878,0x0878,0x0879,0x0778,0x0778,0x0678,0x0788,0x0678,0x0778,
      0x0678,0x0688,0x0688,0x0588,0x0878,0x0788,0x0678,0x0578,0x0778,0x0678,0x0678,0x0678,
      0x0678,0x0678,0x0678,0x0678,0x0678,0x0478,0x0678,0x0678,0x0678,0x0678,0x0578,0x0678,
      0x0578,0x0578,0x0578,0x0578,0x0588,0x0578,0x0588,0x0588,0x0488,0x0688,0x0588,0x0588,
      0x0578,0x0587,0x0588,0x0588,0x0487,0x0588,0x0578,0x0388,0x0488,0x0478,0x0488,0x0488,
      0x0488,0x0488,0x0488,0x0478,0x0388,0x0478,0x0488,0x0488,0x0487,0x0487,0x0587,0x0478,
      0x0488,0x0488,0x0488,0x0488,0x0487,0x0488,0x0388,0x0388,0x0388,0x0388,0x0378,0x0188,
      0x0388,0x0378,0x0388,0x0388,0x0388,0x0378,0x0388,0x0388,0x0288,0x0388,0x0288,0x0278,
      0x0288,0x0288,0x0779,0x0288,0x0288,0x0178,0x0288,0x0288,0x0288,0x0288,0x0188,0x0188,
      0x0188,0x0188,0x0178,0x0188,0x0188,0x0188,0x0188,0x0088,0x0088,0x0088,0x0188,0x0088,
      0x0088,0x0088,0x0088,0x0088,
    },
    {
      0x1d88,0x1c78,0x1b78,0x1d88,0x1a78,0x1a78,0x1a78,0x1988,0x1878,0x1a78,0x1a78,0x1578,
      0x1478,0x1978,0x1478,0x1b78,0x1478,0x1378,0x1678,0x1178,0x1578,0x1887,0x1578,0x1378,
      0x1378,0x1378,0x1278,0x1278,0x1278,0x1278,0x1178,0x1378,0x1278,0x1678,0x1587,0x1578,
      0x1488,0x1378,0x1388,0x1378,0x1279,0x1078,0x1278,0x1288,0x1288,0x1278,0x1278,0x1178,
      0x1178,0x0f78,0x1178,0x0e78,0x1178,0x1078,0x1078,0x1078,0x1088,0x0d87,0x1179,0x1079,
      0x1079,0x0f79,0x1078,0x0f79,0x0f79,0x0b77,0x0f78,0x0f78,0x0f79,0x0f79,0x0e79,0x0e79,
      0x0c78,0x0f78,0x0c78,0x0e78,0x0c78,0x0c78,0x0c78,0x0d78,0x0d78,0x0b78,0x0d78,0x0d78,
      0x0c79,0x0c78,0x0f78,0x0e78,0x0e78,0x0d78,0x0d78,0x0c78,0x0c78,0x0c78,0x0c78,0x0b78,
      0x0b78,0x0b78,0x0b78,0x0b78,0x0b78,0x0a78,0x0978,0x0c78,0x0978,0x0b78,0x0b78,0x0b78,
      0x0a78,0x0c88,0x0b78,0x0a78,0x0a78,0x0a88,0x0a78,0x0a88,0x0887,0x0b78,0x0a78,0x0a78,
      0x0a78,0x0a78,0x0978,0x0a88,0x0988,0x0878,0x0978,0x0878,0x0787,0x0978,0x0888,0x0978,
      0x0888,0x0778,0x0978,0x0978,0x0978,0x0a79,0x0878,0x0878,0x0779,0x0988,0x0778,0x0878,
      0x0778,0x0788,0x0788,0x0688,0x0978,0x0988,0x0778,0x0678,0x0878,0x0778,0x0778,0x0778,
      0x0778,0x0778,0x0778,0x0778,0x0778,0x0578,0x0778,0x0678,0x0778,0x0678,0x0678,0x0678,
      0x0678,0x0678,0x0678,0x0678,0x0688,0x0678,0x0688,0x0688,0x0588,0x0788,0x0688,0x0688,
      0x0678,0x0687,0x0688,0x0688,0x0487,0x0688,0x0578,0x0488,0x0588,0x0578,0x0588,0x0588,
      0x0588,0x0588,0x0588,0x0578,0x0388,0x0578,0x0488,0x0488,0x0487,0x0587,0x0687,0x0478,
      0x0488,0x0488,0x0488,0x0488,0x0487,0x0488,0x0488,0x0488,0x0488,0x0488,0x0478,0x0288,
      0x0488,0x0378,0x0388,0x0388,0x0388,0x0378,0x0388,0x0388,0x0388,0x0388,0x0388,0x0378,
      0x0288,0x0288,0x0879,0x0288,0x0288,0x0278,0x0288,0x0288,0x0288,0x0288,0x0288,0x0288,
      0x0188,0x0188,0x0278,0x0188,0x0188,0x0188,0x0188,0x0088,0x0088,0x0088,0x0188,0x0088,
      0x0088,0x0088,0x0088,0x0088,
    },
    {
      0x2088,0x1f78,0x1e78,0x2088,0x1d78,0x1d78,0x1d78,0x1c88,0x1b78,0x1d78,0x1d78,0x1778,
      0x1778,0x1c78,0x1678,0x1e68,0x1678,0x1578,0x1978,0x1378,0x1878,0x1b87,0x1778,0x1678,
      0x1678,0x1578,0x1578,0x1478,0x1478,0x1478,0x1478,0x1578,0x1578,0x1878,0x1787,0x1778,
      0x1688,0x1578,0x1588,0x1578,0x1469,0x1278,0x1478,0x1488,0x1488,0x1478,0x1478,0x1378,
      0x1378,0x1178,0x1378,0x0f78,0x1378,0x1278,0x1278,0x1178,0x1288,0x0f87,0x1379,0x1279,
      0x1279,0x1179,0x1278,0x1179,0x1179,0x0c76,0x1178,0x1178,0x1179,0x1079,0x1079,0x0f79,
      0x0e78,0x1078,0x0e78,0x1078,0x0e78,0x0d78,0x0d78,0x0f78,0x0f78,0x0c78,0x0e78,0x0e78,
      0x0e79,0x0d78,0x1078,0x0f78,0x0f78,0x0e78,0x0e78,0x0e78,0x0e78,0x0d78,0x0d78,0x0d78,
      0x0d78,0x0d78,0x0c78,0x0c78,0x0c78,0x0b78,0x0b78,0x0d78,0x0a78,0x0c78,0x0c78,0x0c78,
      0x0b78,0x0e88,0x0c78,0x0b78,0x0b78,0x0c88,0x0b78,0x0b88,0x0887,0x0c78,0x0c78,0x0b78,
      0x0b78,0x0b78,0x0b78,0x0b88,0x0a88,0x0978,0x0a78,0x0978,0x0887,0x0a78,0x0988,0x0a78,
      0x0988,0x0878,0x0a78,0x0a78,0x0a78,0x0b79,0x0978,0x0978,0x0879,0x0a88,0x0878,0x0878,
      0x0878,0x0888,0x0888,0x0788,0x0a78,0x0a88,0x0878,0x0778,0x0978,0x0878,0x0878,0x0878,
      0x0878,0x0878,0x0878,0x0778,0x0878,0x0678,0x0778,0x0778,0x0778,0x0778,0x0778,0x0778,
      0x0778,0x0778,0x0678,0x0778,0x0688,0x0678,0x0688,0x0788,0x0688,0x0888,0x0788,0x0788,
      0x0778,0x0787,0x0788,0x0688,0x0587,0x0688,0x0678,0x0488,0x0688,0x0678,0x0588,0x0688,
      0x0588,0x0588,0x0588,0x0678,0x0388,0x0578,0x0588,0x0588,0x0587,0x0587,0x0787,0x0578,
      0x0588,0x0588,0x0588,0x0588,0x0587,0x0588,0x0488,0x0488,0x0488,0x0488,0x0478,0x0288,
      0x0488,0x0478,0x0488,0x0488,0x0488,0x0378,0x0488,0x0388,0x0388,0x0388,0x0388,0x0378,
      0x0388,0x0388,0x0979,0x0388,0x0288,0x0278,0x0288,0x0288,0x0288,0x0288,0x0288,0x0288,
      0x0288,0x0188,0x0278,0x0188,0x0188,0x0188,0x0188,0x0088,0x0088,0x0088,0x0188,0x0088,
      0x0088,0x0088,0x0088,0x0088,
    },
    {
      0x2488,0x2378,0x2178,0x2488,0x2178,0x2178,0x2078,0x1f88,0x1e78,0x2078,0x2078,0x1a78,
      0x1978,0x1f78,0x1978,0x2168,0x1978,0x1778,0x1c78,0x1578,0x1a78,0x1e87,0x1a78,0x1878,
      0x1878,0x1878,0x1778,0x1778,0x1678,0x1678,0x1678,0x1778,0x1778,0x1b78,0x1a87,0x1a78,
      0x1988,0x1878,0x1788,0x1778,0x1669,0x1478,0x1778,0x1688,0x1688,0x1678,0x1678,0x1578,
      0x1578,0x1278,0x1578,0x1178,0x1578,0x1478,0x1478,0x1378,0x1488,0x1187,0x1579,0x1479,
      0x1479,0x1379,0x1478,0x1379,0x1379,0x0e76,0x1378,0x1378,0x1279,0x1279,0x1279,0x1179,
      0x0f78,0x1278,0x0f78,0x1278,0x0f78,0x0f78,0x0f78,0x1078,0x1178,0x0d78,0x1078,0x1078,
      0x0f79,0x0f78,0x1278,0x1178,0x1178,0x1078,0x1078,0x0f78,0x0f78,0x0f78,0x0f78,0x0e78,
      0x0e78,0x0e78,0x0e78,0x0e78,0x0d78,0x0c78,0x0c78,0x0f78,0x0b78,0x0d78,0x0d78,0x0d78,
      0x0d78,0x0f88,0x0e78,0x0d78,0x0c78,0x0d88,0x0c78,0x0c88,0x0987,0x0e78,0x0d78,0x0d78,
      0x0c78,0x0c78,0x0c78,0x0d88,0x0b88,0x0a78,0x0b78,0x0a78,0x0987,0x0b78,0x0a88,0x0b78,
      0x0a88,0x0978,0x0b78,0x0b78,0x0b78,0x0c79,0x0a78,0x0a78,0x0979,0x0b88,0x0978,0x0978,
      0x0978,0x0988,0x0888,0x0888,0x0b78,0x0b88,0x0878,0x0878,0x0a78,0x0978,0x0978,0x0978,
      0x0978,0x0978,0x0978,0x0878,0x0978,0x0678,0x0878,0x0878,0x0878,0x0878,0x0878,0x0878,
      0x0878,0x0778,0x0778,0x0878,0x0788,0x0778,0x0788,0x0888,0x0688,0x0988,0x0888,0x0788,
      0x0778,0x0887,0x0888,0x0788,0x0587,0x0788,0x0778,0x0488,0x0688,0x0678,0x0688,0x0688,
      0x0688,0x0688,0x0688,0x0678,0x0488,0x0678,0x0588,0x0588,0x0587,0x0687,0x0887,0x0578,
      0x0588,0x0588,0x0588,0x0588,0x0587,0x0588,0x0588,0x0588,0x0588,0x0588,0x0578,0x0288,
      0x0488,0x0478,0x0488,0x0488,0x0488,0x0478,0x0488,0x0488,0x0388,0x0488,0x0388,0x0378,
      0x0388,0x0388,0x0a79,0x0388,0x0388,0x0278,0x0388,0x0288,0x0288,0x0288,0x0288,0x0288,
      0x0288,0x0288,0x0278,0x0288,0x0188,0x0188,0x0188,0x0088,0x0088,0x0088,0x0188,0x0088,
      0x0088,0x0088,0x0088,0x0088,
    },
    {
      0x2888,0x2678,0x2568,0x2888,0x2478,0x2478,0x2378,0x2388,0x2278,0x2478,0x2378,0x1c68,
      0x1c78,0x2278,0x1b68,0x2568,0x1b69,0x1a69,0x1e78,0x1769,0x1d78,0x2186,0x1c79,0x1b69,
      0x1a79,0x1a79,0x1979,0x1979,0x1879,0x1879,0x1879,0x1a78,0x1978,0x1e78,0x1c87,0x1c78,
      0x1b88,0x1a78,0x1a88,0x1a78,0x1869,0x1679,0x1978,0x1988,0x1888,0x1879,0x1978,0x1779,
      0x1779,0x1478,0x1769,0x1378,0x1878,0x1678,0x1678,0x1578,0x1688,0x1287,0x1869,0x1669,
      0x1579,0x1579,0x1579,0x1579,0x1479,0x0f76,0x1579,0x1569,0x1479,0x1479,0x1379,0x1379,
      0x1178,0x1478,0x1178,0x1368,0x1178,0x1078,0x1078,0x1269,0x1279,0x0e79,0x1279,0x1179,
      0x1179,0x1079,0x1478,0x1378,0x1378,0x1278,0x1178,0x1178,0x1178,0x1078,0x1079,0x1078,
      0x1069,0x0f78,0x0f78,0x0f79,0x0e78,0x0d78,0x0d78,0x1078,0x0c79,0x0f78,0x0f78,0x0e78,
      0x0e78,0x1188,0x0f78,0x0e78,0x0d78,0x0e88,0x0d78,0x0d88,0x0a87,0x0f79,0x0e79,0x0e79,
      0x0d79,0x0e78,0x0d78,0x0e88,0x0c88,0x0b78,0x0c79,0x0b78,0x0a87,0x0c78,0x0a88,0x0c78,
      0x0b89,0x0a78,0x0c78,0x0c78,0x0c78,0x0d79,0x0c78,0x0b78,0x0a79,0x0c89,0x0a78,0x0a78,
      0x0a78,0x0a88,0x0989,0x0989,0x0c78,0x0c88,0x0978,0x0878,0x0a78,0x0a78,0x0a78,0x0a78,
      0x0a78,0x0978,0x0a78,0x0978,0x0978,0x0778,0x0978,0x0978,0x0978,0x0978,0x0878,0x0978,
      0x0878,0x0878,0x0878,0x0878,0x0888,0x0878,0x0888,0x0888,0x0788,0x0988,0x0888,0x0888,
      0x0878,0x0887,0x0888,0x0888,0x0687,0x0888,0x0778,0x0588,0x0788,0x0778,0x0788,0x0788,
      0x0788,0x0788,0x0688,0x0778,0x0488,0x0678,0x0688,0x0688,0x0687,0x0687,0x0887,0x0678,
      0x0688,0x0688,0x0688,0x0688,0x0687,0x0688,0x0588,0x0588,0x0588,0x0588,0x0578,0x0288,
      0x0588,0x0478,0x0588,0x0488,0x0488,0x0478,0x0488,0x0488,0x0488,0x0488,0x0488,0x0478,
      0x0388,0x0388,0x0b79,0x0388,0x0388,0x0278,0x0388,0x0388,0x0288,0x0288,0x0288,0x0288,
      0x0288,0x0288,0x0278,0x0288,0x0188,0x0188,0x0188,0x0188,0x0188,0x0088,0x0188,0x0088,
      0x0088,0x0088,0x0088,0x0088,
    },
    {
      0x2b88,0x2978,0x2868,0x2b88,0x2778,0x2778,0x2778,0x2688,0x2578,0x2778,0x2778,0x1f68,
      0x1e78,0x2578,0x1e68,0x2868,0x1e69,0x1c69,0x2178,0x1a69,0x2078,0x2486,0x1f79,0x1d69,
      0x1d79,0x1c79,0x1b79,0x1b79,0x1a79,0x1a79,0x1a79,0x1c78,0x1c78,0x2078,0x1f87,0x1f78,
      0x1e88,0x1d78,0x1c88,0x1c78,0x1a69,0x1879,0x1b78,0x1b88,0x1a88,0x1b79,0x1b78,0x1979,
      0x1979,0x1678,0x1969,0x1478,0x1a78,0x1878,0x1878,0x1778,0x1888,0x1487,0x1a69,0x1869,
      0x1779,0x1779,0x1779,0x1779,0x1679,0x1176,0x1779,0x1769,0x1679,0x1679,0x1579,0x1579,
      0x1278,0x1678,0x1378,0x1568,0x1278,0x1278,0x1178,0x1469,0x1479,0x1079,0x1379,0x1379,
      0x1279,0x1279,0x1678,0x1478,0x1478,0x1378,0x1378,0x1278,0x1278,0x1278,0x1279,0x1178,
      0x1169,0x1178,0x1178,0x1179,0x1078,0x0f78,0x0e78,0x1278,0x0d79,0x1078,0x1078,0x1078,
      0x0f78,0x1288,0x1178,0x0f78,0x0f78,0x0f88,0x0f78,0x0e88,0x0b87,0x1079,0x0f79,0x0f79,
      0x0f79,0x0f78,0x0e78,0x0f88,0x0d88,0x0c78,0x0e79,0x0c78,0x0b87,0x0d78,0x0b88,0x0d78,
      0x0c89,0x0b78,0x0e78,0x0d78,0x0e78,0x0e79,0x0d78,0x0c78,0x0b79,0x0d89,0x0b78,0x0b78,
      0x0b78,0x0b88,0x0a89,0x0989,0x0d78,0x0d88,0x0a78,0x0978,0x0b78,0x0b78,0x0b78,0x0b78,
      0x0b78,0x0a78,0x0b78,0x0a78,0x0a78,0x0878,0x0a78,0x0a78,0x0a78,0x0a78,0x0978,0x0a78,
      0x0978,0x0978,0x0878,0x0978,0x0888,0x0878,0x0888,0x0988,0x0888,0x0a88,0x0988,0x0988,
      0x0978,0x0987,0x0988,0x0888,0x0687,0x0888,0x0878,0x0588,0x0888,0x0878,0x0788,0x0888,
      0x0788,0x0788,0x0788,0x0878,0x0588,0x0778,0x0788,0x0688,0x0787,0x0787,0x0987,0x0678,
      0x0688,0x0688,0x0688,0x0688,0x0687,0x0688,0x0688,0x0688,0x0588,0x0588,0x0578,0x0288,
      0x0588,0x0578,0x0588,0x0588,0x0588,0x0578,0x0588,0x0588,0x0488,0x0588,0x0488,0x0478,
      0x0488,0x0388,0x0c79,0x0488,0x0388,0x0278,0x0388,0x0388,0x0388,0x0388,0x0288,0x0288,
      0x0288,0x0288,0x0278,0x0288,0x0188,0x0188,0x0188,0x0188,0x0188,0x0088,0x0188,0x0088,
      0x0088,0x0088,0x0088,0x0088,
    },
    {
      0x2f88,0x2d78,0x2b68,0x2f88,0x2a78,0x2a78,0x2a78,0x2988,0x2878,0x2a78,0x2a78,0x2268,
      0x2178,0x2878,0x2068,0x2b68,0x2069,0x1e69,0x2478,0x1c69,0x2278,0x2786,0x2279,0x1f69,
      0x1f79,0x1f79,0x1e79,0x1d79,0x1c79,0x1c79,0x1c79,0x1e78,0x1e78,0x2378,0x2187,0x2178,
      0x2088,0x1f78,0x1e88,0x1e78,0x1d69,0x1a79,0x1d78,0x1d88,0x1c88,0x1d79,0x1d78,0x1b79,
      0x1b79,0x1878,0x1b69,0x1678,0x1c78,0x1a78,0x1a78,0x1978,0x1a88,0x1687,0x1c69,0x1a69,
      0x1979,0x1979,0x1979,0x1979,0x1879,0x1276,0x1979,0x1869,0x1879,0x1879,0x1779,0x1679,
      0x1478,0x1878,0x1478,0x1768,0x1478,0x1378,0x1378,0x1569,0x1679,0x1179,0x1579,0x1579,
      0x1479,0x1379,0x1878,0x1678,0x1678,0x1578,0x1578,0x1478,0x1478,0x1378,0x1379,0x1278,
      0x1269,0x1278,0x1278,0x1279,0x1178,0x1078,0x0f78,0x1378,0x0e79,0x1178,0x1178,0x1178,
      0x1078,0x1488,0x1278,0x1078,0x1078,0x1188,0x1078,0x1088,0x0c87,0x1279,0x1179,0x1079,
      0x1079,0x1078,0x0f78,0x1088,0x0e88,0x0d78,0x0f79,0x0d78,0x0c87,0x0e78,0x0c88,0x0e78,
      0x0d89,0x0c78,0x0f78,0x0e78,0x0f78,0x0f79,0x0e78,0x0d78,0x0b79,0x0e89,0x0c78,0x0c78,
      0x0c78,0x0c88,0x0b89,0x0a89,0x0e78,0x0e88,0x0b78,0x0a78,0x0c78,0x0c78,0x0c78,0x0c78,
      0x0c78,0x0b78,0x0b78,0x0b78,0x0b78,0x0878,0x0b78,0x0a78,0x0b78,0x0a78,0x0a78,0x0a78,
      0x0a78,0x0a78,0x0978,0x0a78,0x0988,0x0978,0x0988,0x0a88,0x0888,0x0b88,0x0a88,0x0a88,
      0x0a78,0x0a87,0x0a88,0x0988,0x0787,0x0988,0x0978,0x0688,0x0888,0x0878,0x0888,0x0888,
      0x0888,0x0888,0x0788,0x0878,0x0588,0x0778,0x0788,0x0788,0x0787,0x0787,0x0a87,0x0778,
      0x0788,0x0788,0x0788,0x0788,0x0787,0x0788,0x0688,0x0688,0x0688,0x0688,0x0678,0x0388,
      0x0688,0x0578,0x0588,0x0588,0x0588,0x0578,0x0588,0x0588,0x0488,0x0588,0x0488,0x0478,
      0x0488,0x0488,0x0d79,0x0488,0x0388,0x0378,0x0388,0x0388,0x0388,0x0388,0x0388,0x0388,
      0x0288,0x0288,0x0378,0x0288,0x0188,0x0188,0x0188,0x0188,0x0188,0x0088,0x0188,0x0088,
      0x0088,0x0088,0x0088,0x0088,
    },
    {
      0x3288,0x3078,0x2f68,0x3388,0x2e78,0x2e78,0x2d78,0x2c88,0x2b78,0x2d78,0x2d78,0x2468,
      0x2378,0x2b78,0x2368,0x2f68,0x2369,0x2169,0x2778,0x1e69,0x2578,0x2a86,0x2479,0x2269,
      0x2179,0x2179,0x2079,0x2079,0x1f79,0x1f79,0x1e79,0x2178,0x2078,0x2678,0x2487,0x2478,
      0x2388,0x2178,0x2188,0x2178,0x1f69,0x1c79,0x2078,0x1f88,0x1f88,0x1f79,0x1f78,0x1e79,
      0x1d79,0x1a78,0x1d69,0x1878,0x1e78,0x1c78,0x1c78,0x1b78,0x1c88,0x1787,0x1e69,0x1c69,
      0x1b79,0x1b79,0x1b79,0x1a79,0x1a79,0x1376,0x1b79,0x1a69,0x1a79,0x1979,0x1979,0x1879,
      0x1578,0x1a78,0x1678,0x1968,0x1578,0x1578,0x1478,0x1769,0x1779,0x1279,0x1679,0x1679,
      0x1579,0x1579,0x1978,0x1878,0x1878,0x1778,0x1678,0x1578,0x1578,0x1578,0x1579,0x1478,
      0x1469,0x1378,0x1378,0x1379,0x1278,0x1178,0x1078,0x1578,0x0f79,0x1378,0x1378,0x1278,
      0x1278,0x1588,0x1378,0x1278,0x1178,0x1288,0x1178,0x1188,0x0d87,0x1379,0x1279,0x1279,
      0x1179,0x1178,0x1078,0x1288,0x0f88,0x0e78,0x1079,0x0e78,0x0d87,0x0f78,0x0d88,0x0f78,
      0x0e89,0x0d78,0x1078,0x0f78,0x1078,0x117a,0x0f78,0x0e78,0x0c79,0x0f89,0x0d78,0x0d78,
      0x0d78,0x0c88,0x0c89,0x0b89,0x0f78,0x0f88,0x0c78,0x0b78,0x0d78,0x0d78,0x0d78,0x0c78,
      0x0c78,0x0c78,0x0c78,0x0c78,0x0c78,0x0978,0x0b78,0x0b78,0x0b78,0x0b78,0x0b78,0x0b78,
      0x0b78,0x0a78,0x0a78,0x0b78,0x0a88,0x0a78,0x0a88,0x0b88,0x0988,0x0c88,0x0b88,0x0a88,
      0x0a78,0x0b87,0x0b88,0x0a88,0x0787,0x0a88,0x0978,0x0688,0x0988,0x0978,0x0888,0x0988,
      0x0888,0x0988,0x0888,0x0978,0x0588,0x0878,0x0888,0x0788,0x0887,0x0887,0x0b87,0x0778,
      0x0788,0x0788,0x0788,0x0788,0x0787,0x0788,0x0788,0x0788,0x0688,0x0688,0x0678,0x0388,
      0x0688,0x0678,0x0688,0x0688,0x0588,0x0578,0x0588,0x0588,0x0588,0x0588,0x0588,0x0578,
      0x0488,0x0488,0x0e79,0x0488,0x0488,0x0378,0x0488,0x0388,0x0388,0x0388,0x0388,0x0388,
      0x0288,0x0288,0x0378,0x0288,0x0288,0x0188,0x0188,0x0188,0x0188,0x0088,0x0188,0x0088,
      0x0088,0x0088,0x0088,0x0088,
    },
    {
      0x3688,0x3478,0x3268,0x3688,0x3178,0x3178,0x3078,0x2f88,0x2e78,0x3178,0x3078,0x2768,
      0x2678,0x2e78,0x2568,0x3268,0x2569,0x2369,0x2978,0x2069,0x2778,0x2d86,0x2779,0x2469,
      0x2479,0x2379,0x2279,0x2279,0x2179,0x2179,0x2179,0x2378,0x2278,0x2978,0x2687,0x2678,
      0x2588,0x2478,0x2388,0x2378,0x2169,0x1e79,0x2278,0x2288,0x2188,0x2179,0x2278,0x2079,
      0x1f79,0x1c78,0x1f69,0x1978,0x2078,0x1e78,0x1e78,0x1d78,0x1e88,0x1987,0x2069,0x1e69,
      0x1d79,0x1d79,0x1d79,0x1c79,0x1c79,0x1576,0x1d79,0x1c69,0x1c79,0x1b79,0x1a79,0x1a79,
      0x1778,0x1b78,0x1778,0x1a68,0x1778,0x1678,0x1678,0x1969,0x1979,0x1479,0x1879,0x1879,
      0x1779,0x1679,0x1b78,0x1a78,0x1978,0x1878,0x1878,0x1778,0x1778,0x1678,0x1679,0x1578,
      0x1569,0x1578,0x1578,0x1579,0x1478,0x1278,0x1278,0x1678,0x1079,0x1478,0x1478,0x1478,
      0x1378,0x1788,0x1578,0x1378,0x1278,0x1388,0x1278,0x1288,0x0e87,0x1479,0x1379,0x1379,
      0x1279,0x1378,0x1278,0x1388,0x1088,0x0f78,0x1179,0x0f78,0x0e87,0x1078,0x0e88,0x1078,
      0x0f89,0x0e78,0x1178,0x1078,0x1178,0x127a,0x1078,0x0f78,0x0d79,0x1089,0x0e78,0x0e78,
      0x0e78,0x0d88,0x0d89,0x0c89,0x1078,0x1088,0x0d78,0x0b78,0x0e78,0x0e78,0x0e78,0x0d78,
      0x0d78,0x0d78,0x0d78,0x0c78,0x0d78,0x0978,0x0c78,0x0c78,0x0c78,0x0c78,0x0b78,0x0c78,
      0x0b78,0x0b78,0x0b78,0x0b78,0x0a88,0x0a78,0x0b88,0x0b88,0x0a88,0x0d88,0x0b88,0x0b88,
      0x0b78,0x0b87,0x0b88,0x0b88,0x0887,0x0a88,0x0a78,0x0788,0x0988,0x0978,0x0988,0x0a88,
      0x0988,0x0988,0x0888,0x0978,0x0688,0x0878,0x0888,0x0888,0x0887,0x0887,0x0b87,0x0878,
      0x0888,0x0888,0x0888,0x0888,0x0887,0x0888,0x0788,0x0788,0x0788,0x0788,0x0778,0x0388,
      0x0788,0x0678,0x0688,0x0688,0x0688,0x0678,0x0688,0x0688,0x0588,0x0688,0x0588,0x0578,
      0x0488,0x0488,0x0f79,0x0488,0x0488,0x0378,0x0488,0x0488,0x0388,0x0388,0x0388,0x0388,
      0x0388,0x0288,0x0378,0x0288,0x0288,0x0188,0x0188,0x0188,0x0188,0x0088,0x0188,0x0088,
      0x0088,0x0088,0x0088,0x0088,
    },
    {
      0x3a88,0x3778,0x3569,0x3a88,0x3479,0x3479,0x3478,0x3288,0x3179,0x3479,0x3479,0x2969,
      0x2979,0x3179,0x2869,0x3669,0x2869,0x2569,0x2c79,0x2269,0x2a79,0x3196,0x2979,0x2769,
      0x2679,0x2679,0x2579,0x2479,0x2379,0x2379,0x2379,0x2579,0x2578,0x2b78,0x2997,0x2978,
      0x2888,0x2678,0x2688,0x2579,0x236a,0x2079,0x2478,0x2488,0x2388,0x2479,0x2478,0x2279,
      0x2279,0x1e79,0x2269,0x1b79,0x2278,0x2178,0x2079,0x1f79,0x2188,0x1b87,0x2269,0x2169,
      0x1f79,0x1f79,0x1f79,0x1e79,0x1e79,0x1676,0x1f79,0x1e69,0x1e79,0x1d79,0x1c79,0x1c79,
      0x1979,0x1d79,0x1979,0x1c69,0x1879,0x1879,0x1779,0x1a69,0x1b79,0x1579,0x1a79,0x1979,
      0x1879,0x1879,0x1d78,0x1b78,0x1b79,0x1a79,0x1979,0x1979,0x1879,0x1879,0x1879,0x1779,
      0x1769,0x1678,0x1679,0x1679,0x1579,0x1478,0x1379,0x1878,0x1179,0x1679,0x1579,0x1579,
      0x1479,0x1888,0x1678,0x1478,0x1478,0x1588,0x1478,0x1388,0x0f87,0x1679,0x1579,0x1479,
      0x1479,0x1479,0x1379,0x1488,0x1188,0x1078,0x1279,0x1078,0x0f87,0x1279,0x0f88,0x1279,
      0x1089,0x0f78,0x1278,0x1179,0x1279,0x137a,0x1179,0x1079,0x0e79,0x1189,0x0f79,0x0f79,
      0x0f79,0x0e89,0x0e89,0x0d89,0x1278,0x1188,0x0e78,0x0c78,0x0f78,0x0f79,0x0f78,0x0e78,
      0x0e79,0x0e79,0x0e79,0x0d79,0x0e78,0x0a78,0x0d78,0x0d78,0x0d79,0x0d79,0x0c78,0x0d79,
      0x0c78,0x0c78,0x0b78,0x0c79,0x0b88,0x0b79,0x0b89,0x0c88,0x0a89,0x0e88,0x0c88,0x0c88,
      0x0c78,0x0c87,0x0c88,0x0b88,0x0987,0x0b88,0x0b78,0x0788,0x0a88,0x0a78,0x0a88,0x0a88,
      0x0a88,0x0a88,0x0988,0x0a78,0x0688,0x0978,0x0988,0x0988,0x0997,0x0997,0x0c87,0x0878,
      0x0888,0x0988,0x0888,0x0888,0x0887,0x0888,0x0888,0x0888,0x0788,0x0788,0x0778,0x0388,
      0x0788,0x0778,0x0788,0x0788,0x0688,0x0678,0x0688,0x0688,0x0688,0x0688,0x0688,0x0578,
      0x0588,0x0588,0x107a,0x0588,0x0488,0x0378,0x0488,0x0488,0x0488,0x0488,0x0388,0x0388,
      0x0388,0x0388,0x0378,0x0388,0x0288,0x0288,0x0288,0x0188,0x0188,0x0188,0x0188,0x0088,
      0x0088,0x0088,0x0088,0x0088,
    },
    {
      0x3d88,0x3b78,0x3969,0x3d88,0x3879,0x3779,0x3778,0x3588,0x3469,0x3779,0x3779,0x2c69,
      0x2b69,0x3479,0x2a69,0x3969,0x2a69,0x2869,0x2f79,0x2469,0x2d79,0x3496,0x2c69,0x2969,
      0x2969,0x2869,0x2769,0x2769,0x2569,0x2569,0x2569,0x2869,0x2778,0x2e78,0x2c97,0x2c78,
      0x2a88,0x2878,0x2888,0x2869,0x256a,0x2269,0x2678,0x2688,0x2588,0x2669,0x2678,0x2469,
      0x2469,0x1f69,0x2469,0x1d69,0x2478,0x2378,0x2269,0x2169,0x2388,0x1c86,0x2469,0x2369,
      0x2169,0x2169,0x2169,0x2069,0x2069,0x1776,0x2069,0x2069,0x1f69,0x1f69,0x1e69,0x1d69,
      0x1a69,0x1f79,0x1a69,0x1e69,0x1a69,0x1969,0x1969,0x1c69,0x1c69,0x1669,0x1b69,0x1b69,
      0x1a69,0x1969,0x1f78,0x1d78,0x1d69,0x1b69,0x1b79,0x1a69,0x1a69,0x1969,0x1969,0x1879,
      0x1869,0x1878,0x1769,0x1769,0x1669,0x1578,0x1479,0x1978,0x1269,0x1779,0x1769,0x1669,
      0x1569,0x1a88,0x1778,0x1678,0x1578,0x1688,0x1578,0x1488,0x1086,0x1769,0x1669,0x1669,
      0x1569,0x1579,0x1469,0x1588,0x1288,0x1178,0x1379,0x1178,0x1086,0x1379,0x1088,0x1369,
      0x1189,0x1078,0x1378,0x1279,0x1369,0x146a,0x1269,0x1169,0x0f69,0x1289,0x0f79,0x1069,
      0x1079,0x0f89,0x0e89,0x0d89,0x1378,0x1288,0x0e78,0x0d78,0x1078,0x1069,0x1078,0x0f78,
      0x0f79,0x0f79,0x0f69,0x0e69,0x0f78,0x0b78,0x0e78,0x0e78,0x0e79,0x0e79,0x0d78,0x0e79,
      0x0d78,0x0c78,0x0c78,0x0d79,0x0c88,0x0c79,0x0c89,0x0d88,0x0b89,0x0f88,0x0d88,0x0c88,
      0x0c78,0x0d86,0x0d88,0x0c88,0x0987,0x0c88,0x0b78,0x0788,0x0b88,0x0b78,0x0a88,0x0b88,
      0x0a88,0x0a88,0x0a88,0x0b78,0x0688,0x0a78,0x0988,0x0988,0x0997,0x0a97,0x0d86,0x0978,
      0x0988,0x0988,0x0988,0x0988,0x0987,0x0988,0x0888,0x0888,0x0888,0x0888,0x0878,0x0388,
      0x0788,0x0778,0x0788,0x0788,0x0788,0x0678,0x0788,0x0688,0x0688,0x0688,0x0688,0x0678,
      0x0588,0x0588,0x107a,0x0588,0x0588,0x0378,0x0588,0x0488,0x0488,0x0488,0x0388,0x0388,
      0x0388,0x0388,0x0378,0x0388,0x0288,0x0288,0x0288,0x0188,0x0188,0x0188,0x0188,0x0088,
      0x0088,0x0088,0x0088,0x0088,
    },
    {
      0x4188,0x3e78,0x3c69,0x4188,0x3b79,0x3b79,0x3a78,0x3988,0x3769,0x3a79,0x3a79,0x2e69,
      0x2e69,0x3779,0x2d69,0x3c69,0x2c69,0x2a69,0x3279,0x2669,0x2f79,0x3796,0x2e69,0x2c69,
      0x2b69,0x2a69,0x2969,0x2969,0x2769,0x2769,0x2769,0x2a69,0x2978,0x3178,0x2e97,0x2e78,
      0x2d88,0x2b78,0x2a88,0x2a69,0x286a,0x2469,0x2978,0x2888,0x2788,0x2869,0x2878,0x2669,
      0x2669,0x2169,0x2669,0x1e69,0x2778,0x2578,0x2469,0x2369,0x2588,0x1e86,0x2769,0x2569,
      0x2369,0x2369,0x2369,0x2269,0x2169,0x1976,0x2269,0x2269,0x2169,0x2169,0x2069,0x1f69,
      0x1c69,0x2179,0x1c69,0x2069,0x1b69,0x1a69,0x1a69,0x1e69,0x1e69,0x1869,0x1d69,0x1c69,
      0x1b69,0x1b69,0x2178,0x1f78,0x1e69,0x1d69,0x1c79,0x1c69,0x1b69,0x1a69,0x1b69,0x1a79,
      0x1a69,0x1978,0x1969,0x1969,0x1869,0x1678,0x1579,0x1b78,0x1369,0x1879,0x1869,0x1869,
      0x1769,0x1b88,0x1978,0x1778,0x1678,0x1788,0x1678,0x1688,0x1186,0x1869,0x1769,0x1769,
      0x1669,0x1679,0x1569,0x1788,0x1388,0x1278,0x1479,0x1278,0x1186,0x1479,0x1188,0x1469,
      0x1289,0x1178,0x1478,0x1379,0x1469,0x156a,0x1369,0x1269,0x1069,0x1389,0x1079,0x1169,
      0x1179,0x1089,0x0f89,0x0e89,0x1478,0x1388,0x0f78,0x0e78,0x1178,0x1169,0x1178,0x1078,
      0x1079,0x0f79,0x1069,0x0f69,0x0f78,0x0b78,0x0f78,0x0e78,0x0f79,0x0e79,0x0e78,0x0e79,
      0x0e78,0x0d78,0x0d78,0x0e79,0x0c88,0x0c79,0x0d89,0x0e88,0x0c89,0x0f88,0x0e88,0x0d88,
      0x0d78,0x0e86,0x0e88,0x0d88,0x0a87,0x0c88,0x0c78,0x0888,0x0b88,0x0b78,0x0b88,0x0c88,
      0x0b88,0x0b88,0x0a88,0x0b78,0x0788,0x0a78,0x0a88,0x0a88,0x0a97,0x0a97,0x0e86,0x0978,
      0x0988,0x0a88,0x0988,0x0988,0x0987,0x0988,0x0888,0x0888,0x0888,0x0888,0x0878,0x0488,
      0x0888,0x0778,0x0888,0x0788,0x0788,0x0778,0x0788,0x0788,0x0688,0x0788,0x0688,0x0678,
      0x0588,0x0588,0x117a,0x0588,0x0588,0x0478,0x0588,0x0488,0x0488,0x0488,0x0488,0x0488,
      0x0388,0x0388,0x0478,0x0388,0x0288,0x0288,0x0288,0x0188,0x0188,0x0188,0x0188,0x0088,
      0x0088,0x0088,0x0088,0x0088,
    },
    {
      0x4488,0x4278,0x3f69,0x4588,0x3e79,0x3e79,0x3d78,0x3c88,0x3a69,0x3d79,0x3d79,0x3169,
      0x3069,0x3a79,0x2f69,0x4069,0x2f69,0x2c69,0x3479,0x2869,0x3279,0x3a96,0x3169,0x2e69,
      0x2d69,0x2d69,0x2b69,0x2b69,0x2a69,0x2a69,0x2969,0x2c69,0x2c78,0x3378,0x3197,0x3178,
      0x2f88,0x2d78,0x2d88,0x2c69,0x2a6a,0x2669,0x2b78,0x2a88,0x2a88,0x2a69,0x2a78,0x2869,
      0x2869,0x2369,0x2869,0x2069,0x2978,0x2778,0x2669,0x2569,0x2788,0x1f86,0x2969,0x2769,
      0x2569,0x2569,0x2569,0x2469,0x2369,0x1a76,0x2469,0x2469,0x2369,0x2269,0x2269,0x2169,
      0x1d69,0x2379,0x1d69,0x2169,0x1d69,0x1c69,0x1c69,0x1f69,0x2069,0x1969,0x1e69,0x1e69,
      0x1d69,0x1c69,0x2278,0x2078,0x2069,0x1f69,0x1e79,0x1d69,0x1d69,0x1c69,0x1c69,0x1b79,
      0x1b69,0x1a78,0x1a69,0x1a69,0x1969,0x1778,0x1679,0x1c78,0x1469,0x1a79,0x1969,0x1969,
      0x1869,0x1d88,0x1a78,0x1878,0x1778,0x1888,0x1778,0x1788,0x1286,0x1a69,0x1869,0x1869,
      0x1769,0x1779,0x1669,0x1888,0x1488,0x1378,0x1579,0x1378,0x1286,0x1579,0x1288,0x1569,
      0x1389,0x1278,0x1578,0x1479,0x1569,0x176a,0x1469,0x1369,0x1169,0x1489,0x1179,0x1269,
      0x1279,0x1189,0x1089,0x0f89,0x1578,0x1488,0x1078,0x0e78,0x1278,0x1269,0x1278,0x1178,
      0x1179,0x1079,0x1169,0x1069,0x1078,0x0c78,0x0f78,0x0f78,0x0f79,0x0f79,0x0f78,0x0f79,
      0x0e78,0x0e78,0x0d78,0x0e79,0x0d88,0x0d79,0x0d89,0x0f88,0x0c89,0x1088,0x0f88,0x0e88,
      0x0e78,0x0f86,0x0e88,0x0d88,0x0a87,0x0d88,0x0d78,0x0888,0x0c88,0x0c78,0x0b88,0x0c88,
      0x0b88,0x0c88,0x0b88,0x0c78,0x0788,0x0b78,0x0a88,0x0a88,0x0a97,0x0b97,0x0e86,0x0a78,
      0x0a88,0x0a88,0x0a88,0x0a88,0x0a87,0x0a88,0x0988,0x0988,0x0988,0x0988,0x0978,0x0488,
      0x0888,0x0878,0x0888,0x0888,0x0788,0x0778,0x0788,0x0788,0x0788,0x0788,0x0788,0x0678,
      0x0688,0x0588,0x127a,0x0688,0x0588,0x0478,0x0588,0x0488,0x0488,0x0488,0x0488,0x0488,
      0x0388,0x0388,0x0478,0x0388,0x0288,0x0288,0x0288,0x0188,0x0188,0x0188,0x0188,0x0088,
      0x0088,0x0088,0x0088,0x0088,
    },
    {
      0x4888,0x4578,0x4369,0x4888,0x4179,0x4179,0x4078,0x3f88,0x3d69,0x4179,0x4079,0x3469,
      0x3369,0x3e79,0x3269,0x4369,0x3169,0x2f69,0x3779,0x2b69,0x3579,0x3d96,0x3469,0x3069,
      0x3069,0x2f69,0x2e69,0x2d69,0x2c69,0x2c69,0x2b69,0x2f69,0x2e78,0x3678,0x3397,0x3378,
      0x3288,0x3078,0x2f88,0x2f69,0x2c6a,0x2869,0x2d78,0x2d88,0x2c88,0x2c69,0x2d78,0x2a69,
      0x2a69,0x2569,0x2a69,0x2269,0x2b78,0x2978,0x2869,0x2769,0x2988,0x2186,0x2b6a,0x2969,
      0x2769,0x2669,0x2769,0x2669,0x2569,0x1c76,0x2669,0x2669,0x2569,0x2469,0x2369,0x2269,
      0x1f69,0x2579,0x1f69,0x2369,0x1e69,0x1d69,0x1d69,0x2169,0x2169,0x1a69,0x2069,0x2069,
      0x1e69,0x1e69,0x2478,0x2278,0x2269,0x2069,0x2079,0x1f69,0x1e69,0x1d69,0x1e69,0x1c79,
      0x1c69,0x1c78,0x1c69,0x1c69,0x1a69,0x1878,0x1779,0x1e78,0x1569,0x1b79,0x1b69,0x1a69,
      0x1969,0x1e88,0x1c78,0x1978,0x1878,0x1a88,0x1878,0x1888,0x1386,0x1b69,0x1a69,0x1969,
      0x1869,0x1979,0x1769,0x1988,0x1688,0x1478,0x1779,0x1478,0x1286,0x1679,0x1388,0x1669,
      0x1489,0x1278,0x1778,0x1679,0x1769,0x186a,0x1569,0x1469,0x1269,0x1589,0x1279,0x1369,
      0x1279,0x1289,0x1189,0x1089,0x1678,0x1588,0x1178,0x0f78,0x1378,0x1269,0x1278,0x1278,
      0x1279,0x1179,0x1269,0x1169,0x1178,0x0d78,0x1078,0x1078,0x1079,0x1079,0x0f78,0x1079,
      0x0f78,0x0f78,0x0e78,0x0f79,0x0e88,0x0e79,0x0e89,0x0f88,0x0d89,0x1188,0x0f88,0x0f88,
      0x0f78,0x0f86,0x0f88,0x0e88,0x0b87,0x0e88,0x0d78,0x0988,0x0d88,0x0d78,0x0c88,0x0d88,
      0x0c88,0x0c88,0x0b88,0x0d78,0x0888,0x0b78,0x0b88,0x0b88,0x0b97,0x0b97,0x0f86,0x0a78,
      0x0a88,0x0b88,0x0a88,0x0a88,0x0a87,0x0a88,0x0988,0x0988,0x0988,0x0988,0x0978,0x0488,
      0x0988,0x0878,0x0888,0x0888,0x0888,0x0878,0x0888,0x0888,0x0788,0x0888,0x0788,0x0778,
      0x0688,0x0688,0x137a,0x0688,0x0588,0x0478,0x0588,0x0588,0x0488,0x0488,0x0488,0x0488,
      0x0388,0x0388,0x0478,0x0388,0x0288,0x0288,0x0288,0x0188,0x0188,0x0188,0x0288,0x0088,
      0x0088,0x0088,0x0088,0x0088,
    },
    {
      0x4b88,0x4978,0x4669,0x4c88,0x4579,0x4479,0x4478,0x4288,0x4069,0x4479,0x4479,0x3669,
      0x3569,0x4179,0x3469,0x4669,0x3469,0x3169,0x3a79,0x2d69,0x3779,0x4096,0x3669,0x3369,
      0x3269,0x3269,0x3069,0x3069,0x2e69,0x2e69,0x2e69,0x3169,0x3078,0x3978,0x3697,0x3678,
      0x3488,0x3278,0x3188,0x3169,0x2e6a,0x2a69,0x2f78,0x2f88,0x2e88,0x2f69,0x2f78,0x2c69,
      0x2c69,0x2769,0x2c69,0x2369,0x2d78,0x2b78,0x2a69,0x2969,0x2b88,0x2386,0x2d6a,0x2b69,
      0x2969,0x2869,0x2969,0x2869,0x2769,0x1d76,0x2869,0x2769,0x2769,0x2669,0x2569,0x2469,
      0x2069,0x2679,0x2069,0x2569,0x2069,0x1f69,0x1f69,0x2269,0x2369,0x1c69,0x2169,0x2169,
      0x2069,0x1f69,0x2678,0x2478,0x2369,0x2269,0x2179,0x2069,0x2069,0x1f69,0x1f69,0x1e79,
      0x1e69,0x1d78,0x1d69,0x1d69,0x1c69,0x1a78,0x1979,0x1f78,0x1669,0x1c79,0x1c69,0x1c69,
      0x1a69,0x2088,0x1d78,0x1b78,0x1a78,0x1b88,0x1a78,0x1988,0x1486,0x1d69,0x1b69,0x1b69,
      0x1a69,0x1a79,0x1969,0x1a88,0x1788,0x1578,0x1879,0x1578,0x1386,0x1779,0x1488,0x1769,
      0x1589,0x1378,0x1878,0x1779,0x1869,0x196a,0x1669,0x1569,0x1269,0x1689,0x1379,0x1469,
      0x1379,0x1389,0x1289,0x1089,0x1778,0x1688,0x1278,0x1078,0x1478,0x1369,0x1378,0x1378,
      0x1379,0x1279,0x1269,0x1169,0x1278,0x0d78,0x1178,0x1178,0x1179,0x1179,0x1078,0x1179,
      0x1078,0x0f78,0x0f78,0x1079,0x0e88,0x0e79,0x0f89,0x1088,0x0d89,0x1288,0x1088,0x0f88,
      0x0f78,0x1086,0x1088,0x0f88,0x0b87,0x0e88,0x0e78,0x0988,0x0d88,0x0d78,0x0c88,0x0d88,
      0x0c88,0x0d88,0x0c88,0x0d78,0x0888,0x0c78,0x0b88,0x0b88,0x0b97,0x0c97,0x1086,0x0b78,
      0x0b88,0x0b88,0x0b88,0x0b88,0x0b87,0x0b88,0x0a88,0x0a88,0x0a88,0x0a88,0x0a78,0x0488,
      0x0988,0x0978,0x0988,0x0988,0x0888,0x0878,0x0888,0x0888,0x0788,0x0888,0x0788,0x0778,
      0x0688,0x0688,0x147a,0x0688,0x0688,0x0478,0x0688,0x0588,0x0588,0x0588,0x0488,0x0488,
      0x0488,0x0388,0x0478,0x0388,0x0288,0x0288,0x0288,0x0188,0x0188,0x0188,0x0288,0x0088,
      0x0088,0x0088,0x0088,0x0088,
    },
    {
      0x4f88,0x4c78,0x4969,0x4f88,0x4879,0x4879,0x4778,0x4588,0x4369,0x4779,0x4779,0x3969,
      0x3869,0x4479,0x3769,0x4a69,0x3669,0x3369,0x3d79,0x2f69,0x3a79,0x4396,0x3969,0x3569,
      0x3569,0x3469,0x3269,0x3269,0x3069,0x3069,0x3069,0x3369,0x3378,0x3b78,0x3897,0x3878,
      0x3788,0x3478,0x3488,0x3369,0x306a,0x2c69,0x3278,0x3188,0x3088,0x3169,0x3178,0x2e69,
      0x2e69,0x2969,0x2e69,0x2569,0x2f78,0x2d78,0x2c69,0x2b69,0x2d88,0x2486,0x2f6a,0x2d69,
      0x2b69,0x2a69,0x2b69,0x2a69,0x2969,0x1e76,0x2a69,0x2969,0x2969,0x2869,0x2769,0x2669,
      0x2269,0x2879,0x2269,0x2769,0x2169,0x2069,0x2069,0x2469,0x2569,0x1d69,0x2369,0x2369,
      0x2169,0x2169,0x2878,0x2578,0x2569,0x2369,0x2379,0x2269,0x2169,0x2069,0x2169,0x1f79,
      0x1f69,0x1f78,0x1e69,0x1e69,0x1d69,0x1b78,0x1a79,0x2178,0x1769,0x1e79,0x1d69,0x1d69,
      0x1c69,0x2188,0x1e78,0x1c78,0x1b78,0x1c88,0x1b78,0x1a88,0x1586,0x1e69,0x1c69,0x1c69,
      0x1b69,0x1b79,0x1a69,0x1c88,0x1888,0x1678,0x1979,0x1678,0x1486,0x1879,0x1588,0x1869,
      0x1689,0x1478,0x1978,0x1879,0x1969,0x1a6a,0x1769,0x1669,0x1369,0x1789,0x1479,0x1569,
      0x1479,0x1489,0x1389,0x1189,0x1878,0x1788,0x1378,0x1178,0x1578,0x1469,0x1478,0x1478,
      0x1479,0x1379,0x1369,0x1269,0x1378,0x0e78,0x1278,0x1278,0x1279,0x1279,0x1178,0x1279,
      0x1178,0x1078,0x0f78,0x1179,0x0f88,0x0f79,0x0f89,0x1188,0x0e89,0x1388,0x1188,0x1088,
      0x1078,0x1186,0x1188,0x0f88,0x0c87,0x0f88,0x0f78,0x0a88,0x0e88,0x0e78,0x0d88,0x0e88,
      0x0d88,0x0d88,0x0c88,0x0e78,0x0888,0x0c78,0x0c88,0x0c88,0x0c97,0x0c97,0x1186,0x0b78,
      0x0b88,0x0c88,0x0b88,0x0b88,0x0b87,0x0b88,0x0a88,0x0a88,0x0a88,0x0a88,0x0a78,0x0488,
      0x0a88,0x0978,0x0988,0x0988,0x0988,0x0878,0x0988,0x0888,0x0888,0x0888,0x0888,0x0778,
      0x0788,0x0688,0x157a,0x0788,0x0688,0x0478,0x0688,0x0588,0x0588,0x0588,0x0488,0x0488,
      0x0488,0x0388,0x0478,0x0388,0x0288,0x0288,0x0288,0x0188,0x0188,0x0188,0x0288,0x0088,
      0x0088,0x0088,0x0088,0x0088,
    },
    {
      0x5388,0x4f78,0x4d69,0x5388,0x4b79,0x4b79,0x4a78,0x4888,0x4669,0x4a79,0x4a79,0x3b69,
      0x3a69,0x4779,0x3969,0x4d69,0x3969,0x3669,0x3f79,0x3169,0x3c79,0x4696,0x3b69,0x3869,
      0x3769,0x3669,0x3469,0x3469,0x3269,0x3269,0x3269,0x3669,0x3578,0x3e78,0x3b97,0x3b78,
      0x3988,0x3778,0x3688,0x3669,0x336a,0x2e69,0x3478,0x3388,0x3288,0x3369,0x3378,0x3169,
      0x3069,0x2a69,0x3069,0x2769,0x3178,0x2f78,0x2e69,0x2d69,0x2f88,0x2686,0x316a,0x2f69,
      0x2d69,0x2c69,0x2d69,0x2b69,0x2b69,0x2076,0x2c69,0x2b69,0x2a69,0x2a69,0x2969,0x2869,
      0x2369,0x2a79,0x2469,0x2869,0x2369,0x2269,0x2169,0x2669,0x2669,0x1e69,0x2569,0x2469,
      0x2369,0x2269,0x2a78,0x2778,0x2769,0x2569,0x2479,0x2369,0x2369,0x2269,0x2269,0x2179,
      0x2169,0x2078,0x2069,0x2069,0x1e69,0x1c78,0x1b79,0x2278,0x1869,0x1f79,0x1f69,0x1e69,
      0x1d69,0x2388,0x2078,0x1d78,0x1c78,0x1d88,0x1c78,0x1c88,0x1686,0x1f69,0x1d69,0x1d69,
      0x1c69,0x1c79,0x1b69,0x1d88,0x1988,0x1778,0x1a79,0x1778,0x1586,0x1979,0x1688,0x1969,
      0x1789,0x1578,0x1a78,0x1979,0x1a69,0x1b6b,0x1869,0x1769,0x1469,0x1889,0x1579,0x1669,
      0x1579,0x1489,0x1389,0x1289,0x1978,0x1888,0x1378,0x1178,0x1678,0x1569,0x1578,0x1478,
      0x1479,0x1479,0x1469,0x1369,0x1478,0x0e78,0x1378,0x1278,0x1379,0x1279,0x1278,0x1279,
      0x1178,0x1178,0x1078,0x1179,0x1088,0x1079,0x1089,0x1288,0x0f89,0x1488,0x1288,0x1188,
      0x1178,0x1286,0x1188,0x1088,0x0c87,0x1088,0x0f78,0x0a88,0x0e88,0x0e78,0x0e88,0x0f88,
      0x0e88,0x0e88,0x0d88,0x0e78,0x0988,0x0d78,0x0d88,0x0c88,0x0d97,0x0d97,0x1186,0x0c78,
      0x0c88,0x0c88,0x0c88,0x0c88,0x0c87,0x0c88,0x0b88,0x0b88,0x0a88,0x0a88,0x0a78,0x0588,
      0x0a88,0x0978,0x0a88,0x0988,0x0988,0x0978,0x0988,0x0988,0x0888,0x0988,0x0888,0x0878,
      0x0788,0x0688,0x167a,0x0788,0x0688,0x0578,0x0688,0x0588,0x0588,0x0588,0x0588,0x0588,
      0x0488,0x0488,0x0578,0x0488,0x0388,0x0288,0x0288,0x0188,0x0188,0x0188,0x0288,0x0088,
      0x0088,0x0088,0x0088,0x0088,
    },
    {
      0x5688,0x5378,0x5069,0x5788,0x4e79,0x4e79,0x4d78,0x4b88,0x4969,0x4e79,0x4d79,0x3e69,
      0x3d69,0x4a79,0x3c69,0x5069,0x3b69,0x3869,0x4279,0x3369,0x3f79,0x4996,0x3e69,0x3a69,
      0x3969,0x3969,0x3769,0x3669,0x3569,0x3569,0x3469,0x3869,0x3778,0x4178,0x3e97,0x3e78,
      0x3c88,0x3978,0x3888,0x3869,0x356a,0x3069,0x3678,0x3688,0x3588,0x3569,0x3678,0x3369,
      0x3269,0x2c69,0x3269,0x2969,0x3378,0x3178,0x3069,0x2f69,0x3188,0x2886,0x336a,0x316a,
      0x2f6a,0x2e6a,0x2f69,0x2d6a,0x2d6a,0x2176,0x2e69,0x2d69,0x2c6a,0x2c6a,0x2a6a,0x296a,
      0x2569,0x2c79,0x2569,0x2a69,0x2469,0x2369,0x2369,0x2769,0x2869,0x2069,0x2669,0x2669,
      0x246a,0x2469,0x2c78,0x2978,0x2969,0x2769,0x2679,0x2569,0x2469,0x2369,0x2469,0x2279,
      0x2269,0x2178,0x2169,0x2169,0x2069,0x1d78,0x1c79,0x2478,0x1a69,0x2079,0x2069,0x2069,
      0x1e69,0x2488,0x2178,0x1e78,0x1d78,0x1f88,0x1d78,0x1d88,0x1786,0x2169,0x1f69,0x1e69,
      0x1d69,0x1e79,0x1c69,0x1e88,0x1a88,0x1878,0x1b79,0x1878,0x1686,0x1a79,0x1788,0x1a69,
      0x1889,0x1678,0x1b78,0x1a79,0x1b69,0x1d6b,0x1969,0x1869,0x156a,0x1a89,0x1679,0x1769,
      0x1679,0x1589,0x1489,0x1389,0x1a78,0x1a88,0x1478,0x1278,0x1778,0x1669,0x1678,0x1578,
      0x1579,0x1579,0x1569,0x1469,0x1578,0x0f78,0x1478,0x1378,0x1479,0x1379,0x1278,0x1379,
      0x1278,0x1278,0x1178,0x1279,0x1188,0x1179,0x1189,0x1288,0x0f89,0x1588,0x1288,0x1288,
      0x1278,0x1286,0x1288,0x1188,0x0d87,0x1188,0x1078,0x0b88,0x0f88,0x0f78,0x0e88,0x0f88,
      0x0e88,0x0f88,0x0e88,0x0f78,0x0988,0x0e78,0x0d88,0x0d88,0x0d97,0x0e97,0x1286,0x0c78,
      0x0c88,0x0d88,0x0c88,0x0c88,0x0c87,0x0c88,0x0b88,0x0b88,0x0b88,0x0b88,0x0b78,0x0588,
      0x0b88,0x0a78,0x0a88,0x0a88,0x0988,0x0978,0x0988,0x0988,0x0888,0x0988,0x0888,0x0878,
      0x0788,0x0788,0x177a,0x0788,0x0688,0x0578,0x0688,0x0688,0x0588,0x0588,0x0588,0x0588,
      0x0488,0x0488,0x0578,0x0488,0x0388,0x0288,0x0288,0x0188,0x0188,0x0188,0x0288,0x0088,
      0x0088,0x0088,0x0088,0x0088,
    },
    {
      0x5a88,0x5678,0x5369,0x5a88,0x5279,0x5179,0x5078,0x4f88,0x4c69,0x5179,0x5079,0x4069,
      0x3f69,0x4d79,0x3e69,0x5459,0x3e69,0x3a69,0x4579,0x3569,0x4279,0x4c96,0x4069,0x3d69,
      0x3c69,0x3b69,0x3969,0x3969,0x3769,0x3769,0x3669,0x3a69,0x3978,0x4478,0x4097,0x4078,
      0x3e88,0x3b78,0x3b88,0x3a69,0x375a,0x3269,0x3878,0x3888,0x3788,0x3769,0x3878,0x3569,
      0x3469,0x2e69,0x3469,0x2a69,0x3678,0x3378,0x3269,0x3069,0x3388,0x2986,0x366a,0x336a,
      0x316a,0x306a,0x3169,0x2f6a,0x2e6a,0x2275,0x3069,0x2f69,0x2e6a,0x2d6a,0x2c6a,0x2b6a,
      0x2669,0x2e79,0x2769,0x2c69,0x2669,0x2569,0x2469,0x2969,0x2a69,0x2169,0x2869,0x2769,
      0x266a,0x2569,0x2d78,0x2b78,0x2a69,0x2869,0x2779,0x2669,0x2669,0x2569,0x2569,0x2479,
      0x2469,0x2378,0x2269,0x2269,0x2169,0x1e78,0x1d79,0x2578,0x1b69,0x2279,0x2169,0x2169,
      0x1f69,0x2688,0x2278,0x2078,0x1e78,0x2088,0x1e78,0x1e88,0x1786,0x2269,0x2069,0x2069,
      0x1e69,0x1f79,0x1d69,0x1f88,0x1b88,0x1978,0x1c79,0x1978,0x1786,0x1b79,0x1888,0x1b69,
      0x1989,0x1778,0x1c78,0x1b79,0x1c69,0x1e6b,0x1a69,0x1969,0x166a,0x1b89,0x1779,0x1769,
      0x1779,0x1689,0x1589,0x1489,0x1b78,0x1b88,0x1578,0x1378,0x1878,0x1769,0x1778,0x1678,
      0x1679,0x1579,0x1669,0x1569,0x1578,0x1078,0x1478,0x1478,0x1479,0x1479,0x1378,0x1479,
      0x1378,0x1278,0x1278,0x1379,0x1188,0x1179,0x1289,0x1388,0x1089,0x1588,0x1388,0x1288,
      0x1278,0x1386,0x1388,0x1288,0x0d87,0x1188,0x1178,0x0b88,0x1088,0x1078,0x0f88,0x1088,
      0x0f88,0x0f88,0x0e88,0x1078,0x0988,0x0e78,0x0e88,0x0d88,0x0e97,0x0e97,0x1386,0x0d78,
      0x0d88,0x0d88,0x0d88,0x0d88,0x0d87,0x0d88,0x0c88,0x0c88,0x0b88,0x0b88,0x0b78,0x0588,
      0x0b88,0x0a78,0x0b88,0x0a88,0x0a88,0x0978,0x0a88,0x0988,0x0988,0x0988,0x0988,0x0878,
      0x0788,0x0788,0x187a,0x0788,0x0788,0x0578,0x0788,0x0688,0x0588,0x0588,0x0588,0x0588,
      0x0488,0x0488,0x0578,0x0488,0x0388,0x0288,0x0288,0x0188,0x0188,0x0188,0x0288,0x0088,
      0x0088,0x0088,0x0088,0x0088,
    },
    {
      0x5d88,0x5a78,0x5769,0x5e88,0x5579,0x5579,0x5478,0x5288,0x4f69,0x5479,0x5479,0x4369,
      0x4269,0x5079,0x4169,0x5759,0x4069,0x3d69,0x4879,0x3769,0x4479,0x4f96,0x4369,0x3f69,
      0x3e69,0x3d69,0x3b69,0x3b69,0x3969,0x3969,0x3869,0x3d69,0x3c78,0x4678,0x4397,0x4378,
      0x4188,0x3e78,0x3d88,0x3d69,0x395a,0x3469,0x3b78,0x3a88,0x3988,0x3a69,0x3a78,0x3769,
      0x3669,0x3069,0x3669,0x2c69,0x3878,0x3578,0x3469,0x3269,0x3588,0x2b86,0x386a,0x356a,
      0x336a,0x326a,0x3369,0x316a,0x306a,0x2475,0x3269,0x3169,0x306a,0x2f6a,0x2e6a,0x2d6a,
      0x2869,0x3079,0x2869,0x2e69,0x2769,0x2669,0x2669,0x2b69,0x2b69,0x2269,0x2969,0x2969,
      0x276a,0x2769,0x2f78,0x2c78,0x2c69,0x2a69,0x2979,0x2869,0x2769,0x2669,0x2769,0x2579,
      0x2569,0x2478,0x2469,0x2469,0x2269,0x2078,0x1e79,0x2778,0x1c69,0x2379,0x2369,0x2269,
      0x2169,0x2788,0x2478,0x2178,0x2078,0x2188,0x2078,0x1f88,0x1886,0x2369,0x2169,0x2169,
      0x2069,0x2079,0x1e69,0x2188,0x1c88,0x1a78,0x1d79,0x1a78,0x1886,0x1c79,0x1988,0x1c69,
      0x1a89,0x1878,0x1d78,0x1c79,0x1d69,0x1f6b,0x1b69,0x1a69,0x176a,0x1c89,0x1879,0x1869,
      0x1879,0x1789,0x1689,0x1489,0x1c78,0x1c88,0x1678,0x1478,0x1978,0x1869,0x1878,0x1778,
      0x1779,0x1679,0x1769,0x1669,0x1678,0x1078,0x1578,0x1578,0x1579,0x1579,0x1478,0x1579,
      0x1478,0x1378,0x1278,0x1479,0x1288,0x1279,0x1289,0x1488,0x1189,0x1688,0x1488,0x1388,
      0x1378,0x1486,0x1488,0x1288,0x0e87,0x1288,0x1178,0x0b88,0x1088,0x1078,0x0f88,0x1188,
      0x0f88,0x1088,0x0f88,0x1078,0x0a88,0x0f78,0x0e88,0x0e88,0x0e97,0x0f97,0x1486,0x0d78,
      0x0d88,0x0e88,0x0d88,0x0d88,0x0d87,0x0d88,0x0c88,0x0c88,0x0c88,0x0c88,0x0c78,0x0588,
      0x0b88,0x0b78,0x0b88,0x0b88,0x0a88,0x0a78,0x0a88,0x0a88,0x0988,0x0a88,0x0988,0x0978,
      0x0888,0x0788,0x197a,0x0888,0x0788,0x0578,0x0788,0x0688,0x0688,0x0688,0x0588,0x0588,
      0x0488,0x0488,0x0578,0x0488,0x0388,0x0288,0x0288,0x0188,0x0188,0x0188,0x0288,0x0088,
      0x0088,0x0088,0x0088,0x0088,
    },
    {
      0x6188,0x5d78,0x5a69,0x6188,0x5879,0x5879,0x5778,0x5588,0x5269,0x5779,0x5779,0x4669,
      0x4469,0x5379,0x4369,0x5a59,0x4369,0x3f69,0x4a79,0x3969,0x4779,0x5296,0x4669,0x4169,
      0x4169,0x4069,0x3e69,0x3d69,0x3b69,0x3b69,0x3b69,0x3f69,0x3e78,0x4978,0x4597,0x4578,
      0x4388,0x4078,0x3f88,0x3f69,0x3b5b,0x3669,0x3d78,0x3c88,0x3b88,0x3c69,0x3c78,0x3969,
      0x3969,0x3269,0x3969,0x2e69,0x3a78,0x3778,0x3669,0x3469,0x3788,0x2d86,0x3a6a,0x376a,
      0x356a,0x346a,0x3569,0x336a,0x326a,0x2575,0x3369,0x3369,0x326a,0x316a,0x306a,0x2e6a,
      0x2969,0x3179,0x2a69,0x2f69,0x2969,0x2869,0x2769,0x2c69,0x2d69,0x2369,0x2b69,0x2b69,
      0x296a,0x2869,0x3178,0x2e78,0x2e69,0x2b69,0x2b79,0x2969,0x2969,0x2869,0x2869,0x2679,
      0x2669,0x2678,0x2569,0x2569,0x2369,0x2178,0x2079,0x2878,0x1d69,0x2479,0x2469,0x2369,
      0x2269,0x2988,0x2578,0x2278,0x2178,0x2388,0x2178,0x2088,0x1986,0x2569,0x2369,0x2269,
      0x2169,0x2179,0x2069,0x2288,0x1d88,0x1b78,0x1e79,0x1b78,0x1986,0x1e79,0x1a88,0x1e69,
      0x1b89,0x1978,0x1e78,0x1d79,0x1e69,0x206b,0x1c69,0x1b69,0x186a,0x1d89,0x1879,0x1969,
      0x1979,0x1889,0x1789,0x1589,0x1e78,0x1d88,0x1778,0x1478,0x1a78,0x1969,0x1978,0x1878,
      0x1879,0x1779,0x1869,0x1669,0x1778,0x1178,0x1678,0x1678,0x1679,0x1679,0x1578,0x1679,
      0x1478,0x1478,0x1378,0x1479,0x1388,0x1379,0x1389,0x1588,0x1189,0x1788,0x1588,0x1488,
      0x1478,0x1586,0x1488,0x1388,0x0e87,0x1388,0x1278,0x0c88,0x1188,0x1178,0x1088,0x1188,
      0x1088,0x1088,0x0f88,0x1178,0x0a88,0x0f78,0x0f88,0x0e88,0x0f97,0x0f97,0x1486,0x0e78,
      0x0e88,0x0e88,0x0e88,0x0e88,0x0e87,0x0e88,0x0d88,0x0d88,0x0c88,0x0c88,0x0c78,0x0588,
      0x0c88,0x0b78,0x0b88,0x0b88,0x0b88,0x0a78,0x0b88,0x0a88,0x0988,0x0a88,0x0988,0x0978,
      0x0888,0x0888,0x1a7b,0x0888,0x0788,0x0578,0x0788,0x0688,0x0688,0x0688,0x0588,0x0588,
      0x0588,0x0488,0x0578,0x0488,0x0388,0x0388,0x0388,0x0188,0x0188,0x0188,0x0288,0x0088,
      0x0088,0x0088,0x0088,0x0088,
    },
    {
      0x6588,0x6178,0x5d69,0x6588,0x5b79,0x5b79,0x5a78,0x5888,0x5569,0x5b79,0x5a79,0x4869,
      0x4769,0x5679,0x4669,0x5e59,0x4569,0x4169,0x4d79,0x3c69,0x4a79,0x5596,0x4869,0x4469,
      0x4369,0x4269,0x4069,0x3f69,0x3d69,0x3d69,0x3d69,0x4169,0x4078,0x4c78,0x4897,0x4878,
      0x4688,0x4378,0x4288,0x4169,0x3e5b,0x3869,0x3f78,0x3f88,0x3d88,0x3e69,0x3f78,0x3b69,
      0x3b69,0x3469,0x3b69,0x2f69,0x3c78,0x3978,0x3869,0x3669,0x3988,0x2e86,0x3c6a,0x396a,
      0x376a,0x366a,0x3769,0x356a,0x346a,0x2775,0x3569,0x3569,0x346a,0x336a,0x316a,0x306a,
      0x2b69,0x3379,0x2b69,0x3169,0x2a69,0x2969,0x2969,0x2e69,0x2f69,0x2569,0x2d69,0x2c69,
      0x2a6a,0x2a69,0x3378,0x3078,0x2f69,0x2d69,0x2c79,0x2b69,0x2a69,0x2969,0x2a69,0x2879,
      0x2869,0x2778,0x2769,0x2769,0x2569,0x2278,0x2179,0x2a78,0x1e69,0x2679,0x2569,0x2569,
      0x2369,0x2a88,0x2778,0x2378,0x2278,0x2488,0x2278,0x2288,0x1a86,0x2669,0x2469,0x2369,
      0x2269,0x2379,0x2169,0x2388,0x1e88,0x1c78,0x2079,0x1c78,0x1a86,0x1f79,0x1b88,0x1f69,
      0x1c89,0x1a78,0x2078,0x1e79,0x2069,0x216b,0x1d69,0x1c69,0x196a,0x1e89,0x1979,0x1a69,
      0x1a79,0x1989,0x1889,0x1689,0x1f78,0x1e88,0x1878,0x1578,0x1b78,0x1a69,0x1a78,0x1978,
      0x1979,0x1879,0x1969,0x1769,0x1878,0x1278,0x1778,0x1678,0x1779,0x1679,0x1578,0x1679,
      0x1578,0x1578,0x1478,0x1579,0x1388,0x1379,0x1489,0x1588,0x1289,0x1888,0x1588,0x1588,
      0x1578,0x1586,0x1588,0x1488,0x0f87,0x1388,0x1378,0x0c88,0x1288,0x1278,0x1188,0x1288,
      0x1188,0x1188,0x1088,0x1278,0x0b88,0x1078,0x0f88,0x0f88,0x0f97,0x1097,0x1586,0x0e78,
      0x0e88,0x0f88,0x0e88,0x0e88,0x0e87,0x0e88,0x0d88,0x0d88,0x0d88,0x0d88,0x0d78,0x0688,
      0x0c88,0x0b78,0x0c88,0x0b88,0x0b88,0x0b78,0x0b88,0x0b88,0x0a88,0x0b88,0x0a88,0x0978,
      0x0888,0x0888,0x1b7b,0x0888,0x0788,0x0678,0x0788,0x0788,0x0688,0x0688,0x0688,0x0688,
      0x0588,0x0488,0x0678,0x0488,0x0388,0x0388,0x0388,0x0188,0x0188,0x0188,0x0288,0x0088,
      0x0088,0x0088,0x0088,0x0088,
    },
    {
      0x6888,0x6478,0x6169,0x6988,0x5f79,0x5e79,0x5d78,0x5b88,0x5869,0x5e79,0x5d79,0x4b69,
      0x4969,0x5979,0x4869,0x6159,0x4869,0x4469,0x5079,0x3e69,0x4c79,0x5896,0x4b69,0x4669,
      0x4569,0x4469,0x4269,0x4269,0x3f69,0x3f69,0x3f69,0x4469,0x4378,0x4e78,0x4a97,0x4a78,
      0x4888,0x4578,0x4488,0x4469,0x405b,0x3a69,0x4178,0x4188,0x3f88,0x4069,0x4178,0x3d69,
      0x3d69,0x3569,0x3d69,0x3169,0x3e78,0x3b78,0x3a69,0x3869,0x3b88,0x3086,0x3e6a,0x3b6a,
      0x396a,0x386a,0x3969,0x376a,0x366a,0x2875,0x3769,0x3669,0x356a,0x356a,0x336a,0x326a,
      0x2c69,0x3579,0x2d69,0x3369,0x2c69,0x2b69,0x2a69,0x3069,0x3069,0x2669,0x2e69,0x2e69,
      0x2c6a,0x2b69,0x3578,0x3178,0x3169,0x2f69,0x2e79,0x2c69,0x2c69,0x2b69,0x2b69,0x2979,
      0x2969,0x2878,0x2869,0x2869,0x2669,0x2378,0x2279,0x2b78,0x1f69,0x2779,0x2769,0x2669,
      0x2469,0x2c88,0x2878,0x2578,0x2378,0x2588,0x2378,0x2388,0x1b86,0x2769,0x2569,0x2569,
      0x2369,0x2479,0x2269,0x2488,0x1f88,0x1d78,0x2179,0x1d78,0x1b86,0x2079,0x1c88,0x2069,
      0x1d89,0x1b78,0x2178,0x1f79,0x2169,0x226b,0x1e69,0x1d69,0x196a,0x1f89,0x1a79,0x1b69,
      0x1b79,0x1a89,0x1889,0x1789,0x2078,0x1f88,0x1878,0x1678,0x1c78,0x1b69,0x1b78,0x1a78,
      0x1a79,0x1979,0x1969,0x1869,0x1978,0x1278,0x1878,0x1778,0x1879,0x1779,0x1678,0x1779,
      0x1678,0x1578,0x1478,0x1679,0x1488,0x1479,0x1489,0x1688,0x1389,0x1988,0x1688,0x1588,
      0x1578,0x1686,0x1688,0x1488,0x0f87,0x1488,0x1378,0x0d88,0x1288,0x1278,0x1188,0x1388,
      0x1188,0x1288,0x1088,0x1278,0x0b88,0x1078,0x1088,0x0f88,0x1097,0x1097,0x1686,0x0f78,
      0x0f88,0x0f88,0x0f88,0x0f88,0x0f87,0x0f88,0x0e88,0x0e88,0x0d88,0x0d88,0x0d78,0x0688,
      0x0d88,0x0c78,0x0c88,0x0c88,0x0b88,0x0b78,0x0b88,0x0b88,0x0a88,0x0b88,0x0a88,0x0a78,
      0x0988,0x0888,0x1c7b,0x0988,0x0888,0x0678,0x0888,0x0788,0x0688,0x0688,0x0688,0x0688,
      0x0588,0x0588,0x0678,0x0588,0x0388,0x0388,0x0388,0x0188,0x0188,0x0188,0x0288,0x0088,
      0x0088,0x0088,0x0088,0x0088,
    },
    {
      0x6c88,0x6878,0x6469,0x6c88,0x6279,0x6279,0x6178,0x5e88,0x5b69,0x6179,0x6179,0x4d69,
      0x4c69,0x5c79,0x4b69,0x6459,0x4a69,0x4669,0x5379,0x4069,0x4f79,0x5b96,0x4d69,0x4969,
      0x4869,0x4769,0x4469,0x4469,0x4269,0x4269,0x4169,0x4669,0x4578,0x5178,0x4d97,0x4d78,
      0x4b88,0x4778,0x4688,0x4669,0x425b,0x3c69,0x4478,0x4388,0x4288,0x4369,0x4378,0x3f69,
      0x3f69,0x3769,0x3f69,0x3369,0x4078,0x3d78,0x3c69,0x3a69,0x3d88,0x3286,0x406a,0x3d6a,
      0x3b6a,0x3a6a,0x3b69,0x396a,0x386a,0x2975,0x3969,0x3869,0x376a,0x366a,0x356a,0x346a,
      0x2e69,0x3779,0x2e69,0x3569,0x2d69,0x2c69,0x2c69,0x3169,0x3269,0x2769,0x3069,0x2f69,
      0x2d6a,0x2d69,0x3678,0x3378,0x3369,0x3069,0x2f79,0x2e69,0x2d69,0x2c69,0x2d69,0x2b79,
      0x2b69,0x2a78,0x2969,0x2969,0x2769,0x2578,0x2379,0x2d78,0x2069,0x2879,0x2869,0x2769,
      0x2669,0x2d88,0x2978,0x2678,0x2578,0x2688,0x2578,0x2488,0x1c86,0x2969,0x2669,0x2669,
      0x2569,0x2579,0x2369,0x2688,0x2088,0x1e78,0x2279,0x1e78,0x1c86,0x2179,0x1d88,0x2169,
      0x1e89,0x1c78,0x2278,0x2079,0x2269,0x246b,0x1f69,0x1e69,0x1a6a,0x2089,0x1b79,0x1c69,
      0x1c79,0x1b89,0x1989,0x1789,0x2178,0x2088,0x1978,0x1778,0x1d78,0x1c69,0x1c78,0x1b78,
      0x1b79,0x1a79,0x1a69,0x1969,0x1a78,0x1378,0x1878,0x1878,0x1879,0x1879,0x1778,0x1879,
      0x1778,0x1678,0x1578,0x1779,0x1588,0x1579,0x1589,0x1788,0x1389,0x1a88,0x1788,0x1688,
      0x1678,0x1786,0x1788,0x1588,0x1087,0x1588,0x1478,0x0d88,0x1388,0x1378,0x1288,0x1388,
      0x1288,0x1288,0x1188,0x1378,0x0b88,0x1178,0x1088,0x1088,0x1097,0x1197,0x1786,0x0f78,
      0x0f88,0x1088,0x0f88,0x0f88,0x0f87,0x0f88,0x0e88,0x0e88,0x0e88,0x0e88,0x0e78,0x0688,
      0x0d88,0x0c78,0x0d88,0x0c88,0x0c88,0x0b78,0x0c88,0x0b88,0x0a88,0x0b88,0x0a88,0x0a78,
      0x0988,0x0888,0x1d7b,0x0988,0x0888,0x0678,0x0888,0x0788,0x0788,0x0788,0x0688,0x0688,
      0x0588,0x0588,0x0678,0x0588,0x0388,0x0388,0x0388,0x0188,0x0188,0x0188,0x0288,0x0088,
      0x0088,0x0088,0x0088,0x0088,
    },
    {
      0x6f88,0x6b78,0x6769,0x7088,0x6579,0x6579,0x6478,0x6188,0x5e69,0x6479,0x6479,0x5069,
      0x4e69,0x5f79,0x4d69,0x6859,0x4d69,0x4869,0x5579,0x4269,0x5179,0x5e96,0x5069,0x4b69,
      0x4a69,0x4969,0x4769,0x4669,0x4469,0x4469,0x4369,0x4869,0x4778,0x5478,0x4f97,0x4f78,
      0x4d88,0x4a78,0x4988,0x4869,0x445b,0x3e69,0x4678,0x4588,0x4488,0x4569,0x4578,0x4169,
      0x4169,0x3969,0x4169,0x3469,0x4278,0x3f78,0x3e69,0x3c69,0x3f88,0x3386,0x426a,0x3f6a,
      0x3d6a,0x3c6a,0x3d69,0x3b6a,0x3a6a,0x2b75,0x3b69,0x3a69,0x396a,0x386a,0x376a,0x356a,
      0x2f69,0x3979,0x3069,0x3669,0x2f69,0x2e69,0x2d69,0x3369,0x3469,0x2969,0x3169,0x3169,
      0x2f6a,0x2e69,0x3878,0x3578,0x3469,0x3269,0x3179,0x2f69,0x2f69,0x2e69,0x2e69,0x2c79,
      0x2c69,0x2b78,0x2b69,0x2b69,0x2969,0x2678,0x2479,0x2e78,0x2169,0x2a79,0x2969,0x2969,
      0x2769,0x2f88,0x2b78,0x2778,0x2678,0x2888,0x2678,0x2588,0x1d86,0x2a69,0x2869,0x2769,
      0x2669,0x2679,0x2469,0x2788,0x2188,0x1f78,0x2379,0x1f78,0x1d86,0x2279,0x1e88,0x2269,
      0x1f89,0x1d78,0x2378,0x2179,0x2369,0x256b,0x2069,0x1f69,0x1b6a,0x2189,0x1c79,0x1d69,
      0x1d79,0x1c89,0x1a89,0x1889,0x2278,0x2188,0x1a78,0x1778,0x1e78,0x1d69,0x1d78,0x1c78,
      0x1c79,0x1b79,0x1b69,0x1a69,0x1b78,0x1378,0x1978,0x1978,0x1979,0x1979,0x1878,0x1979,
      0x1778,0x1778,0x1678,0x1779,0x1588,0x1579,0x1689,0x1888,0x1489,0x1b88,0x1888,0x1788,
      0x1778,0x1886,0x1788,0x1688,0x1087,0x1588,0x1578,0x0e88,0x1388,0x1378,0x1288,0x1488,
      0x1288,0x1388,0x1188,0x1378,0x0c88,0x1178,0x1188,0x1088,0x1197,0x1197,0x1786,0x1078,
      0x1088,0x1088,0x1088,0x1088,0x1087,0x1088,0x0f88,0x0f88,0x0e88,0x0e88,0x0e78,0x0688,
      0x0e88,0x0d78,0x0d88,0x0d88,0x0c88,0x0c78,0x0c88,0x0c88,0x0b88,0x0c88,0x0b88,0x0a78,
      0x0988,0x0988,0x1e7b,0x0988,0x0888,0x0678,0x0888,0x0788,0x0788,0x0788,0x0688,0x0688,
      0x0588,0x0588,0x0678,0x0588,0x0388,0x0388,0x0388,0x0188,0x0188,0x0188,0x0288,0x0088,
      0x0088,0x0088,0x0088,0x0088,
    },
    {
      0x7388,0x6f79,0x6b69,0x7488,0x6979,0x6879,0x6779,0x6589,0x6269,0x6879,0x6779,0x5369,
      0x5169,0x6379,0x5069,0x6b59,0x4f6a,0x4b6a,0x5879,0x446a,0x5479,0x6196,0x536a,0x4e6a,
      0x4d6a,0x4c6a,0x496a,0x496a,0x466a,0x466a,0x466a,0x4b69,0x4a79,0x5779,0x5297,0x5279,
      0x5089,0x4c79,0x4b89,0x4b69,0x475b,0x416a,0x4879,0x4889,0x4688,0x476a,0x4879,0x446a,
      0x436a,0x3b69,0x436a,0x3669,0x4579,0x4179,0x4169,0x3e69,0x4189,0x3586,0x456b,0x416a,
      0x3f6a,0x3e6a,0x3f6a,0x3d6a,0x3c6a,0x2c75,0x3d6a,0x3c6a,0x3b6a,0x3a6a,0x396a,0x376a,
      0x3169,0x3b79,0x3269,0x3869,0x3169,0x2f69,0x2f69,0x356a,0x366a,0x2a6a,0x336a,0x336a,
      0x316a,0x306a,0x3a79,0x3779,0x3669,0x3469,0x3379,0x3169,0x3169,0x2f69,0x306a,0x2e79,
      0x2e6a,0x2d79,0x2c69,0x2c6a,0x2a69,0x2779,0x2679,0x3079,0x226a,0x2b79,0x2b69,0x2a69,
      0x2869,0x3088,0x2c79,0x2979,0x2779,0x2988,0x2779,0x2788,0x1e86,0x2c6a,0x296a,0x296a,
      0x276a,0x2879,0x2669,0x2888,0x2388,0x2079,0x247a,0x2079,0x1e86,0x2379,0x1f88,0x2369,
      0x219a,0x1e79,0x2479,0x2379,0x2469,0x266c,0x2269,0x2169,0x1c6a,0x229a,0x1d79,0x1e69,
      0x1e79,0x1d89,0x1b8a,0x198a,0x2379,0x2288,0x1b79,0x1879,0x1f79,0x1e69,0x1e79,0x1d79,
      0x1d79,0x1c79,0x1c69,0x1b69,0x1c79,0x1479,0x1a79,0x1a79,0x1a79,0x1a79,0x1979,0x1a79,
      0x1879,0x1879,0x1779,0x1879,0x1689,0x1679,0x1789,0x1988,0x1589,0x1c88,0x1988,0x1889,
      0x1879,0x1996,0x1888,0x1788,0x1187,0x1689,0x1679,0x0e88,0x1488,0x1479,0x1388,0x1589,
      0x1389,0x1489,0x1289,0x1479,0x0c89,0x1279,0x1288,0x1188,0x1297,0x1297,0x1896,0x1179,
      0x1088,0x1189,0x1189,0x1189,0x1087,0x1089,0x0f89,0x0f89,0x0f88,0x0f89,0x0f79,0x0798,
      0x0e89,0x0d79,0x0e88,0x0d88,0x0d88,0x0c79,0x0d88,0x0c88,0x0b88,0x0c89,0x0b88,0x0b79,
      0x0a88,0x0988,0x1f7b,0x0a89,0x0988,0x0779,0x0988,0x0888,0x0788,0x0788,0x0788,0x0788,
      0x0688,0x0588,0x0779,0x0588,0x0488,0x0388,0x0388,0x0288,0x0288,0x0188,0x0388,0x0188,
      0x0088,0x0188,0x0088,0x0088,
    },
    {
      0x7788,0x7269,0x6e59,0x7788,0x6c69,0x6b69,0x6a69,0x6889,0x6569,0x6b69,0x6a69,0x5559,
      0x5469,0x6669,0x5259,0x6e59,0x515a,0x4d5a,0x5b69,0x465a,0x5769,0x6495,0x556a,0x505a,
      0x4f6a,0x4e6a,0x4b6a,0x4b6a,0x486a,0x486a,0x486a,0x4d69,0x4c69,0x5969,0x5596,0x5569,
      0x5289,0x4e69,0x4d89,0x4d69,0x495b,0x436a,0x4a69,0x4a89,0x4888,0x496a,0x4a69,0x466a,
      0x456a,0x3d69,0x455a,0x3869,0x4769,0x4369,0x4369,0x4069,0x4389,0x3786,0x475b,0x435a,
      0x406a,0x3f6a,0x406a,0x3e6a,0x3d6a,0x2d65,0x3f6a,0x3e5a,0x3d6a,0x3c6a,0x3a6a,0x396a,
      0x3369,0x3c69,0x3369,0x3a59,0x3269,0x3069,0x3069,0x365a,0x376a,0x2b6a,0x356a,0x346a,
      0x326a,0x316a,0x3c69,0x3869,0x3869,0x3569,0x3469,0x3369,0x3269,0x3069,0x316a,0x2f69,
      0x2f5a,0x2e69,0x2d69,0x2d6a,0x2b69,0x2869,0x2769,0x3169,0x236a,0x2c69,0x2c69,0x2b69,
      0x2969,0x3288,0x2d69,0x2a69,0x2869,0x2a88,0x2869,0x2888,0x1f86,0x2d6a,0x2a6a,0x2a6a,
      0x286a,0x2969,0x2769,0x2988,0x2488,0x2169,0x256a,0x2069,0x1e86,0x2469,0x1f88,0x2469,
      0x229a,0x1e69,0x2569,0x2469,0x2569,0x276c,0x2369,0x2269,0x1d6a,0x239a,0x1e69,0x1f69,
      0x1e69,0x1d89,0x1c8a,0x1a8a,0x2469,0x2388,0x1c69,0x1969,0x1f69,0x1e69,0x1e69,0x1d69,
      0x1d69,0x1c69,0x1d69,0x1b69,0x1c69,0x1569,0x1b69,0x1a69,0x1b69,0x1a69,0x1969,0x1a69,
      0x1969,0x1869,0x1769,0x1969,0x1789,0x1769,0x1789,0x1988,0x1589,0x1c88,0x1988,0x1889,
      0x1869,0x1996,0x1988,0x1788,0x1286,0x1789,0x1669,0x0e88,0x1588,0x1569,0x1488,0x1589,
      0x1489,0x1489,0x1389,0x1569,0x0c89,0x1369,0x1288,0x1288,0x1296,0x1396,0x1996,0x1169,
      0x1188,0x1289,0x1189,0x1189,0x1186,0x1189,0x0f89,0x0f89,0x0f88,0x0f89,0x0f69,0x0798,
      0x0e89,0x0d69,0x0e88,0x0d88,0x0d88,0x0c69,0x0d88,0x0c88,0x0b88,0x0c89,0x0b88,0x0b69,
      0x0a88,0x0988,0x206b,0x0a89,0x0988,0x0769,0x0988,0x0888,0x0788,0x0788,0x0788,0x0788,
      0x0688,0x0588,0x0769,0x0588,0x0488,0x0388,0x0388,0x0288,0x0288,0x0188,0x0388,0x0188,
      0x0088,0x0188,0x0088,0x0088,
    },
    {
      0x7a88,0x7569,0x7159,0x7b88,0x6f69,0x6f69,0x6d69,0x6b89,0x6869,0x6e69,0x6d69,0x5859,
      0x5669,0x6969,0x5459,0x7259,0x545a,0x4f5a,0x5e69,0x485a,0x5969,0x6795,0x586a,0x525a,
      0x516a,0x506a,0x4e6a,0x4d6a,0x4a6a,0x4a6a,0x4a6a,0x4f69,0x4e69,0x5c69,0x5796,0x5769,
      0x5489,0x5169,0x5089,0x4f69,0x4b5b,0x456a,0x4d69,0x4c89,0x4a88,0x4b6a,0x4c69,0x486a,
      0x476a,0x3f69,0x475a,0x3969,0x4969,0x4569,0x4569,0x4269,0x4589,0x3886,0x495b,0x455a,
      0x426a,0x416a,0x426a,0x406a,0x3f6a,0x2f65,0x416a,0x405a,0x3f6a,0x3e6a,0x3c6a,0x3a6a,
      0x3469,0x3e69,0x3569,0x3c59,0x3469,0x3269,0x3169,0x385a,0x396a,0x2d6a,0x366a,0x366a,
      0x346a,0x326a,0x3e69,0x3a69,0x3969,0x3769,0x3669,0x3469,0x3469,0x3269,0x326a,0x3069,
      0x305a,0x2f69,0x2f69,0x2f6a,0x2d69,0x2969,0x2869,0x3269,0x246a,0x2e69,0x2d69,0x2d69,
      0x2b69,0x3388,0x2f69,0x2b69,0x2969,0x2c88,0x2969,0x2988,0x2086,0x2e6a,0x2c6a,0x2b6a,
      0x296a,0x2a69,0x2869,0x2b88,0x2588,0x2269,0x266a,0x2169,0x1f86,0x2569,0x2088,0x2569,
      0x239a,0x1f69,0x2669,0x2569,0x2669,0x286c,0x2469,0x2369,0x1e6a,0x249a,0x1f69,0x2069,
      0x1f69,0x1e89,0x1d8a,0x1b8a,0x2569,0x2488,0x1d69,0x1a69,0x2069,0x1f69,0x1f69,0x1e69,
      0x1e69,0x1d69,0x1e69,0x1c69,0x1d69,0x1569,0x1c69,0x1b69,0x1c69,0x1b69,0x1a69,0x1b69,
      0x1a69,0x1969,0x1869,0x1a69,0x1789,0x1769,0x1889,0x1a88,0x1689,0x1d88,0x1a88,0x1989,
      0x1969,0x1a96,0x1a88,0x1888,0x1286,0x1789,0x1769,0x0f88,0x1588,0x1569,0x1488,0x1689,
      0x1489,0x1589,0x1389,0x1569,0x0d89,0x1369,0x1388,0x1288,0x1396,0x1396,0x1a96,0x1269,
      0x1188,0x1289,0x1289,0x1289,0x1186,0x1189,0x1089,0x1089,0x0f88,0x0f89,0x0f69,0x0798,
      0x0f89,0x0e69,0x0e88,0x0e88,0x0d88,0x0d69,0x0d88,0x0d88,0x0c88,0x0d89,0x0c88,0x0b69,
      0x0a88,0x0a88,0x216b,0x0a89,0x0988,0x0769,0x0988,0x0888,0x0788,0x0788,0x0788,0x0788,
      0x0688,0x0588,0x0769,0x0588,0x0488,0x0388,0x0388,0x0288,0x0288,0x0188,0x0388,0x0188,
      0x0088,0x0188,0x0088,0x0088,
    },
    {
      0x7e88,0x7969,0x7459,0x7e88,0x7269,0x7269,0x7169,0x6e89,0x6b69,0x7169,0x7169,0x5a59,
      0x5969,0x6c69,0x5759,0x7559,0x565a,0x515a,0x6069,0x4a5a,0x5c69,0x6a95,0x5a6a,0x555a,
      0x546a,0x536a,0x506a,0x4f6a,0x4d6a,0x4d6a,0x4c6a,0x5169,0x5069,0x5f69,0x5a96,0x5a69,
      0x5789,0x5369,0x5289,0x5169,0x4d5b,0x476a,0x4f69,0x4e89,0x4d88,0x4e6a,0x4e69,0x4a6a,
      0x496a,0x4169,0x495a,0x3b69,0x4b69,0x4769,0x4769,0x4469,0x4789,0x3a86,0x4b5b,0x475a,
      0x446a,0x436a,0x446a,0x426a,0x416a,0x3065,0x436a,0x425a,0x416a,0x3f6a,0x3e6a,0x3c6a,
      0x3669,0x4069,0x3669,0x3d59,0x3569,0x3369,0x3369,0x395a,0x3b6a,0x2e6a,0x386a,0x376a,
      0x356a,0x346a,0x3f69,0x3c69,0x3b69,0x3869,0x3769,0x3669,0x3569,0x3369,0x346a,0x3269,
      0x325a,0x3169,0x3069,0x306a,0x2e69,0x2b69,0x2969,0x3469,0x256a,0x2f69,0x2e69,0x2e69,
      0x2c69,0x3588,0x3069,0x2c69,0x2b69,0x2d88,0x2b69,0x2a88,0x2186,0x306a,0x2d6a,0x2c6a,
      0x2b6a,0x2b69,0x2969,0x2c88,0x2688,0x2369,0x276a,0x2269,0x2086,0x2669,0x2188,0x2669,
      0x249a,0x2069,0x2769,0x2669,0x2769,0x2a6c,0x2569,0x2469,0x1f6a,0x259a,0x2069,0x2169,
      0x2069,0x1f89,0x1e8a,0x1b8a,0x2669,0x2588,0x1e69,0x1a69,0x2169,0x2069,0x2069,0x1f69,
      0x1f69,0x1e69,0x1f69,0x1d69,0x1e69,0x1669,0x1c69,0x1c69,0x1c69,0x1c69,0x1b69,0x1c69,
      0x1a69,0x1a69,0x1969,0x1a69,0x1889,0x1869,0x1989,0x1b88,0x1689,0x1e88,0x1b88,0x1a89,
      0x1a69,0x1b96,0x1a88,0x1988,0x1386,0x1889,0x1869,0x0f88,0x1688,0x1669,0x1588,0x1689,
      0x1589,0x1589,0x1489,0x1669,0x0d89,0x1469,0x1388,0x1388,0x1396,0x1496,0x1a96,0x1269,
      0x1288,0x1389,0x1289,0x1289,0x1286,0x1289,0x1089,0x1089,0x1088,0x1089,0x1069,0x0798,
      0x0f89,0x0e69,0x0f88,0x0e88,0x0e88,0x0d69,0x0e88,0x0d88,0x0c88,0x0d89,0x0c88,0x0b69,
      0x0a88,0x0a88,0x226b,0x0a89,0x0988,0x0769,0x0988,0x0888,0x0888,0x0888,0x0788,0x0788,
      0x0688,0x0588,0x0769,0x0588,0x0488,0x0388,0x0388,0x0288,0x0288,0x0188,0x0388,0x0188,
      0x0088,0x0188,0x0088,0x0088,
    },
    {
      0x8188,0x7c69,0x7859,0x8288,0x7669,0x7569,0x7469,0x7189,0x6e69,0x7469,0x7469,0x5d59,
      0x5b69,0x6f69,0x5959,0x7859,0x595a,0x545a,0x6369,0x4d5a,0x5f69,0x6d95,0x5d6a,0x575a,
      0x566a,0x556a,0x526a,0x526a,0x4f6a,0x4f6a,0x4e6a,0x5469,0x5369,0x6169,0x5c96,0x5c69,
      0x5989,0x5669,0x5489,0x5469,0x4f5b,0x496a,0x5169,0x5089,0x4f88,0x506a,0x5069,0x4c6a,
      0x4b6a,0x4269,0x4b5a,0x3d69,0x4d69,0x4969,0x4969,0x4669,0x4989,0x3c86,0x4d5b,0x495a,
      0x466a,0x456a,0x466a,0x446a,0x436a,0x3265,0x456a,0x445a,0x426a,0x416a,0x406a,0x3e6a,
      0x3769,0x4269,0x3869,0x3f59,0x3769,0x3569,0x3469,0x3b5a,0x3c6a,0x2f6a,0x396a,0x396a,
      0x376a,0x356a,0x4169,0x3d69,0x3d69,0x3a69,0x3969,0x3769,0x3769,0x3569,0x356a,0x3369,
      0x335a,0x3269,0x3269,0x326a,0x2f69,0x2c69,0x2a69,0x3569,0x266a,0x3069,0x3069,0x2f69,
      0x2d69,0x3688,0x3269,0x2e69,0x2c69,0x2e88,0x2c69,0x2b88,0x2286,0x316a,0x2e6a,0x2e6a,
      0x2c6a,0x2c69,0x2a69,0x2d88,0x2788,0x2469,0x296a,0x2369,0x2186,0x2769,0x2288,0x2769,
      0x259a,0x2169,0x2969,0x2769,0x2969,0x2b6c,0x2669,0x2569,0x206a,0x269a,0x2169,0x2269,
      0x2169,0x2089,0x1e8a,0x1c8a,0x2769,0x2688,0x1e69,0x1b69,0x2269,0x2169,0x2169,0x2069,
      0x2069,0x1f69,0x2069,0x1e69,0x1f69,0x1769,0x1d69,0x1d69,0x1d69,0x1d69,0x1c69,0x1d69,
      0x1b69,0x1a69,0x1969,0x1b69,0x1989,0x1969,0x1989,0x1c88,0x1789,0x1f88,0x1c88,0x1a89,
      0x1a69,0x1c96,0x1b88,0x1988,0x1386,0x1989,0x1869,0x1088,0x1788,0x1769,0x1588,0x1789,
      0x1589,0x1689,0x1489,0x1769,0x0e89,0x1469,0x1488,0x1388,0x1496,0x1496,0x1b96,0x1369,
      0x1288,0x1389,0x1389,0x1389,0x1286,0x1289,0x1189,0x1189,0x1088,0x1089,0x1069,0x0798,
      0x1089,0x0f69,0x0f88,0x0f88,0x0e88,0x0e69,0x0e88,0x0e88,0x0c88,0x0e89,0x0c88,0x0c69,
      0x0b88,0x0a88,0x236b,0x0b89,0x0a88,0x0769,0x0a88,0x0888,0x0888,0x0888,0x0788,0x0788,
      0x0688,0x0688,0x0769,0x0688,0x0488,0x0388,0x0388,0x0288,0x0288,0x0188,0x0388,0x0188,
      0x0088,0x0188,0x0088,0x0088,
    },
    {
      0x8588,0x8069,0x7b59,0x8688,0x7969,0x7869,0x7769,0x7489,0x7169,0x7869,0x7769,0x5f59,
      0x5e69,0x7269,0x5c59,0x7c59,0x5b5a,0x565a,0x6669,0x4f5a,0x6169,0x7095,0x5f6a,0x5a5a,
      0x586a,0x576a,0x546a,0x546a,0x516a,0x516a,0x506a,0x5669,0x5569,0x6469,0x5f96,0x5f69,
      0x5c89,0x5869,0x5789,0x5669,0x525b,0x4b6a,0x5369,0x5389,0x5188,0x526a,0x5369,0x4e6a,
      0x4d6a,0x4469,0x4d5a,0x3e69,0x4f69,0x4b69,0x4b69,0x4869,0x4b89,0x3d86,0x4f5b,0x4b5a,
      0x486a,0x476a,0x486a,0x466a,0x456a,0x3365,0x476a,0x455a,0x446a,0x436a,0x416a,0x406a,
      0x3969,0x4469,0x3969,0x4159,0x3869,0x3669,0x3669,0x3d5a,0x3e6a,0x316a,0x3b6a,0x3a6a,
      0x386a,0x376a,0x4369,0x3f69,0x3e69,0x3c69,0x3a69,0x3969,0x3869,0x3669,0x376a,0x3569,
      0x355a,0x3369,0x3369,0x336a,0x3169,0x2d69,0x2b69,0x3769,0x276a,0x3269,0x3169,0x3169,
      0x2e69,0x3888,0x3369,0x2f69,0x2d69,0x2f88,0x2d69,0x2d88,0x2386,0x326a,0x2f6a,0x2f6a,
      0x2d6a,0x2e69,0x2b69,0x2e88,0x2888,0x2569,0x2a6a,0x2469,0x2286,0x2869,0x2388,0x2869,
      0x269a,0x2269,0x2a69,0x2869,0x2a69,0x2c6c,0x2769,0x2669,0x206a,0x279a,0x2269,0x2369,
      0x2269,0x2189,0x1f8a,0x1d8a,0x2869,0x2788,0x1f69,0x1c69,0x2369,0x2269,0x2269,0x2169,
      0x2169,0x2069,0x2069,0x1f69,0x2069,0x1769,0x1e69,0x1d69,0x1e69,0x1d69,0x1c69,0x1d69,
      0x1c69,0x1b69,0x1a69,0x1c69,0x1989,0x1969,0x1a89,0x1c88,0x1889,0x2088,0x1c88,0x1b89,
      0x1b69,0x1c96,0x1c88,0x1a88,0x1486,0x1989,0x1969,0x1088,0x1788,0x1769,0x1688,0x1889,
      0x1689,0x1789,0x1589,0x1769,0x0e89,0x1569,0x1488,0x1488,0x1496,0x1596,0x1c96,0x1369,
      0x1388,0x1489,0x1389,0x1389,0x1386,0x1389,0x1189,0x1189,0x1188,0x1189,0x1169,0x0898,
      0x1089,0x0f69,0x1088,0x0f88,0x0e88,0x0e69,0x0e88,0x0e88,0x0d88,0x0e89,0x0d88,0x0c69,
      0x0b88,0x0a88,0x246b,0x0b89,0x0a88,0x0869,0x0a88,0x0988,0x0888,0x0888,0x0888,0x0888,
      0x0688,0x0688,0x0869,0x0688,0x0488,0x0388,0x0388,0x0288,0x0288,0x0188,0x0388,0x0188,
      0x0088,0x0188,0x0088,0x0088,
    },
    {
      0x8988,0x8369,0x7e59,0x8988,0x7c69,0x7c69,0x7a69,0x7789,0x7469,0x7b69,0x7a69,0x6259,
      0x6069,0x7569,0x5e59,0x7f59,0x5e5a,0x585a,0x6969,0x515a,0x6469,0x7395,0x626a,0x5c5a,
      0x5b6a,0x5a6a,0x576a,0x566a,0x536a,0x536a,0x536a,0x5869,0x5769,0x6769,0x6196,0x6169,
      0x5e89,0x5a69,0x5989,0x5869,0x545c,0x4d6a,0x5669,0x5589,0x5388,0x546a,0x5569,0x506a,
      0x506a,0x4669,0x505a,0x4069,0x5169,0x4d69,0x4d69,0x4a69,0x4d89,0x3f86,0x515b,0x4d5a,
      0x4a6a,0x496a,0x4a6a,0x486a,0x476a,0x3465,0x486a,0x475a,0x466a,0x456a,0x436a,0x416a,
      0x3a69,0x4569,0x3b69,0x4359,0x3a69,0x3869,0x3769,0x3e5a,0x406a,0x326a,0x3d6a,0x3c6a,
      0x3a6a,0x386a,0x4569,0x4169,0x4069,0x3d69,0x3c69,0x3a69,0x3a69,0x3869,0x386a,0x3669,
      0x365a,0x3569,0x3469,0x346a,0x3269,0x2e69,0x2d69,0x3869,0x286a,0x3369,0x3269,0x3269,
      0x3069,0x3988,0x3469,0x3069,0x2e69,0x3188,0x2e69,0x2e88,0x2486,0x346a,0x316a,0x306a,
      0x2e6a,0x2f69,0x2d69,0x3088,0x2988,0x2669,0x2b6a,0x2569,0x2386,0x2a69,0x2488,0x2a69,
      0x279a,0x2369,0x2b69,0x2969,0x2b69,0x2d6c,0x2869,0x2769,0x216a,0x289a,0x2269,0x2469,
      0x2369,0x2289,0x208a,0x1e8a,0x2a69,0x2888,0x2069,0x1d69,0x2469,0x2369,0x2369,0x2269,
      0x2269,0x2169,0x2169,0x1f69,0x2169,0x1869,0x1f69,0x1e69,0x1f69,0x1e69,0x1d69,0x1e69,
      0x1d69,0x1c69,0x1b69,0x1d69,0x1a89,0x1a69,0x1b89,0x1d88,0x1889,0x2188,0x1d88,0x1c89,
      0x1c69,0x1d96,0x1d88,0x1b88,0x1486,0x1a89,0x1a69,0x1188,0x1888,0x1869,0x1788,0x1889,
      0x1789,0x1789,0x1589,0x1869,0x0e89,0x1569,0x1588,0x1488,0x1596,0x1596,0x1d96,0x1469,
      0x1388,0x1489,0x1489,0x1489,0x1386,0x1389,0x1289,0x1289,0x1188,0x1189,0x1169,0x0898,
      0x1189,0x0f69,0x1088,0x0f88,0x0f88,0x0e69,0x0f88,0x0e88,0x0d88,0x0e89,0x0d88,0x0c69,
      0x0b88,0x0b88,0x256c,0x0b89,0x0a88,0x0869,0x0a88,0x0988,0x0888,0x0888,0x0888,0x0888,
      0x0788,0x0688,0x0869,0x0688,0x0488,0x0488,0x0488,0x0288,0x0288,0x0188,0x0388,0x0188,
      0x0088,0x0188,0x0088,0x0088,
    },
    {
      0x8c88,0x8769,0x8259,0x8d88,0x7f69,0x7f69,0x7e69,0x7a89,0x7769,0x7e69,0x7e69,0x6559,
      0x6369,0x7869,0x6159,0x8259,0x605a,0x5b5a,0x6b69,0x535a,0x6669,0x7695,0x656a,0x5e5a,
      0x5d6a,0x5c6a,0x596a,0x586a,0x556a,0x556a,0x556a,0x5b69,0x5a69,0x6969,0x6496,0x6469,
      0x6189,0x5d69,0x5b89,0x5b69,0x565c,0x4f6a,0x5869,0x5789,0x5588,0x576a,0x5769,0x526a,
      0x526a,0x4869,0x525a,0x4269,0x5369,0x4f69,0x4f69,0x4c69,0x4f89,0x4186,0x535b,0x4f5a,
      0x4c6a,0x4b6a,0x4c6a,0x4a6a,0x496a,0x3665,0x4a6a,0x495a,0x486a,0x476a,0x456a,0x436a,
      0x3c69,0x4769,0x3c69,0x4459,0x3b69,0x3969,0x3969,0x405a,0x416a,0x336a,0x3e6a,0x3e6a,
      0x3b6a,0x3a6a,0x4769,0x4269,0x4269,0x3f69,0x3e69,0x3c69,0x3b69,0x3969,0x3a6a,0x3769,
      0x375a,0x3669,0x3669,0x366a,0x3369,0x3069,0x2e69,0x3a69,0x296a,0x3469,0x3469,0x3369,
      0x3169,0x3b88,0x3669,0x3169,0x3069,0x3288,0x3069,0x2f88,0x2586,0x356a,0x326a,0x316a,
      0x306a,0x3069,0x2e69,0x3188,0x2a88,0x2769,0x2c6a,0x2669,0x2486,0x2b69,0x2588,0x2b69,
      0x289a,0x2469,0x2c69,0x2a69,0x2c69,0x2e6c,0x2969,0x2869,0x226a,0x299a,0x2369,0x2569,
      0x2469,0x2389,0x218a,0x1e8a,0x2b69,0x2988,0x2169,0x1d69,0x2569,0x2469,0x2469,0x2369,
      0x2369,0x2269,0x2269,0x2069,0x2269,0x1869,0x2069,0x1f69,0x2069,0x1f69,0x1e69,0x1f69,
      0x1d69,0x1d69,0x1b69,0x1d69,0x1b89,0x1b69,0x1b89,0x1e88,0x1989,0x2288,0x1e88,0x1d89,
      0x1d69,0x1e96,0x1d88,0x1b88,0x1586,0x1b89,0x1a69,0x1188,0x1888,0x1869,0x1788,0x1989,
      0x1789,0x1889,0x1689,0x1869,0x0f89,0x1669,0x1588,0x1588,0x1596,0x1696,0x1d96,0x1469,
      0x1488,0x1589,0x1489,0x1489,0x1486,0x1489,0x1289,0x1289,0x1288,0x1289,0x1269,0x0898,
      0x1189,0x1069,0x1088,0x1088,0x0f88,0x0f69,0x0f88,0x0f88,0x0d88,0x0f89,0x0d88,0x0d69,
      0x0c88,0x0b88,0x266c,0x0c89,0x0a88,0x0869,0x0a88,0x0988,0x0988,0x0988,0x0888,0x0888,
      0x0788,0x0688,0x0869,0x0688,0x0488,0x0488,0x0488,0x0288,0x0288,0x0188,0x0388,0x0188,
      0x0088,0x0188,0x0088,0x0088,
    },
    {
      0x9088,0x8a69,0x8559,0x9088,0x8369,0x8269,0x8169,0x7e89,0x7a69,0x8169,0x8169,0x6759,
      0x6569,0x7b69,0x6359,0x8659,0x635a,0x5d5a,0x6e69,0x555a,0x6969,0x7995,0x676a,0x615a,
      0x606a,0x5e6a,0x5b6a,0x5b6a,0x586a,0x586a,0x576a,0x5d69,0x5c69,0x6c69,0x6796,0x6769,
      0x6389,0x5f69,0x5e89,0x5d69,0x585c,0x516a,0x5a69,0x5989,0x5888,0x596a,0x5969,0x546a,
      0x546a,0x4a69,0x545a,0x4469,0x5669,0x5169,0x5169,0x4e69,0x5189,0x4286,0x565b,0x515b,
      0x4e6b,0x4d6b,0x4e6a,0x4c6b,0x4a6b,0x3765,0x4c6a,0x4b5a,0x4a6b,0x496b,0x476b,0x456b,
      0x3d69,0x4969,0x3e69,0x4659,0x3d69,0x3b69,0x3a69,0x425a,0x436a,0x356a,0x406a,0x3f6a,
      0x3d6b,0x3b6a,0x4969,0x4469,0x4469,0x4069,0x3f69,0x3d69,0x3d69,0x3b69,0x3b6a,0x3969,
      0x395a,0x3869,0x3769,0x376a,0x3569,0x3169,0x2f69,0x3b69,0x2b6a,0x3669,0x3569,0x3569,
      0x3269,0x3c88,0x3769,0x3369,0x3169,0x3388,0x3169,0x3088,0x2686,0x366a,0x336a,0x336a,
      0x316a,0x3169,0x2f69,0x3288,0x2b88,0x2869,0x2d6a,0x2769,0x2586,0x2c69,0x2688,0x2c69,
      0x299a,0x2569,0x2d69,0x2b69,0x2d69,0x306c,0x2a69,0x2969,0x236b,0x2b9a,0x2469,0x2669,
      0x2569,0x2489,0x228a,0x1f8a,0x2c69,0x2b88,0x2269,0x1e69,0x2669,0x2569,0x2569,0x2469,
      0x2469,0x2269,0x2369,0x2169,0x2269,0x1969,0x2169,0x2069,0x2169,0x2069,0x1f69,0x2069,
      0x1e69,0x1d69,0x1c69,0x1e69,0x1c89,0x1c69,0x1c89,0x1f88,0x1a89,0x2288,0x1f88,0x1d89,
      0x1d69,0x1f96,0x1e88,0x1c88,0x1586,0x1c89,0x1b69,0x1288,0x1988,0x1969,0x1888,0x1a89,
      0x1889,0x1889,0x1789,0x1969,0x0f89,0x1769,0x1688,0x1588,0x1696,0x1796,0x1e96,0x1569,
      0x1488,0x1589,0x1589,0x1589,0x1486,0x1489,0x1389,0x1389,0x1288,0x1289,0x1269,0x0898,
      0x1289,0x1069,0x1188,0x1088,0x1088,0x0f69,0x1088,0x0f88,0x0e88,0x0f89,0x0e88,0x0d69,
      0x0c88,0x0b88,0x276c,0x0c89,0x0b88,0x0869,0x0b88,0x0988,0x0988,0x0988,0x0888,0x0888,
      0x0788,0x0688,0x0869,0x0688,0x0488,0x0488,0x0488,0x0288,0x0288,0x0188,0x0388,0x0188,
      0x0088,0x0188,0x0088,0x0088,
    },
    {
      0x9388,0x8e69,0x8859,0x9488,0x8669,0x8569,0x8469,0x8189,0x7d69,0x8569,0x8469,0x6a59,
      0x6869,0x7e69,0x6659,0x8949,0x655a,0x5f5a,0x7169,0x575a,0x6c69,0x7c95,0x6a6a,0x635a,
      0x626a,0x616a,0x5e6a,0x5d6a,0x5a6a,0x5a6a,0x596a,0x5f69,0x5e69,0x6f69,0x6996,0x6969,
      0x6689,0x6169,0x6089,0x5f69,0x5a4c,0x536a,0x5c69,0x5c89,0x5a88,0x5b6a,0x5c69,0x566a,
      0x566a,0x4c69,0x565a,0x4569,0x5869,0x5369,0x5369,0x4f69,0x5389,0x4486,0x585b,0x535b,
      0x506b,0x4f6b,0x506a,0x4e6b,0x4c6b,0x3864,0x4e6a,0x4d5a,0x4c6b,0x4a6b,0x486b,0x466b,
      0x3f69,0x4b69,0x3f69,0x4859,0x3e69,0x3c69,0x3c69,0x435a,0x456a,0x366a,0x416a,0x416a,
      0x3e6b,0x3d6a,0x4a69,0x4669,0x4569,0x4269,0x4169,0x3f69,0x3e69,0x3c69,0x3d6a,0x3a69,
      0x3a5a,0x3969,0x3869,0x386a,0x3669,0x3269,0x3069,0x3d69,0x2c6a,0x3769,0x3669,0x3669,
      0x3369,0x3e88,0x3869,0x3469,0x3269,0x3588,0x3269,0x3188,0x2686,0x386a,0x356a,0x346a,
      0x326a,0x3369,0x3069,0x3388,0x2c88,0x2969,0x2e6a,0x2869,0x2686,0x2d69,0x2788,0x2d69,
      0x2a9a,0x2669,0x2e69,0x2c69,0x2e69,0x316c,0x2b69,0x2a69,0x246b,0x2c9a,0x2569,0x2669,
      0x2669,0x2589,0x238a,0x208a,0x2d69,0x2c88,0x2369,0x1f69,0x2769,0x2669,0x2669,0x2569,
      0x2569,0x2369,0x2469,0x2269,0x2369,0x1a69,0x2169,0x2169,0x2169,0x2169,0x1f69,0x2169,
      0x1f69,0x1e69,0x1d69,0x1f69,0x1c89,0x1c69,0x1d89,0x1f88,0x1a89,0x2388,0x1f88,0x1e89,
      0x1e69,0x1f96,0x1f88,0x1d88,0x1686,0x1c89,0x1c69,0x1288,0x1a88,0x1a69,0x1888,0x1a89,
      0x1889,0x1989,0x1789,0x1a69,0x0f89,0x1769,0x1688,0x1688,0x1696,0x1796,0x1f96,0x1569,
      0x1588,0x1689,0x1589,0x1589,0x1586,0x1589,0x1389,0x1389,0x1388,0x1389,0x1369,0x0898,
      0x1289,0x1169,0x1188,0x1188,0x1088,0x0f69,0x1088,0x0f88,0x0e88,0x0f89,0x0e88,0x0d69,
      0x0c88,0x0c88,0x286c,0x0c89,0x0b88,0x0869,0x0b88,0x0a88,0x0988,0x0988,0x0888,0x0888,
      0x0788,0x0688,0x0869,0x0688,0x0488,0x0488,0x0488,0x0288,0x0288,0x0188,0x0388,0x0188,
      0x0088,0x0188,0x0088,0x0088,
    },
    {
      0x9788,0x9169,0x8c59,0x9888,0x8969,0x8969,0x8769,0x8489,0x8069,0x8869,0x8769,0x6c59,
      0x6a69,0x8169,0x6859,0x8c49,0x685a,0x625a,0x7469,0x595a,0x6e69,0x7f95,0x6c6a,0x665a,
      0x646a,0x636a,0x606a,0x5f6a,0x5c6a,0x5c6a,0x5b6a,0x6269,0x6069,0x7269,0x6c96,0x6c69,
      0x6889,0x6469,0x6289,0x6269,0x5d4c,0x556a,0x5f69,0x5e89,0x5c88,0x5d6a,0x5e69,0x596a,
      0x586a,0x4d69,0x585a,0x4769,0x5a69,0x5569,0x5569,0x5169,0x5589,0x4686,0x5a5b,0x555b,
      0x526b,0x516b,0x526a,0x4f6b,0x4e6b,0x3a64,0x506a,0x4f5a,0x4d6b,0x4c6b,0x4a6b,0x486b,
      0x4069,0x4d69,0x4169,0x4a59,0x4069,0x3e69,0x3d69,0x455a,0x466a,0x376a,0x436a,0x426a,
      0x406b,0x3e6a,0x4c69,0x4869,0x4769,0x4469,0x4269,0x4069,0x4069,0x3e69,0x3e6a,0x3c69,
      0x3c5a,0x3a69,0x3a69,0x3a6a,0x3769,0x3369,0x3169,0x3e69,0x2d6a,0x3869,0x3869,0x3769,
      0x3569,0x3f88,0x3a69,0x3569,0x3369,0x3688,0x3369,0x3388,0x2786,0x396a,0x366a,0x356a,
      0x336a,0x3469,0x3169,0x3588,0x2d88,0x2a69,0x2f6a,0x2969,0x2786,0x2e69,0x2888,0x2e69,
      0x2b9a,0x2769,0x2f69,0x2d69,0x2f69,0x326d,0x2c69,0x2b69,0x256b,0x2d9a,0x2669,0x2769,
      0x2769,0x2589,0x238a,0x218a,0x2e69,0x2d88,0x2369,0x2069,0x2869,0x2769,0x2769,0x2569,
      0x2569,0x2469,0x2569,0x2369,0x2469,0x1a69,0x2269,0x2169,0x2269,0x2169,0x2069,0x2169,
      0x2069,0x1f69,0x1e69,0x2069,0x1d89,0x1d69,0x1e89,0x2088,0x1b89,0x2488,0x2088,0x1f89,
      0x1f69,0x2096,0x2088,0x1e88,0x1686,0x1d89,0x1c69,0x1288,0x1a88,0x1a69,0x1988,0x1b89,
      0x1989,0x1a89,0x1889,0x1a69,0x1089,0x1869,0x1788,0x1688,0x1796,0x1896,0x2096,0x1669,
      0x1588,0x1689,0x1689,0x1689,0x1586,0x1589,0x1489,0x1489,0x1388,0x1389,0x1369,0x0998,
      0x1289,0x1169,0x1288,0x1188,0x1088,0x1069,0x1088,0x1088,0x0e88,0x1089,0x0e88,0x0e69,
      0x0c88,0x0c88,0x296c,0x0c89,0x0b88,0x0969,0x0b88,0x0a88,0x0988,0x0988,0x0988,0x0988,
      0x0788,0x0788,0x0969,0x0788,0x0588,0x0488,0x0488,0x0288,0x0288,0x0188,0x0388,0x0188,
      0x0088,0x0188,0x0088,0x0088,
    },
    {
      0x9b88,0x9469,0x8f59,0x9b88,0x8c69,0x8c69,0x8a69,0x8789,0x8369,0x8b69,0x8a69,0x6f59,
      0x6d69,0x8469,0x6b59,0x9049,0x6a5a,0x645a,0x7669,0x5b5a,0x7169,0x8295,0x6f6a,0x685a,
      0x676a,0x656a,0x626a,0x616a,0x5e6a,0x5e6a,0x5d6a,0x6469,0x6369,0x7469,0x6e96,0x6e69,
      0x6b89,0x6669,0x6589,0x6469,0x5f4c,0x576a,0x6169,0x6089,0x5e88,0x5f6a,0x6069,0x5b6a,
      0x5a6a,0x4f69,0x5a5a,0x4969,0x5c69,0x5769,0x5769,0x5369,0x5789,0x4786,0x5c5b,0x575b,
      0x546b,0x536b,0x546a,0x516b,0x506b,0x3b64,0x526a,0x515a,0x4f6b,0x4e6b,0x4c6b,0x4a6b,
      0x4269,0x4f69,0x4369,0x4b59,0x4169,0x3f69,0x3e69,0x475a,0x486a,0x386a,0x456a,0x446a,
      0x416b,0x406a,0x4e69,0x4969,0x4969,0x4569,0x4469,0x4269,0x4169,0x3f69,0x406a,0x3d69,
      0x3d5a,0x3c69,0x3b69,0x3b6a,0x3869,0x3469,0x3269,0x4069,0x2e6a,0x3a69,0x3969,0x3869,
      0x3669,0x4188,0x3b69,0x3669,0x3469,0x3788,0x3469,0x3488,0x2886,0x3a6a,0x376a,0x366a,
      0x346a,0x3569,0x3269,0x3688,0x2e88,0x2b69,0x306a,0x2a69,0x2886,0x2f69,0x2988,0x2f69,
      0x2c9a,0x2869,0x3069,0x2e69,0x3069,0x336d,0x2d69,0x2c69,0x266b,0x2e9a,0x2769,0x2869,
      0x2869,0x2689,0x248a,0x228a,0x2f69,0x2e88,0x2469,0x2069,0x2969,0x2869,0x2869,0x2669,
      0x2669,0x2569,0x2669,0x2469,0x2569,0x1b69,0x2369,0x2269,0x2369,0x2269,0x2169,0x2269,
      0x2069,0x2069,0x1e69,0x2069,0x1e89,0x1e69,0x1e89,0x2188,0x1c89,0x2588,0x2188,0x2089,
      0x2069,0x2196,0x2088,0x1e88,0x1786,0x1e89,0x1d69,0x1388,0x1b88,0x1b69,0x1a88,0x1c89,
      0x1a89,0x1a89,0x1889,0x1b69,0x1089,0x1869,0x1888,0x1788,0x1896,0x1896,0x2096,0x1669,
      0x1688,0x1789,0x1689,0x1689,0x1686,0x1689,0x1489,0x1489,0x1388,0x1389,0x1369,0x0998,
      0x1389,0x1169,0x1288,0x1188,0x1188,0x1069,0x1188,0x1088,0x0f88,0x1089,0x0f88,0x0e69,
      0x0d88,0x0c88,0x2a6c,0x0d89,0x0b88,0x0969,0x0b88,0x0a88,0x0988,0x0988,0x0988,0x0988,
      0x0788,0x0788,0x0969,0x0788,0x0588,0x0488,0x0488,0x0288,0x0288,0x0188,0x0388,0x0188,
      0x0088,0x0188,0x0088,0x0088,
    },
    {
      0x9e88,0x9869,0x9259,0x9f88,0x9069,0x8f69,0x8e69,0x8a89,0x8669,0x8e69,0x8e69,0x7159,
      0x6f69,0x8769,0x6d59,0x9349,0x6d5a,0x665a,0x7969,0x5e5a,0x7469,0x8595,0x716a,0x6b5a,
      0x696a,0x686a,0x646a,0x646a,0x606a,0x606a,0x606a,0x6669,0x6569,0x7769,0x7196,0x7169,
      0x6d89,0x6969,0x6789,0x6669,0x614c,0x596a,0x6369,0x6289,0x6088,0x626a,0x6269,0x5d6a,
      0x5c6a,0x5169,0x5c5a,0x4a69,0x5e69,0x5969,0x5969,0x5569,0x5989,0x4986,0x5e5b,0x595b,
      0x566b,0x556b,0x566a,0x536b,0x526b,0x3d64,0x546a,0x535a,0x516b,0x506b,0x4e6b,0x4c6b,
      0x4369,0x5069,0x4469,0x4d59,0x4369,0x4169,0x4069,0x485a,0x4a6a,0x3a6a,0x466a,0x456a,
      0x436b,0x416a,0x5069,0x4b69,0x4a69,0x4769,0x4569,0x4369,0x4369,0x4169,0x416a,0x3f69,
      0x3f5a,0x3d69,0x3d69,0x3d6a,0x3a69,0x3669,0x3469,0x4169,0x2f6a,0x3b69,0x3a69,0x3a69,
      0x3769,0x4288,0x3d69,0x3869,0x3669,0x3888,0x3669,0x3588,0x2986,0x3c6a,0x386a,0x386a,
      0x366a,0x3669,0x3469,0x3788,0x2f88,0x2c69,0x326a,0x2b69,0x2986,0x3069,0x2a88,0x3069,
      0x2d9a,0x2969,0x3269,0x2f69,0x3269,0x346d,0x2e69,0x2d69,0x276b,0x2f9a,0x2869,0x2969,
      0x2969,0x2789,0x258a,0x228a,0x3069,0x2f88,0x2569,0x2169,0x2a69,0x2969,0x2969,0x2769,
      0x2769,0x2669,0x2769,0x2469,0x2669,0x1c69,0x2469,0x2369,0x2469,0x2369,0x2269,0x2369,
      0x2169,0x2069,0x1f69,0x2169,0x1e89,0x1e69,0x1f89,0x2288,0x1c89,0x2688,0x2288,0x2089,
      0x2069,0x2296,0x2188,0x1f88,0x1786,0x1e89,0x1e69,0x1388,0x1c88,0x1c69,0x1a88,0x1c89,
      0x1a89,0x1b89,0x1989,0x1c69,0x1189,0x1969,0x1888,0x1788,0x1896,0x1996,0x2196,0x1769,
      0x1688,0x1789,0x1789,0x1789,0x1686,0x1689,0x1589,0x1589,0x1488,0x1489,0x1469,0x0998,
      0x1389,0x1269,0x1388,0x1288,0x1188,0x1169,0x1188,0x1188,0x0f88,0x1189,0x0f88,0x0e69,
      0x0d88,0x0c88,0x2b6c,0x0d89,0x0c88,0x0969,0x0c88,0x0a88,0x0a88,0x0a88,0x0988,0x0988,
      0x0888,0x0788,0x0969,0x0788,0x0588,0x0488,0x0488,0x0288,0x0288,0x0188,0x0388,0x0188,
      0x0088,0x0188,0x0088,0x0088,
    },
    {
      0xa288,0x9b69,0x9659,0xa288,0x9369,0x9269,0x9169,0x8d89,0x8969,0x9269,0x9169,0x7459,
      0x7269,0x8b69,0x7059,0x9649,0x6f5a,0x695a,0x7c69,0x605a,0x7669,0x8895,0x746a,0x6d5a,
      0x6c6a,0x6a6a,0x676a,0x666a,0x626a,0x626a,0x626a,0x6969,0x6769,0x7a69,0x7396,0x7369,
      0x7089,0x6b69,0x6989,0x6969,0x634c,0x5b6a,0x6569,0x6589,0x6288,0x646a,0x6569,0x5f6a,
      0x5e6a,0x5369,0x5e5a,0x4c69,0x6069,0x5b69,0x5b69,0x5769,0x5b89,0x4b86,0x605c,0x5b5b,
      0x586b,0x566b,0x586a,0x556b,0x546b,0x3e64,0x566a,0x545a,0x536b,0x526b,0x4f6b,0x4d6b,
      0x4569,0x5269,0x4669,0x4f59,0x4469,0x4269,0x4169,0x4a5a,0x4b6a,0x3b6a,0x486a,0x476a,
      0x446b,0x436a,0x5269,0x4d69,0x4c69,0x4869,0x4769,0x4569,0x4469,0x4269,0x436a,0x4069,
      0x405a,0x3f69,0x3e69,0x3e6a,0x3b69,0x3769,0x3569,0x4369,0x306a,0x3c69,0x3c69,0x3b69,
      0x3869,0x4488,0x3e69,0x3969,0x3769,0x3a88,0x3769,0x3688,0x2a86,0x3d6a,0x3a6a,0x396a,
      0x376a,0x3869,0x3569,0x3888,0x3188,0x2d69,0x336a,0x2c69,0x2986,0x3169,0x2b88,0x3169,
      0x2e9a,0x2969,0x3369,0x3169,0x3369,0x356d,0x2f69,0x2e69,0x276b,0x309a,0x2969,0x2a69,
      0x2969,0x2889,0x268a,0x238a,0x3169,0x3088,0x2669,0x2269,0x2b69,0x2969,0x2969,0x2869,
      0x2869,0x2769,0x2769,0x2569,0x2769,0x1c69,0x2569,0x2469,0x2569,0x2469,0x2269,0x2469,
      0x2269,0x2169,0x2069,0x2269,0x1f89,0x1f69,0x2089,0x2288,0x1d89,0x2788,0x2288,0x2189,
      0x2169,0x2296,0x2288,0x2088,0x1886,0x1f89,0x1e69,0x1488,0x1c88,0x1c69,0x1b88,0x1d89,
      0x1b89,0x1b89,0x1989,0x1c69,0x1189,0x1969,0x1988,0x1888,0x1996,0x1996,0x2296,0x1769,
      0x1788,0x1889,0x1789,0x1789,0x1786,0x1789,0x1589,0x1589,0x1488,0x1489,0x1469,0x0998,
      0x1489,0x1269,0x1388,0x1288,0x1288,0x1169,0x1288,0x1188,0x0f88,0x1189,0x0f88,0x0f69,
      0x0d88,0x0d88,0x2c6c,0x0d89,0x0c88,0x0969,0x0c88,0x0b88,0x0a88,0x0a88,0x0988,0x0988,
      0x0888,0x0788,0x0969,0x0788,0x0588,0x0488,0x0488,0x0288,0x0288,0x0188,0x0488,0x0188,
      0x0088,0x0188,0x0088,0x0088,
    },
    {
      0xa588,0x9f69,0x9959,0xa688,0x9669,0x9669,0x9469,0x9089,0x8c69,0x9569,0x9469,0x7759,
      0x7469,0x8e69,0x7259,0x9a49,0x725a,0x6b5a,0x7f69,0x625a,0x7969,0x8b95,0x776a,0x6f5a,
      0x6e6a,0x6d6a,0x696a,0x686a,0x656a,0x656a,0x646a,0x6b69,0x6a69,0x7c69,0x7696,0x7669,
      0x7289,0x6d69,0x6c89,0x6b69,0x654c,0x5d6a,0x6869,0x6789,0x6588,0x666a,0x6769,0x616a,
      0x606a,0x5569,0x605a,0x4e69,0x6269,0x5d69,0x5d69,0x5969,0x5d89,0x4c86,0x625c,0x5d5b,
      0x5a6b,0x586b,0x5a6a,0x576b,0x566b,0x3f64,0x586a,0x565a,0x556b,0x536b,0x516b,0x4f6b,
      0x4669,0x5469,0x4769,0x5159,0x4669,0x4469,0x4369,0x4b5a,0x4d6a,0x3c6a,0x496a,0x496a,
      0x466b,0x446a,0x5369,0x4e69,0x4e69,0x4a69,0x4969,0x4669,0x4669,0x4469,0x446a,0x4169,
      0x415a,0x4069,0x3f69,0x3f6a,0x3c69,0x3869,0x3669,0x4469,0x316a,0x3e69,0x3d69,0x3c69,
      0x3a69,0x4588,0x3f69,0x3a69,0x3869,0x3b88,0x3869,0x3788,0x2b86,0x3f6a,0x3b6a,0x3a6a,
      0x386a,0x3969,0x3669,0x3a88,0x3288,0x2e69,0x346a,0x2d69,0x2a86,0x3269,0x2c88,0x3269,
      0x2f9a,0x2a69,0x3469,0x3269,0x3469,0x376d,0x3069,0x2f69,0x286b,0x319a,0x2a69,0x2b69,
      0x2a69,0x2989,0x278a,0x248a,0x3269,0x3188,0x2769,0x2369,0x2c69,0x2a69,0x2a69,0x2969,
      0x2969,0x2869,0x2869,0x2669,0x2869,0x1d69,0x2569,0x2569,0x2569,0x2569,0x2369,0x2569,
      0x2369,0x2269,0x2069,0x2369,0x2089,0x2069,0x2089,0x2388,0x1d89,0x2888,0x2388,0x2289,
      0x2269,0x2396,0x2388,0x2088,0x1886,0x2089,0x1f69,0x1488,0x1d88,0x1d69,0x1b88,0x1d89,
      0x1b89,0x1c89,0x1a89,0x1d69,0x1189,0x1a69,0x1988,0x1888,0x1996,0x1a96,0x2396,0x1869,
      0x1788,0x1889,0x1889,0x1889,0x1786,0x1789,0x1689,0x1689,0x1588,0x1589,0x1569,0x0998,
      0x1489,0x1369,0x1388,0x1388,0x1288,0x1169,0x1288,0x1188,0x1088,0x1189,0x1088,0x0f69,
      0x0e88,0x0d88,0x2d6c,0x0e89,0x0c88,0x0969,0x0c88,0x0b88,0x0a88,0x0a88,0x0988,0x0988,
      0x0888,0x0788,0x0969,0x0788,0x0588,0x0488,0x0488,0x0288,0x0288,0x0188,0x0488,0x0188,
      0x0088,0x0188,0x0088,0x0088,
    },
    {
      0xa988,0xa269,0x9c59,0xaa88,0x9969,0x9969,0x9769,0x9489,0x8f69,0x9869,0x9769,0x7959,
      0x7769,0x9169,0x7559,0x9d49,0x745a,0x6d5a,0x8169,0x645a,0x7b69,0x8e95,0x796a,0x725a,
      0x706a,0x6f6a,0x6b6a,0x6a6a,0x676a,0x676a,0x666a,0x6d69,0x6c69,0x7f69,0x7896,0x7869,
      0x7589,0x7069,0x6e89,0x6d69,0x684c,0x5f6a,0x6a69,0x6989,0x6788,0x686a,0x6969,0x636a,
      0x626a,0x5769,0x625a,0x4f69,0x6569,0x5f69,0x5f69,0x5b69,0x5f89,0x4e86,0x655c,0x5f5b,
      0x5c6b,0x5a6b,0x5c6a,0x596b,0x576b,0x4164,0x5a6a,0x585a,0x576b,0x556b,0x536b,0x516b,
      0x4869,0x5669,0x4969,0x5259,0x4769,0x4569,0x4469,0x4d5a,0x4f6a,0x3e6a,0x4b6a,0x4a6a,
      0x476b,0x466a,0x5569,0x5069,0x4f69,0x4c69,0x4a69,0x4869,0x4769,0x4569,0x466a,0x4369,
      0x435a,0x4169,0x4169,0x416a,0x3e69,0x3969,0x3769,0x4669,0x326a,0x3f69,0x3e69,0x3e69,
      0x3b69,0x4788,0x4169,0x3b69,0x3969,0x3c88,0x3969,0x3988,0x2c86,0x406a,0x3c6a,0x3b6a,
      0x396a,0x3a69,0x3769,0x3b88,0x3388,0x2f69,0x356a,0x2e69,0x2b86,0x3369,0x2d88,0x3369,
      0x309a,0x2b69,0x3569,0x3369,0x3569,0x386d,0x3169,0x3069,0x296b,0x329a,0x2b69,0x2c69,
      0x2b69,0x2a89,0x288a,0x258a,0x3369,0x3288,0x2869,0x2369,0x2d69,0x2b69,0x2b69,0x2a69,
      0x2a69,0x2869,0x2969,0x2769,0x2869,0x1d69,0x2669,0x2569,0x2669,0x2569,0x2469,0x2569,
      0x2369,0x2369,0x2169,0x2369,0x2089,0x2069,0x2189,0x2488,0x1e89,0x2888,0x2488,0x2389,
      0x2369,0x2496,0x2388,0x2188,0x1986,0x2089,0x2069,0x1588,0x1d88,0x1d69,0x1c88,0x1e89,
      0x1c89,0x1d89,0x1a89,0x1d69,0x1289,0x1a69,0x1a88,0x1988,0x1a96,0x1a96,0x2396,0x1869,
      0x1888,0x1989,0x1889,0x1889,0x1886,0x1889,0x1689,0x1689,0x1588,0x1589,0x1569,0x0a98,
      0x1589,0x1369,0x1488,0x1388,0x1288,0x1269,0x1288,0x1288,0x1088,0x1289,0x1088,0x0f69,
      0x0e88,0x0d88,0x2e6c,0x0e89,0x0c88,0x0a69,0x0c88,0x0b88,0x0a88,0x0a88,0x0a88,0x0a88,
      0x0888,0x0788,0x0a69,0x0788,0x0588,0x0488,0x0488,0x0288,0x0288,0x0188,0x0488,0x0188,
      0x0088,0x0188,0x0088,0x0088,
    },
    {
      0xad88,0xa669,0xa05a,0xad88,0x9d6a,0x9c6a,0x9b69,0x9789,0x926a,0x9b6a,0x9b6a,0x7c5a,
      0x7a6a,0x946a,0x775a,0xa14a,0x775a,0x705a,0x846a,0x665a,0x7e6a,0x92a5,0x7c6a,0x745a,
      0x736a,0x716a,0x6e6a,0x6d6a,0x696a,0x696a,0x686a,0x706a,0x6e69,0x8269,0x7ba6,0x7b69,
      0x7789,0x7269,0x7189,0x706a,0x6a4d,0x616a,0x6c69,0x6b89,0x6988,0x6b6a,0x6b69,0x656a,
      0x656a,0x596a,0x655a,0x516a,0x6769,0x6269,0x616a,0x5d6a,0x6289,0x5086,0x675c,0x625b,
      0x5e6b,0x5c6b,0x5e6a,0x5b6b,0x596b,0x4264,0x5c6a,0x5a5a,0x596b,0x576b,0x556b,0x536b,
      0x4a6a,0x586a,0x4a6a,0x545a,0x496a,0x476a,0x466a,0x4f5a,0x506a,0x3f6a,0x4d6a,0x4c6a,
      0x496b,0x476a,0x5769,0x5269,0x516a,0x4d6a,0x4c6a,0x4a6a,0x496a,0x476a,0x476a,0x446a,
      0x445a,0x4369,0x426a,0x426a,0x3f6a,0x3b69,0x386a,0x4769,0x336a,0x416a,0x406a,0x3f6a,
      0x3c6a,0x4888,0x4269,0x3d69,0x3b69,0x3e88,0x3b69,0x3a88,0x2d86,0x416a,0x3e6a,0x3d6a,
      0x3b6a,0x3b6a,0x386a,0x3c88,0x3488,0x3069,0x366a,0x2f69,0x2c86,0x356a,0x2e88,0x356a,
      0x319a,0x2c69,0x3669,0x346a,0x366a,0x396d,0x326a,0x316a,0x2a6b,0x339a,0x2c6a,0x2d6a,
      0x2c6a,0x2b8a,0x298a,0x268a,0x3569,0x3388,0x2969,0x2469,0x2e69,0x2c6a,0x2c69,0x2b69,
      0x2b6a,0x296a,0x2a6a,0x286a,0x2969,0x1e69,0x2769,0x2669,0x276a,0x266a,0x2569,0x266a,
      0x2469,0x2369,0x2269,0x246a,0x2189,0x216a,0x228a,0x2588,0x1f8a,0x2988,0x2588,0x2389,
      0x2369,0x2596,0x2488,0x2288,0x1a86,0x2189,0x2069,0x1588,0x1e88,0x1e69,0x1d88,0x1f89,
      0x1d89,0x1d89,0x1b89,0x1e69,0x1289,0x1b69,0x1a88,0x1a88,0x1aa6,0x1ba6,0x2496,0x1969,
      0x1888,0x1a89,0x1989,0x1989,0x1886,0x1889,0x1789,0x1789,0x1688,0x1689,0x1669,0x0a98,
      0x1589,0x1469,0x1488,0x1488,0x1388,0x1269,0x1388,0x1288,0x1188,0x1289,0x1188,0x1069,
      0x0e88,0x0e88,0x2f6d,0x0e89,0x0d88,0x0a69,0x0d88,0x0b88,0x0b88,0x0b88,0x0a88,0x0a88,
      0x0888,0x0888,0x0a69,0x0888,0x0588,0x0588,0x0588,0x0288,0x0288,0x0288,0x0488,0x0188,
      0x0088,0x0188,0x0088,0x0088,
    },
    {
      0xb088,0xa969,0xa35a,0xb188,0xa06a,0x9f6a,0x9e69,0x9a89,0x955a,0x9e6a,0x9e6a,0x7e5a,
      0x7c5a,0x976a,0x7a5a,0xa44a,0x795a,0x725a,0x876a,0x685a,0x816a,0x95a5,0x7e5a,0x775a,
      0x755a,0x745a,0x705a,0x6f5a,0x6b5a,0x6b5a,0x6a5a,0x725a,0x7169,0x8469,0x7ea6,0x7e69,
      0x7a89,0x7469,0x7389,0x725a,0x6c4d,0x635a,0x6e69,0x6d89,0x6b88,0x6d5a,0x6d69,0x675a,
      0x675a,0x5a5a,0x675a,0x535a,0x6969,0x6469,0x635a,0x5f5a,0x6489,0x5185,0x695c,0x645b,
      0x605b,0x5e5b,0x605a,0x5d5b,0x5b5b,0x4364,0x5d5a,0x5c5a,0x5a5b,0x595b,0x575b,0x545b,
      0x4b5a,0x5a6a,0x4c5a,0x565a,0x4a5a,0x485a,0x475a,0x505a,0x525a,0x405a,0x4e5a,0x4d5a,
      0x4a5b,0x495a,0x5969,0x5369,0x535a,0x4f5a,0x4d6a,0x4b5a,0x4a5a,0x485a,0x495a,0x466a,
      0x465a,0x4469,0x435a,0x435a,0x405a,0x3c69,0x396a,0x4969,0x345a,0x426a,0x415a,0x405a,
      0x3d5a,0x4a88,0x4369,0x3e69,0x3c69,0x3f88,0x3c69,0x3b88,0x2e85,0x435a,0x3f5a,0x3e5a,
      0x3c5a,0x3c6a,0x395a,0x3d88,0x3588,0x3169,0x376a,0x3069,0x2d85,0x366a,0x2f88,0x365a,
      0x329a,0x2d69,0x3769,0x356a,0x375a,0x3a5d,0x335a,0x325a,0x2b5b,0x349a,0x2c6a,0x2e5a,
      0x2d6a,0x2c8a,0x298a,0x268a,0x3669,0x3488,0x2969,0x2569,0x2f69,0x2d5a,0x2d69,0x2c69,
      0x2c6a,0x2a6a,0x2b5a,0x295a,0x2a69,0x1f69,0x2869,0x2769,0x286a,0x276a,0x2669,0x276a,
      0x2569,0x2469,0x2269,0x256a,0x2289,0x226a,0x228a,0x2688,0x1f8a,0x2a88,0x2688,0x2489,
      0x2469,0x2695,0x2588,0x2288,0x1a86,0x2289,0x2169,0x1588,0x1f88,0x1f69,0x1d88,0x1f89,
      0x1d89,0x1e89,0x1c89,0x1f69,0x1289,0x1c69,0x1b88,0x1a88,0x1ba6,0x1ca6,0x2595,0x1969,
      0x1988,0x1a89,0x1989,0x1989,0x1986,0x1989,0x1789,0x1789,0x1688,0x1689,0x1669,0x0a98,
      0x1589,0x1469,0x1588,0x1488,0x1388,0x1269,0x1388,0x1288,0x1188,0x1289,0x1188,0x1069,
      0x0f88,0x0e88,0x2f6d,0x0f89,0x0d88,0x0a69,0x0d88,0x0b88,0x0b88,0x0b88,0x0a88,0x0a88,
      0x0888,0x0888,0x0a69,0x0888,0x0588,0x0588,0x0588,0x0288,0x0288,0x0288,0x0488,0x0188,
      0x0088,0x0188,0x0088,0x0088,
    },
    {
      0xb488,0xad69,0xa65a,0xb488,0xa36a,0xa36a,0xa169,0x9d89,0x985a,0xa26a,0xa16a,0x815a,
      0x7f5a,0x9a6a,0x7c5a,0xa74a,0x7b5a,0x745a,0x8a6a,0x6a5a,0x836a,0x98a5,0x815a,0x795a,
      0x785a,0x765a,0x725a,0x715a,0x6d5a,0x6d5a,0x6d5a,0x745a,0x7369,0x8769,0x80a6,0x8069,
      0x7c89,0x7769,0x7589,0x745a,0x6e4d,0x655a,0x7169,0x7089,0x6d88,0x6f5a,0x7069,0x695a,
      0x695a,0x5c5a,0x695a,0x545a,0x6b69,0x6669,0x655a,0x615a,0x6689,0x5385,0x6b5c,0x665b,
      0x625b,0x605b,0x625a,0x5f5b,0x5d5b,0x4564,0x5f5a,0x5e5a,0x5c5b,0x5b5b,0x585b,0x565b,
      0x4d5a,0x5b6a,0x4d5a,0x585a,0x4c5a,0x495a,0x495a,0x525a,0x545a,0x425a,0x505a,0x4f5a,
      0x4c5b,0x4a5a,0x5b69,0x5569,0x545a,0x505a,0x4f6a,0x4d5a,0x4c5a,0x495a,0x4a5a,0x476a,
      0x475a,0x4669,0x455a,0x455a,0x425a,0x3d69,0x3b6a,0x4a69,0x355a,0x436a,0x425a,0x425a,
      0x3f5a,0x4b88,0x4569,0x3f69,0x3d69,0x4088,0x3d69,0x3c88,0x2f85,0x445a,0x405a,0x3f5a,
      0x3d5a,0x3e6a,0x3b5a,0x3f88,0x3688,0x3269,0x386a,0x3169,0x2e85,0x376a,0x3088,0x375a,
      0x339a,0x2e69,0x3869,0x366a,0x385a,0x3b5d,0x345a,0x335a,0x2c5b,0x359a,0x2d6a,0x2f5a,
      0x2e6a,0x2d8a,0x2a8a,0x278a,0x3769,0x3588,0x2a69,0x2669,0x3069,0x2e5a,0x2e69,0x2d69,
      0x2d6a,0x2b6a,0x2c5a,0x295a,0x2b69,0x1f69,0x2969,0x2869,0x296a,0x286a,0x2669,0x286a,
      0x2669,0x2569,0x2369,0x266a,0x2289,0x226a,0x238a,0x2688,0x208a,0x2b88,0x2688,0x2589,
      0x2569,0x2695,0x2688,0x2388,0x1b86,0x2289,0x2269,0x1688,0x1f88,0x1f69,0x1e88,0x2089,
      0x1e89,0x1e89,0x1c89,0x1f69,0x1389,0x1c69,0x1b88,0x1b88,0x1ba6,0x1ca6,0x2695,0x1a69,
      0x1988,0x1b89,0x1a89,0x1a89,0x1986,0x1989,0x1789,0x1789,0x1788,0x1789,0x1769,0x0a98,
      0x1689,0x1469,0x1588,0x1488,0x1488,0x1369,0x1488,0x1388,0x1188,0x1389,0x1188,0x1069,
      0x0f88,0x0e88,0x306d,0x0f89,0x0d88,0x0a69,0x0d88,0x0c88,0x0b88,0x0b88,0x0a88,0x0a88,
      0x0988,0x0888,0x0a69,0x0888,0x0588,0x0588,0x0588,0x0288,0x0288,0x0288,0x0488,0x0188,
      0x0088,0x0188,0x0088,0x0088,
    },
    {
      0xb788,0xb069,0xaa5a,0xb888,0xa76a,0xa66a,0xa469,0xa089,0x9b5a,0xa56a,0xa46a,0x835a,
      0x815a,0x9d6a,0x7f5a,0xab4a,0x7e5a,0x775a,0x8c6a,0x6c5a,0x866a,0x9ba5,0x835a,0x7c5a,
      0x7a5a,0x785a,0x745a,0x745a,0x705a,0x705a,0x6f5a,0x775a,0x7569,0x8a69,0x83a6,0x8369,
      0x7f89,0x7969,0x7889,0x775a,0x704d,0x675a,0x7369,0x7289,0x7088,0x715a,0x7269,0x6c5a,
      0x6b5a,0x5e5a,0x6b5a,0x565a,0x6d69,0x6869,0x675a,0x635a,0x6889,0x5485,0x6d5c,0x685b,
      0x645b,0x625b,0x645a,0x605b,0x5f5b,0x4664,0x615a,0x605a,0x5e5b,0x5c5b,0x5a5b,0x585b,
      0x4e5a,0x5d6a,0x4f5a,0x595a,0x4d5a,0x4b5a,0x4a5a,0x545a,0x555a,0x435a,0x515a,0x505a,
      0x4d5b,0x4c5a,0x5c69,0x5769,0x565a,0x525a,0x506a,0x4e5a,0x4d5a,0x4b5a,0x4c5a,0x496a,
      0x495a,0x4769,0x465a,0x465a,0x435a,0x3e69,0x3c6a,0x4c69,0x365a,0x456a,0x445a,0x435a,
      0x405a,0x4d88,0x4669,0x4169,0x3e69,0x4188,0x3e69,0x3d88,0x3085,0x455a,0x415a,0x415a,
      0x3e5a,0x3f6a,0x3c5a,0x4088,0x3788,0x3369,0x396a,0x3269,0x2f85,0x386a,0x3188,0x385a,
      0x349a,0x2f69,0x3969,0x376a,0x395a,0x3d5e,0x355a,0x345a,0x2d5b,0x369a,0x2e6a,0x305a,
      0x2f6a,0x2d8a,0x2b8a,0x288a,0x3869,0x3688,0x2b69,0x2669,0x3169,0x2f5a,0x2f69,0x2d69,
      0x2d6a,0x2c6a,0x2d5a,0x2a5a,0x2c69,0x2069,0x2969,0x2969,0x296a,0x296a,0x2769,0x296a,
      0x2669,0x2569,0x2469,0x266a,0x2389,0x236a,0x248a,0x2788,0x218a,0x2c88,0x2788,0x2589,
      0x2569,0x2795,0x2688,0x2488,0x1b86,0x2389,0x2269,0x1688,0x2088,0x2069,0x1e88,0x2189,
      0x1e89,0x1f89,0x1d89,0x2069,0x1389,0x1d69,0x1c88,0x1b88,0x1ca6,0x1da6,0x2695,0x1a69,
      0x1a88,0x1b89,0x1a89,0x1a89,0x1a86,0x1a89,0x1889,0x1889,0x1788,0x1789,0x1769,0x0a98,
      0x1689,0x1569,0x1688,0x1588,0x1488,0x1369,0x1488,0x1388,0x1288,0x1389,0x1288,0x1169,
      0x0f88,0x0e88,0x316d,0x0f89,0x0e88,0x0a69,0x0e88,0x0c88,0x0b88,0x0b88,0x0a88,0x0a88,
      0x0988,0x0888,0x0a69,0x0888,0x0688,0x0588,0x0588,0x0288,0x0288,0x0288,0x0488,0x0188,
      0x0088,0x0188,0x0088,0x0088,
    },
    {
      0xbb88,0xb469,0xad5a,0xbc88,0xaa6a,0xa96a,0xa769,0xa389,0x9e5a,0xa86a,0xa76a,0x865a,
      0x845a,0xa06a,0x815a,0xae4a,0x805a,0x795a,0x8f6a,0x6f5a,0x896a,0x9ea5,0x865a,0x7e5a,
      0x7c5a,0x7b5a,0x775a,0x765a,0x725a,0x725a,0x715a,0x795a,0x7769,0x8d69,0x85a6,0x8569,
      0x8189,0x7c69,0x7a89,0x795a,0x734d,0x695a,0x7569,0x7489,0x7288,0x735a,0x7469,0x6e5a,
      0x6d5a,0x605a,0x6d5a,0x585a,0x6f69,0x6a69,0x695a,0x655a,0x6a89,0x5685,0x6f5c,0x6a5b,
      0x665b,0x645b,0x665a,0x625b,0x615b,0x4864,0x635a,0x625a,0x605b,0x5e5b,0x5c5b,0x595b,
      0x505a,0x5f6a,0x505a,0x5b5a,0x4f5a,0x4c5a,0x4c5a,0x555a,0x575a,0x445a,0x535a,0x525a,
      0x4f5b,0x4d5a,0x5e69,0x5969,0x585a,0x545a,0x526a,0x505a,0x4f5a,0x4c5a,0x4d5a,0x4a6a,
      0x4a5a,0x4869,0x485a,0x485a,0x445a,0x3f69,0x3d6a,0x4d69,0x375a,0x466a,0x455a,0x445a,
      0x415a,0x4e88,0x4869,0x4269,0x3f69,0x4388,0x3f69,0x3f88,0x3185,0x475a,0x435a,0x425a,
      0x3f5a,0x406a,0x3d5a,0x4188,0x3888,0x3469,0x3b6a,0x3369,0x3085,0x396a,0x3288,0x395a,
      0x359a,0x3069,0x3b69,0x386a,0x3b5a,0x3e5e,0x365a,0x355a,0x2e5b,0x379a,0x2f6a,0x315a,
      0x306a,0x2e8a,0x2c8a,0x298a,0x3969,0x3788,0x2c69,0x2769,0x3269,0x305a,0x3069,0x2e69,
      0x2e6a,0x2d6a,0x2e5a,0x2b5a,0x2d69,0x2169,0x2a69,0x2969,0x2a6a,0x296a,0x2869,0x296a,
      0x2769,0x2669,0x2569,0x276a,0x2489,0x246a,0x258a,0x2888,0x218a,0x2d88,0x2888,0x2689,
      0x2669,0x2895,0x2788,0x2588,0x1c86,0x2489,0x2369,0x1788,0x2188,0x2169,0x1f88,0x2189,
      0x1f89,0x2089,0x1d89,0x2169,0x1489,0x1d69,0x1c88,0x1c88,0x1ca6,0x1da6,0x2795,0x1b69,
      0x1a88,0x1c89,0x1b89,0x1b89,0x1a86,0x1a89,0x1889,0x1889,0x1888,0x1889,0x1869,0x0b98,
      0x1789,0x1569,0x1688,0x1588,0x1488,0x1469,0x1488,0x1488,0x1288,0x1489,0x1288,0x1169,
      0x0f88,0x0f88,0x326d,0x0f89,0x0e88,0x0b69,0x0e88,0x0c88,0x0b88,0x0b88,0x0b88,0x0b88,
      0x0988,0x0888,0x0b69,0x0888,0x0688,0x0588,0x0588,0x0288,0x0288,0x0288,0x0488,0x0188,
      0x0088,0x0188,0x0088,0x0088,
    },
    {
      0xbe88,0xb769,0xb05a,0xbf88,0xad6a,0xac6a,0xab69,0xa689,0xa15a,0xab6a,0xab6a,0x895a,
      0x865a,0xa36a,0x845a,0xb14a,0x835a,0x7b5a,0x926a,0x715a,0x8b6a,0xa1a5,0x895a,0x805a,
      0x7f5a,0x7d5a,0x795a,0x785a,0x745a,0x745a,0x735a,0x7b5a,0x7a69,0x8f69,0x88a6,0x8869,
      0x8489,0x7e69,0x7c89,0x7b5a,0x754d,0x6b5a,0x7769,0x7689,0x7488,0x765a,0x7669,0x705a,
      0x6f5a,0x625a,0x6f5a,0x595a,0x7169,0x6c69,0x6b5a,0x675a,0x6c89,0x5885,0x715c,0x6c5b,
      0x685b,0x665b,0x685a,0x645b,0x635b,0x4964,0x655a,0x635a,0x625b,0x605b,0x5e5b,0x5b5b,
      0x515a,0x616a,0x525a,0x5d5a,0x505a,0x4e5a,0x4d5a,0x575a,0x595a,0x465a,0x545a,0x545a,
      0x505b,0x4f5a,0x6069,0x5a69,0x595a,0x555a,0x546a,0x515a,0x505a,0x4e5a,0x4f5a,0x4b6a,
      0x4b5a,0x4a69,0x495a,0x495a,0x465a,0x4169,0x3e6a,0x4f69,0x385a,0x476a,0x465a,0x465a,
      0x425a,0x5088,0x4969,0x4369,0x4169,0x4488,0x4169,0x4088,0x3285,0x485a,0x445a,0x435a,
      0x415a,0x416a,0x3e5a,0x4288,0x3988,0x3569,0x3c6a,0x3469,0x3185,0x3a6a,0x3388,0x3a5a,
      0x369a,0x3169,0x3c69,0x396a,0x3c5a,0x3f5e,0x375a,0x365a,0x2e5b,0x389a,0x306a,0x325a,
      0x316a,0x2f8a,0x2d8a,0x298a,0x3a69,0x3888,0x2d69,0x2869,0x3369,0x315a,0x3169,0x2f69,
      0x2f6a,0x2e6a,0x2e5a,0x2c5a,0x2e69,0x2169,0x2b69,0x2a69,0x2b6a,0x2a6a,0x2969,0x2a6a,
      0x2869,0x2769,0x2569,0x286a,0x2489,0x246a,0x258a,0x2988,0x228a,0x2e88,0x2988,0x2789,
      0x2769,0x2995,0x2888,0x2588,0x1c86,0x2489,0x2469,0x1788,0x2188,0x2169,0x1f88,0x2289,
      0x1f89,0x2089,0x1e89,0x2169,0x1489,0x1e69,0x1d88,0x1c88,0x1da6,0x1ea6,0x2895,0x1b69,
      0x1b88,0x1c89,0x1b89,0x1b89,0x1b86,0x1b89,0x1989,0x1989,0x1888,0x1889,0x1869,0x0b98,
      0x1789,0x1669,0x1688,0x1688,0x1588,0x1469,0x1588,0x1488,0x1288,0x1489,0x1288,0x1169,
      0x1088,0x0f88,0x336d,0x1089,0x0e88,0x0b69,0x0e88,0x0c88,0x0c88,0x0c88,0x0b88,0x0b88,
      0x0988,0x0888,0x0b69,0x0888,0x0688,0x0588,0x0588,0x0288,0x0288,0x0288,0x0488,0x0188,
      0x0088,0x0188,0x0088,0x0088,
    },
    {
      0xc288,0xba69,0xb44a,0xc388,0xb06a,0xb06a,0xae69,0xaa89,0xa55a,0xaf6a,0xae6a,0x8b4a,
      0x895a,0xa66a,0x864a,0xb54a,0x854b,0x7e4b,0x956a,0x734b,0x8e6a,0xa4a4,0x8b5b,0x834b,
      0x815b,0x7f5b,0x7b5b,0x7a5b,0x765b,0x765b,0x755b,0x7e5a,0x7c69,0x9269,0x8aa6,0x8a69,
      0x8689,0x8069,0x7f89,0x7e5a,0x774d,0x6d5b,0x7a69,0x7989,0x7688,0x785b,0x7969,0x725b,
      0x715b,0x645a,0x714b,0x5b5a,0x7469,0x6e69,0x6d5a,0x695a,0x6e89,0x5985,0x744c,0x6e4b,
      0x695b,0x685b,0x695b,0x665b,0x645b,0x4a64,0x675b,0x654b,0x645b,0x625b,0x5f5b,0x5d5b,
      0x535a,0x636a,0x545a,0x5f4a,0x525a,0x4f5a,0x4e5a,0x594b,0x5a5b,0x475b,0x565b,0x555b,
      0x525b,0x505b,0x6269,0x5c69,0x5b5a,0x575a,0x556a,0x535a,0x525a,0x4f5a,0x505b,0x4d6a,
      0x4d4b,0x4b69,0x4a5a,0x4a5b,0x475a,0x4269,0x3f6a,0x5069,0x395b,0x496a,0x485a,0x475a,
      0x445a,0x5188,0x4a69,0x4469,0x4269,0x4588,0x4269,0x4188,0x3385,0x495b,0x455b,0x445b,
      0x425b,0x436a,0x3f5a,0x4488,0x3a88,0x3669,0x3d6b,0x3569,0x3285,0x3b6a,0x3388,0x3b5a,
      0x379b,0x3269,0x3d69,0x3a6a,0x3d5a,0x405e,0x395a,0x375a,0x2f5b,0x399b,0x316a,0x335a,
      0x326a,0x308a,0x2e8b,0x2a8b,0x3b69,0x3988,0x2e69,0x2969,0x3369,0x325a,0x3269,0x3069,
      0x306a,0x2e6a,0x2f5a,0x2d5a,0x2e69,0x2269,0x2c69,0x2b69,0x2c6a,0x2b6a,0x2969,0x2b6a,
      0x2969,0x2869,0x2669,0x296a,0x2589,0x256a,0x268a,0x2988,0x238a,0x2e88,0x2988,0x2889,
      0x2869,0x2995,0x2988,0x2688,0x1d86,0x2589,0x2469,0x1888,0x2288,0x2269,0x2088,0x2389,
      0x2089,0x2189,0x1e89,0x2269,0x1489,0x1e69,0x1e88,0x1d88,0x1ea6,0x1ea6,0x2995,0x1c69,
      0x1b88,0x1d89,0x1c89,0x1c89,0x1b86,0x1b89,0x1989,0x1989,0x1888,0x1889,0x1869,0x0b98,
      0x1889,0x1669,0x1788,0x1688,0x1588,0x1469,0x1588,0x1488,0x1388,0x1489,0x1388,0x1269,
      0x1088,0x0f88,0x346d,0x1089,0x0e88,0x0b69,0x0e88,0x0d88,0x0c88,0x0c88,0x0b88,0x0b88,
      0x0988,0x0888,0x0b69,0x0888,0x0688,0x0588,0x0588,0x0388,0x0388,0x0288,0x0488,0x0188,
      0x0088,0x0188,0x0088,0x0088,
    },
    {
      0xc688,0xbe69,0xb74a,0xc788,0xb46a,0xb36a,0xb169,0xad89,0xa85a,0xb26a,0xb16a,0x8e4a,
      0x8b5a,0xa96a,0x894a,0xb84a,0x884b,0x804b,0x976a,0x754b,0x906a,0xa7a4,0x8e5b,0x854b,
      0x835b,0x825b,0x7d5b,0x7d5b,0x785b,0x785b,0x775b,0x805a,0x7e69,0x9569,0x8da6,0x8d69,
      0x8989,0x8369,0x8189,0x805a,0x794d,0x6f5b,0x7c69,0x7b89,0x7888,0x7a5b,0x7b69,0x745b,
      0x735b,0x655a,0x734b,0x5d5a,0x7669,0x7069,0x6f5a,0x6b5a,0x7089,0x5b85,0x764c,0x704b,
      0x6b5b,0x6a5b,0x6b5b,0x685b,0x665b,0x4c64,0x695b,0x674b,0x655b,0x645b,0x615b,0x5f5b,
      0x545a,0x656a,0x555a,0x604a,0x535a,0x515a,0x505a,0x5a4b,0x5c5b,0x485b,0x585b,0x575b,
      0x535b,0x525b,0x6469,0x5e69,0x5d5a,0x595a,0x576a,0x545a,0x535a,0x515a,0x525b,0x4e6a,
      0x4e4b,0x4c69,0x4c5a,0x4c5b,0x485a,0x4369,0x406a,0x5269,0x3a5b,0x4a6a,0x495a,0x485a,
      0x455a,0x5388,0x4c69,0x4669,0x4369,0x4688,0x4369,0x4288,0x3485,0x4b5b,0x465b,0x465b,
      0x435b,0x446a,0x405a,0x4588,0x3b88,0x3769,0x3e6b,0x3669,0x3385,0x3c6a,0x3488,0x3c5a,
      0x389b,0x3369,0x3e69,0x3b6a,0x3e5a,0x415e,0x3a5a,0x385a,0x305b,0x3a9b,0x326a,0x345a,
      0x336a,0x318a,0x2e8b,0x2b8b,0x3c69,0x3a88,0x2e69,0x2969,0x3469,0x335a,0x3369,0x3169,
      0x316a,0x2f6a,0x305a,0x2e5a,0x2f69,0x2269,0x2d69,0x2c69,0x2d6a,0x2c6a,0x2a69,0x2c6a,
      0x2969,0x2869,0x2769,0x296a,0x2689,0x266a,0x278a,0x2a88,0x238a,0x2f88,0x2a88,0x2889,
      0x2869,0x2a95,0x2988,0x2788,0x1d86,0x2689,0x2569,0x1888,0x2288,0x2269,0x2188,0x2389,
      0x2189,0x2289,0x1f89,0x2269,0x1589,0x1f69,0x1e88,0x1d88,0x1ea6,0x1fa6,0x2995,0x1c69,
      0x1c88,0x1d89,0x1c89,0x1c89,0x1c86,0x1c89,0x1a89,0x1a89,0x1988,0x1989,0x1969,0x0b98,
      0x1889,0x1669,0x1788,0x1688,0x1588,0x1569,0x1588,0x1588,0x1388,0x1589,0x1388,0x1269,
      0x1088,0x0f88,0x356d,0x1089,0x0f88,0x0b69,0x0f88,0x0d88,0x0c88,0x0c88,0x0b88,0x0b88,
      0x0988,0x0988,0x0b69,0x0988,0x0688,0x0588,0x0588,0x0388,0x0388,0x0288,0x0488,0x0188,
      0x0088,0x0188,0x0088,0x0088,
    },
    {
      0xc988,0xc169,0xba4a,0xca88,0xb76a,0xb66a,0xb469,0xb089,0xab5a,0xb56a,0xb46a,0x904a,
      0x8e5a,0xac6a,0x8b4a,0xbb4a,0x8a4b,0x824b,0x9a6a,0x774b,0x936a,0xaaa4,0x905b,0x884b,
      0x865b,0x845b,0x805b,0x7f5b,0x7b5b,0x7b5b,0x7a5b,0x825a,0x8169,0x9769,0x90a6,0x9069,
      0x8b89,0x8569,0x8389,0x825a,0x7b4d,0x715b,0x7e69,0x7d89,0x7b88,0x7c5b,0x7d69,0x765b,
      0x755b,0x675a,0x754b,0x5f5a,0x7869,0x7269,0x715a,0x6d5a,0x7289,0x5d85,0x784c,0x724c,
      0x6d5c,0x6c5c,0x6d5b,0x6a5c,0x685c,0x4d64,0x6b5b,0x694b,0x675c,0x665c,0x635c,0x605c,
      0x565a,0x666a,0x575a,0x624a,0x555a,0x525a,0x515a,0x5c4b,0x5e5b,0x4a5b,0x595b,0x585b,
      0x555c,0x535b,0x6669,0x5f69,0x5f5a,0x5a5a,0x586a,0x565a,0x555a,0x525a,0x535b,0x506a,
      0x504b,0x4e69,0x4d5a,0x4d5b,0x4a5a,0x4469,0x426a,0x5369,0x3c5b,0x4b6a,0x4a5a,0x4a5a,
      0x465a,0x5488,0x4d69,0x4769,0x4469,0x4888,0x4469,0x4388,0x3585,0x4c5b,0x485b,0x475b,
      0x445b,0x456a,0x425a,0x4688,0x3c88,0x3869,0x3f6b,0x3769,0x3485,0x3d6a,0x3588,0x3d5a,
      0x399b,0x3469,0x3f69,0x3c6a,0x3f5a,0x435e,0x3b5a,0x395a,0x315c,0x3c9b,0x336a,0x355a,
      0x346a,0x328a,0x2f8b,0x2c8b,0x3d69,0x3c88,0x2f69,0x2a69,0x3569,0x345a,0x3469,0x3269,
      0x326a,0x306a,0x315a,0x2e5a,0x3069,0x2369,0x2e69,0x2d69,0x2e6a,0x2d6a,0x2b69,0x2d6a,
      0x2a69,0x2969,0x2769,0x2a6a,0x2789,0x276a,0x278a,0x2b88,0x248a,0x3088,0x2b88,0x2989,
      0x2969,0x2b95,0x2a88,0x2788,0x1e86,0x2789,0x2669,0x1988,0x2388,0x2369,0x2188,0x2489,
      0x2189,0x2289,0x2089,0x2369,0x1589,0x2069,0x1f88,0x1e88,0x1fa6,0x20a6,0x2a95,0x1d69,
      0x1c88,0x1e89,0x1d89,0x1d89,0x1c86,0x1c89,0x1a89,0x1a89,0x1988,0x1989,0x1969,0x0b98,
      0x1989,0x1769,0x1888,0x1788,0x1688,0x1569,0x1688,0x1588,0x1388,0x1589,0x1388,0x1269,
      0x1188,0x1088,0x366d,0x1189,0x0f88,0x0b69,0x0f88,0x0d88,0x0c88,0x0c88,0x0b88,0x0b88,
      0x0a88,0x0988,0x0b69,0x0988,0x0688,0x0588,0x0588,0x0388,0x0388,0x0288,0x0488,0x0188,
      0x0088,0x0188,0x0088,0x0088,
    },
    {
      0xcd88,0xc569,0xbe4a,0xce88,0xba6a,0xb96a,0xb769,0xb389,0xae5a,0xb86a,0xb76a,0x934a,
      0x905a,0xaf6a,0x8e4a,0xbf3a,0x8d4b,0x854b,0x9d6a,0x794b,0x966a,0xada4,0x935b,0x8a4b,
      0x885b,0x865b,0x825b,0x815b,0x7d5b,0x7d5b,0x7c5b,0x855a,0x8369,0x9a69,0x92a6,0x9269,
      0x8e89,0x8769,0x8689,0x855a,0x7e3d,0x735b,0x8069,0x7f89,0x7d88,0x7e5b,0x7f69,0x785b,
      0x775b,0x695a,0x774b,0x605a,0x7a69,0x7469,0x735a,0x6e5a,0x7489,0x5e85,0x7a4c,0x744c,
      0x6f5c,0x6e5c,0x6f5b,0x6c5c,0x6a5c,0x4e63,0x6d5b,0x6b4b,0x695c,0x675c,0x655c,0x625c,
      0x575a,0x686a,0x585a,0x644a,0x565a,0x545a,0x535a,0x5e4b,0x5f5b,0x4b5b,0x5b5b,0x5a5b,
      0x565c,0x555b,0x6769,0x6169,0x605a,0x5c5a,0x5a6a,0x575a,0x565a,0x545a,0x555b,0x516a,
      0x514b,0x4f69,0x4e5a,0x4e5b,0x4b5a,0x4569,0x436a,0x5569,0x3d5b,0x4d6a,0x4c5a,0x4b5a,
      0x475a,0x5688,0x4e69,0x4869,0x4569,0x4988,0x4569,0x4588,0x3585,0x4d5b,0x495b,0x485b,
      0x455b,0x466a,0x435a,0x4788,0x3d88,0x3969,0x406b,0x3869,0x3585,0x3e6a,0x3688,0x3e5a,
      0x3a9b,0x3569,0x4069,0x3d6a,0x405a,0x445e,0x3c5a,0x3a5a,0x325c,0x3d9b,0x346a,0x355a,
      0x356a,0x338a,0x308b,0x2d8b,0x3e69,0x3d88,0x3069,0x2b69,0x3669,0x355a,0x3569,0x3369,
      0x336a,0x316a,0x325a,0x2f5a,0x3169,0x2469,0x2e69,0x2d69,0x2e6a,0x2d6a,0x2c69,0x2d6a,
      0x2b69,0x2a69,0x2869,0x2b6a,0x2789,0x276a,0x288a,0x2c88,0x258a,0x3188,0x2c88,0x2a89,
      0x2a69,0x2c95,0x2b88,0x2888,0x1e86,0x2789,0x2669,0x1988,0x2488,0x2469,0x2288,0x2589,
      0x2289,0x2389,0x2089,0x2469,0x1589,0x2069,0x1f88,0x1e88,0x1fa6,0x20a6,0x2b95,0x1d69,
      0x1d88,0x1e89,0x1d89,0x1d89,0x1d86,0x1d89,0x1b89,0x1b89,0x1a88,0x1a89,0x1a69,0x0c98,
      0x1989,0x1769,0x1888,0x1788,0x1688,0x1569,0x1688,0x1588,0x1488,0x1589,0x1488,0x1369,
      0x1188,0x1088,0x376d,0x1189,0x0f88,0x0c69,0x0f88,0x0d88,0x0c88,0x0c88,0x0c88,0x0c88,
      0x0a88,0x0988,0x0c69,0x0988,0x0688,0x0588,0x0588,0x0388,0x0388,0x0288,0x0488,0x0188,
      0x0088,0x0188,0x0088,0x0088,
    },
    {
      0xd088,0xc869,0xc14a,0xd188,0xbd6a,0xbd6a,0xbb69,0xb689,0xb15a,0xbc6a,0xbb6a,0x964a,
      0x935a,0xb36a,0x904a,0xc23a,0x8f4b,0x874b,0xa06a,0x7b4b,0x986a,0xb0a4,0x965b,0x8c4b,
      0x8b5b,0x895b,0x845b,0x835b,0x7f5b,0x7f5b,0x7e5b,0x875a,0x8569,0x9d69,0x95a6,0x9569,
      0x9089,0x8a69,0x8889,0x875a,0x803d,0x755b,0x8369,0x8289,0x7f88,0x815b,0x8269,0x7a5b,
      0x795b,0x6b5a,0x794b,0x625a,0x7c69,0x7669,0x755a,0x705a,0x7689,0x6085,0x7c4d,0x764c,
      0x715c,0x6f5c,0x715b,0x6e5c,0x6c5c,0x5063,0x6f5b,0x6d4b,0x6b5c,0x695c,0x665c,0x645c,
      0x595a,0x6a6a,0x5a5a,0x664a,0x585a,0x555a,0x545a,0x5f4b,0x615b,0x4c5b,0x5c5b,0x5c5b,
      0x585c,0x565b,0x6969,0x6369,0x625a,0x5d5a,0x5c6a,0x595a,0x585a,0x555a,0x565b,0x526a,
      0x524b,0x5169,0x505a,0x505b,0x4c5a,0x4769,0x446a,0x5669,0x3e5b,0x4e6a,0x4d5a,0x4c5a,
      0x495a,0x5788,0x5069,0x4969,0x4769,0x4a88,0x4769,0x4688,0x3685,0x4f5b,0x4a5b,0x495b,
      0x475b,0x486a,0x445a,0x4988,0x3f88,0x3a69,0x416b,0x3969,0x3585,0x3f6a,0x3788,0x3f5a,
      0x3b9b,0x3569,0x4169,0x3f6a,0x415a,0x455e,0x3d5a,0x3b5a,0x335c,0x3e9b,0x356a,0x365a,
      0x356a,0x348a,0x318b,0x2d8b,0x3f69,0x3e88,0x3169,0x2c69,0x3769,0x355a,0x3569,0x3469,
      0x346a,0x326a,0x335a,0x305a,0x3269,0x2469,0x2f69,0x2e69,0x2f6a,0x2e6a,0x2c69,0x2e6a,
      0x2c69,0x2b69,0x2969,0x2c6a,0x2889,0x286a,0x298a,0x2c88,0x258a,0x3288,0x2c88,0x2b89,
      0x2b69,0x2c95,0x2c88,0x2988,0x1f86,0x2889,0x2769,0x1988,0x2488,0x2469,0x2288,0x2589,
      0x2289,0x2389,0x2189,0x2469,0x1689,0x2169,0x2088,0x1f88,0x20a6,0x21a6,0x2c95,0x1e69,
      0x1d88,0x1f89,0x1e89,0x1e89,0x1d86,0x1d89,0x1b89,0x1b89,0x1a88,0x1a89,0x1a69,0x0c98,
      0x1989,0x1869,0x1888,0x1888,0x1788,0x1669,0x1788,0x1688,0x1488,0x1689,0x1488,0x1369,
      0x1188,0x1088,0x386d,0x1189,0x0f88,0x0c69,0x0f88,0x0e88,0x0d88,0x0d88,0x0c88,0x0c88,
      0x0a88,0x0988,0x0c69,0x0988,0x0688,0x0588,0x0588,0x0388,0x0388,0x0288,0x0588,0x0188,
      0x0088,0x0188,0x0088,0x0088,
    },
    {
      0xd488,0xcc69,0xc44a,0xd588,0xc16a,0xc06a,0xbe69,0xb989,0xb45a,0xbf6a,0xbe6a,0x984a,
      0x955a,0xb66a,0x934a,0xc53a,0x924b,0x894b,0xa26a,0x7d4b,0x9b6a,0xb3a4,0x985b,0x8f4b,
      0x8d5b,0x8b5b,0x875b,0x865b,0x815b,0x815b,0x805b,0x895a,0x8869,0x9f69,0x97a6,0x9769,
      0x9389,0x8c69,0x8a89,0x895a,0x823e,0x775b,0x8569,0x8489,0x8188,0x835b,0x8469,0x7c5b,
      0x7c5b,0x6d5a,0x7c4b,0x645a,0x7e69,0x7869,0x775a,0x725a,0x7889,0x6285,0x7e4d,0x784c,
      0x735c,0x715c,0x735b,0x705c,0x6e5c,0x5163,0x705b,0x6f4b,0x6d5c,0x6b5c,0x685c,0x655c,
      0x5a5a,0x6c6a,0x5b5a,0x674a,0x595a,0x575a,0x565a,0x614b,0x635b,0x4d5b,0x5e5b,0x5d5b,
      0x595c,0x585b,0x6b69,0x6469,0x645a,0x5f5a,0x5d6a,0x5a5a,0x595a,0x575a,0x585b,0x546a,
      0x544b,0x5269,0x515a,0x515b,0x4d5a,0x4869,0x456a,0x5869,0x3f5b,0x4f6a,0x4e5a,0x4d5a,
      0x4a5a,0x5988,0x5169,0x4b69,0x4869,0x4c88,0x4869,0x4788,0x3785,0x505b,0x4c5b,0x4b5b,
      0x485b,0x496a,0x455a,0x4a88,0x4088,0x3b69,0x426b,0x3a69,0x3685,0x416a,0x3888,0x415a,
      0x3c9b,0x3669,0x4269,0x406a,0x425a,0x465e,0x3e5a,0x3c5a,0x345c,0x3f9b,0x356a,0x375a,
      0x366a,0x358a,0x328b,0x2e8b,0x4169,0x3f88,0x3269,0x2c69,0x3869,0x365a,0x3669,0x3569,
      0x356a,0x336a,0x345a,0x315a,0x3369,0x2569,0x3069,0x2f69,0x306a,0x2f6a,0x2d69,0x2f6a,
      0x2c69,0x2b69,0x2969,0x2c6a,0x2989,0x296a,0x298a,0x2d88,0x268a,0x3388,0x2d88,0x2b89,
      0x2b69,0x2d95,0x2c88,0x2988,0x1f86,0x2989,0x2869,0x1a88,0x2588,0x2569,0x2388,0x2689,
      0x2389,0x2489,0x2189,0x2569,0x1689,0x2169,0x2088,0x1f88,0x20a6,0x21a6,0x2c95,0x1e69,
      0x1e88,0x1f89,0x1e89,0x1e89,0x1e86,0x1e89,0x1c89,0x1c89,0x1b88,0x1b89,0x1b69,0x0c98,
      0x1a89,0x1869,0x1988,0x1888,0x1788,0x1669,0x1788,0x1688,0x1488,0x1689,0x1488,0x1369,
      0x1288,0x1188,0x396e,0x1289,0x1088,0x0c69,0x1088,0x0e88,0x0d88,0x0d88,0x0c88,0x0c88,
      0x0a88,0x0988,0x0c69,0x0988,0x0688,0x0688,0x0688,0x0388,0x0388,0x0288,0x0588,0x0188,
      0x0088,0x0188,0x0088,0x0088,
    },
    {
      0xd888,0xcf69,0xc84a,0xd988,0xc46a,0xc36a,0xc169,0xbc89,0xb75a,0xc26a,0xc16a,0x9b4a,
      0x985a,0xb96a,0x954a,0xc93a,0x944b,0x8c4b,0xa56a,0x804b,0x9e6a,0xb6a4,0x9b5b,0x914b,
      0x8f5b,0x8e5b,0x895b,0x885b,0x835b,0x835b,0x825b,0x8c5a,0x8a69,0xa269,0x9aa6,0x9a69,
      0x9589,0x8f69,0x8d89,0x8c5a,0x843e,0x795b,0x8769,0x8689,0x8388,0x855b,0x8669,0x7f5b,
      0x7e5b,0x6f5a,0x7e4b,0x655a,0x8069,0x7a69,0x795a,0x745a,0x7a89,0x6385,0x804d,0x7a4c,
      0x755c,0x735c,0x755b,0x715c,0x705c,0x5363,0x725b,0x714b,0x6f5c,0x6d5c,0x6a5c,0x675c,
      0x5c5a,0x6e6a,0x5d5a,0x694a,0x5b5a,0x585a,0x575a,0x624b,0x645b,0x4f5b,0x605b,0x5f5b,
      0x5b5c,0x595b,0x6d69,0x6669,0x655a,0x615a,0x5f6a,0x5c5a,0x5b5a,0x585a,0x595b,0x556a,
      0x554b,0x5369,0x535a,0x535b,0x4f5a,0x4969,0x466a,0x5969,0x405b,0x516a,0x505a,0x4f5a,
      0x4b5a,0x5a88,0x5369,0x4c69,0x4969,0x4d88,0x4969,0x4888,0x3885,0x525b,0x4d5b,0x4c5b,
      0x495b,0x4a6a,0x465a,0x4b88,0x4188,0x3c69,0x446b,0x3b69,0x3785,0x426a,0x3988,0x425a,
      0x3d9b,0x3769,0x4469,0x416a,0x445a,0x475f,0x3f5a,0x3d5a,0x355c,0x409b,0x366a,0x385a,
      0x376a,0x358a,0x338b,0x2f8b,0x4269,0x4088,0x3369,0x2d69,0x3969,0x375a,0x3769,0x3569,
      0x356a,0x346a,0x355a,0x325a,0x3469,0x2669,0x3169,0x3069,0x316a,0x306a,0x2e69,0x306a,
      0x2d69,0x2c69,0x2a69,0x2d6a,0x2989,0x296a,0x2a8a,0x2e88,0x268a,0x3488,0x2e88,0x2c89,
      0x2c69,0x2e95,0x2d88,0x2a88,0x2086,0x2989,0x2869,0x1a88,0x2688,0x2669,0x2488,0x2689,
      0x2489,0x2589,0x2289,0x2669,0x1789,0x2269,0x2188,0x2088,0x21a6,0x22a6,0x2d95,0x1f69,
      0x1e88,0x2089,0x1f89,0x1f89,0x1e86,0x1e89,0x1c89,0x1c89,0x1b88,0x1b89,0x1b69,0x0c98,
      0x1a89,0x1869,0x1988,0x1888,0x1788,0x1769,0x1788,0x1788,0x1588,0x1789,0x1588,0x1469,
      0x1288,0x1188,0x3a6e,0x1289,0x1088,0x0c69,0x1088,0x0e88,0x0d88,0x0d88,0x0c88,0x0c88,
      0x0a88,0x0988,0x0c69,0x0988,0x0788,0x0688,0x0688,0x0388,0x0388,0x0288,0x0588,0x0188,
      0x0088,0x0188,0x0088,0x0088,
    },
    {
      0xdb88,0xd369,0xcb4a,0xdc88,0xc76a,0xc66a,0xc469,0xc089,0xba5a,0xc56a,0xc46a,0x9d4a,
      0x9a5a,0xbc6a,0x984a,0xcc3a,0x974b,0x8e4b,0xa86a,0x824b,0xa06a,0xb9a4,0x9d5b,0x944b,
      0x925b,0x905b,0x8b5b,0x8a5b,0x855b,0x855b,0x845b,0x8e5a,0x8c69,0xa569,0x9ca6,0x9c69,
      0x9889,0x9169,0x8f89,0x8e5a,0x863e,0x7b5b,0x8969,0x8889,0x8588,0x875b,0x8869,0x815b,
      0x805b,0x705a,0x804b,0x675a,0x8369,0x7c69,0x7b5a,0x765a,0x7c89,0x6585,0x834d,0x7c4c,
      0x775c,0x755c,0x775b,0x735c,0x715c,0x5463,0x745b,0x724b,0x705c,0x6f5c,0x6c5c,0x695c,
      0x5d5a,0x706a,0x5e5a,0x6b4a,0x5c5a,0x5a5a,0x595a,0x644b,0x665b,0x505b,0x615b,0x605b,
      0x5c5c,0x5b5b,0x6f69,0x6869,0x675a,0x625a,0x606a,0x5d5a,0x5c5a,0x5a5a,0x5b5b,0x576a,
      0x574b,0x5569,0x545a,0x545b,0x505a,0x4a69,0x476a,0x5b69,0x415b,0x526a,0x515a,0x505a,
      0x4c5a,0x5c88,0x5469,0x4d69,0x4a69,0x4e88,0x4a69,0x4988,0x3985,0x535b,0x4e5b,0x4d5b,
      0x4a5b,0x4b6a,0x475a,0x4c88,0x4288,0x3d69,0x456b,0x3c69,0x3885,0x436a,0x3a88,0x435a,
      0x3e9b,0x3869,0x4569,0x426a,0x455a,0x485f,0x405a,0x3e5a,0x355c,0x419b,0x376a,0x395a,
      0x386a,0x368a,0x338b,0x308b,0x4369,0x4188,0x3369,0x2e69,0x3a69,0x385a,0x3869,0x3669,
      0x366a,0x346a,0x355a,0x335a,0x3469,0x2669,0x3269,0x3169,0x326a,0x316a,0x2f69,0x316a,
      0x2e69,0x2d69,0x2b69,0x2e6a,0x2a89,0x2a6a,0x2b8a,0x2f88,0x278a,0x3488,0x2f88,0x2d89,
      0x2d69,0x2f95,0x2e88,0x2b88,0x2086,0x2a89,0x2969,0x1b88,0x2688,0x2669,0x2488,0x2789,
      0x2489,0x2589,0x2289,0x2669,0x1789,0x2269,0x2188,0x2088,0x21a6,0x22a6,0x2e95,0x1f69,
      0x1f88,0x2089,0x1f89,0x1f89,0x1f86,0x1f89,0x1d89,0x1d89,0x1c88,0x1c89,0x1c69,0x0c98,
      0x1b89,0x1969,0x1a88,0x1988,0x1888,0x1769,0x1888,0x1788,0x1588,0x1789,0x1588,0x1469,
      0x1288,0x1188,0x3b6e,0x1289,0x1088,0x0c69,0x1088,0x0e88,0x0d88,0x0d88,0x0c88,0x0c88,
      0x0a88,0x0a88,0x0c69,0x0a88,0x0788,0x0688,0x0688,0x0388,0x0388,0x0288,0x0588,0x0188,
      0x0088,0x0188,0x0088,0x0088,
    },
    {
      0xdf88,0xd669,0xce4a,0xe088,0xca6a,0xca6a,0xc869,0xc389,0xbd5a,0xc96a,0xc86a,0xa04a,
      0x9d5a,0xbf6a,0x9a4a,0xcf3a,0x994b,0x904b,0xab6a,0x844b,0xa36a,0xbca4,0xa05b,0x964b,
      0x945b,0x925b,0x8d5b,0x8c5b,0x885b,0x885b,0x875b,0x905a,0x8e69,0xa869,0x9fa6,0x9f69,
      0x9a89,0x9369,0x9189,0x905a,0x893e,0x7d5b,0x8c69,0x8b89,0x8888,0x8a5b,0x8b69,0x835b,
      0x825b,0x725a,0x824b,0x695a,0x8569,0x7e69,0x7d5a,0x785a,0x7e89,0x6785,0x854d,0x7e4c,
      0x795c,0x775c,0x795b,0x755c,0x735c,0x5563,0x765b,0x744b,0x725c,0x705c,0x6d5c,0x6b5c,
      0x5f5a,0x716a,0x605a,0x6d4a,0x5e5a,0x5b5a,0x5a5a,0x664b,0x685b,0x515b,0x635b,0x625b,
      0x5e5c,0x5c5b,0x7069,0x6a69,0x695a,0x645a,0x626a,0x5f5a,0x5e5a,0x5b5a,0x5c5b,0x586a,
      0x584b,0x5669,0x555a,0x555b,0x515a,0x4c69,0x496a,0x5c69,0x425b,0x536a,0x525a,0x515a,
      0x4e5a,0x5d88,0x5569,0x4e69,0x4c69,0x4f88,0x4c69,0x4b88,0x3a85,0x545b,0x4f5b,0x4e5b,
      0x4c5b,0x4d6a,0x495a,0x4e88,0x4388,0x3e69,0x466b,0x3d69,0x3985,0x446a,0x3b88,0x445a,
      0x3f9b,0x3969,0x4669,0x436a,0x465a,0x4a5f,0x415a,0x3f5a,0x365c,0x429b,0x386a,0x3a5a,
      0x396a,0x378a,0x348b,0x308b,0x4469,0x4288,0x3469,0x2f69,0x3b69,0x395a,0x3969,0x3769,
      0x376a,0x356a,0x365a,0x335a,0x3569,0x2769,0x3269,0x3169,0x326a,0x316a,0x2f69,0x316a,
      0x2f69,0x2e69,0x2c69,0x2f6a,0x2b89,0x2b6a,0x2c8a,0x2f88,0x288a,0x3588,0x2f88,0x2e89,
      0x2e69,0x2f95,0x2f88,0x2c88,0x2186,0x2b89,0x2a69,0x1b88,0x2788,0x2769,0x2588,0x2889,
      0x2589,0x2689,0x2389,0x2769,0x1789,0x2369,0x2288,0x2188,0x22a6,0x23a6,0x2f95,0x2069,
      0x1f88,0x2189,0x2089,0x2089,0x1f86,0x1f89,0x1d89,0x1d89,0x1c88,0x1c89,0x1c69,0x0d98,
      0x1b89,0x1969,0x1a88,0x1988,0x1888,0x1769,0x1888,0x1788,0x1588,0x1789,0x1588,0x1469,
      0x1288,0x1188,0x3c6e,0x1289,0x1088,0x0d69,0x1088,0x0f88,0x0e88,0x0e88,0x0d88,0x0d88,
      0x0b88,0x0a88,0x0d69,0x0a88,0x0788,0x0688,0x0688,0x0388,0x0388,0x0288,0x0588,0x0188,
      0x0088,0x0188,0x0088,0x0088,
    },
    {
      0xe288,0xda69,0xd24a,0xe388,0xce6a,0xcd6a,0xcb69,0xc689,0xc05a,0xcc6a,0xcb6a,0xa24a,
      0x9f5a,0xc26a,0x9d4a,0xd33a,0x9c4b,0x934b,0xad6a,0x864b,0xa56a,0xbfa4,0xa25b,0x994b,
      0x975b,0x955b,0x905b,0x8f5b,0x8a5b,0x8a5b,0x895b,0x935a,0x9169,0xaa69,0xa1a6,0xa169,
      0x9d89,0x9669,0x9489,0x935a,0x8b3e,0x7f5b,0x8e69,0x8d89,0x8a88,0x8c5b,0x8d69,0x855b,
      0x845b,0x745a,0x844b,0x6a5a,0x8769,0x8069,0x7f5a,0x7a5a,0x8089,0x6885,0x874d,0x804c,
      0x7b5c,0x795c,0x7b5b,0x775c,0x755c,0x5763,0x785b,0x764b,0x745c,0x725c,0x6f5c,0x6c5c,
      0x605a,0x736a,0x615a,0x6e4a,0x5f5a,0x5d5a,0x5c5a,0x674b,0x695b,0x535b,0x645b,0x635b,
      0x5f5c,0x5e5b,0x7269,0x6b69,0x6a5a,0x655a,0x636a,0x605a,0x5f5a,0x5d5a,0x5e5b,0x5a6a,
      0x5a4b,0x5869,0x575a,0x575b,0x535a,0x4d69,0x4a6a,0x5e69,0x435b,0x556a,0x545a,0x535a,
      0x4f5a,0x5f88,0x5769,0x5069,0x4d69,0x5188,0x4d69,0x4c88,0x3b85,0x565b,0x515b,0x505b,
      0x4d5b,0x4e6a,0x4a5a,0x4f88,0x4488,0x3f69,0x476b,0x3e69,0x3a85,0x456a,0x3c88,0x455a,
      0x409b,0x3a69,0x4769,0x446a,0x475a,0x4b5f,0x425a,0x405a,0x375c,0x439b,0x396a,0x3b5a,
      0x3a6a,0x388a,0x358b,0x318b,0x4569,0x4388,0x3569,0x2f69,0x3c69,0x3a5a,0x3a69,0x3869,
      0x386a,0x366a,0x375a,0x345a,0x3669,0x2769,0x3369,0x3269,0x336a,0x326a,0x3069,0x326a,
      0x2f69,0x2e69,0x2c69,0x2f6a,0x2b89,0x2b6a,0x2c8a,0x3088,0x288a,0x3688,0x3088,0x2e89,
      0x2e69,0x3095,0x2f88,0x2c88,0x2186,0x2b89,0x2a69,0x1c88,0x2788,0x2769,0x2588,0x2889,
      0x2589,0x2689,0x2389,0x2769,0x1889,0x2369,0x2288,0x2188,0x22a6,0x23a6,0x2f95,0x2069,
      0x2088,0x2189,0x2089,0x2089,0x2086,0x2089,0x1e89,0x1e89,0x1d88,0x1d89,0x1d69,0x0d98,
      0x1c89,0x1a69,0x1b88,0x1a88,0x1988,0x1869,0x1988,0x1888,0x1688,0x1889,0x1688,0x1569,
      0x1388,0x1288,0x3d6e,0x1389,0x1188,0x0d69,0x1188,0x0f88,0x0e88,0x0e88,0x0d88,0x0d88,
      0x0b88,0x0a88,0x0d69,0x0a88,0x0788,0x0688,0x0688,0x0388,0x0388,0x0288,0x0588,0x0188,
      0x0088,0x0188,0x0088,0x0088,
    },
    {
      0xe688,0xdd79,0xd55a,0xe788,0xd17a,0xd07a,0xce79,0xc989,0xc36a,0xcf7a,0xce7a,0xa55a,
      0xa26a,0xc57a,0x9f5a,0xd64a,0x9e5b,0x955b,0xb07a,0x885b,0xa87a,0xc2a5,0xa56b,0x9b5b,
      0x996b,0x976b,0x926b,0x916b,0x8c6b,0x8c6b,0x8b6b,0x956a,0x9379,0xad79,0xa4a7,0xa479,
      0x9f89,0x9879,0x9689,0x956a,0x8d4e,0x816b,0x9079,0x8f89,0x8c88,0x8e6b,0x8f79,0x876b,
      0x866b,0x766a,0x865b,0x6c6a,0x8979,0x8279,0x816a,0x7c6a,0x8289,0x6a86,0x895d,0x825c,
      0x7d6c,0x7b6c,0x7d6b,0x796c,0x776c,0x5874,0x7a6b,0x785b,0x766c,0x746c,0x716c,0x6e6c,
      0x626a,0x757a,0x636a,0x705a,0x616a,0x5e6a,0x5d6a,0x695b,0x6b6b,0x546b,0x666b,0x656b,
      0x616c,0x5f6b,0x7479,0x6d79,0x6c6a,0x676a,0x657a,0x626a,0x616a,0x5e6a,0x5f6b,0x5b7a,
      0x5b5b,0x5979,0x586a,0x586b,0x546a,0x4e79,0x4b7a,0x5f79,0x446b,0x567a,0x556a,0x546a,
      0x506a,0x6088,0x5879,0x5179,0x4e79,0x5288,0x4e79,0x4d88,0x3c86,0x576b,0x526b,0x516b,
      0x4e6b,0x4f7a,0x4b6a,0x5088,0x4588,0x4079,0x487b,0x3f79,0x3b86,0x467a,0x3d88,0x466a,
      0x419b,0x3b79,0x4879,0x457a,0x486a,0x4c6f,0x436a,0x416a,0x386c,0x449b,0x3a7a,0x3c6a,
      0x3b7a,0x398a,0x368b,0x328b,0x4679,0x4488,0x3679,0x3079,0x3d79,0x3b6a,0x3b79,0x3979,
      0x397a,0x377a,0x386a,0x356a,0x3779,0x2879,0x3479,0x3379,0x347a,0x337a,0x3179,0x337a,
      0x3079,0x2f79,0x2d79,0x307a,0x2c89,0x2c7a,0x2d8a,0x3188,0x298a,0x3788,0x3188,0x2f89,
      0x2f79,0x3196,0x3088,0x2d88,0x2287,0x2c89,0x2b79,0x1c88,0x2888,0x2879,0x2688,0x2989,
      0x2689,0x2789,0x2489,0x2879,0x1889,0x2479,0x2388,0x2288,0x23a7,0x24a7,0x3096,0x2179,
      0x2088,0x2289,0x2189,0x2189,0x2087,0x2089,0x1e89,0x1e89,0x1d88,0x1d89,0x1d79,0x0d98,
      0x1c89,0x1a79,0x1b88,0x1a88,0x1988,0x1879,0x1988,0x1888,0x1688,0x1889,0x1688,0x1579,
      0x1388,0x1288,0x3e7e,0x1389,0x1188,0x0d79,0x1188,0x0f88,0x0e88,0x0e88,0x0d88,0x0d88,
      0x0b88,0x0a88,0x0d79,0x0a88,0x0788,0x0688,0x0688,0x0388,0x0388,0x0288,0x0588,0x0188,
      0x0088,0x0188,0x0088,0x0088,
    },
  },
};

#endif /* WAIFU_PCFX_PALETTE_ASSETS_H */
